question_id,scope,occupation_code,family_code,applies_to,primary_intent,question,source_ids
E9-Q-0001,Exact,1121,112,MANAGING DIRECTORS AND CHIEF EXECUTIVES,stakeholder_communication,How would you decide which risks need board attention during a period of uncertainty?,MASCO2020;DOSM_JMI_2025Q2
E9-Q-0002,Exact,1121,112,MANAGING DIRECTORS AND CHIEF EXECUTIVES,problem_solving,What information would you use before committing resources to a new growth opportunity?,MASCO2020;DOSM_JMI_2025Q2
E9-Q-0003,Exact,1121,112,MANAGING DIRECTORS AND CHIEF EXECUTIVES,leadership,How would you align senior leaders when their priorities compete?,MASCO2020;DOSM_JMI_2025Q2
E9-Q-0004,Exact,1121,112,MANAGING DIRECTORS AND CHIEF EXECUTIVES,stakeholder_communication,How would you explain a difficult performance decision to a board or governing group?,MASCO2020;DOSM_JMI_2025Q2
E9-Q-0005,Exact,1121,112,MANAGING DIRECTORS AND CHIEF EXECUTIVES,financial_analysis,How would you balance short-term financial pressure against a longer-term strategic goal?,MASCO2020;DOSM_JMI_2025Q2
E9-Q-0006,Exact,1121,112,MANAGING DIRECTORS AND CHIEF EXECUTIVES,learning_reflection,Tell me about a time you changed the way performance was reviewed across an organisation.,MASCO2020;DOSM_JMI_2025Q2
E9-Q-0007,Exact,1121,112,MANAGING DIRECTORS AND CHIEF EXECUTIVES,leadership,How would you make sure a strategic decision is understood beyond the executive team?,MASCO2020;DOSM_JMI_2025Q2
E9-Q-0008,Exact,1121,112,MANAGING DIRECTORS AND CHIEF EXECUTIVES,problem_solving,A key business indicator declines unexpectedly. What would you want to understand before acting?,MASCO2020;DOSM_JMI_2025Q2
E9-Q-0009,Exact,1121,112,MANAGING DIRECTORS AND CHIEF EXECUTIVES,role_motivation,What interests you about leading an organisation through changing market conditions?,MASCO2020;DOSM_JMI_2025Q2
E9-Q-0010,Exact,1121,112,MANAGING DIRECTORS AND CHIEF EXECUTIVES,learning_reflection,Tell me about a significant leadership decision you would approach differently now.,MASCO2020;DOSM_JMI_2025Q2
E9-Q-0011,Exact,1211,121,FINANCE MANAGERS,problem_solving,"Two business areas request funding, but available resources cannot cover both. How would you advise on the decision?",MASCO2020;MYNSR_FINANCE_MANAGERS;MYCOL_2024_25;RW_FINANCE_MANAGER
E9-Q-0012,Exact,1211,121,FINANCE MANAGERS,problem_solving,What would make you revise a forecast rather than wait for more certainty?,MASCO2020;MYNSR_FINANCE_MANAGERS;MYCOL_2024_25;RANDSTAD_FINANCE_PARTNERING
E9-Q-0013,Exact,1211,121,FINANCE MANAGERS,financial_analysis,How would you explain a material variance to an operational leader without reducing it to accounting terms?,MASCO2020;MYNSR_FINANCE_MANAGERS;MYCOL_2024_25;RANDSTAD_FINANCE_PARTNERING
E9-Q-0014,Exact,1211,121,FINANCE MANAGERS,problem_solving,Cash pressure could affect planned activity. What would you want to understand before recommending action?,MASCO2020;MYNSR_FINANCE_MANAGERS;MYCOL_2024_25;RW_FINANCE_MANAGER
E9-Q-0015,Exact,1211,121,FINANCE MANAGERS,problem_solving,You notice a possible control weakness in a fast-moving process. How would you balance urgency with accountability?,MASCO2020;MYNSR_FINANCE_MANAGERS;MYCOL_2024_25;RW_FINANCE_MANAGER
E9-Q-0016,Exact,1211,121,FINANCE MANAGERS,financial_analysis,Tell me about a time financial evidence changed a non-finance leader’s operational decision.,MASCO2020;MYNSR_FINANCE_MANAGERS;MYCOL_2024_25;RANDSTAD_FINANCE_PARTNERING
E9-Q-0017,Exact,1211,121,FINANCE MANAGERS,financial_analysis,How would you review your team’s financial output while developing a colleague who needs support?,MASCO2020;MYNSR_FINANCE_MANAGERS;MYCOL_2024_25;RW_FINANCE_MANAGER
E9-Q-0018,Exact,1211,121,FINANCE MANAGERS,learning_reflection,Describe a finance process you improved without weakening the checks that made it reliable.,MASCO2020;MYNSR_FINANCE_MANAGERS;MYCOL_2024_25;RW_FINANCE_MANAGER
E9-Q-0019,Exact,1211,121,FINANCE MANAGERS,technical_judgement,An automated analysis conflicts with what the business is seeing. How would you validate it before using it?,MASCO2020;MYNSR_FINANCE_MANAGERS;MYCOL_2024_25;RANDSTAD_FINANCE_PARTNERING
E9-Q-0020,Exact,1211,121,FINANCE MANAGERS,financial_analysis,How would you decide which financial risks need senior attention when several issues emerge together?,MASCO2020;MYNSR_FINANCE_MANAGERS;MYCOL_2024_25
E9-Q-0021,Exact,1211,121,FINANCE MANAGERS,role_motivation,What interests you about leading finance as a partner to operational decision making?,MASCO2020;MYNSR_FINANCE_MANAGERS;MYCOL_2024_25
E9-Q-0022,Exact,1211,121,FINANCE MANAGERS,financial_analysis,Tell me about a financial recommendation you changed after testing an assumption more closely.,MASCO2020;MYNSR_FINANCE_MANAGERS;MYCOL_2024_25;RANDSTAD_FINANCE_PARTNERING
E9-Q-0023,Exact,1214,121,BUSINESS SERVICES MANAGERS,quality_control,Service quality is falling while demand is increasing. How would you decide what to change first?,MASCO2020;MYNSR_BUSINESS_SERVICES_MANAGERS;MYCOL_2024_25;RANDSTAD_SALES_OPERATIONS
E9-Q-0024,Exact,1214,121,BUSINESS SERVICES MANAGERS,problem_solving,What would you look beyond a KPI to understand why a service outcome is weakening?,MASCO2020;MYNSR_BUSINESS_SERVICES_MANAGERS;MYCOL_2024_25;RANDSTAD_SALES_OPERATIONS
E9-Q-0025,Exact,1214,121,BUSINESS SERVICES MANAGERS,customer_communication,How would you balance a customer expectation with an operational constraint?,MASCO2020;MYNSR_BUSINESS_SERVICES_MANAGERS;MYCOL_2024_25;RANDSTAD_SALES_OPERATIONS
E9-Q-0026,Exact,1214,121,BUSINESS SERVICES MANAGERS,problem_solving,How would you allocate limited staff capacity across competing service priorities?,MASCO2020;MYNSR_BUSINESS_SERVICES_MANAGERS;MYCOL_2024_25;RANDSTAD_SALES_OPERATIONS
E9-Q-0027,Exact,1214,121,BUSINESS SERVICES MANAGERS,leadership,How would you address a team that meets activity targets but not service standards?,MASCO2020;MYNSR_BUSINESS_SERVICES_MANAGERS;MYCOL_2024_25;RANDSTAD_SALES_OPERATIONS
E9-Q-0028,Exact,1214,121,BUSINESS SERVICES MANAGERS,problem_solving,"When would you resolve an operational issue locally, and when would you escalate it?",MASCO2020;MYNSR_BUSINESS_SERVICES_MANAGERS;MYCOL_2024_25;RANDSTAD_SALES_OPERATIONS
E9-Q-0029,Exact,1214,121,BUSINESS SERVICES MANAGERS,stakeholder_communication,How would you bring different functions together when their objectives are affecting service delivery?,MASCO2020;MYNSR_BUSINESS_SERVICES_MANAGERS;MYCOL_2024_25;RW_COMMERCIAL_OPERATIONS
E9-Q-0030,Exact,1214,121,BUSINESS SERVICES MANAGERS,quality_control,Tell me about a service process you simplified without reducing quality or accountability.,MASCO2020;MYNSR_BUSINESS_SERVICES_MANAGERS;MYCOL_2024_25;RW_COMMERCIAL_OPERATIONS
E9-Q-0031,Exact,1214,121,BUSINESS SERVICES MANAGERS,leadership,How would you introduce a workflow change when some staff are concerned it will make their work harder?,MASCO2020;MYNSR_BUSINESS_SERVICES_MANAGERS;MYCOL_2024_25;RW_COMMERCIAL_OPERATIONS
E9-Q-0032,Exact,1214,121,BUSINESS SERVICES MANAGERS,technical_judgement,How would you decide whether a digital workflow is improving service rather than merely moving work around?,MASCO2020;MYNSR_BUSINESS_SERVICES_MANAGERS;MYCOL_2024_25;RW_COMMERCIAL_OPERATIONS
E9-Q-0033,Exact,1214,121,BUSINESS SERVICES MANAGERS,role_motivation,What interests you about managing services where customer outcomes and operational discipline both matter?,MASCO2020;MYNSR_BUSINESS_SERVICES_MANAGERS;MYCOL_2024_25
E9-Q-0034,Exact,1214,121,BUSINESS SERVICES MANAGERS,customer_communication,Tell me about a commercial decision you changed after reviewing customer and operational evidence.,MASCO2020;MYNSR_BUSINESS_SERVICES_MANAGERS;MYCOL_2024_25;RW_COMMERCIAL_OPERATIONS
E9-Q-0035,Exact,1221,122,SALES AND MARKETING MANAGERS,campaign_judgement,Tell me about a time you used sales or market information to reset a team priority.,MASCO2020;DOSM_JMI_2025Q2
E9-Q-0036,Exact,1221,122,SALES AND MARKETING MANAGERS,campaign_judgement,How would you decide whether a campaign result needs a different response or more evidence?,MASCO2020;DOSM_JMI_2025Q2
E9-Q-0037,Exact,1221,122,SALES AND MARKETING MANAGERS,campaign_judgement,How would you align sales and marketing colleagues around a change in market direction?,MASCO2020;DOSM_JMI_2025Q2
E9-Q-0038,Exact,1221,122,SALES AND MARKETING MANAGERS,campaign_judgement,Describe how you would explain a marketing trade-off to senior leadership.,MASCO2020;DOSM_JMI_2025Q2
E9-Q-0039,Exact,1321,132,MANUFACTURING MANAGERS,problem_solving,A production bottleneck is threatening delivery. How would you decide where to intervene?,MASCO2020;DOSM_JMI_2025Q2
E9-Q-0040,Exact,1321,132,MANUFACTURING MANAGERS,quality_control,Tell me about a time you balanced output pressure with product quality.,MASCO2020;DOSM_JMI_2025Q2
E9-Q-0041,Exact,1321,132,MANUFACTURING MANAGERS,leadership,How would you coordinate a change to a production plan across affected teams?,MASCO2020;DOSM_JMI_2025Q2
E9-Q-0042,Exact,1321,132,MANUFACTURING MANAGERS,problem_solving,What operational evidence would you use to improve a recurring production issue?,MASCO2020;DOSM_JMI_2025Q2
E9-Q-0043,Exact,1511,151,INFORMATION AND COMMUNICATIONS TECHNOLOGY MANAGERS,leadership,How would you decide which technology priorities deserve investment when business needs compete?,MASCO2020;MYNSR_ICT_MANAGERS;MYCOL_2024_25;RW_IT_MANAGER
E9-Q-0044,Exact,1511,151,INFORMATION AND COMMUNICATIONS TECHNOLOGY MANAGERS,stakeholder_communication,How would you challenge a technology request that has weak evidence of business value?,MASCO2020;MYNSR_ICT_MANAGERS;MYCOL_2024_25;RW_IT_MANAGER
E9-Q-0045,Exact,1511,151,INFORMATION AND COMMUNICATIONS TECHNOLOGY MANAGERS,problem_solving,A critical IT service is unstable. How would you lead the response without taking over technical troubleshooting?,MASCO2020;MYNSR_ICT_MANAGERS;MYCOL_2024_25;RW_IT_MANAGER;RW_GROUP_IT_MANAGER
E9-Q-0046,Exact,1511,151,INFORMATION AND COMMUNICATIONS TECHNOLOGY MANAGERS,safety_judgement,How would you balance a security concern with an operational need that cannot simply stop?,MASCO2020;MYNSR_ICT_MANAGERS;MYCOL_2024_25;RW_GROUP_IT_MANAGER
E9-Q-0047,Exact,1511,151,INFORMATION AND COMMUNICATIONS TECHNOLOGY MANAGERS,problem_solving,What would you look for before accepting a vendor recommendation for a major technology change?,MASCO2020;MYNSR_ICT_MANAGERS;MYCOL_2024_25;RW_IT_MANAGER
E9-Q-0048,Exact,1511,151,INFORMATION AND COMMUNICATIONS TECHNOLOGY MANAGERS,problem_solving,"How would you decide whether a technology investment should proceed, pause, or be redesigned?",MASCO2020;MYNSR_ICT_MANAGERS;MYCOL_2024_25;RW_IT_MANAGER;RW_GROUP_IT_MANAGER
E9-Q-0049,Exact,1511,151,INFORMATION AND COMMUNICATIONS TECHNOLOGY MANAGERS,leadership,How would you prioritise a portfolio when capacity is constrained and several projects are already under way?,MASCO2020;MYNSR_ICT_MANAGERS;MYCOL_2024_25;RW_IT_MANAGER
E9-Q-0050,Exact,1511,151,INFORMATION AND COMMUNICATIONS TECHNOLOGY MANAGERS,leadership,How would you develop a technology team when the capability needed is changing?,MASCO2020;MYNSR_ICT_MANAGERS;MYCOL_2024_25;RW_IT_MANAGER
E9-Q-0051,Exact,1511,151,INFORMATION AND COMMUNICATIONS TECHNOLOGY MANAGERS,learning_reflection,Tell me about a digital change you adjusted after adoption did not match the expected business benefit.,MASCO2020;MYNSR_ICT_MANAGERS;MYCOL_2024_25;RW_GROUP_IT_MANAGER
E9-Q-0052,Exact,1511,151,INFORMATION AND COMMUNICATIONS TECHNOLOGY MANAGERS,technical_judgement,How would you evaluate an emerging technology proposal without treating novelty as evidence of value?,MASCO2020;MYNSR_ICT_MANAGERS;MYCOL_2024_25;RW_GROUP_IT_MANAGER
E9-Q-0053,Exact,1511,151,INFORMATION AND COMMUNICATIONS TECHNOLOGY MANAGERS,stakeholder_communication,How would you communicate the lessons from a major IT disruption to business stakeholders?,MASCO2020;MYNSR_ICT_MANAGERS;MYCOL_2024_25;RW_GROUP_IT_MANAGER
E9-Q-0054,Exact,1511,151,INFORMATION AND COMMUNICATIONS TECHNOLOGY MANAGERS,learning_reflection,Tell me about a technology decision that improved resilience while requiring a difficult trade-off.,MASCO2020;MYNSR_ICT_MANAGERS;MYCOL_2024_25;RW_GROUP_IT_MANAGER
E9-Q-0055,Exact,2141,214,INDUSTRIAL AND PRODUCTION ENGINEERS,problem_solving,"A production process has a recurring delay, but improving the slowest visible step could shift work elsewhere. How would you identify an improvement opportunity?",MASCO2020;MYNSR_IP_ENGINEERS;MYCOL_2024_25;RANDSTAD_PROCESS_ENGINEER
E9-Q-0056,Exact,2141,214,INDUSTRIAL AND PRODUCTION ENGINEERS,problem_solving,Production output rises but first-pass yield falls. How would you decide whether the change is an improvement overall?,MASCO2020;MYNSR_IP_ENGINEERS;MYCOL_2024_25;RANDSTAD_PROCESS_ENGINEER
E9-Q-0057,Exact,2141,214,INDUSTRIAL AND PRODUCTION ENGINEERS,technical_judgement,What evidence would you gather to distinguish a temporary disruption from the constraint that is limiting the production system?,MASCO2020;MYNSR_IP_ENGINEERS;MYCOL_2024_25;RANDSTAD_PROCESS_ENGINEER
E9-Q-0058,Exact,2141,214,INDUSTRIAL AND PRODUCTION ENGINEERS,learning_reflection,Tell me about a recurring process variation you investigated. How did you test competing explanations before recommending a change?,MASCO2020;MYNSR_IP_ENGINEERS;MYCOL_2024_25;RANDSTAD_PROCESS_ENGINEER
E9-Q-0059,Exact,2141,214,INDUSTRIAL AND PRODUCTION ENGINEERS,problem_solving,A trial improves average output but makes results less consistent. How would you decide whether the process is ready to standardise?,MASCO2020;MYNSR_IP_ENGINEERS;MYCOL_2024_25;RANDSTAD_MANUFACTURING_ENGINEER;RANDSTAD_PROCESS_DEVELOPMENT
E9-Q-0060,Exact,2141,214,INDUSTRIAL AND PRODUCTION ENGINEERS,safety_judgement,How would you respond if production pressure encourages a process change before safety and quality evidence is strong enough?,MASCO2020;MYNSR_IP_ENGINEERS;MYCOL_2024_25;RANDSTAD_PROCESS_ENGINEER
E9-Q-0061,Exact,2141,214,INDUSTRIAL AND PRODUCTION ENGINEERS,technical_judgement,Two process improvements could reduce operating effort: one has low upfront impact but uncertain reliability. How would you compare them?,MASCO2020;MYNSR_IP_ENGINEERS;MYCOL_2024_25;RANDSTAD_PROCESS_ENGINEER
E9-Q-0062,Exact,2141,214,INDUSTRIAL AND PRODUCTION ENGINEERS,technical_judgement,"Before rolling out a process change, what evidence and checks would you define to decide whether to continue, modify, or reverse it?",MASCO2020;MYNSR_IP_ENGINEERS;MYCOL_2024_25;RANDSTAD_MANUFACTURING_ENGINEER
E9-Q-0063,Exact,2141,214,INDUSTRIAL AND PRODUCTION ENGINEERS,problem_solving,"Production data suggests a correlation, but the data set is incomplete. How would you decide whether it warrants intervention?",MASCO2020;MYNSR_IP_ENGINEERS;MYCOL_2024_25;RANDSTAD_PROCESS_ENGINEER
E9-Q-0064,Exact,2141,214,INDUSTRIAL AND PRODUCTION ENGINEERS,technical_judgement,"Where relevant, how would you move a process from pilot or development work into repeatable production without assuming the trial result will hold at volume?",MASCO2020;MYNSR_IP_ENGINEERS;MYCOL_2024_25;RANDSTAD_PROCESS_DEVELOPMENT
E9-Q-0065,Exact,2141,214,INDUSTRIAL AND PRODUCTION ENGINEERS,quality_control,"A process issue affects production output, maintenance availability, and quality results. How would you coordinate the engineering investigation while keeping decision criteria clear?",MASCO2020;MYNSR_IP_ENGINEERS;MYCOL_2024_25;RANDSTAD_PROCESS_ENGINEER
E9-Q-0066,Exact,2141,214,INDUSTRIAL AND PRODUCTION ENGINEERS,technical_judgement,How would you assess whether automation addresses a real production constraint rather than adding complexity?,MASCO2020;MYNSR_IP_ENGINEERS;MYCOL_2024_25;RANDSTAD_MANUFACTURING_ENGINEER
E9-Q-0067,Exact,2144,214,MECHANICAL ENGINEERS,requirements_clarification,A mechanical system requirement combines a firm performance target with vague service conditions. How would you clarify constraints and document assumptions before selecting a design direction?,MASCO2020;MYNSR_MECHANICAL_ENGINEERS;MYCOL_2024_25;RANDSTAD_MECHANICAL_ENGINEER
E9-Q-0068,Exact,2144,214,MECHANICAL ENGINEERS,technical_judgement,How would you compare two mechanical design options when one improves weight but increases complexity and likely service effort?,MASCO2020;MYNSR_MECHANICAL_ENGINEERS;MYCOL_2024_25;RANDSTAD_MECHANICAL_ENGINEER
E9-Q-0069,Exact,2144,214,MECHANICAL ENGINEERS,technical_judgement,What evidence would you seek before selecting a material or component for an environment with uncertain loading and operating conditions?,MASCO2020;MYNSR_MECHANICAL_ENGINEERS;MYCOL_2024_25;RANDSTAD_MECHANICAL_ENGINEER
E9-Q-0070,Exact,2144,214,MECHANICAL ENGINEERS,technical_judgement,"A calculation supports a design decision, but a key input is uncertain. How would you assess sensitivity and decide whether further evidence is needed?",MASCO2020;MYNSR_MECHANICAL_ENGINEERS;MYCOL_2024_25;RANDSTAD_MECHANICAL_ENGINEER
E9-Q-0071,Exact,2144,214,MECHANICAL ENGINEERS,problem_solving,"A prototype meets one expected result but behaves unexpectedly under another relevant condition. How would you decide what to investigate, test, or redesign?",MASCO2020;MYNSR_MECHANICAL_ENGINEERS;MYCOL_2024_25;RANDSTAD_MECHANICAL_ENGINEER
E9-Q-0072,Exact,2144,214,MECHANICAL ENGINEERS,learning_reflection,Tell me about a mechanical failure symptom you investigated. How did you distinguish operating conditions from a potential design cause before recommending change?,MASCO2020;MYNSR_MECHANICAL_ENGINEERS;MYCOL_2024_25;RANDSTAD_MAINTENANCE_ENGINEER
E9-Q-0073,Exact,2144,214,MECHANICAL ENGINEERS,problem_solving,Repeated failures are being addressed with repairs. How would you decide whether the evidence points to a reliability or design improvement?,MASCO2020;MYNSR_MECHANICAL_ENGINEERS;MYCOL_2024_25;RANDSTAD_MAINTENANCE_ENGINEER
E9-Q-0074,Exact,2144,214,MECHANICAL ENGINEERS,problem_solving,How would you include maintainability and serviceability in a design decision without treating them as an afterthought?,MASCO2020;MYNSR_MECHANICAL_ENGINEERS;MYCOL_2024_25;RANDSTAD_MAINTENANCE_ENGINEER
E9-Q-0075,Exact,2144,214,MECHANICAL ENGINEERS,technical_judgement,"How would you document design assumptions, changes, and test limitations so later engineering decisions remain traceable?",MASCO2020;MYNSR_MECHANICAL_ENGINEERS;MYCOL_2024_25;RANDSTAD_MECHANICAL_ENGINEER
E9-Q-0076,Exact,2144,214,MECHANICAL ENGINEERS,customer_communication,A client preference conflicts with engineering evidence on reliability or manufacturability. How would you explain the trade-off and seek resolution?,MASCO2020;MYNSR_MECHANICAL_ENGINEERS;MYCOL_2024_25;RANDSTAD_MECHANICAL_ENGINEER
E9-Q-0077,Exact,2144,214,MECHANICAL ENGINEERS,technical_judgement,"A model or simulation suggests a design will perform, but test evidence does not fully agree. How would you resolve the discrepancy?",MASCO2020;MYNSR_MECHANICAL_ENGINEERS;MYCOL_2024_25;RANDSTAD_MECHANICAL_ENGINEER
E9-Q-0078,Exact,2144,214,MECHANICAL ENGINEERS,technical_judgement,How would you validate an automated or assisted engineering analysis before relying on it in a mechanical design decision?,MASCO2020;MYNSR_MECHANICAL_ENGINEERS;MYCOL_2024_25;RANDSTAD_MECHANICAL_ENGINEER
E9-Q-0079,Exact,2182,218,MANUFACTURING PROFESSIONALS,technical_judgement,How would you review a production method that teams are applying differently to identify what needs clarification or change?,MASCO2020;MYNSR_MANUFACTURING_PROFESSIONALS;MYCOL_2024_25;RANDSTAD_MANUFACTURING_ENGINEER
E9-Q-0080,Exact,2182,218,MANUFACTURING PROFESSIONALS,quality_control,A product quality issue appears repeatedly but not on every batch. How would you gather practical evidence and decide what production checks or method changes are needed?,MASCO2020;MYNSR_MANUFACTURING_PROFESSIONALS;MYCOL_2024_25;RANDSTAD_PROCESS_DEVELOPMENT
E9-Q-0081,Exact,2182,218,MANUFACTURING PROFESSIONALS,problem_solving,Output is consistent on most shifts but variable on one. How would you distinguish a one-off issue from a recurring method problem?,MASCO2020;MYNSR_MANUFACTURING_PROFESSIONALS;MYCOL_2024_25;RANDSTAD_PROCESS_DEVELOPMENT
E9-Q-0082,Exact,2182,218,MANUFACTURING PROFESSIONALS,technical_judgement,How would you turn an effective way of working into standard work that people can follow and improve when evidence changes?,MASCO2020;MYNSR_MANUFACTURING_PROFESSIONALS;MYCOL_2024_25;RANDSTAD_MANUFACTURING_ENGINEER
E9-Q-0083,Exact,2182,218,MANUFACTURING PROFESSIONALS,learning_reflection,Tell me about a recurring manufacturing issue you helped investigate. How did you support a practical change and check whether it held?,MASCO2020;MYNSR_MANUFACTURING_PROFESSIONALS;MYCOL_2024_25;RANDSTAD_PROCESS_DEVELOPMENT
E9-Q-0084,Exact,2182,218,MANUFACTURING PROFESSIONALS,quality_control,How would you assess an idea to improve productivity if it could make quality less consistent?,MASCO2020;MYNSR_MANUFACTURING_PROFESSIONALS;MYCOL_2024_25;RANDSTAD_MANUFACTURING_ENGINEER
E9-Q-0085,Exact,2182,218,MANUFACTURING PROFESSIONALS,problem_solving,A revised production method is being introduced into routine operations. How would you support adoption while checking it delivers consistent results?,MASCO2020;MYNSR_MANUFACTURING_PROFESSIONALS;MYCOL_2024_25;RANDSTAD_MANUFACTURING_ENGINEER;RANDSTAD_PROCESS_DEVELOPMENT
E9-Q-0086,Exact,2182,218,MANUFACTURING PROFESSIONALS,quality_control,"Production observations, quality evidence, and maintenance availability point to different explanations for an issue. How would you coordinate a practical response without assuming engineering redesign?",MASCO2020;MYNSR_MANUFACTURING_PROFESSIONALS;MYCOL_2024_25
E9-Q-0087,Exact,2182,218,MANUFACTURING PROFESSIONALS,problem_solving,"Production evidence suggests a pattern, but operator observations point elsewhere. How would you decide what additional evidence is needed before changing a method?",MASCO2020;MYNSR_MANUFACTURING_PROFESSIONALS;MYCOL_2024_25;RANDSTAD_PROCESS_DEVELOPMENT
E9-Q-0088,Exact,2182,218,MANUFACTURING PROFESSIONALS,technical_judgement,How would you decide whether a proposed automated step improves manufacturing consistency rather than simply changing where problems appear?,MASCO2020;MYNSR_MANUFACTURING_PROFESSIONALS;MYCOL_2024_25;RANDSTAD_MANUFACTURING_ENGINEER
E9-Q-0089,Exact,2211,221,GENERALIST MEDICAL PRACTITIONERS,problem_solving,"In broad first-contact medical practice, a person presents with a concern but the available information does not yet support a clear next step. How would you gather a relevant picture and explain the uncertainty without making unsupported assumptions?",MASCO2020;ILMIA_GENERALIST_MEDICAL_PRACTITIONERS;MMC_GOOD_MEDICAL_PRACTICE_2019
E9-Q-0090,Exact,2211,221,GENERALIST MEDICAL PRACTITIONERS,stakeholder_communication,"How would you explain to a person that further information or another practitioner’s input is needed, while keeping the discussion clear and maintaining continuity?",MASCO2020;ILMIA_GENERALIST_MEDICAL_PRACTITIONERS;MMC_GOOD_MEDICAL_PRACTICE_2019
E9-Q-0091,Exact,2211,221,GENERALIST MEDICAL PRACTITIONERS,technical_judgement,"How would you document a general-practice consultation when the current information, follow-up responsibility, and points needing review must be clear to the next clinician?",MASCO2020;ILMIA_GENERALIST_MEDICAL_PRACTITIONERS;MMC_MEDICAL_RECORDS_REPORTS
E9-Q-0092,Exact,2211,221,GENERALIST MEDICAL PRACTITIONERS,problem_solving,"In first-contact medical practice, several people need attention and one concern needs further clarification before planned follow-up. How would you set priorities, communicate a delay, and coordinate the next step?",MASCO2020;ILMIA_GENERALIST_MEDICAL_PRACTITIONERS;MMC_REGISTRATION_APC;MMC_GOOD_MEDICAL_PRACTICE_2019
E9-Q-0093,Exact,2212,221,SPECIALIST MEDICAL PRACTITIONERS,problem_solving,"A specialist referral arrives with incomplete or conflicting information. How would you establish what is reliable, clarify what is missing, and frame the specialist contribution without exceeding the available evidence?",MASCO2020;ILMIA_SPECIALIST_MEDICAL_PRACTITIONERS;MMC_GOOD_MEDICAL_PRACTICE_2019
E9-Q-0094,Exact,2212,221,SPECIALIST MEDICAL PRACTITIONERS,stakeholder_communication,"How would you communicate a specialist opinion, its limitations, and the information still needed to the referring practitioner and the person receiving care?",MASCO2020;ILMIA_SPECIALIST_MEDICAL_PRACTITIONERS;MMC_GOOD_MEDICAL_PRACTICE_2019
E9-Q-0095,Exact,2212,221,SPECIALIST MEDICAL PRACTITIONERS,problem_solving,A complex issue raised during specialty work appears to fall outside your specialty’s appropriate boundary. How would you coordinate the next professional step while preserving continuity?,MASCO2020;ILMIA_SPECIALIST_MEDICAL_PRACTITIONERS;MMC_SPECIALIST_REGISTRATION;MMC_GOOD_MEDICAL_PRACTICE_2019
E9-Q-0096,Exact,2212,221,SPECIALIST MEDICAL PRACTITIONERS,quality_control,Tell me about improving a recurring handover or information-quality issue in a specialist service. How did you involve the relevant team and check whether continuity improved?,MASCO2020;ILMIA_SPECIALIST_MEDICAL_PRACTITIONERS;MMC_MEDICAL_RECORDS_REPORTS;MMC_GOOD_MEDICAL_PRACTICE_2019
E9-Q-0097,Exact,2221,222,NURSING PROFESSIONALS,problem_solving,How would you prioritise changing care needs during a busy shift?,MASCO2020;DOSM_JMI_2025Q2
E9-Q-0098,Exact,2221,222,NURSING PROFESSIONALS,domain_judgement,What makes a handover to the next practitioner clear and safe?,MASCO2020;DOSM_JMI_2025Q2
E9-Q-0099,Exact,2221,222,NURSING PROFESSIONALS,problem_solving,What would you do after noticing a change in a person’s condition?,MASCO2020;DOSM_JMI_2025Q2
E9-Q-0100,Exact,2221,222,NURSING PROFESSIONALS,stakeholder_communication,How would you support a worried person and family member while staying within your role?,MASCO2020;DOSM_JMI_2025Q2
E9-Q-0101,Exact,2262,226,PHARMACISTS,administrative_accuracy,"During a dispensing process, information needed to complete a supply differs across the available records. How would you pause, check, clarify, and document the discrepancy without changing the intended therapy yourself?",MASCO2020;MYCOL_2024_25;MYCOL_DETAIL_2024_25
E9-Q-0102,Exact,2262,226,PHARMACISTS,problem_solving,A prescription or order is incomplete or ambiguous in a way that affects safe processing. How would you handle it without guessing or altering its clinical intent?,MASCO2020;MYCOL_2024_25;MYCOL_DETAIL_2024_25;MOH_PHARMACISTS_ACT_371
E9-Q-0103,Exact,2262,226,PHARMACISTS,stakeholder_communication,A person collecting a medicine asks for an explanation you cannot confidently confirm from the available approved information. How would you communicate the limit and arrange an appropriate clarification?,MASCO2020;MYCOL_2024_25;MYCOL_DETAIL_2024_25
E9-Q-0104,Exact,2262,226,PHARMACISTS,safety_judgement,"You detect a medication-safety near miss in a pharmacy checking process before the supply is completed. What would your immediate professional response, documentation, and follow-up look like?",MASCO2020;MYCOL_2024_25;MYCOL_DETAIL_2024_25;MOH_PHARMACISTS_ACT_371
E9-Q-0105,Exact,2262,226,PHARMACISTS,prioritisation,Several dispensing and information-checking tasks are competing for attention. How would you decide which task is the priority while protecting accuracy and communicating any delay?,MASCO2020;MYCOL_2024_25;MYCOL_DETAIL_2024_25
E9-Q-0106,Exact,2262,226,PHARMACISTS,stakeholder_communication,How would you give the authorised health professional responsible for clarification a concise pharmacy-related discrepancy and the checks completed?,MASCO2020;MYCOL_2024_25;MYCOL_DETAIL_2024_25
E9-Q-0107,Exact,2262,226,PHARMACISTS,administrative_accuracy,"Tell me about a recurring issue in a pharmacy record or checking process that you helped improve. What evidence did you use, and how did you check that the change reduced risk?",MASCO2020;MYCOL_2024_25;MYCOL_DETAIL_2024_25
E9-Q-0108,Exact,2262,226,PHARMACISTS,administrative_accuracy,A digital pharmacy record conflicts with other available information. How would you validate the conflict before relying on the system output?,MASCO2020;MYCOL_2024_25;MYCOL_DETAIL_2024_25
E9-Q-0109,Exact,2262,226,PHARMACISTS,learning_reflection,Tell me about learning unfamiliar approved pharmacy information or a professional process. How did you check current authoritative sources and seek help before applying it?,MASCO2020;MYCOL_2024_25;MYCOL_DETAIL_2024_25
E9-Q-0110,Exact,2262,226,PHARMACISTS,customer_communication,"A customer is frustrated by a delay while you seek clarification before supply. How would you explain the process, acknowledge the concern, and maintain professional accuracy?",MASCO2020;MYCOL_2024_25;MYCOL_DETAIL_2024_25
E9-Q-0111,Exact,2264,226,PHYSIOTHERAPISTS,problem_solving,The referral information and a person’s stated goal do not clearly show the functional outcome they expect. How would you clarify what matters before deciding the next professional step?,MASCO2020;MYCOL_2024_25;MYCOL_DETAIL_2024_25
E9-Q-0112,Exact,2264,226,PHYSIOTHERAPISTS,problem_solving,"Reported progress and observed functional change do not appear to align. How would you review the information, acknowledge uncertainty, and decide whether clarification or escalation is needed?",MASCO2020;MYCOL_2024_25;MYCOL_DETAIL_2024_25
E9-Q-0113,Exact,2264,226,PHYSIOTHERAPISTS,customer_communication,A patient or client believes physiotherapy will achieve an outcome you cannot promise. How would you explain the professional limits and agree what needs clarification?,MASCO2020;MYCOL_2024_25;MYCOL_DETAIL_2024_25
E9-Q-0114,Exact,2264,226,PHYSIOTHERAPISTS,technical_judgement,"How would you document functional observations, agreed goals, progress information, and an outstanding concern so another health professional can continue the person’s care?",MASCO2020;MYCOL_2024_25;MYCOL_DETAIL_2024_25
E9-Q-0115,Exact,2264,226,PHYSIOTHERAPISTS,stakeholder_communication,How would you share a change in functional progress with another health professional when their information differs from yours and a joint clarification is needed?,MASCO2020;MYCOL_2024_25;MYCOL_DETAIL_2024_25
E9-Q-0116,Exact,2264,226,PHYSIOTHERAPISTS,problem_solving,"Several people require follow-up, but one has information suggesting a potentially significant change in function. How would you set priorities, communicate delay, and seek help at the appropriate threshold?",MASCO2020;MYCOL_2024_25;MYCOL_DETAIL_2024_25
E9-Q-0117,Exact,2264,226,PHYSIOTHERAPISTS,problem_solving,A concern raised during physiotherapy work may be outside your current competence or authority. How would you respond while keeping the person’s care coordinated?,MASCO2020;MYCOL_2024_25;MYCOL_DETAIL_2024_25;MOH_ALLIED_HEALTH_ACT_774;MOH_PHYSIO_CREDENTIALLING
E9-Q-0118,Exact,2264,226,PHYSIOTHERAPISTS,learning_reflection,Tell me about a recurring documentation or handover problem that affected continuity. How did you help improve the process and check whether it worked?,MASCO2020;MYCOL_2024_25;MYCOL_DETAIL_2024_25
E9-Q-0119,Exact,2264,226,PHYSIOTHERAPISTS,learning_reflection,Tell me about learning unfamiliar current professional information or a new physiotherapy process. How did you check credible sources and your limits before applying it?,MASCO2020;MYCOL_2024_25;MYCOL_DETAIL_2024_25
E9-Q-0120,Exact,2264,226,PHYSIOTHERAPISTS,administrative_accuracy,"How would you gather relevant functional information from the person, records, and colleagues when the concern is unclear, without treating an initial impression as a confirmed explanation?",MASCO2020;MYCOL_2024_25;MYCOL_DETAIL_2024_25
E9-Q-0121,Exact,2341,234,PRIMARY SCHOOL TEACHERS,learning_reflection,Tell me about a lesson you adjusted when learners were not engaging.,MASCO2020;DOSM_JMI_2025Q2
E9-Q-0122,Exact,2341,234,PRIMARY SCHOOL TEACHERS,stakeholder_communication,How would you explain a learner’s progress to a parent or carer?,MASCO2020;DOSM_JMI_2025Q2
E9-Q-0123,Exact,2341,234,PRIMARY SCHOOL TEACHERS,problem_solving,How would you respond to a disagreement that is disrupting a classroom?,MASCO2020;DOSM_JMI_2025Q2
E9-Q-0124,Exact,2341,234,PRIMARY SCHOOL TEACHERS,problem_solving,What observations would guide your next step for a learner who needs support?,MASCO2020;DOSM_JMI_2025Q2
E9-Q-0125,Exact,2411,241,ACCOUNTANTS AND AUDITORS,administrative_accuracy,How would you investigate a discrepancy in financial records?,MASCO2020;DOSM_JMI_2025Q2
E9-Q-0126,Exact,2411,241,ACCOUNTANTS AND AUDITORS,stakeholder_communication,How would you explain a compliance concern clearly without overstating the conclusion?,MASCO2020;DOSM_JMI_2025Q2
E9-Q-0127,Exact,2411,241,ACCOUNTANTS AND AUDITORS,financial_analysis,What checks would you complete before finalising a financial report?,MASCO2020;DOSM_JMI_2025Q2
E9-Q-0128,Exact,2411,241,ACCOUNTANTS AND AUDITORS,financial_analysis,What would you do if expected evidence was missing from a financial review?,MASCO2020;DOSM_JMI_2025Q2
E9-Q-0129,Exact,2411,241,ACCOUNTANTS AND AUDITORS,financial_analysis,How would you test whether an unusual variance needs further investigation?,MASCO2020;DOSM_JMI_2025Q2
E9-Q-0130,Exact,2411,241,ACCOUNTANTS AND AUDITORS,financial_analysis,How would you explain a material variance to a manager without a finance background?,MASCO2020;DOSM_JMI_2025Q2
E9-Q-0131,Exact,2411,241,ACCOUNTANTS AND AUDITORS,prioritisation,A reporting deadline is close but a key reconciliation is incomplete. What would you do?,MASCO2020;DOSM_JMI_2025Q2
E9-Q-0132,Exact,2411,241,ACCOUNTANTS AND AUDITORS,problem_solving,What would you look for before deciding whether a control weakness is isolated or recurring?,MASCO2020;DOSM_JMI_2025Q2
E9-Q-0133,Exact,2411,241,ACCOUNTANTS AND AUDITORS,financial_analysis,Tell me about a time you improved the reliability of a financial process.,MASCO2020;DOSM_JMI_2025Q2
E9-Q-0134,Exact,2411,241,ACCOUNTANTS AND AUDITORS,role_motivation,"What interests you about work that combines analysis, accuracy, and professional judgement?",MASCO2020;DOSM_JMI_2025Q2
E9-Q-0135,Exact,2421,242,MANAGEMENT AND ORGANISATION ANALYSTS,problem_solving,What evidence would you gather before recommending a process change?,MASCO2020;DOSM_JMI_2025Q2
E9-Q-0136,Exact,2421,242,MANAGEMENT AND ORGANISATION ANALYSTS,problem_solving,How would you identify the source of an organisational inefficiency?,MASCO2020;DOSM_JMI_2025Q2
E9-Q-0137,Exact,2421,242,MANAGEMENT AND ORGANISATION ANALYSTS,problem_solving,How would you test whether a proposed improvement is practical?,MASCO2020;DOSM_JMI_2025Q2
E9-Q-0138,Exact,2421,242,MANAGEMENT AND ORGANISATION ANALYSTS,stakeholder_communication,How would you present an analysis finding to a stakeholder who disagrees?,MASCO2020;DOSM_JMI_2025Q2
E9-Q-0139,Exact,2431,243,ADVERTISING AND MARKETING PROFESSIONALS,campaign_judgement,What would you look for before deciding whether a campaign result justifies a change in direction?,MASCO2020;DOSM_JMI_2025Q2
E9-Q-0140,Exact,2431,243,ADVERTISING AND MARKETING PROFESSIONALS,problem_solving,How would you separate a weak message from a weak channel when performance falls short?,MASCO2020;DOSM_JMI_2025Q2
E9-Q-0141,Exact,2431,243,ADVERTISING AND MARKETING PROFESSIONALS,campaign_judgement,How would you explain a campaign trade-off to sales colleagues with a different view?,MASCO2020;DOSM_JMI_2025Q2
E9-Q-0142,Exact,2431,243,ADVERTISING AND MARKETING PROFESSIONALS,customer_communication,How would you use customer feedback without overreacting to a small number of comments?,MASCO2020;DOSM_JMI_2025Q2
E9-Q-0143,Exact,2431,243,ADVERTISING AND MARKETING PROFESSIONALS,campaign_judgement,How would you choose between improving an existing campaign and testing a new idea?,MASCO2020;DOSM_JMI_2025Q2
E9-Q-0144,Exact,2431,243,ADVERTISING AND MARKETING PROFESSIONALS,campaign_judgement,Tell me about a time campaign evidence changed your marketing approach.,MASCO2020;DOSM_JMI_2025Q2
E9-Q-0145,Exact,2431,243,ADVERTISING AND MARKETING PROFESSIONALS,campaign_judgement,How would you present marketing results so a non-specialist can make a sound decision?,MASCO2020;DOSM_JMI_2025Q2
E9-Q-0146,Exact,2431,243,ADVERTISING AND MARKETING PROFESSIONALS,leadership,How would you bring colleagues behind a change in target audience or message?,MASCO2020;DOSM_JMI_2025Q2
E9-Q-0147,Exact,2431,243,ADVERTISING AND MARKETING PROFESSIONALS,role_motivation,What attracts you to work that connects market insight with practical campaign decisions?,MASCO2020;DOSM_JMI_2025Q2
E9-Q-0148,Exact,2431,243,ADVERTISING AND MARKETING PROFESSIONALS,campaign_judgement,Tell me about a marketing decision that did not work as expected and what you changed afterwards.,MASCO2020;DOSM_JMI_2025Q2
E9-Q-0149,Exact,2511,251,COMPUTER SYSTEMS ANALYSTS,requirements_clarification,How would you turn a reported user problem into a clear system requirement?,MASCO2020;DOSM_JMI_2025Q2
E9-Q-0150,Exact,2511,251,COMPUTER SYSTEMS ANALYSTS,technical_judgement,What would you check before recommending a change to a business system?,MASCO2020;DOSM_JMI_2025Q2
E9-Q-0151,Exact,2511,251,COMPUTER SYSTEMS ANALYSTS,stakeholder_communication,How would you compare two system options with operational stakeholders?,MASCO2020;DOSM_JMI_2025Q2
E9-Q-0152,Exact,2511,251,COMPUTER SYSTEMS ANALYSTS,learning_reflection,Tell me about a time user feedback changed your analysis of a system need.,MASCO2020;DOSM_JMI_2025Q2
E9-Q-0153,Exact,2512,251,SOFTWARE DEVELOPERS,requirements_clarification,How would you turn unclear requirements into a change that can be tested?,MASCO2020;DOSM_JMI_2025Q2
E9-Q-0154,Exact,2512,251,SOFTWARE DEVELOPERS,debugging,Tell me how you would investigate a defect without assuming its cause.,MASCO2020;DOSM_JMI_2025Q2
E9-Q-0155,Exact,2512,251,SOFTWARE DEVELOPERS,technical_judgement,What would you look for when reviewing code that could affect an existing feature?,MASCO2020;DOSM_JMI_2025Q2
E9-Q-0156,Exact,2512,251,SOFTWARE DEVELOPERS,stakeholder_communication,How would you explain a technical trade-off to a non-technical colleague?,MASCO2020;DOSM_JMI_2025Q2
E9-Q-0157,Exact,2512,251,SOFTWARE DEVELOPERS,technical_judgement,What would you verify before releasing a change that affects an existing feature?,MASCO2020;DOSM_JMI_2025Q2
E9-Q-0158,Exact,2512,251,SOFTWARE DEVELOPERS,technical_judgement,How would you investigate a performance problem without changing code prematurely?,MASCO2020;DOSM_JMI_2025Q2
E9-Q-0159,Exact,2512,251,SOFTWARE DEVELOPERS,testing_verification,How would you respond if a security concern is found close to a planned release?,MASCO2020;DOSM_JMI_2025Q2
E9-Q-0160,Exact,2512,251,SOFTWARE DEVELOPERS,requirements_clarification,How would you clarify a requirement when product and technical colleagues interpret it differently?,MASCO2020;DOSM_JMI_2025Q2
E9-Q-0161,Exact,2512,251,SOFTWARE DEVELOPERS,technical_judgement,How would you check AI-assisted code before relying on it in a change?,MASCO2020;DOSM_JMI_2025Q2
E9-Q-0162,Exact,2512,251,SOFTWARE DEVELOPERS,testing_verification,Tell me about a release issue that changed how you planned or reviewed work.,MASCO2020;DOSM_JMI_2025Q2
E9-Q-0163,Exact,2522,252,INFORMATION TECHNOLOGY SYSTEM ADMINISTRATORS,problem_solving,A service-performance alert appears. How would you assess it before taking action?,MASCO2020;DOSM_JMI_2025Q2
E9-Q-0164,Exact,2522,252,INFORMATION TECHNOLOGY SYSTEM ADMINISTRATORS,technical_judgement,How would you plan a maintenance change to reduce disruption for users?,MASCO2020;DOSM_JMI_2025Q2
E9-Q-0165,Exact,2522,252,INFORMATION TECHNOLOGY SYSTEM ADMINISTRATORS,technical_judgement,What would you check when investigating a user access problem?,MASCO2020;DOSM_JMI_2025Q2
E9-Q-0166,Exact,2522,252,INFORMATION TECHNOLOGY SYSTEM ADMINISTRATORS,safety_judgement,How would you balance availability and security when supporting a system?,MASCO2020;DOSM_JMI_2025Q2
E9-Q-0167,Exact,2522,252,INFORMATION TECHNOLOGY SYSTEM ADMINISTRATORS,problem_solving,"A business-critical system becomes intermittently unavailable, but the cause is unclear. How would you distinguish symptoms from likely causes while keeping users informed?",MASCO2020;MYNSR_IT_SYSTEM_ADMINS;MYCOL_2024_25;RW_IT_EXECUTIVE
E9-Q-0168,Exact,2522,252,INFORMATION TECHNOLOGY SYSTEM ADMINISTRATORS,technical_judgement,"Which monitoring signals would you use to decide whether intermittent performance warnings need action, and how would you prioritise their service impact?",MASCO2020;MYNSR_IT_SYSTEM_ADMINS;MYCOL_2024_25;RW_IT_INFRA_MANAGER
E9-Q-0169,Exact,2522,252,INFORMATION TECHNOLOGY SYSTEM ADMINISTRATORS,problem_solving,A system is slowing as demand rises. How would you gather evidence for a safe short-term mitigation and a longer-term capacity improvement?,MASCO2020;MYNSR_IT_SYSTEM_ADMINS;MYCOL_2024_25;RW_IT_INFRA_MANAGER
E9-Q-0170,Exact,2522,252,INFORMATION TECHNOLOGY SYSTEM ADMINISTRATORS,safety_judgement,You notice suspicious security-related behaviour on a system that supports an essential service. What would you do first to contain risk safely while preserving evidence and escalating appropriately?,MASCO2020;MYNSR_IT_SYSTEM_ADMINS;MYCOL_2024_25;RW_IT_EXECUTIVE
E9-Q-0171,Exact,2522,252,INFORMATION TECHNOLOGY SYSTEM ADMINISTRATORS,technical_judgement,How would you verify that backups are usable and that recovery could restore service safely before an incident?,MASCO2020;MYNSR_IT_SYSTEM_ADMINS;MYCOL_2024_25;RW_IT_INFRA_MANAGER
E9-Q-0172,Exact,2522,252,INFORMATION TECHNOLOGY SYSTEM ADMINISTRATORS,technical_judgement,"Before changing a live system configuration, how would you assess dependencies, communicate impact, and prepare for rollback?",MASCO2020;MYNSR_IT_SYSTEM_ADMINS;MYCOL_2024_25;RW_IT_INFRA_MANAGER
E9-Q-0173,Exact,2522,252,INFORMATION TECHNOLOGY SYSTEM ADMINISTRATORS,problem_solving,"An upgrade produces an unexpected result during validation. How would you decide whether to continue, recover, or escalate?",MASCO2020;MYNSR_IT_SYSTEM_ADMINS;MYCOL_2024_25;RW_IT_INFRA_MANAGER
E9-Q-0174,Exact,2522,252,INFORMATION TECHNOLOGY SYSTEM ADMINISTRATORS,technical_judgement,How would you document a recurring operational issue so a colleague can make a safe handover or follow the next response?,MASCO2020;MYNSR_IT_SYSTEM_ADMINS;MYCOL_2024_25;MYCOL_DETAIL_2024_25
E9-Q-0175,Exact,2522,252,INFORMATION TECHNOLOGY SYSTEM ADMINISTRATORS,stakeholder_communication,A frustrated user reports an intermittent system problem with limited detail. How would you gather useful information and set realistic expectations?,MASCO2020;MYNSR_IT_SYSTEM_ADMINS;MYCOL_2024_25;RW_IT_EXECUTIVE
E9-Q-0176,Exact,2522,252,INFORMATION TECHNOLOGY SYSTEM ADMINISTRATORS,problem_solving,A configuration issue spans systems owned by several technical teams. How would you coordinate diagnosis while keeping responsibilities and service impact clear?,MASCO2020;MYNSR_IT_SYSTEM_ADMINS;MYCOL_2024_25;RW_IT_EXECUTIVE
E9-Q-0177,Exact,2522,252,INFORMATION TECHNOLOGY SYSTEM ADMINISTRATORS,coordination,"When would you automate a repetitive administrative task, and what checks would you retain before relying on its output?",MASCO2020;MYNSR_IT_SYSTEM_ADMINS;MYCOL_2024_25;MYCOL_DETAIL_2024_25
E9-Q-0178,Exact,2522,252,INFORMATION TECHNOLOGY SYSTEM ADMINISTRATORS,learning_reflection,Tell me about learning an unfamiliar infrastructure environment before making a change that could affect service.,MASCO2020;MYNSR_IT_SYSTEM_ADMINS;MYCOL_2024_25;MYCOL_DETAIL_2024_25
E9-Q-0179,Exact,2531,253,CYBERSECURITY PROFESSIONALS,safety_judgement,"A security alert may be significant, but the available evidence is incomplete. How would you validate what is known, preserve relevant evidence, assess possible business impact, communicate uncertainty, and escalate through the authorised process?",MASCO2020;ILMIA_CYBERSECURITY_PROFESSIONALS;NACSA_CYBER_SECURITY_ACT_2024;CYBER999_INCIDENT_RESPONSE_CONTEXT_2026
E9-Q-0180,Exact,2531,253,CYBERSECURITY PROFESSIONALS,safety_judgement,"Several identified security weaknesses compete for remediation. How would you weigh affected assets, exposure, likelihood and impact, compensating controls, and follow-up priorities without relying on a single technical score?",MASCO2020;ILMIA_CYBERSECURITY_PROFESSIONALS;NACSA_CYBER_SECURITY_ACT_2024;CYBER999_INCIDENT_RESPONSE_CONTEXT_2026
E9-Q-0181,Exact,2531,253,CYBERSECURITY PROFESSIONALS,technical_judgement,"An access or privilege pattern does not match an approved business need. How would you verify the discrepancy, coordinate authorised containment and review, document it, and assess whether a broader review is needed?",MASCO2020;ILMIA_CYBERSECURITY_PROFESSIONALS;NACSA_CYBER_SECURITY_ACT_2024;CYBER999_INCIDENT_RESPONSE_CONTEXT_2026
E9-Q-0182,Exact,2531,253,CYBERSECURITY PROFESSIONALS,safety_judgement,"A proposed security control could disrupt an important operational service. How would you explain the risk and options, obtain the right approval, plan a controlled change, and verify the outcome?",MASCO2020;ILMIA_CYBERSECURITY_PROFESSIONALS;NACSA_CYBER_SECURITY_ACT_2024;CYBER999_INCIDENT_RESPONSE_CONTEXT_2026
E9-Q-0183,Exact,2531,253,CYBERSECURITY PROFESSIONALS,administrative_accuracy,"After a cybersecurity incident has been stabilised, how would you prepare an evidence-based handover or learning record that captures the chronology, unresolved risk, action ownership, and improvement follow-up?",MASCO2020;ILMIA_CYBERSECURITY_PROFESSIONALS;NACSA_CYBER_SECURITY_ACT_2024;CYBER999_INCIDENT_RESPONSE_CONTEXT_2026
E9-Q-0184,Exact,2911,291,PROFESSIONAL CUSTOMS AND BORDER INSPECTORS,administrative_accuracy,"A customs declaration does not match its supporting import or export documentation. How would you identify the precise discrepancy, seek authorised verification, and preserve an auditable record without assuming the correct outcome?",MASCO2020;RMCD_CUSTOMS_DIVISION_2026
E9-Q-0185,Exact,2911,291,PROFESSIONAL CUSTOMS AND BORDER INSPECTORS,problem_solving,"A customs or border-control case is time-sensitive, but a required official document remains incomplete. How would you balance timely processing with the checks and escalation needed for a defensible decision?",MASCO2020;RMCD_CUSTOMS_DIVISION_2026
E9-Q-0186,Exact,2911,291,PROFESSIONAL CUSTOMS AND BORDER INSPECTORS,administrative_accuracy,How would you explain a customs information requirement or unresolved documentation issue to a trader or traveller while staying within your authority and keeping the official record clear?,MASCO2020;RMCD_CUSTOMS_DIVISION_2026
E9-Q-0187,Exact,2912,291,PROFESIONAL TAXATION AND EXCISE OFFICIALS,administrative_accuracy,"A tax or excise return conflicts with the supporting records supplied for review. How would you verify the relevant information, distinguish the unresolved point, and document the basis for further review without making a case-specific determination?",MASCO2020;LHDN_ROLES_FUNCTIONS_2023
E9-Q-0188,Exact,2912,291,PROFESIONAL TAXATION AND EXCISE OFFICIALS,administrative_accuracy,A taxation or excise matter contains an unusual issue beyond the information you can confirm. How would you prepare it for senior or specialist review while keeping the record fair and traceable?,MASCO2020;LHDN_ROLES_FUNCTIONS_2023
E9-Q-0189,Exact,2912,291,PROFESIONAL TAXATION AND EXCISE OFFICIALS,stakeholder_communication,How would you request missing tax or excise information from a business or individual in a way that explains the official need without giving personal tax advice or overstating the outcome?,MASCO2020;LHDN_ROLES_FUNCTIONS_2023
E9-Q-0190,Exact,2913,291,PROFESSIONAL GOVERNMENT SOCIAL BENEFIT OFFICIALS,administrative_accuracy,"A social-benefit application contains evidence that conflicts with a reported change in the applicant’s circumstances. How would you identify what needs clarification, protect fairness, and record the reason for further review without deciding entitlement from assumption?",MASCO2020;PERKESO_SOCIAL_SECURITY_CONTEXT_2026
E9-Q-0191,Exact,2913,291,PROFESSIONAL GOVERNMENT SOCIAL BENEFIT OFFICIALS,problem_solving,"Several benefit applications need attention, including one with incomplete evidence that may affect a person’s access to support. How would you organise the work, communicate a realistic update, and seek the appropriate review?",MASCO2020;PERKESO_SOCIAL_SECURITY_CONTEXT_2026
E9-Q-0192,Exact,2913,291,PROFESSIONAL GOVERNMENT SOCIAL BENEFIT OFFICIALS,stakeholder_communication,How would you explain to an applicant why additional benefit information or review is needed while treating their circumstances respectfully and avoiding unsupported eligibility advice?,MASCO2020;PERKESO_SOCIAL_SECURITY_CONTEXT_2026
E9-Q-0193,Exact,2914,291,PROFESSIONAL GOVERNMENT LICENSING OFFICIALS,technical_judgement,"A licensing application includes information that conflicts with a required supporting document. How would you clarify the discrepancy, keep the application traceable, and avoid attaching conditions or reaching a decision beyond your authority?",MASCO2020;MALAYSIA_GOV_ELICENSE_CONTEXT
E9-Q-0194,Exact,2914,291,PROFESSIONAL GOVERNMENT LICENSING OFFICIALS,problem_solving,"An application raises an exceptional licensing issue outside your delegated authority. How would you prepare the evidence, communicate the limit to the applicant, and route the case for the appropriate decision?",MASCO2020;MALAYSIA_GOV_ELICENSE_CONTEXT
E9-Q-0195,Exact,2914,291,PROFESSIONAL GOVERNMENT LICENSING OFFICIALS,requirements_clarification,How would you explain an outstanding licence or permit information requirement to a business or member of the public without implying that approval is guaranteed?,MASCO2020;MALAYSIA_GOV_ELICENSE_CONTEXT
E9-Q-0196,Exact,2915,291,PROFESSIONAL POLICE OFFICIALS,administrative_accuracy,"Two accounts or documents in an investigation record conflict on a material point. How would you separate verified information from unresolved information, preserve an accurate record, and seek the appropriate investigative review without adding operational detail?",MASCO2020;PDRM_CID_2026
E9-Q-0197,Exact,2915,291,PROFESSIONAL POLICE OFFICIALS,administrative_accuracy,"Several investigation matters require attention while one record contains an unresolved evidence-quality concern. How would you prioritise the administrative follow-up, communicate the risk, and seek support while maintaining impartiality?",MASCO2020;PDRM_CID_2026
E9-Q-0198,Exact,2915,291,PROFESSIONAL POLICE OFFICIALS,administrative_accuracy,How would you prepare a factual handover of an investigation record when a relevant issue remains unresolved and the receiving officer needs to understand the uncertainty without speculation?,MASCO2020;PDRM_CID_2026
E9-Q-0199,Exact,2916,291,PROFESSIONAL CIVIL DEFENCE OFFICIALS,administrative_accuracy,"Civil-defence incident-support information from two sources does not agree. How would you verify what is known, communicate the uncertainty through the authorised structure, and keep the record usable for coordinated support?",MASCO2020;APM_ORGANISATIONAL_CONTEXT
E9-Q-0200,Exact,2916,291,PROFESSIONAL CIVIL DEFENCE OFFICIALS,technical_judgement,"A civil-defence resource-readiness concern may affect planned incident support. How would you document the concern, report it through the appropriate route, and coordinate an authorised alternative without giving operational instructions?",MASCO2020;APM_ORGANISATIONAL_CONTEXT
E9-Q-0201,Exact,2916,291,PROFESSIONAL CIVIL DEFENCE OFFICIALS,administrative_accuracy,"After civil-defence support activity, how would you prepare a factual record and inter-agency handover when an unresolved issue needs follow-up or review?",MASCO2020;APM_ORGANISATIONAL_CONTEXT
E9-Q-0202,Exact,3111,311,CHEMICAL AND PHYSICAL SCIENCE TECHNICIANS,technical_judgement,An established technical procedure omits a condition needed to check the result. How would you clarify the instruction before continuing?,MASCO2020;MYNSR_CHEMICAL_PHYSICAL_SCIENCE_TECHNICIANS;MYCOL_2024_25
E9-Q-0203,Exact,3111,311,CHEMICAL AND PHYSICAL SCIENCE TECHNICIANS,problem_solving,Measurements from two technical runs disagree although the conditions appear alike. How would you check the observations before drawing a conclusion?,MASCO2020;MYNSR_CHEMICAL_PHYSICAL_SCIENCE_TECHNICIANS;MYCOL_2024_25;MYCOL_DETAIL_2024_25
E9-Q-0204,Exact,3111,311,CHEMICAL AND PHYSICAL SCIENCE TECHNICIANS,administrative_accuracy,"A labelled sample, material, or data item cannot be matched confidently to its record. What would you do before using it in further work?",MASCO2020;MYNSR_CHEMICAL_PHYSICAL_SCIENCE_TECHNICIANS;MYCOL_2024_25
E9-Q-0205,Exact,3111,311,CHEMICAL AND PHYSICAL SCIENCE TECHNICIANS,technical_judgement,Equipment gives an unfamiliar warning or its reading begins to drift during established work. How would you decide whether the observations remain trustworthy?,MASCO2020;MYNSR_CHEMICAL_PHYSICAL_SCIENCE_TECHNICIANS;MYCOL_2024_25;MYCOL_DETAIL_2024_25
E9-Q-0206,Exact,3111,311,CHEMICAL AND PHYSICAL SCIENCE TECHNICIANS,problem_solving,An unexpected result appears after a routine technical procedure. What would you compare or verify before reporting what it might mean?,MASCO2020;MYNSR_CHEMICAL_PHYSICAL_SCIENCE_TECHNICIANS;MYCOL_2024_25;MYCOL_DETAIL_2024_25
E9-Q-0207,Exact,3111,311,CHEMICAL AND PHYSICAL SCIENCE TECHNICIANS,administrative_accuracy,"How would you record the conditions, observations, and limitations of a technical check so another specialist can understand what was done?",MASCO2020;MYNSR_CHEMICAL_PHYSICAL_SCIENCE_TECHNICIANS;MYCOL_2024_25
E9-Q-0208,Exact,3111,311,CHEMICAL AND PHYSICAL SCIENCE TECHNICIANS,stakeholder_communication,"How would you present a technical finding and its remaining uncertainty to a scientist, engineer, or supervisor?",MASCO2020;MYNSR_CHEMICAL_PHYSICAL_SCIENCE_TECHNICIANS;MYCOL_2024_25
E9-Q-0209,Exact,3111,311,CHEMICAL AND PHYSICAL SCIENCE TECHNICIANS,problem_solving,A work area or equipment condition no longer appears consistent with the approved procedure. How would you respond within your authority?,MASCO2020;MYNSR_CHEMICAL_PHYSICAL_SCIENCE_TECHNICIANS;MYCOL_2024_25
E9-Q-0210,Exact,3111,311,CHEMICAL AND PHYSICAL SCIENCE TECHNICIANS,learning_reflection,Tell me about learning an unfamiliar technical method or piece of equipment for collecting observations. How did you check your understanding before working independently?,MASCO2020;MYNSR_CHEMICAL_PHYSICAL_SCIENCE_TECHNICIANS;MYCOL_2024_25;MYCOL_DETAIL_2024_25
E9-Q-0211,Exact,3111,311,CHEMICAL AND PHYSICAL SCIENCE TECHNICIANS,problem_solving,"An established procedure begins producing incomplete or inconsistent observations. How would you compare likely method, equipment, material, or environmental factors without deciding the scientific cause alone?",MASCO2020;MYNSR_CHEMICAL_PHYSICAL_SCIENCE_TECHNICIANS;MYCOL_2024_25;MYCOL_DETAIL_2024_25
E9-Q-0212,Exact,3115,311,MECHANICAL ENGINEERING TECHNICIANS,technical_judgement,"How would you confirm that you are using the current drawing or specification, and what would you do if two details conflict?",MASCO2020;MYCOL_DETAIL_2024_25
E9-Q-0213,Exact,3115,311,MECHANICAL ENGINEERING TECHNICIANS,administrative_accuracy,"A measurement or calculation does not agree with an earlier result. How would you check the method, repeat or validate the work, and record the uncertainty?",MASCO2020;MYCOL_DETAIL_2024_25;MYCOL_2024_25
E9-Q-0214,Exact,3115,311,MECHANICAL ENGINEERING TECHNICIANS,problem_solving,A planned equipment or product test gives an unexpected result against the provided criteria. How would you make the result credible before escalating it?,MASCO2020;MYCOL_DETAIL_2024_25;MYCOL_2024_25
E9-Q-0215,Exact,3115,311,MECHANICAL ENGINEERING TECHNICIANS,technical_judgement,"How would you document a test setup, the observations made, and any limitations so an engineer can trace what happened?",MASCO2020;MYCOL_DETAIL_2024_25
E9-Q-0216,Exact,3115,311,MECHANICAL ENGINEERING TECHNICIANS,technical_judgement,"During an equipment check, you notice abnormal movement or condition. How would you gather useful evidence without treating an observation as a final diagnosis?",MASCO2020;MYCOL_DETAIL_2024_25
E9-Q-0217,Exact,3115,311,MECHANICAL ENGINEERING TECHNICIANS,stakeholder_communication,"How would you present a technical finding, the checks completed, and the remaining uncertainty to an engineer or technical lead?",MASCO2020;MYCOL_DETAIL_2024_25
E9-Q-0218,Exact,3115,311,MECHANICAL ENGINEERING TECHNICIANS,administrative_accuracy,"After supporting maintenance work, how would you verify the condition of the equipment, record your findings, and raise a recurring concern?",MASCO2020;MYCOL_DETAIL_2024_25;MYCOL_2024_25
E9-Q-0219,Exact,3115,311,MECHANICAL ENGINEERING TECHNICIANS,technical_judgement,A digital drawing or model does not match the component or assembly you are observing. How would you verify the version and seek clarification before continuing?,MASCO2020;MYCOL_DETAIL_2024_25
E9-Q-0220,Exact,3115,311,MECHANICAL ENGINEERING TECHNICIANS,problem_solving,"Several technical checks are due, but one depends on information or access that is delayed. How would you plan the work and communicate the impact?",MASCO2020;MYCOL_DETAIL_2024_25;MYCOL_2024_25
E9-Q-0221,Exact,3115,311,MECHANICAL ENGINEERING TECHNICIANS,learning_reflection,Tell me about a time you had to learn unfamiliar equipment or a new procedure. How did you check your understanding before working independently?,MASCO2020;MYCOL_DETAIL_2024_25;MYCOL_2024_25
E9-Q-0222,Exact,3115,311,MECHANICAL ENGINEERING TECHNICIANS,problem_solving,A test result is outside the expected range and you are unsure whether it is safe to continue. How would you respond within your authority?,MASCO2020;MYCOL_DETAIL_2024_25
E9-Q-0223,Exact,3115,311,MECHANICAL ENGINEERING TECHNICIANS,requirements_clarification,How would you check an assembled mechanical item against the provided requirements and report any difference for engineering review?,MASCO2020;MYCOL_DETAIL_2024_25
E9-Q-0224,Exact,3118,311,DRAUGHTSPERSONS AND SURVEYING TECHNICIANS,technical_judgement,A drawing or plan contains two details that appear to conflict. How would you check the applicable revision and seek clarification before updating work?,MASCO2020;ILMIA_DRAUGHTSPERSONS_SURVEYING_TECHNICIANS;MYCOL_2024_25
E9-Q-0225,Exact,3118,311,DRAUGHTSPERSONS AND SURVEYING TECHNICIANS,problem_solving,Field information and the technical data provided for a plan do not fully agree. How would you check the discrepancy before transferring it into an output?,MASCO2020;ILMIA_DRAUGHTSPERSONS_SURVEYING_TECHNICIANS;MYCOL_2024_25
E9-Q-0226,Exact,3118,311,DRAUGHTSPERSONS AND SURVEYING TECHNICIANS,technical_judgement,How would you turn provided measurements and specifications into an accurate technical drawing or map while identifying details that need clarification?,MASCO2020;ILMIA_DRAUGHTSPERSONS_SURVEYING_TECHNICIANS;MYCOL_2024_25
E9-Q-0227,Exact,3118,311,DRAUGHTSPERSONS AND SURVEYING TECHNICIANS,problem_solving,You discover that a file prepared for handover may use an outdated revision. What would you do before it is issued or relied on?,MASCO2020;ILMIA_DRAUGHTSPERSONS_SURVEYING_TECHNICIANS;MYCOL_2024_25
E9-Q-0228,Exact,3118,311,DRAUGHTSPERSONS AND SURVEYING TECHNICIANS,technical_judgement,"A digital drawing or model output does not match the source information you were given. How would you verify the version, data, and required next step?",MASCO2020;ILMIA_DRAUGHTSPERSONS_SURVEYING_TECHNICIANS;MYCOL_2024_25
E9-Q-0229,Exact,3118,311,DRAUGHTSPERSONS AND SURVEYING TECHNICIANS,administrative_accuracy,A dimension or spatial-data value differs between two trusted sources. How would you compare the information and record what remains uncertain?,MASCO2020;ILMIA_DRAUGHTSPERSONS_SURVEYING_TECHNICIANS;MYCOL_2024_25
E9-Q-0230,Exact,3118,311,DRAUGHTSPERSONS AND SURVEYING TECHNICIANS,stakeholder_communication,"How would you explain a drawing, plan, or field-data discrepancy to the engineer, survey professional, or designer who needs to resolve it?",MASCO2020;ILMIA_DRAUGHTSPERSONS_SURVEYING_TECHNICIANS;MYCOL_2024_25
E9-Q-0231,Exact,3118,311,DRAUGHTSPERSONS AND SURVEYING TECHNICIANS,technical_judgement,"How would you maintain traceable technical notes when a drawing, plan, or data set is updated several times during a project?",MASCO2020;ILMIA_DRAUGHTSPERSONS_SURVEYING_TECHNICIANS;MYCOL_2024_25
E9-Q-0232,Exact,3118,311,DRAUGHTSPERSONS AND SURVEYING TECHNICIANS,learning_reflection,Tell me about a time you learned an unfamiliar digital or field-information process. How did you check that your technical output was accurate before relying on it?,MASCO2020;ILMIA_DRAUGHTSPERSONS_SURVEYING_TECHNICIANS;MYCOL_2024_25
E9-Q-0233,Exact,3118,311,DRAUGHTSPERSONS AND SURVEYING TECHNICIANS,problem_solving,"A requested change could alter a drawing, plan, or map, but the instruction does not make the intended technical outcome clear. How would you proceed within your authority?",MASCO2020;ILMIA_DRAUGHTSPERSONS_SURVEYING_TECHNICIANS;MYCOL_2024_25
E9-Q-0234,Exact,3211,321,MEDICAL IMAGING AND THERAPEUTIC EQUIPMENT TECHNICIANS,problem_solving,"Before starting imaging-related technical work, the available person, request, and authorised information do not fully agree. How would you reconcile the relevant details before proceeding?",MASCO2020;ILMIA_MEDICAL_IMAGING_TECHNICIANS
E9-Q-0235,Exact,3211,321,MEDICAL IMAGING AND THERAPEUTIC EQUIPMENT TECHNICIANS,technical_judgement,"During imaging-related technical work, equipment output or readiness does not appear reliable. How would you protect the work, check approved information, and communicate the concern?",MASCO2020;ILMIA_MEDICAL_IMAGING_TECHNICIANS;MOH_RADIOLOGY_SERVICE_2026
E9-Q-0236,Exact,3211,321,MEDICAL IMAGING AND THERAPEUTIC EQUIPMENT TECHNICIANS,stakeholder_communication,How would you document an imaging-technical issue and give an authorised clinical colleague a concise handover without making a clinical conclusion from the output?,MASCO2020;ILMIA_MEDICAL_IMAGING_TECHNICIANS
E9-Q-0237,Exact,3212,321,MEDICAL AND PATHOLOGY LABORATORY TECHNICIANS,administrative_accuracy,A laboratory specimen and its accompanying record cannot be matched with confidence. What would you do before the item is used in further laboratory work?,MASCO2020;ILMIA_MEDICAL_PATHOLOGY_LAB_TECHNICIANS
E9-Q-0238,Exact,3212,321,MEDICAL AND PATHOLOGY LABORATORY TECHNICIANS,problem_solving,A laboratory output does not appear consistent with the available technical checks. How would you investigate its reliability without presenting a clinical interpretation?,MASCO2020;ILMIA_MEDICAL_PATHOLOGY_LAB_TECHNICIANS;MOH_LAB_TECHNICIAN_GUIDE_2025
E9-Q-0239,Exact,3212,321,MEDICAL AND PATHOLOGY LABORATORY TECHNICIANS,administrative_accuracy,"Several laboratory tasks need attention while one result or record still needs clarification. How would you prioritise the work, preserve traceability, and communicate the delay or escalation?",MASCO2020;ILMIA_MEDICAL_PATHOLOGY_LAB_TECHNICIANS;MOH_LAB_TECHNICIAN_GUIDE_2025
E9-Q-0240,Exact,3213,321,PHARMACEUTICAL TECHNICIANS AND ASSISTANTS,administrative_accuracy,"Information needed to process a prescription-related request conflicts across the available authorised records. How would you pause, verify the discrepancy, document it, and seek pharmacist clarification without changing the intended medicine?",MASCO2020;ILMIA_PHARMACEUTICAL_TECHNICIANS_ASSISTANTS
E9-Q-0241,Exact,3213,321,PHARMACEUTICAL TECHNICIANS AND ASSISTANTS,administrative_accuracy,How would you check that a pharmaceutical stock or labelling record is reliable enough to support the next authorised technical step?,MASCO2020;ILMIA_PHARMACEUTICAL_TECHNICIANS_ASSISTANTS
E9-Q-0242,Exact,3213,321,PHARMACEUTICAL TECHNICIANS AND ASSISTANTS,administrative_accuracy,"A medicine-related request remains unclear while other work is waiting. How would you explain the delay, keep the record accurate, and route the unresolved point to the pharmacist or authorised professional?",MASCO2020;ILMIA_PHARMACEUTICAL_TECHNICIANS_ASSISTANTS;MOH_PPF_CREDENTIALING_2026
E9-Q-0243,Exact,3214,321,MEDICAL AND DENTAL PROSTHETIC TECHNICIANS,requirements_clarification,An authorised medical or dental specification contains a detail that is unclear for prosthetic technical work. How would you clarify the requirement before starting or changing the work?,MASCO2020;ILMIA_MEDICAL_DENTAL_PROSTHETIC_TECHNICIANS
E9-Q-0244,Exact,3214,321,MEDICAL AND DENTAL PROSTHETIC TECHNICIANS,administrative_accuracy,A medical or dental prosthetic technical output does not match the approved specification at a quality check. How would you record the mismatch and seek the appropriate review before release?,MASCO2020;ILMIA_MEDICAL_DENTAL_PROSTHETIC_TECHNICIANS
E9-Q-0245,Exact,3214,321,MEDICAL AND DENTAL PROSTHETIC TECHNICIANS,requirements_clarification,How would you give the relevant health professional a clear handover when a prosthetic technical revision is needed and the outstanding requirement must remain traceable?,MASCO2020;ILMIA_MEDICAL_DENTAL_PROSTHETIC_TECHNICIANS;MOH_DENTAL_TECHNOLOGIST_2026
E9-Q-0246,Exact,3215,321,ORTHOTIC AND PROSTHETIC TECHNICIANS,requirements_clarification,An authorised orthotic or prosthetic specification is incomplete or conflicts with the information supplied for technical device work. How would you clarify the requirement before proceeding?,MASCO2020;MOH_PROSTHETIC_ORTHOTIC_TECHNICIANS_2025
E9-Q-0247,Exact,3215,321,ORTHOTIC AND PROSTHETIC TECHNICIANS,requirements_clarification,"Feedback during fitting or check-out support suggests that a technical device outcome does not match the authorised requirement. How would you verify the issue, document it, and coordinate the next step within your authority?",MASCO2020;MOH_PROSTHETIC_ORTHOTIC_TECHNICIANS_2025
E9-Q-0248,Exact,3215,321,ORTHOTIC AND PROSTHETIC TECHNICIANS,administrative_accuracy,How would you record an orthotic or prosthetic technical adjustment and communicate the remaining limitation or follow-up point to the rehabilitation or clinical colleague?,MASCO2020;MOH_PROSTHETIC_ORTHOTIC_TECHNICIANS_2025
E9-Q-0249,Exact,3221,322,NURSING ASSOCIATE PROFESSIONALS (EXCEPT DENTAL),problem_solving,"During authorised nursing-associate care, a person’s condition or behaviour differs from the earlier care information. How would you verify relevant facts, communicate the change promptly, and document it without independently reaching a clinical conclusion?",MASCO2020;MOH_NURSING_REGISTRATION_APC
E9-Q-0250,Exact,3221,322,NURSING ASSOCIATE PROFESSIONALS (EXCEPT DENTAL),problem_solving,"Several people receiving nursing-associate care need attention at the same time. How would you protect essential care, communicate any delay, and seek support or escalation without relying on numerical cut-offs?",MASCO2020
E9-Q-0251,Exact,3221,322,NURSING ASSOCIATE PROFESSIONALS (EXCEPT DENTAL),administrative_accuracy,"A nursing care record or handover does not agree with what you observe during authorised care. How would you clarify the discrepancy, preserve accurate information, and record its resolution or escalation?",MASCO2020;MOH_NURSING_MIDWIVES_BOARD
E9-Q-0252,Exact,3221,322,NURSING ASSOCIATE PROFESSIONALS (EXCEPT DENTAL),stakeholder_communication,"A patient or family member misunderstands the expected nursing-care process or next step. How would you explain it clearly, check understanding, and route questions beyond your authority?",MASCO2020;MOH_NURSING_REGISTRATION_APC
E9-Q-0253,Exact,3222,322,MIDWIFERY ASSOCIATE PROFESSIONALS,administrative_accuracy,"Maternal or newborn information observed during authorised midwifery-associate care conflicts with an earlier record. How would you verify the difference, communicate it to the appropriate worker, and document the unresolved point without attaching a clinical meaning?",MASCO2020;MOH_NURSING_REGISTRATION_APC
E9-Q-0254,Exact,3222,322,MIDWIFERY ASSOCIATE PROFESSIONALS,stakeholder_communication,"An expectant or new parent misunderstands the planned maternal or newborn care follow-up. How would you explain the process clearly, check understanding, and escalate questions beyond your role?",MASCO2020;MOH_NURSING_MIDWIVES_BOARD
E9-Q-0255,Exact,3222,322,MIDWIFERY ASSOCIATE PROFESSIONALS,administrative_accuracy,"A maternal or newborn care handover is needed between shifts, wards, or team members while one concern remains unresolved. How would you prepare a clear record and handover that protects continuity?",MASCO2020;MOH_NURSING_REGISTRATION_APC
E9-Q-0256,Exact,3222,322,MIDWIFERY ASSOCIATE PROFESSIONALS,problem_solving,"Several mothers or newborns need midwifery-associate support and one situation does not match the authorised care information. How would you organise the immediate work, communicate the concern, and seek appropriate assistance without reducing the situation to a protocol decision?",MASCO2020
E9-Q-0257,Exact,3251,325,DENTAL ASSISTANTS AND THERAPISTS,problem_solving,"Before scheduled dental support work, the authorised information and the prepared materials or equipment do not fully agree. How would you clarify the discrepancy and protect the work within your role?",MASCO2020;ILMIA_DENTAL_ASSISTANTS_THERAPISTS;SPA_DENTAL_SURGERY_ASSISTANT_2026
E9-Q-0258,Exact,3251,325,DENTAL ASSISTANTS AND THERAPISTS,stakeholder_communication,How would you prepare a person for scheduled dental work when they have a question or concern that needs dentist or authorised-clinician input?,MASCO2020;ILMIA_DENTAL_ASSISTANTS_THERAPISTS;SPA_DENTAL_SURGERY_ASSISTANT_2026
E9-Q-0259,Exact,3251,325,DENTAL ASSISTANTS AND THERAPISTS,technical_judgement,How would you document and hand over an unresolved dental-support concern so the next authorised colleague has the relevant facts without assuming a clinical decision?,MASCO2020;ILMIA_DENTAL_ASSISTANTS_THERAPISTS;SPA_DENTAL_SURGERY_ASSISTANT_2026
E9-Q-0260,Exact,3252,325,MEDICAL RECORD AND HEALTH INFORMATION TECHNICIANS,administrative_accuracy,"Two health records contain conflicting information needed for a downstream referral or report. How would you check the authoritative source, preserve the audit trail, and route the discrepancy for correction?",MASCO2020;ILMIA_MEDICAL_RECORD_HEALTH_INFO_TECHNICIANS
E9-Q-0261,Exact,3252,325,MEDICAL RECORD AND HEALTH INFORMATION TECHNICIANS,administrative_accuracy,"You receive a request for health-record information, but the purpose or authority to access it is unclear. How would you handle the request while protecting record security and continuity?",MASCO2020;ILMIA_MEDICAL_RECORD_HEALTH_INFO_TECHNICIANS
E9-Q-0262,Exact,3252,325,MEDICAL RECORD AND HEALTH INFORMATION TECHNICIANS,administrative_accuracy,"An incomplete health record is delaying a service that depends on it. How would you identify the missing information, coordinate follow-up, and make the record status clear to the next user?",MASCO2020;ILMIA_MEDICAL_RECORD_HEALTH_INFO_TECHNICIANS
E9-Q-0263,Exact,3253,325,COMMUNITY HEALTH WORKERS,stakeholder_communication,"During community outreach, a person asks for health guidance that goes beyond the information you are authorised to provide. How would you communicate the boundary and help them reach an appropriate service?",MASCO2020;ILMIA_COMMUNITY_HEALTH_WORKERS
E9-Q-0264,Exact,3253,325,COMMUNITY HEALTH WORKERS,administrative_accuracy,"Household or community information collected for follow-up conflicts with an earlier record. How would you verify the difference, document what remains uncertain, and arrange the appropriate follow-up?",MASCO2020;ILMIA_COMMUNITY_HEALTH_WORKERS
E9-Q-0265,Exact,3253,325,COMMUNITY HEALTH WORKERS,administrative_accuracy,"Several community follow-up activities are due, but one record suggests information that needs clarification before it can be acted on. How would you prioritise, communicate, and escalate within your role?",MASCO2020;ILMIA_COMMUNITY_HEALTH_WORKERS
E9-Q-0266,Exact,3254,325,DISPENSING OPTICIANS,technical_judgement,Authorised optical information and an order detail do not fully agree before dispensing work is completed. How would you clarify the specification without making an optometry-level decision?,MASCO2020;ILMIA_DISPENSING_OPTICIANS;MOC_OPTICIAN_APC
E9-Q-0267,Exact,3254,325,DISPENSING OPTICIANS,quality_control,"A lens or frame order does not appear to match the approved information at a quality check. How would you verify the mismatch, document it, and seek the appropriate review before handover?",MASCO2020;ILMIA_DISPENSING_OPTICIANS;MOC_OPTICIAN_APC
E9-Q-0268,Exact,3254,325,DISPENSING OPTICIANS,customer_communication,"A customer raises a concern that may require optometrist or other practitioner input rather than dispensing clarification alone. How would you explain the boundary, preserve the relevant order information, and coordinate the next step?",MASCO2020;ILMIA_DISPENSING_OPTICIANS;MOC_OPTICIAN_APC
E9-Q-0269,Exact,3255,325,PHYSIOTHERAPY TECHNICIANS AND ASSISTANTS,problem_solving,"During physiotherapy support based on an authorised plan, the activity or instructions do not match the latest handover. How would you check the current direction, avoid guessing, and clarify the change with the responsible physiotherapist or professional?",MASCO2020;ILMIA_PHYSIOTHERAPY_TECHNICIANS_ASSISTANTS;SPA_PHYSIOTHERAPY_TRAINING_2026
E9-Q-0270,Exact,3255,325,PHYSIOTHERAPY TECHNICIANS AND ASSISTANTS,technical_judgement,"During an assigned physiotherapy-support activity, a person reports or demonstrates an unexpected change. How would you protect the activity, preserve factual observations, and communicate the concern within your authority without interpreting the cause?",MASCO2020;ILMIA_PHYSIOTHERAPY_TECHNICIANS_ASSISTANTS;SPA_PHYSIOTHERAPY_TRAINING_2026
E9-Q-0271,Exact,3255,325,PHYSIOTHERAPY TECHNICIANS AND ASSISTANTS,stakeholder_communication,"How would you document and hand over physiotherapy-support observations, work completed, and an unresolved concern so the responsible professional or next worker can continue safely?",MASCO2020;ILMIA_PHYSIOTHERAPY_TECHNICIANS_ASSISTANTS;SPA_PHYSIOTHERAPY_TRAINING_2026
E9-Q-0272,Exact,3256,325,MEDICAL ASSISTANTS,administrative_accuracy,"Before an authorised Medical Assistant service, current patient information conflicts with an earlier record or screening result. How would you verify the information, identify uncertainty, and document or escalate the discrepancy within your scope?",MASCO2020;ILMIA_MEDICAL_ASSISTANTS;SPA_MEDICAL_ASSISTANT_U5
E9-Q-0273,Exact,3256,325,MEDICAL ASSISTANTS,problem_solving,"Equipment needed for an authorised Medical Assistant service appears unreliable or incomplete at a readiness check. How would you protect safe service delivery, report the concern, and coordinate an authorised alternative without attempting a repair?",MASCO2020;ILMIA_MEDICAL_ASSISTANTS;SPA_MEDICAL_ASSISTANT_U5
E9-Q-0274,Exact,3256,325,MEDICAL ASSISTANTS,stakeholder_communication,"As a Medical Assistant, how would you give a receiving clinical professional a concise handover after an authorised clinic, public-health, or pre-hospital service when an important concern remains unresolved?",MASCO2020;ILMIA_MEDICAL_ASSISTANTS;SPA_MEDICAL_ASSISTANT_U5
E9-Q-0275,Exact,3257,325,ENVIRONMENTAL AND OCCUPATIONAL HEALTH INSPECTORS AND,technical_judgement,"During an environmental or occupational health inspection, an observed condition conflicts with the information supplied by the site. How would you preserve the evidence, document the discrepancy, and follow the authorised escalation process without reaching a premature conclusion?",MASCO2020;ILMIA_ENVIRONMENTAL_OCCUPATIONAL_HEALTH_INSPECTORS;SPA_ENVIRONMENTAL_HEALTH_U5
E9-Q-0276,Exact,3257,325,ENVIRONMENTAL AND OCCUPATIONAL HEALTH INSPECTORS AND,stakeholder_communication,"How would you explain an observed environmental or occupational health concern to a site operator while staying factual about the evidence, your authority, and the required authorised next step?",MASCO2020;ILMIA_ENVIRONMENTAL_OCCUPATIONAL_HEALTH_INSPECTORS;SPA_ENVIRONMENTAL_HEALTH_U5
E9-Q-0277,Exact,3257,325,ENVIRONMENTAL AND OCCUPATIONAL HEALTH INSPECTORS AND,administrative_accuracy,"Repeated inspection records suggest an environmental or occupational health pattern across visits. How would you compare the evidence, document the pattern, and coordinate the appropriate follow-up?",MASCO2020;ILMIA_ENVIRONMENTAL_OCCUPATIONAL_HEALTH_INSPECTORS;SPA_ENVIRONMENTAL_HEALTH_U5
E9-Q-0278,Exact,3258,325,AMBULANCE ASSISTANTS,problem_solving,"During patient transport, a person’s condition changes unexpectedly. How would you recognise the change, communicate and coordinate under the authorised emergency protocol, and document relevant observations without independently selecting treatment?",MASCO2020;ILMIA_AMBULANCE_ASSISTANTS;MOH_AMBULANCE_SERVICE_CONTEXT_2026
E9-Q-0279,Exact,3258,325,AMBULANCE ASSISTANTS,administrative_accuracy,"A receiving facility needs a handover under time pressure after ambulance transport. How would you communicate relevant observations, changes during transport, recorded actions, and unresolved concerns clearly?",MASCO2020;ILMIA_AMBULANCE_ASSISTANTS;MOH_AMBULANCE_SERVICE_CONTEXT_2026
E9-Q-0280,Exact,3258,325,AMBULANCE ASSISTANTS,technical_judgement,"Before ambulance deployment, required transport or service equipment appears unavailable, damaged, or not ready. How would you avoid unsafe deployment, report the concern, document its status, and coordinate an authorised alternative?",MASCO2020;ILMIA_AMBULANCE_ASSISTANTS;MOH_AMBULANCE_SERVICE_CONTEXT_2026
E9-Q-0281,Exact,3259,325,HEALTH ASSOCIATE PROFESSIONALS NOT ELSEWHERE CLASSIFIED,administrative_accuracy,"In a health-associate assignment not covered by a narrower service role, recorded health-status observations conflict with the current authorised follow-up information. How would you reconcile the record and clarify the responsible professional before the work continues?",MASCO2020;ILMIA_HEALTH_ASSOCIATE_PROFESSIONALS_NEC
E9-Q-0282,Exact,3259,325,HEALTH ASSOCIATE PROFESSIONALS NOT ELSEWHERE CLASSIFIED,administrative_accuracy,"In a mixed health-associate assignment, monitoring information shows a change that may require referral. How would you keep the observation factual, make the relevant record, and ensure it reaches the appropriate professional without deciding the clinical meaning?",MASCO2020;ILMIA_HEALTH_ASSOCIATE_PROFESSIONALS_NEC
E9-Q-0283,Exact,3259,325,HEALTH ASSOCIATE PROFESSIONALS NOT ELSEWHERE CLASSIFIED,stakeholder_communication,How would you explain the limits of an unusual health-associate assignment when gathering health-status information and handing an unresolved point to the responsible professional?,MASCO2020;ILMIA_HEALTH_ASSOCIATE_PROFESSIONALS_NEC
E9-Q-0284,Exact,3311,331,SECURITIES AND FINANCE DEALERS AND BROKERS,customer_communication,How would you clarify a client objective before discussing an available option?,MASCO2020;DOSM_JMI_2025Q2
E9-Q-0285,Exact,3311,331,SECURITIES AND FINANCE DEALERS AND BROKERS,financial_analysis,How would you set appropriate expectations while explaining a financial product?,MASCO2020;DOSM_JMI_2025Q2
E9-Q-0286,Exact,3311,331,SECURITIES AND FINANCE DEALERS AND BROKERS,administrative_accuracy,Tell me about a time you made sure a client instruction was recorded accurately.,MASCO2020;DOSM_JMI_2025Q2
E9-Q-0287,Exact,3311,331,SECURITIES AND FINANCE DEALERS AND BROKERS,problem_solving,A request is outside your authority. How would you respond and escalate it?,MASCO2020;DOSM_JMI_2025Q2
E9-Q-0288,Exact,3341,334,ADMINISTRATIVE ASSOCIATE PROFESSIONALS,administrative_accuracy,How would you make sure an important record is complete before it is shared?,MASCO2020;DOSM_JMI_2025Q2
E9-Q-0289,Exact,3341,334,ADMINISTRATIVE ASSOCIATE PROFESSIONALS,problem_solving,Several colleagues need urgent support. How would you decide what to handle first?,MASCO2020;DOSM_JMI_2025Q2
E9-Q-0290,Exact,3341,334,ADMINISTRATIVE ASSOCIATE PROFESSIONALS,coordination,What would you consider before sending sensitive administrative information to another person?,MASCO2020;DOSM_JMI_2025Q2
E9-Q-0291,Exact,3341,334,ADMINISTRATIVE ASSOCIATE PROFESSIONALS,stakeholder_communication,How would you follow up when someone has not provided information needed for a report?,MASCO2020;DOSM_JMI_2025Q2
E9-Q-0292,Exact,3341,334,ADMINISTRATIVE ASSOCIATE PROFESSIONALS,problem_solving,A request arrives with missing details. How would you move it forward without making assumptions?,MASCO2020;DOSM_JMI_2025Q2
E9-Q-0293,Exact,3341,334,ADMINISTRATIVE ASSOCIATE PROFESSIONALS,coordination,Tell me about a small change that made an administrative task more reliable.,MASCO2020;DOSM_JMI_2025Q2
E9-Q-0294,Exact,3341,334,ADMINISTRATIVE ASSOCIATE PROFESSIONALS,prioritisation,How would you explain a process or deadline to a colleague who is unfamiliar with it?,MASCO2020;DOSM_JMI_2025Q2
E9-Q-0295,Exact,3341,334,ADMINISTRATIVE ASSOCIATE PROFESSIONALS,coordination,How would you coordinate a handover so a colleague can continue an administrative task?,MASCO2020;DOSM_JMI_2025Q2
E9-Q-0296,Exact,3341,334,ADMINISTRATIVE ASSOCIATE PROFESSIONALS,role_motivation,What appeals to you about work that helps a team stay organised and informed?,MASCO2020;DOSM_JMI_2025Q2
E9-Q-0297,Exact,3341,334,ADMINISTRATIVE ASSOCIATE PROFESSIONALS,coordination,Tell me about an administrative error you noticed and how you prevented a repeat.,MASCO2020;DOSM_JMI_2025Q2
E9-Q-0298,Exact,4222,422,CONTACT CENTRE INFORMATION CLERKS,customer_communication,How would you clarify a client query through a phone or online channel?,MASCO2020;DOSM_JMI_2025Q2
E9-Q-0299,Exact,4222,422,CONTACT CENTRE INFORMATION CLERKS,problem_solving,How would you handle a frustrated caller while protecting the accuracy of the information?,MASCO2020;DOSM_JMI_2025Q2
E9-Q-0300,Exact,4222,422,CONTACT CENTRE INFORMATION CLERKS,administrative_accuracy,Tell me about a client interaction you recorded so another colleague could continue it.,MASCO2020;DOSM_JMI_2025Q2
E9-Q-0301,Exact,4222,422,CONTACT CENTRE INFORMATION CLERKS,customer_communication,When would you escalate a client query instead of answering it yourself?,MASCO2020;DOSM_JMI_2025Q2
E9-Q-0302,Exact,5221,522,SHOPKEEPERS,problem_solving,What shop information would guide your next stock order?,MASCO2020;DOSM_JMI_2025Q2
E9-Q-0303,Exact,5221,522,SHOPKEEPERS,customer_communication,A regular item is unavailable. How would you respond to customers and adjust the plan?,MASCO2020;DOSM_JMI_2025Q2
E9-Q-0304,Exact,5221,522,SHOPKEEPERS,customer_communication,How would you balance customer service with essential shop administration?,MASCO2020;DOSM_JMI_2025Q2
E9-Q-0305,Exact,5221,522,SHOPKEEPERS,problem_solving,What would you review before changing a product display?,MASCO2020;DOSM_JMI_2025Q2
E9-Q-0306,Exact,5222,522,SHOP SUPERVISORS,leadership,How would you set clear expectations at the start of a retail shift?,MASCO2020;DOSM_JMI_2025Q2
E9-Q-0307,Exact,5222,522,SHOP SUPERVISORS,customer_communication,How would you support a colleague handling a difficult customer situation?,MASCO2020;DOSM_JMI_2025Q2
E9-Q-0308,Exact,5222,522,SHOP SUPERVISORS,leadership,Service demand changes suddenly. How would you allocate staff?,MASCO2020;DOSM_JMI_2025Q2
E9-Q-0309,Exact,5222,522,SHOP SUPERVISORS,problem_solving,How would you check that a retail procedure is being followed consistently?,MASCO2020;DOSM_JMI_2025Q2
E9-Q-0310,Exact,5223,522,SHOP SALES ASSISTANTS,customer_communication,How would you identify a customer’s needs before recommending an item?,MASCO2020;DOSM_JMI_2025Q2
E9-Q-0311,Exact,5223,522,SHOP SALES ASSISTANTS,stakeholder_communication,How would you explain product options without making unsupported claims?,MASCO2020;DOSM_JMI_2025Q2
E9-Q-0312,Exact,5223,522,SHOP SALES ASSISTANTS,customer_communication,How would you respond when a customer questions a price?,MASCO2020;DOSM_JMI_2025Q2
E9-Q-0313,Exact,5223,522,SHOP SALES ASSISTANTS,problem_solving,How would you keep service helpful during a busy period?,MASCO2020;DOSM_JMI_2025Q2
E9-Q-0314,Exact,6111,611,FIELD CROP GROWERS,problem_solving,How would you plan field work when crop conditions are changing?,MASCO2020;DOSM_JMI_2025Q2
E9-Q-0315,Exact,6111,611,FIELD CROP GROWERS,problem_solving,How would you decide whether a crop is ready before organising harvest?,MASCO2020;DOSM_JMI_2025Q2
E9-Q-0316,Exact,6111,611,FIELD CROP GROWERS,problem_solving,Weather disrupts a planned field task. How would you respond?,MASCO2020;DOSM_JMI_2025Q2
E9-Q-0317,Exact,6111,611,FIELD CROP GROWERS,technical_judgement,How would you monitor a crop-related risk and decide when to seek advice?,MASCO2020;DOSM_JMI_2025Q2
E9-Q-0318,Exact,7212,721,WELDERS AND FLAME CUTTERS,problem_solving,What would you do to prepare safely before starting a metal joining task?,MASCO2020;DOSM_JMI_2025Q2
E9-Q-0319,Exact,7212,721,WELDERS AND FLAME CUTTERS,quality_control,How would you check the quality of a completed weld or cut?,MASCO2020;DOSM_JMI_2025Q2
E9-Q-0320,Exact,7212,721,WELDERS AND FLAME CUTTERS,requirements_clarification,A finished joint does not meet the job requirement. What would you do next?,MASCO2020;DOSM_JMI_2025Q2
E9-Q-0321,Exact,7212,721,WELDERS AND FLAME CUTTERS,stakeholder_communication,What would you clarify in a drawing or instruction before beginning work?,MASCO2020;DOSM_JMI_2025Q2
E9-Q-0322,Exact,7231,723,MOTOR VEHICLE MECHANICS AND REPAIRERS,technical_judgement,How would you diagnose a reported vehicle fault systematically before deciding what repair work may be needed?,MASCO2020;ILMIA_MOTOR_VEHICLE_MECHANICS;MYCOL_2024_25;MYCOL_DETAIL_2024_25;RANDSTAD_SERVICE_MECHANIC
E9-Q-0323,Exact,7231,723,MOTOR VEHICLE MECHANICS AND REPAIRERS,customer_communication,"How would you explain a vehicle-repair finding, the remaining uncertainty, and the next step to a customer?",MASCO2020;ILMIA_MOTOR_VEHICLE_MECHANICS;MYCOL_2024_25;RANDSTAD_SERVICE_MECHANIC
E9-Q-0324,Exact,7231,723,MOTOR VEHICLE MECHANICS AND REPAIRERS,technical_judgement,What evidence would you check before returning a repaired vehicle to service?,MASCO2020;ILMIA_MOTOR_VEHICLE_MECHANICS;MYCOL_2024_25
E9-Q-0325,Exact,7231,723,MOTOR VEHICLE MECHANICS AND REPAIRERS,problem_solving,A vehicle returns with the same reported issue after an initial repair. How would you investigate before repeating or changing the repair?,MASCO2020;ILMIA_MOTOR_VEHICLE_MECHANICS;MYCOL_2024_25;MYCOL_DETAIL_2024_25;RANDSTAD_SERVICE_MECHANIC
E9-Q-0326,Exact,7231,723,MOTOR VEHICLE MECHANICS AND REPAIRERS,technical_judgement,"Diagnostic information points one way, but the vehicle symptoms point another. How would you verify the evidence before replacing a component?",MASCO2020;ILMIA_MOTOR_VEHICLE_MECHANICS;MYCOL_2024_25;MYCOL_DETAIL_2024_25;RANDSTAD_SERVICE_MECHANIC
E9-Q-0327,Exact,7231,723,MOTOR VEHICLE MECHANICS AND REPAIRERS,problem_solving,"During an inspection, you notice a condition that makes you uncertain whether the vehicle can be returned safely. How would you respond within your authority?",MASCO2020;ILMIA_MOTOR_VEHICLE_MECHANICS;MYCOL_2024_25
E9-Q-0328,Exact,7231,723,MOTOR VEHICLE MECHANICS AND REPAIRERS,technical_judgement,"How would you document reported symptoms, checks completed, repair work, and any unresolved concern so another technician can continue the job safely?",MASCO2020;ILMIA_MOTOR_VEHICLE_MECHANICS;MYCOL_2024_25
E9-Q-0329,Exact,7231,723,MOTOR VEHICLE MECHANICS AND REPAIRERS,problem_solving,"An inspection suggests more than one plausible cause of a vehicle issue. How would you decide whether further checks, an authorised repair, or specialist input is needed?",MASCO2020;ILMIA_MOTOR_VEHICLE_MECHANICS;MYCOL_2024_25;MYCOL_DETAIL_2024_25;RANDSTAD_SERVICE_MECHANIC
E9-Q-0330,Exact,7231,723,MOTOR VEHICLE MECHANICS AND REPAIRERS,learning_reflection,Tell me about learning an unfamiliar vehicle system or diagnostic process. How did you check your understanding before relying on it in repair work?,MASCO2020;ILMIA_MOTOR_VEHICLE_MECHANICS;MYCOL_2024_25;MYCOL_DETAIL_2024_25
E9-Q-0331,Exact,7231,723,MOTOR VEHICLE MECHANICS AND REPAIRERS,problem_solving,Service pressure encourages a vehicle return before the verification evidence is conclusive. How would you handle the decision and communication?,MASCO2020;ILMIA_MOTOR_VEHICLE_MECHANICS;MYCOL_2024_25
E9-Q-0332,Exact,8322,832,"CAR, TAXI AND VAN DRIVERS",problem_solving,How would you respond safely to an unexpected route disruption?,MASCO2020;DOSM_JMI_2025Q2
E9-Q-0333,Exact,8322,832,"CAR, TAXI AND VAN DRIVERS",problem_solving,How would you protect a passenger or goods while managing a delay?,MASCO2020;DOSM_JMI_2025Q2
E9-Q-0334,Exact,8322,832,"CAR, TAXI AND VAN DRIVERS",customer_communication,How would you communicate a change of plan to a customer or dispatcher?,MASCO2020;DOSM_JMI_2025Q2
E9-Q-0335,Exact,8322,832,"CAR, TAXI AND VAN DRIVERS",safety_judgement,How would you balance time pressure and safety while completing a journey?,MASCO2020;DOSM_JMI_2025Q2
E9-Q-0336,Family,,112,Family 112 — MANAGING DIRECTORS AND CHIEF EXECUTIVES,leadership,How would you turn a broad strategic direction into clear priorities for senior managers?,MASCO2020;DOSM_JMI_2025Q2
E9-Q-0337,Family,,112,Family 112 — MANAGING DIRECTORS AND CHIEF EXECUTIVES,problem_solving,What business information would you want before changing a major investment or growth plan?,MASCO2020;DOSM_JMI_2025Q2
E9-Q-0338,Family,,112,Family 112 — MANAGING DIRECTORS AND CHIEF EXECUTIVES,stakeholder_communication,How would you communicate an uncertain business outlook without creating unnecessary alarm?,MASCO2020;DOSM_JMI_2025Q2
E9-Q-0339,Family,,112,Family 112 — MANAGING DIRECTORS AND CHIEF EXECUTIVES,leadership,Tell me about a time you balanced growth ambitions with operational control.,MASCO2020;DOSM_JMI_2025Q2
E9-Q-0340,Family,,112,Family 112 — MANAGING DIRECTORS AND CHIEF EXECUTIVES,problem_solving,How would you decide whether a recurring business issue needs a local fix or a wider change?,MASCO2020;DOSM_JMI_2025Q2
E9-Q-0341,Family,,121,Family 121 — BUSINESS SERVICES AND ADMINISTRATION MANAGERS,problem_solving,How would you compare competing resource requests from different business support functions?,MASCO2020;DOSM_JMI_2025Q2
E9-Q-0342,Family,,121,Family 121 — BUSINESS SERVICES AND ADMINISTRATION MANAGERS,stakeholder_communication,How would you explain the operational impact of a budget or service constraint to a non-specialist leader?,MASCO2020;DOSM_JMI_2025Q2
E9-Q-0343,Family,,121,Family 121 — BUSINESS SERVICES AND ADMINISTRATION MANAGERS,leadership,How would you keep managers accountable for agreed actions when priorities change?,MASCO2020;DOSM_JMI_2025Q2
E9-Q-0344,Family,,121,Family 121 — BUSINESS SERVICES AND ADMINISTRATION MANAGERS,problem_solving,How would you decide whether an operational issue needs a local adjustment or a coordinated change across support functions?,MASCO2020;DOSM_JMI_2025Q2
E9-Q-0345,Family,,121,Family 121 — BUSINESS SERVICES AND ADMINISTRATION MANAGERS,learning_reflection,Tell me about a time you used service or operational evidence to improve how a business support function worked.,MASCO2020;DOSM_JMI_2025Q2
E9-Q-0346,Family,,122,"Family 122 — SALES, MARKETING AND DEVELOPMENT MANAGERS",campaign_judgement,Tell me about a time you changed a sales or marketing priority after reviewing results.,MASCO2020;DOSM_JMI_2025Q2
E9-Q-0347,Family,,122,"Family 122 — SALES, MARKETING AND DEVELOPMENT MANAGERS",campaign_judgement,How would you bring a team with different views behind a new market direction?,MASCO2020;DOSM_JMI_2025Q2
E9-Q-0348,Family,,122,"Family 122 — SALES, MARKETING AND DEVELOPMENT MANAGERS",campaign_judgement,What would you look at before deciding whether a campaign should continue or change?,MASCO2020;DOSM_JMI_2025Q2
E9-Q-0349,Family,,122,"Family 122 — SALES, MARKETING AND DEVELOPMENT MANAGERS",stakeholder_communication,How would you explain a difficult commercial trade-off to senior leaders?,MASCO2020;DOSM_JMI_2025Q2
E9-Q-0350,Family,,122,"Family 122 — SALES, MARKETING AND DEVELOPMENT MANAGERS",customer_communication,A major customer need changes unexpectedly. How would you reset the team’s priorities?,MASCO2020;DOSM_JMI_2025Q2
E9-Q-0351,Family,,132,"Family 132 — MANUFACTURING, MINING, CONSTRUCTION AND DISTRIBUTION",requirements_clarification,Tell me about a time you balanced production targets with quality requirements.,MASCO2020;DOSM_JMI_2025Q2
E9-Q-0352,Family,,132,"Family 132 — MANUFACTURING, MINING, CONSTRUCTION AND DISTRIBUTION",problem_solving,A production bottleneck is building. What would you assess before changing the plan?,MASCO2020;DOSM_JMI_2025Q2
E9-Q-0353,Family,,132,"Family 132 — MANUFACTURING, MINING, CONSTRUCTION AND DISTRIBUTION",stakeholder_communication,How would you explain an operational change to supervisors and affected staff?,MASCO2020;DOSM_JMI_2025Q2
E9-Q-0354,Family,,132,"Family 132 — MANUFACTURING, MINING, CONSTRUCTION AND DISTRIBUTION",problem_solving,What evidence would you use to decide where a manufacturing process is losing time?,MASCO2020;DOSM_JMI_2025Q2
E9-Q-0355,Family,,132,"Family 132 — MANUFACTURING, MINING, CONSTRUCTION AND DISTRIBUTION",quality_control,A quality issue appears near a delivery deadline. What would you do first?,MASCO2020;DOSM_JMI_2025Q2
E9-Q-0356,Family,,151,Family 151 — INFORMATION AND COMMUNICATIONS TECHNOLOGY MANAGERS,prioritisation,How would you turn a business priority into clear technology outcomes for your team?,MASCO2020;DOSM_JMI_2025Q2
E9-Q-0357,Family,,151,Family 151 — INFORMATION AND COMMUNICATIONS TECHNOLOGY MANAGERS,problem_solving,"How would you compare technology initiatives when value, risk, cost, and dependencies point in different directions?",MASCO2020;DOSM_JMI_2025Q2
E9-Q-0358,Family,,151,Family 151 — INFORMATION AND COMMUNICATIONS TECHNOLOGY MANAGERS,stakeholder_communication,How would you explain a technology-service risk to leaders who need to make a business decision?,MASCO2020;DOSM_JMI_2025Q2
E9-Q-0359,Family,,214,Family 214 — ENGINEERING PROFESSIONALS (EXCLUDING ELECTROTECHNOLOGY),technical_judgement,How would you verify that a proposed engineering change improves performance without creating unacceptable new risks?,MASCO2020;DOSM_JMI_2025Q2
E9-Q-0360,Family,,214,Family 214 — ENGINEERING PROFESSIONALS (EXCLUDING ELECTROTECHNOLOGY),problem_solving,"When performance evidence points to more than one possible constraint, how would you decide what to investigate before recommending an engineering change?",MASCO2020;DOSM_JMI_2025Q2
E9-Q-0361,Family,,214,Family 214 — ENGINEERING PROFESSIONALS (EXCLUDING ELECTROTECHNOLOGY),safety_judgement,"How would you explain an engineering trade-off between performance, cost, reliability, and safety to affected colleagues?",MASCO2020;DOSM_JMI_2025Q2
E9-Q-0362,Family,,214,Family 214 — ENGINEERING PROFESSIONALS (EXCLUDING ELECTROTECHNOLOGY),problem_solving,"A proposed engineering change could improve one outcome but introduce uncertainty elsewhere. How would you decide whether to test, revise, or defer it?",MASCO2020;DOSM_JMI_2025Q2
E9-Q-0363,Family,,214,Family 214 — ENGINEERING PROFESSIONALS (EXCLUDING ELECTROTECHNOLOGY),learning_reflection,Tell me about a time evidence from operation or testing changed your recommendation for an engineering change.,MASCO2020;DOSM_JMI_2025Q2
E9-Q-0364,Family,,218,"Family 218 — MINING, MANUFACTURING AND CONSTRUCTION PROFESSIONALS",safety_judgement,"What evidence would you check before recommending a change to an operational method that affects quality, safety, or consistency?",MASCO2020;DOSM_JMI_2025Q2
E9-Q-0365,Family,,218,"Family 218 — MINING, MANUFACTURING AND CONSTRUCTION PROFESSIONALS",problem_solving,A recurring issue appears across teams using the same working method. How would you distinguish a one-off error from a method that needs review?,MASCO2020;DOSM_JMI_2025Q2
E9-Q-0366,Family,,218,"Family 218 — MINING, MANUFACTURING AND CONSTRUCTION PROFESSIONALS",stakeholder_communication,How would you explain a proposed change in working method to colleagues who must apply it?,MASCO2020;DOSM_JMI_2025Q2
E9-Q-0367,Family,,218,"Family 218 — MINING, MANUFACTURING AND CONSTRUCTION PROFESSIONALS",learning_reflection,Tell me about a time you used operational evidence to improve the consistency of a professional practice.,MASCO2020;DOSM_JMI_2025Q2
E9-Q-0368,Family,,218,"Family 218 — MINING, MANUFACTURING AND CONSTRUCTION PROFESSIONALS",safety_judgement,"How would you compare practical improvement options when each could affect quality, safety, and workability differently?",MASCO2020;DOSM_JMI_2025Q2
E9-Q-0369,Family,,221,Family 221 — MEDICAL DOCTORS,administrative_accuracy,How would you prepare a physician-level handover when the record contains relevant uncertainty and another medical doctor must continue the person’s care?,MASCO2020;MMC_GOOD_MEDICAL_PRACTICE_2019;MMC_MEDICAL_RECORDS_REPORTS
E9-Q-0370,Family,,222,Family 222 — NURSING AND MIDWIFERY PROFESSIONALS,learning_reflection,Tell me about a time you reprioritised care when a patient’s needs changed.,MASCO2020;DOSM_JMI_2025Q2
E9-Q-0371,Family,,222,Family 222 — NURSING AND MIDWIFERY PROFESSIONALS,stakeholder_communication,How do you make a handover clear when another practitioner must continue the care?,MASCO2020;DOSM_JMI_2025Q2
E9-Q-0372,Family,,222,Family 222 — NURSING AND MIDWIFERY PROFESSIONALS,problem_solving,A patient or family member is worried and needs information. How would you respond?,MASCO2020;DOSM_JMI_2025Q2
E9-Q-0373,Family,,222,Family 222 — NURSING AND MIDWIFERY PROFESSIONALS,problem_solving,What would you consider before escalating a change in a patient’s condition?,MASCO2020;DOSM_JMI_2025Q2
E9-Q-0374,Family,,222,Family 222 — NURSING AND MIDWIFERY PROFESSIONALS,learning_reflection,"Tell me about a time you worked with others to maintain safe, person-centred care.",MASCO2020;DOSM_JMI_2025Q2
E9-Q-0375,Family,,226,Family 226 — OTHER HEALTH PROFESSIONALS,administrative_accuracy,Information needed to carry out a health-professional task is incomplete or conflicts with another record. How would you clarify it before proceeding?,MASCO2020;DOSM_JMI_2025Q2
E9-Q-0376,Family,,226,Family 226 — OTHER HEALTH PROFESSIONALS,stakeholder_communication,How would you explain the limits of what you can confirm to a person seeking health-related information and help them reach the appropriate next step?,MASCO2020;DOSM_JMI_2025Q2
E9-Q-0377,Family,,226,Family 226 — OTHER HEALTH PROFESSIONALS,administrative_accuracy,Tell me about a time you made a professional record clear enough for another authorised health professional to use safely.,MASCO2020;DOSM_JMI_2025Q2
E9-Q-0378,Family,,226,Family 226 — OTHER HEALTH PROFESSIONALS,safety_judgement,You notice a professional safety concern but the decision needed is beyond your authority. How would you raise it and preserve the relevant information?,MASCO2020;DOSM_JMI_2025Q2
E9-Q-0379,Family,,226,Family 226 — OTHER HEALTH PROFESSIONALS,stakeholder_communication,How would you coordinate a clarification with another authorised health professional when each holds part of the information needed for a safe next step?,MASCO2020;DOSM_JMI_2025Q2
E9-Q-0380,Family,,234,Family 234 — PRIMARY SCHOOL AND EARLY CHILDHOOD TEACHERS,learning_reflection,Tell me about a lesson you adapted because learners were not engaging.,MASCO2020;DOSM_JMI_2025Q2
E9-Q-0381,Family,,234,Family 234 — PRIMARY SCHOOL AND EARLY CHILDHOOD TEACHERS,stakeholder_communication,How would you discuss a child’s progress with a parent or carer?,MASCO2020;DOSM_JMI_2025Q2
E9-Q-0382,Family,,234,Family 234 — PRIMARY SCHOOL AND EARLY CHILDHOOD TEACHERS,problem_solving,Two pupils are in conflict during class. How would you respond?,MASCO2020;DOSM_JMI_2025Q2
E9-Q-0383,Family,,234,Family 234 — PRIMARY SCHOOL AND EARLY CHILDHOOD TEACHERS,problem_solving,What would you look for when deciding how to support a learner who is struggling?,MASCO2020;DOSM_JMI_2025Q2
E9-Q-0384,Family,,234,Family 234 — PRIMARY SCHOOL AND EARLY CHILDHOOD TEACHERS,learning_reflection,Describe a time you worked with colleagues to improve a learning activity.,MASCO2020;DOSM_JMI_2025Q2
E9-Q-0385,Family,,241,Family 241 — FINANCE PROFESSIONALS,financial_analysis,Tell me about a time you investigated an unexpected difference in financial information.,MASCO2020;DOSM_JMI_2025Q2
E9-Q-0386,Family,,241,Family 241 — FINANCE PROFESSIONALS,financial_analysis,How would you explain a financial concern to someone without a finance background?,MASCO2020;DOSM_JMI_2025Q2
E9-Q-0387,Family,,241,Family 241 — FINANCE PROFESSIONALS,prioritisation,Evidence does not support an expected figure near a reporting deadline. What would you do?,MASCO2020;DOSM_JMI_2025Q2
E9-Q-0388,Family,,241,Family 241 — FINANCE PROFESSIONALS,financial_analysis,What checks would you make before relying on financial information for a decision?,MASCO2020;DOSM_JMI_2025Q2
E9-Q-0389,Family,,241,Family 241 — FINANCE PROFESSIONALS,administrative_accuracy,Tell me about a time you improved the accuracy or traceability of financial records.,MASCO2020;DOSM_JMI_2025Q2
E9-Q-0390,Family,,242,Family 242 — ADMINISTRATION PROFESSIONALS,problem_solving,Tell me about a process problem you investigated before recommending a change.,MASCO2020;DOSM_JMI_2025Q2
E9-Q-0391,Family,,242,Family 242 — ADMINISTRATION PROFESSIONALS,stakeholder_communication,How would you involve affected staff when reviewing an organisational process?,MASCO2020;DOSM_JMI_2025Q2
E9-Q-0392,Family,,242,Family 242 — ADMINISTRATION PROFESSIONALS,problem_solving,A stakeholder resists a proposed improvement. How would you understand and address the concern?,MASCO2020;DOSM_JMI_2025Q2
E9-Q-0393,Family,,242,Family 242 — ADMINISTRATION PROFESSIONALS,learning_reflection,Describe a time evidence changed your view of an organisational issue.,MASCO2020;DOSM_JMI_2025Q2
E9-Q-0394,Family,,242,Family 242 — ADMINISTRATION PROFESSIONALS,leadership,How would you present a practical improvement when resources are limited?,MASCO2020;DOSM_JMI_2025Q2
E9-Q-0395,Family,,243,"Family 243 — SALES, MARKETING AND PUBLIC RELATIONS PROFESSIONALS",campaign_judgement,How would you decide which customer or market insight should influence a campaign decision?,MASCO2020;DOSM_JMI_2025Q2
E9-Q-0396,Family,,243,"Family 243 — SALES, MARKETING AND PUBLIC RELATIONS PROFESSIONALS",campaign_judgement,How would you explain a change in campaign direction to sales colleagues?,MASCO2020;DOSM_JMI_2025Q2
E9-Q-0397,Family,,243,"Family 243 — SALES, MARKETING AND PUBLIC RELATIONS PROFESSIONALS",campaign_judgement,What would you review before deciding whether a campaign result needs further testing?,MASCO2020;DOSM_JMI_2025Q2
E9-Q-0398,Family,,243,"Family 243 — SALES, MARKETING AND PUBLIC RELATIONS PROFESSIONALS",learning_reflection,How would you adapt a message when audience feedback shows it is not connecting?,MASCO2020;DOSM_JMI_2025Q2
E9-Q-0399,Family,,243,"Family 243 — SALES, MARKETING AND PUBLIC RELATIONS PROFESSIONALS",campaign_judgement,Tell me about a time you improved how marketing activity was planned or reviewed.,MASCO2020;DOSM_JMI_2025Q2
E9-Q-0400,Family,,251,Family 251 — SOFTWARE AND APPLICATION DEVELOPERS AND ANALYSTS,requirements_clarification,Tell me about a time you turned an unclear user need into a workable technical requirement.,MASCO2020;DOSM_JMI_2025Q2
E9-Q-0401,Family,,251,Family 251 — SOFTWARE AND APPLICATION DEVELOPERS AND ANALYSTS,problem_solving,How do you decide which evidence matters when investigating a software problem?,MASCO2020;DOSM_JMI_2025Q2
E9-Q-0402,Family,,251,Family 251 — SOFTWARE AND APPLICATION DEVELOPERS AND ANALYSTS,stakeholder_communication,Describe a technical change you explained to users or non-technical colleagues.,MASCO2020;DOSM_JMI_2025Q2
E9-Q-0403,Family,,251,Family 251 — SOFTWARE AND APPLICATION DEVELOPERS AND ANALYSTS,problem_solving,A requested feature could affect an existing service. How would you assess the change?,MASCO2020;DOSM_JMI_2025Q2
E9-Q-0404,Family,,251,Family 251 — SOFTWARE AND APPLICATION DEVELOPERS AND ANALYSTS,testing_verification,Tell me about a release or change that did not go as planned. What did you learn?,MASCO2020;DOSM_JMI_2025Q2
E9-Q-0405,Family,,252,Family 252 — DATABASE AND NETWORK PROFESSIONALS,technical_judgement,Tell me about a time you investigated a system issue while protecting service availability.,MASCO2020;DOSM_JMI_2025Q2
E9-Q-0406,Family,,252,Family 252 — DATABASE AND NETWORK PROFESSIONALS,problem_solving,How would you plan a maintenance change that could affect other users or systems?,MASCO2020;DOSM_JMI_2025Q2
E9-Q-0407,Family,,252,Family 252 — DATABASE AND NETWORK PROFESSIONALS,technical_judgement,What checks would you make before and after changing access to an information system?,MASCO2020;DOSM_JMI_2025Q2
E9-Q-0408,Family,,252,Family 252 — DATABASE AND NETWORK PROFESSIONALS,stakeholder_communication,How would you explain a service interruption to a non-technical colleague?,MASCO2020;DOSM_JMI_2025Q2
E9-Q-0409,Family,,252,Family 252 — DATABASE AND NETWORK PROFESSIONALS,safety_judgement,You receive an alert that may affect security or availability. How would you respond?,MASCO2020;DOSM_JMI_2025Q2
E9-Q-0410,Family,,291,Family 291 — REGULATORY BODY PROFESSIONALS,administrative_accuracy,"During a government regulatory case, an official record, statement, or supporting document conflicts with other available information. How would you establish what can be verified, preserve fairness, and document the unresolved point for review?",MASCO2020
E9-Q-0411,Family,,291,Family 291 — REGULATORY BODY PROFESSIONALS,administrative_accuracy,"A government regulatory case requires a decision or response beyond your delegated authority. How would you explain the limit, preserve the relevant record, and route the matter for the appropriate review?",MASCO2020
E9-Q-0412,Family,,311,Family 311 — PHYSICAL AND ENGINEERING SCIENCE TECHNICIANS,technical_judgement,"Before starting technical work from a document, how would you check that the information is current, complete, and clear enough to use?",MASCO2020;DOSM_JMI_2025Q2
E9-Q-0413,Family,,311,Family 311 — PHYSICAL AND ENGINEERING SCIENCE TECHNICIANS,problem_solving,An unexpected result appears during a technical check. How would you separate what you observed from what still needs investigation?,MASCO2020;DOSM_JMI_2025Q2
E9-Q-0414,Family,,311,Family 311 — PHYSICAL AND ENGINEERING SCIENCE TECHNICIANS,stakeholder_communication,How would you explain a technical observation and its limits to the colleague who needs to decide the next step?,MASCO2020;DOSM_JMI_2025Q2
E9-Q-0415,Family,,311,Family 311 — PHYSICAL AND ENGINEERING SCIENCE TECHNICIANS,learning_reflection,Tell me about a time you learned an unfamiliar piece of equipment or procedure before using it in technical work.,MASCO2020;DOSM_JMI_2025Q2
E9-Q-0416,Family,,311,Family 311 — PHYSICAL AND ENGINEERING SCIENCE TECHNICIANS,problem_solving,Instructions and physical evidence do not fully agree during a technical task. How would you proceed without making an unsafe assumption?,MASCO2020;DOSM_JMI_2025Q2
E9-Q-0417,Family,,321,Family 321 — MEDICAL AND PHARMACEUTICAL TECHNICIANS,problem_solving,"A technical health-service work item arrives with a missing or conflicting authorised detail. How would you verify what is needed before proceeding, document the clarification, and involve the appropriate professional?",MASCO2020
E9-Q-0418,Family,,321,Family 321 — MEDICAL AND PHARMACEUTICAL TECHNICIANS,administrative_accuracy,"A technical health-service output or supporting record does not meet the expected specification or quality check. How would you contain the issue, establish what can be verified, document it, and escalate it within your authority?",MASCO2020
E9-Q-0419,Family,,322,Family 322 — NURSING AND MIDWIFERY ASSOCIATE PROFESSIONALS,problem_solving,"During authorised nursing or midwifery associate care, an observation does not match the current care information. How would you verify what is known, communicate the concern to the appropriate worker, and document the handover within your role?",MASCO2020;MOH_NURSING_REGISTRATION_APC
E9-Q-0420,Family,,325,Family 325 — OTHER HEALTH ASSOCIATE PROFESSIONALS,administrative_accuracy,"An assigned associate-health task cannot proceed because authorised health-service information, records, or instructions conflict. How would you protect the information, document the unresolved point, and seek direction within your role?",MASCO2020
E9-Q-0421,Family,,325,Family 325 — OTHER HEALTH ASSOCIATE PROFESSIONALS,administrative_accuracy,"During an assigned associate-health task, you identify a concern beyond your permitted role. How would you preserve relevant information, communicate it to the responsible professional or service, and record the handover?",MASCO2020
E9-Q-0422,Family,,331,Family 331 — FINANCIAL AND MATHEMATICAL ASSOCIATE PROFESSIONALS,financial_analysis,How would you clarify a client’s needs before discussing a financial option?,MASCO2020;DOSM_JMI_2025Q2
E9-Q-0423,Family,,331,Family 331 — FINANCIAL AND MATHEMATICAL ASSOCIATE PROFESSIONALS,customer_communication,A client asks for something outside your authority. How would you handle the conversation?,MASCO2020;DOSM_JMI_2025Q2
E9-Q-0424,Family,,331,Family 331 — FINANCIAL AND MATHEMATICAL ASSOCIATE PROFESSIONALS,administrative_accuracy,Tell me about a time you had to keep a client record accurate under time pressure.,MASCO2020;DOSM_JMI_2025Q2
E9-Q-0425,Family,,331,Family 331 — FINANCIAL AND MATHEMATICAL ASSOCIATE PROFESSIONALS,stakeholder_communication,How would you explain uncertainty or risk without overstating what you know?,MASCO2020;DOSM_JMI_2025Q2
E9-Q-0426,Family,,331,Family 331 — FINANCIAL AND MATHEMATICAL ASSOCIATE PROFESSIONALS,customer_communication,What would you do if a client instruction was unclear or incomplete?,MASCO2020;DOSM_JMI_2025Q2
E9-Q-0427,Family,,334,Family 334 — ADMINISTRATIVE AND SPECIALISED ASSOCIATE PROFESSIONALS,administrative_accuracy,What checks help you keep an administrative record accurate when several people contribute to it?,MASCO2020;DOSM_JMI_2025Q2
E9-Q-0428,Family,,334,Family 334 — ADMINISTRATIVE AND SPECIALISED ASSOCIATE PROFESSIONALS,prioritisation,How would you organise follow-up when several requests have similar deadlines?,MASCO2020;DOSM_JMI_2025Q2
E9-Q-0429,Family,,334,Family 334 — ADMINISTRATIVE AND SPECIALISED ASSOCIATE PROFESSIONALS,stakeholder_communication,How would you clarify an incomplete request without delaying the person who needs help?,MASCO2020;DOSM_JMI_2025Q2
E9-Q-0430,Family,,334,Family 334 — ADMINISTRATIVE AND SPECIALISED ASSOCIATE PROFESSIONALS,administrative_accuracy,What would you consider before sharing information from an administrative record?,MASCO2020;DOSM_JMI_2025Q2
E9-Q-0431,Family,,334,Family 334 — ADMINISTRATIVE AND SPECIALISED ASSOCIATE PROFESSIONALS,coordination,Tell me about a small administrative process you made easier for others to follow.,MASCO2020;DOSM_JMI_2025Q2
E9-Q-0432,Family,,422,Family 422 — CLIENT INFORMATION WORKERS,stakeholder_communication,Tell me about a time you helped someone understand information they found confusing.,MASCO2020;DOSM_JMI_2025Q2
E9-Q-0433,Family,,422,Family 422 — CLIENT INFORMATION WORKERS,customer_communication,How would you handle a frustrated client while keeping the information accurate?,MASCO2020;DOSM_JMI_2025Q2
E9-Q-0434,Family,,422,Family 422 — CLIENT INFORMATION WORKERS,customer_communication,What would you check before giving information that may affect a client’s next step?,MASCO2020;DOSM_JMI_2025Q2
E9-Q-0435,Family,,422,Family 422 — CLIENT INFORMATION WORKERS,administrative_accuracy,Describe a time you had to record an interaction so another colleague could continue it.,MASCO2020;DOSM_JMI_2025Q2
E9-Q-0436,Family,,422,Family 422 — CLIENT INFORMATION WORKERS,customer_communication,When would you escalate a client request rather than try to resolve it alone?,MASCO2020;DOSM_JMI_2025Q2
E9-Q-0437,Family,,522,Family 522 — SHOP SALESPERSONS,customer_communication,How do you find out what a customer needs before suggesting an option?,MASCO2020;DOSM_JMI_2025Q2
E9-Q-0438,Family,,522,Family 522 — SHOP SALESPERSONS,customer_communication,A customer is unhappy about a price or availability issue. How would you respond?,MASCO2020;DOSM_JMI_2025Q2
E9-Q-0439,Family,,522,Family 522 — SHOP SALESPERSONS,learning_reflection,Tell me about a time you kept service helpful during a busy period.,MASCO2020;DOSM_JMI_2025Q2
E9-Q-0440,Family,,522,Family 522 — SHOP SALESPERSONS,customer_communication,What would you check before giving a customer product information?,MASCO2020;DOSM_JMI_2025Q2
E9-Q-0441,Family,,522,Family 522 — SHOP SALESPERSONS,customer_communication,How would you balance a customer request with store procedures?,MASCO2020;DOSM_JMI_2025Q2
E9-Q-0442,Family,,611,Family 611 — MARKET GARDENERS AND CROP GROWERS,problem_solving,Weather changes the plan for the day. How would you decide which crop work should continue?,MASCO2020;DOSM_JMI_2025Q2
E9-Q-0443,Family,,611,Family 611 — MARKET GARDENERS AND CROP GROWERS,problem_solving,What would you check before organising a harvest activity?,MASCO2020;DOSM_JMI_2025Q2
E9-Q-0444,Family,,611,Family 611 — MARKET GARDENERS AND CROP GROWERS,learning_reflection,Tell me about a time you noticed a growing condition that needed attention.,MASCO2020;DOSM_JMI_2025Q2
E9-Q-0445,Family,,611,Family 611 — MARKET GARDENERS AND CROP GROWERS,stakeholder_communication,How would you coordinate a change in field work with others involved?,MASCO2020;DOSM_JMI_2025Q2
E9-Q-0446,Family,,611,Family 611 — MARKET GARDENERS AND CROP GROWERS,problem_solving,A crop-related risk is emerging. What information would guide your response?,MASCO2020;DOSM_JMI_2025Q2
E9-Q-0447,Family,,721,"Family 721 — SHEET AND STRUCTURAL METAL WORKERS, MOULDERS AND WELDERS AND",problem_solving,What would you check before starting a metal joining or cutting task?,MASCO2020;DOSM_JMI_2025Q2
E9-Q-0448,Family,,721,"Family 721 — SHEET AND STRUCTURAL METAL WORKERS, MOULDERS AND WELDERS AND",requirements_clarification,How do you confirm that a finished weld or cut meets the job requirement?,MASCO2020;DOSM_JMI_2025Q2
E9-Q-0449,Family,,721,"Family 721 — SHEET AND STRUCTURAL METAL WORKERS, MOULDERS AND WELDERS AND",stakeholder_communication,What would you do if a drawing or instruction was unclear before work began?,MASCO2020;DOSM_JMI_2025Q2
E9-Q-0450,Family,,721,"Family 721 — SHEET AND STRUCTURAL METAL WORKERS, MOULDERS AND WELDERS AND",debugging,Tell me about a time you identified a defect and decided what to do next.,MASCO2020;DOSM_JMI_2025Q2
E9-Q-0451,Family,,721,"Family 721 — SHEET AND STRUCTURAL METAL WORKERS, MOULDERS AND WELDERS AND",quality_control,How would you respond if a completed joint did not meet the required quality?,MASCO2020;DOSM_JMI_2025Q2
E9-Q-0452,Family,,723,Family 723 — MACHINERY MECHANICS AND REPAIRERS,technical_judgement,Tell me about a time you diagnosed a fault without jumping to the first explanation.,MASCO2020;DOSM_JMI_2025Q2
E9-Q-0453,Family,,723,Family 723 — MACHINERY MECHANICS AND REPAIRERS,stakeholder_communication,How would you explain a repair finding to someone without technical knowledge?,MASCO2020;DOSM_JMI_2025Q2
E9-Q-0454,Family,,723,Family 723 — MACHINERY MECHANICS AND REPAIRERS,problem_solving,A repair does not resolve the reported problem. What would you do next?,MASCO2020;DOSM_JMI_2025Q2
E9-Q-0455,Family,,723,Family 723 — MACHINERY MECHANICS AND REPAIRERS,problem_solving,What checks help you decide whether equipment is safe to return to service?,MASCO2020;DOSM_JMI_2025Q2
E9-Q-0456,Family,,723,Family 723 — MACHINERY MECHANICS AND REPAIRERS,learning_reflection,Describe a time you used evidence from a repair to improve your next diagnosis.,MASCO2020;DOSM_JMI_2025Q2
E9-Q-0457,Family,,832,"Family 832 — CAR, VAN AND MOTORCYCLE DRIVERS",problem_solving,An unexpected disruption affects a journey. How would you decide on a safe next step?,MASCO2020;DOSM_JMI_2025Q2
E9-Q-0458,Family,,832,"Family 832 — CAR, VAN AND MOTORCYCLE DRIVERS",customer_communication,"How would you keep a passenger, customer, or dispatcher informed about a delay?",MASCO2020;DOSM_JMI_2025Q2
E9-Q-0459,Family,,832,"Family 832 — CAR, VAN AND MOTORCYCLE DRIVERS",learning_reflection,Tell me about a time you balanced time pressure with safe driving or delivery.,MASCO2020;DOSM_JMI_2025Q2
E9-Q-0460,Family,,832,"Family 832 — CAR, VAN AND MOTORCYCLE DRIVERS",problem_solving,What information would you check before changing a planned route?,MASCO2020;DOSM_JMI_2025Q2
E9-Q-0461,Family,,832,"Family 832 — CAR, VAN AND MOTORCYCLE DRIVERS",problem_solving,How would you respond if a passenger or goods required extra care during a delay?,MASCO2020;DOSM_JMI_2025Q2
E9-Q-0462,Exact,0111,011,PROFESSIONAL DUTY OFFICERS (MA),administrative_accuracy,A record used in managing and administering Armed Forces Clinics and Armed Forces Hospitals does not match another source. How would you verify the discrepancy and leave a clear record of the resolution?,MASCO2020
E9-Q-0463,Exact,0111,011,PROFESSIONAL DUTY OFFICERS (MA),stakeholder_communication,A delay affects managing and administering Armed Forces Clinics and Armed Forces Hospitals. How would you explain the impact and agree on the next step with the people involved?,MASCO2020
E9-Q-0464,Exact,0111,011,PROFESSIONAL DUTY OFFICERS (MA),technical_judgement,You receive conflicting technical information about work carried out by professional duty officers (ma). How would you decide which information is reliable before proceeding?,MASCO2020
E9-Q-0465,Exact,0111,011,PROFESSIONAL DUTY OFFICERS (MA),problem_solving,A recurring problem is affecting work carried out by professional duty officers (ma). How would you isolate the cause and decide on the next step?,MASCO2020
E9-Q-0466,Exact,0111,011,PROFESSIONAL DUTY OFFICERS (MA),learning_reflection,"Tell me about a time you improved how you handled work carried out by professional duty officers (ma). What did you change, and what showed you it worked?",MASCO2020
E9-Q-0467,Exact,1111,111,LEGISLATORS,problem_solving,A proposed amendment solves the policy problem but appears to conflict with an existing statutory or constitutional constraint. How would you assess the proposal before deciding whether to support it?,MASCO2020
E9-Q-0468,Exact,1111,111,LEGISLATORS,stakeholder_communication,"A bill has strong public support, but affected groups argue that one clause would create unintended consequences in practice. How would you handle the issue during the legislative process?",MASCO2020
E9-Q-0469,Exact,1111,111,LEGISLATORS,problem_solving,"Your legislative body has limited sitting time and several urgent motions, committee reports and bills competing for attention. How would you decide what should be prioritised?",MASCO2020
E9-Q-0470,Exact,1111,111,LEGISLATORS,problem_solving,"During consideration of a bill, committee findings, ministerial explanations and the draft text do not fully align. What would you do before the chamber is asked to decide?",MASCO2020
E9-Q-0471,Exact,1111,111,LEGISLATORS,leadership,You are chairing a contentious legislative session in which members repeatedly interrupt one another and debate is moving away from the motion before the chamber. How would you restore an orderly and fair proceeding?,MASCO2020
E9-Q-0472,Exact,1112,111,SENIOR GOVERNMENT OFFICIALS,requirements_clarification,"A department proposes a new programme that aligns with government policy, but its implementation plan does not clearly show how the policy requirements will be translated into operating procedures. How would you review it before approval?",MASCO2020
E9-Q-0473,Exact,1112,111,SENIOR GOVERNMENT OFFICIALS,problem_solving,You are advising on a government budget proposal where the policy benefit is credible but the cost assumptions vary significantly across departments. How would you prepare advice for decision-makers?,MASCO2020
E9-Q-0474,Exact,1112,111,SENIOR GOVERNMENT OFFICIALS,technical_judgement,"A government programme is reported as meeting its headline target, but complaints from regional offices suggest the result may hide uneven implementation. How would you evaluate the programme?",MASCO2020
E9-Q-0475,Exact,1112,111,SENIOR GOVERNMENT OFFICIALS,stakeholder_communication,Two ministries interpret the same government policy differently and are issuing inconsistent instructions to their agencies. How would you resolve the inconsistency?,MASCO2020
E9-Q-0476,Exact,1112,111,SENIOR GOVERNMENT OFFICIALS,problem_solving,"You are asked to prepare advice on amending a regulation, but the policy objective is described only as 'reduce unnecessary burden.' What would you clarify before drafting recommendations?",MASCO2020
E9-Q-0477,Exact,1113,111,TRADITIONAL CHIEFS AND HEADS OF VILLAGE,stakeholder_communication,"Residents receive a new government notice that conflicts with a long-standing village practice, and several people ask you to tell them which one to follow. How would you handle the situation?",MASCO2020
E9-Q-0478,Exact,1113,111,TRADITIONAL CHIEFS AND HEADS OF VILLAGE,problem_solving,"Two families bring a recurring community dispute to you, but one party does not accept the other's account of what happened. How would you try to help resolve it within your role?",MASCO2020
E9-Q-0479,Exact,1113,111,TRADITIONAL CHIEFS AND HEADS OF VILLAGE,problem_solving,"A village development activity requires support from residents, a local agency and a district office, but each group believes another party is responsible for the next step. How would you move the activity forward?",MASCO2020
E9-Q-0480,Exact,1113,111,TRADITIONAL CHIEFS AND HEADS OF VILLAGE,coordination,"A community event is culturally important, but the proposed arrangements clash with an administrative requirement communicated by the local authority. How would you respond?",MASCO2020
E9-Q-0481,Exact,1113,111,TRADITIONAL CHIEFS AND HEADS OF VILLAGE,problem_solving,"You need to pass a government programme announcement to villagers, but the circular uses technical language and contains several eligibility conditions. How would you make sure your explanation is accurate and useful?",MASCO2020
E9-Q-0482,Exact,1114,111,SENIOR OFFICIALS OF SPECIAL-INTEREST ORGANISATIONS,leadership,"Your organisation's governing body has approved a policy direction, but regional branches are implementing it in materially different ways. How would you bring operations back into alignment?",MASCO2020
E9-Q-0483,Exact,1114,111,SENIOR OFFICIALS OF SPECIAL-INTEREST ORGANISATIONS,stakeholder_communication,"Members strongly support a new advocacy position, while a major partner warns that the position could undermine an existing joint programme. How would you prepare the issue for the governing body?",MASCO2020
E9-Q-0484,Exact,1114,111,SENIOR OFFICIALS OF SPECIAL-INTEREST ORGANISATIONS,stakeholder_communication,"A quarterly report to the board shows strong activity numbers, but you discover that two branches have counted the same beneficiaries differently. What would you do before reporting results?",MASCO2020
E9-Q-0485,Exact,1114,111,SENIOR OFFICIALS OF SPECIAL-INTEREST ORGANISATIONS,campaign_judgement,The organisation has more proposed campaigns and member services than its staff and budget can support this quarter. How would you decide what proceeds?,MASCO2020
E9-Q-0486,Exact,1114,111,SENIOR OFFICIALS OF SPECIAL-INTEREST ORGANISATIONS,problem_solving,"The governing body asks management to 'strengthen member engagement' but gives no target group, channel or expected outcome. How would you turn that direction into an implementable plan?",MASCO2020
E9-Q-0487,Exact,1311,131,"AGRICULTURAL, FORESTRY AND LIVESTOCK PRODUCTION MANAGERS",campaign_judgement,"A crop or livestock production plan is on target for volume, but market demand has shifted before the planned harvest or sale period. How would you decide whether to change the production schedule or output mix?",MASCO2020
E9-Q-0488,Exact,1311,131,"AGRICULTURAL, FORESTRY AND LIVESTOCK PRODUCTION MANAGERS",problem_solving,"Yield, growth or output is falling across part of an agricultural, forestry or livestock operation, but the cause is not obvious from daily reports. How would you investigate the problem before changing the production plan?",MASCO2020
E9-Q-0489,Exact,1311,131,"AGRICULTURAL, FORESTRY AND LIVESTOCK PRODUCTION MANAGERS",problem_solving,"Harvesting, routine maintenance and another time-sensitive production activity all need the same people or equipment in the same week. How would you set priorities?",MASCO2020
E9-Q-0490,Exact,1311,131,"AGRICULTURAL, FORESTRY AND LIVESTOCK PRODUCTION MANAGERS",administrative_accuracy,"Production records show that one field, block or livestock group is repeatedly missing expected quality or output standards. What would you review before deciding on corrective action?",MASCO2020
E9-Q-0491,Exact,1311,131,"AGRICULTURAL, FORESTRY AND LIVESTOCK PRODUCTION MANAGERS",problem_solving,"A planned production increase will affect field or farm operations, storage, transport and sales at the same time. How would you coordinate the change so that extra output does not create a bottleneck later?",MASCO2020
E9-Q-0492,Exact,1312,131,AQUACULTURE AND FISHERIES PRODUCTION MANAGERS,campaign_judgement,"Market demand has risen for one species or product, but the current aquaculture or fishery stock will not reach the required condition at the same time. How would you revise the production and supply plan?",MASCO2020
E9-Q-0493,Exact,1312,131,AQUACULTURE AND FISHERIES PRODUCTION MANAGERS,problem_solving,A routine stock examination finds an unusual pattern of poor condition or possible disease indicators in one part of an aquaculture operation. What should you do as the production manager?,MASCO2020
E9-Q-0494,Exact,1312,131,AQUACULTURE AND FISHERIES PRODUCTION MANAGERS,technical_judgement,"Two ponds, cages or fishing units that should be producing similar results are showing very different stock survival or output. How would you determine whether this is a reporting issue or a real production difference?",MASCO2020
E9-Q-0495,Exact,1312,131,AQUACULTURE AND FISHERIES PRODUCTION MANAGERS,problem_solving,A planned harvest or catch will exceed the processing or cold-storage capacity available on that day. How would you resolve the mismatch?,MASCO2020
E9-Q-0496,Exact,1312,131,AQUACULTURE AND FISHERIES PRODUCTION MANAGERS,quality_control,"A buyer requests a higher volume of aquatic product but gives only a broad description of size, timing and quality. What would you clarify before changing the production plan?",MASCO2020
E9-Q-0497,Exact,1411,141,HOTEL AND HOMESTAY MANAGERS,problem_solving,"Your property is close to full occupancy on a weekend when a large group arrival, room turnovers and a banquet service overlap. How would you coordinate front office, housekeeping and food-and-beverage operations?",MASCO2020
E9-Q-0498,Exact,1411,141,HOTEL AND HOMESTAY MANAGERS,testing_verification,A guest arrives for a confirmed room type that is temporarily unavailable because the previous room has not been released by housekeeping. How would you handle the situation?,MASCO2020
E9-Q-0499,Exact,1411,141,HOTEL AND HOMESTAY MANAGERS,problem_solving,"Occupancy is strong, but the property is missing its monthly profit target. What hotel operating data would you review before cutting expenditure?",MASCO2020
E9-Q-0500,Exact,1411,141,HOTEL AND HOMESTAY MANAGERS,problem_solving,"A promotion is filling rooms on low-demand nights but attracting bookings with very low total spend and a high cancellation rate. How would you decide whether to keep, change or stop it?",MASCO2020
E9-Q-0501,Exact,1411,141,HOTEL AND HOMESTAY MANAGERS,testing_verification,Several rooms are awaiting maintenance clearance just as housekeeping is under pressure to prepare departures for new arrivals. How would you decide which rooms should be released first?,MASCO2020
E9-Q-0502,Exact,1412,141,RESTAURANT MANAGERS,problem_solving,"Sales are increasing, but the restaurant's gross profit is falling. How would you investigate the result before changing menu prices?",MASCO2020
E9-Q-0503,Exact,1412,141,RESTAURANT MANAGERS,problem_solving,A chef wants to introduce a new menu item that needs ingredients with short shelf life and extra preparation time. What would you review before approving the launch?,MASCO2020
E9-Q-0504,Exact,1412,141,RESTAURANT MANAGERS,problem_solving,A busy dinner period starts with two problems: a key ingredient is running low and table waiting times are increasing. How would you manage the service?,MASCO2020
E9-Q-0505,Exact,1412,141,RESTAURANT MANAGERS,financial_analysis,Food-cost reports show repeated variance between expected and actual ingredient usage for a small group of dishes. How would you investigate it?,MASCO2020
E9-Q-0506,Exact,1412,141,RESTAURANT MANAGERS,customer_communication,A corporate client asks for a catered event and says only that the menu should be 'premium' and suitable for a mixed group. What would you clarify before committing the restaurant?,MASCO2020
E9-Q-0507,Exact,1421,142,RETAIL AND WHOLESALE TRADE MANAGERS,problem_solving,"A product category is selling quickly in stores, but replenishment lead times are lengthening. How would you decide whether to increase purchase orders, adjust the assortment or change promotion plans?",MASCO2020
E9-Q-0508,Exact,1421,142,RETAIL AND WHOLESALE TRADE MANAGERS,problem_solving,A promotion delivered a large increase in unit sales but lower overall contribution than expected. How would you decide whether the promotion was commercially successful?,MASCO2020
E9-Q-0509,Exact,1421,142,RETAIL AND WHOLESALE TRADE MANAGERS,customer_communication,"A supplier confirms that a major order will arrive two weeks late, while stores or wholesale customers have already been promised availability. How would you coordinate the response?",MASCO2020
E9-Q-0510,Exact,1421,142,RETAIL AND WHOLESALE TRADE MANAGERS,campaign_judgement,Marketing proposes a strong discount on a high-demand item that is already low in stock. What would you consider before approving the campaign?,MASCO2020
E9-Q-0511,Exact,1421,142,RETAIL AND WHOLESALE TRADE MANAGERS,administrative_accuracy,Inventory records show repeated differences between system stock and physical stock for one product line. How would you approach the problem before changing reorder levels?,MASCO2020
E9-Q-0512,Exact,1611,161,CHILD CARE SERVICES MANAGERS,technical_judgement,You receive conflicting technical information about child care services management. How would you decide which information is reliable before proceeding?,MASCO2020
E9-Q-0513,Exact,1611,161,CHILD CARE SERVICES MANAGERS,requirements_clarification,The requirements for child care services management are unclear. What would you clarify before work continues?,MASCO2020
E9-Q-0514,Exact,1611,161,CHILD CARE SERVICES MANAGERS,customer_communication,A customer request changes the requirements for child care services management. How would you clarify expectations and explain any constraint?,MASCO2020
E9-Q-0515,Exact,1611,161,CHILD CARE SERVICES MANAGERS,problem_solving,A recurring problem is affecting child care services management. How would you isolate the cause and decide on the next step?,MASCO2020
E9-Q-0516,Exact,1611,161,CHILD CARE SERVICES MANAGERS,quality_control,An output from child care services management does not meet the expected standard. How would you investigate the cause and confirm the correction?,MASCO2020
E9-Q-0517,Exact,1612,161,HEALTH SERVICES MANAGERS,problem_solving,You receive conflicting information about work carried out by health services managers. How would you verify the authoritative requirement and decide whether the work should pause or be referred?,MASCO2020
E9-Q-0518,Exact,1612,161,HEALTH SERVICES MANAGERS,stakeholder_communication,"A concern arises in work carried out by health services managers. How would you describe the facts, stay within your authority, and obtain the appropriate review?",MASCO2020
E9-Q-0519,Exact,1612,161,HEALTH SERVICES MANAGERS,technical_judgement,"A change affects work carried out by health services managers, but the safe or authorised response is not yet clear. What would you verify before work continues?",MASCO2020
E9-Q-0520,Exact,1612,161,HEALTH SERVICES MANAGERS,problem_solving,An unresolved issue affects work carried out by health services managers. How would you hand over the facts and make sure the responsible person can take the next decision?,MASCO2020
E9-Q-0521,Exact,1612,161,HEALTH SERVICES MANAGERS,learning_reflection,A routine decision in work carried out by health services managers reaches the limit of your authority. How would you document the facts and route it to the right person?,MASCO2020
E9-Q-0522,Exact,1613,161,AGED CARE SERVICES MANAGERS,administrative_accuracy,A record used in aged care services management does not match another source. How would you verify the discrepancy and leave a clear record of the resolution?,MASCO2020
E9-Q-0523,Exact,1613,161,AGED CARE SERVICES MANAGERS,administrative_accuracy,Important information for aged care services management is incomplete. What would you confirm before the work moves forward?,MASCO2020
E9-Q-0524,Exact,1613,161,AGED CARE SERVICES MANAGERS,customer_communication,A customer request changes the requirements for aged care services management. How would you clarify expectations and explain any constraint?,MASCO2020
E9-Q-0525,Exact,1613,161,AGED CARE SERVICES MANAGERS,quality_control,An output from aged care services management does not meet the expected standard. How would you investigate the cause and confirm the correction?,MASCO2020
E9-Q-0526,Exact,1613,161,AGED CARE SERVICES MANAGERS,quality_control,You notice inconsistent results in providing policy direction and assisting in the development of appropriate funding. What would you check to decide whether the problem is isolated or recurring?,MASCO2020
E9-Q-0527,Exact,1614,161,SOCIAL WELFARE MANAGERS,technical_judgement,You receive conflicting technical information about social welfare management. How would you decide which information is reliable before proceeding?,MASCO2020
E9-Q-0528,Exact,1614,161,SOCIAL WELFARE MANAGERS,customer_communication,A customer request changes the requirements for developing and implementing objectives and policies for various welfare programmes is settled. How would you clarify expectations and explain any constraint?,MASCO2020
E9-Q-0529,Exact,1614,161,SOCIAL WELFARE MANAGERS,customer_communication,A customer is unhappy with progress in social welfare management. How would you explain the situation and agree on a workable next step?,MASCO2020
E9-Q-0530,Exact,1614,161,SOCIAL WELFARE MANAGERS,problem_solving,A recurring problem is affecting social welfare management. How would you isolate the cause and decide on the next step?,MASCO2020
E9-Q-0531,Exact,1614,161,SOCIAL WELFARE MANAGERS,quality_control,An output from social welfare management does not meet the expected standard. How would you investigate the cause and confirm the correction?,MASCO2020
E9-Q-0532,Exact,1615,161,EDUCATION MANAGERS,quality_control,An output from determining educational programmes based on frameworks established by education authorities and governing bodies does not meet the expected standard. How would you investigate the cause and confirm the correction?,MASCO2020
E9-Q-0533,Exact,1615,161,EDUCATION MANAGERS,quality_control,You notice inconsistent results in education management. What would you check to decide whether the problem is isolated or recurring?,MASCO2020
E9-Q-0534,Exact,1615,161,EDUCATION MANAGERS,customer_communication,A customer request changes the requirements for education management. How would you clarify expectations and explain any constraint?,MASCO2020
E9-Q-0535,Exact,1615,161,EDUCATION MANAGERS,quality_control,"Before accepting or handing over work from education management, what would you verify?",MASCO2020
E9-Q-0536,Exact,1615,161,EDUCATION MANAGERS,quality_control,A recurring quality issue is affecting determining educational programmes based on frameworks established by education authorities and governing bodies. How would you trace the source and check that the fix holds?,MASCO2020
E9-Q-0537,Exact,1616,161,FINANCIAL AND INSURANCE SERVICES BRANCH MANAGERS,administrative_accuracy,A record used in financial and insurance services branch management does not match another source. How would you verify the discrepancy and leave a clear record of the resolution?,MASCO2020
E9-Q-0538,Exact,1616,161,FINANCIAL AND INSURANCE SERVICES BRANCH MANAGERS,administrative_accuracy,Important information for overseeing the flow of cash and financial instruments is incomplete. What would you confirm before the work moves forward?,MASCO2020
E9-Q-0539,Exact,1616,161,FINANCIAL AND INSURANCE SERVICES BRANCH MANAGERS,administrative_accuracy,Two records supporting financial and insurance services branch management show different details. How would you establish which information is current?,MASCO2020
E9-Q-0540,Exact,1616,161,FINANCIAL AND INSURANCE SERVICES BRANCH MANAGERS,administrative_accuracy,A late correction affects information already used in financial and insurance services branch management. How would you update the record and make the change traceable?,MASCO2020
E9-Q-0541,Exact,1616,161,FINANCIAL AND INSURANCE SERVICES BRANCH MANAGERS,administrative_accuracy,A key detail in financial and insurance services branch management was entered differently in two places. How would you correct it without losing traceability?,MASCO2020
E9-Q-0542,Exact,1617,161,LEGAL MANAGERS,requirements_clarification,The requirements for legal management are unclear. What would you clarify before work continues?,MASCO2020
E9-Q-0543,Exact,1617,161,LEGAL MANAGERS,requirements_clarification,"Two people give different instructions for managing external legal support, if required. How would you establish the agreed requirement?",MASCO2020
E9-Q-0544,Exact,1617,161,LEGAL MANAGERS,requirements_clarification,A requested change affects the scope of legal management. What would you confirm before accepting it?,MASCO2020
E9-Q-0545,Exact,1617,161,LEGAL MANAGERS,requirements_clarification,"You are asked to start managing external legal support, if required, but essential information from planning before a key requirement has been confirmed. How would you handle that?",MASCO2020
E9-Q-0546,Exact,1617,161,LEGAL MANAGERS,requirements_clarification,"The expected outcome for legal management is clear, but part of the instruction is not. How would you resolve the ambiguity?",MASCO2020
E9-Q-0547,Exact,1618,161,PROPERTY MANAGERS,problem_solving,A recurring problem is affecting property management. How would you isolate the cause and decide on the next step?,MASCO2020
E9-Q-0548,Exact,1618,161,PROPERTY MANAGERS,stakeholder_communication,A delay affects property management. How would you explain the impact and agree on the next step with the people involved?,MASCO2020
E9-Q-0549,Exact,1618,161,PROPERTY MANAGERS,technical_judgement,You receive conflicting technical information about property management. How would you decide which information is reliable before proceeding?,MASCO2020
E9-Q-0550,Exact,1618,161,PROPERTY MANAGERS,problem_solving,Something in property management is not working as expected. What would you check before choosing a solution?,MASCO2020
E9-Q-0551,Exact,1618,161,PROPERTY MANAGERS,learning_reflection,"Tell me about a time you improved how you handled property management. What did you change, and what showed you it worked?",MASCO2020
E9-Q-0552,Exact,1621,162,SPORTS AND RECREATION CENTRE MANAGERS,problem_solving,"A recreation centre has strong demand for group classes, community bookings and casual use during the same evening period. How would you build a schedule that uses facilities well without overcommitting them?",MASCO2020
E9-Q-0553,Exact,1621,162,SPORTS AND RECREATION CENTRE MANAGERS,problem_solving,Staff report that a frequently used piece of sports or fitness equipment is behaving unusually even though it has not fully failed. What would you do?,MASCO2020
E9-Q-0554,Exact,1621,162,SPORTS AND RECREATION CENTRE MANAGERS,problem_solving,A new fitness or recreation programme has high registrations but poor repeat attendance after the first few sessions. How would you decide what to change?,MASCO2020
E9-Q-0555,Exact,1621,162,SPORTS AND RECREATION CENTRE MANAGERS,problem_solving,"Two heavily used areas of the centre need maintenance, but closing both at once would disrupt most programmes. How would you plan the work?",MASCO2020
E9-Q-0556,Exact,1621,162,SPORTS AND RECREATION CENTRE MANAGERS,stakeholder_communication,"A community group says the centre repeatedly changes its booked room at short notice, while staff say the changes were needed to accommodate sports programmes. How would you resolve the issue?",MASCO2020
E9-Q-0557,Exact,1622,162,"PERSONAL CARE, CLEANING AND RELATED SERVICES MANAGERS",problem_solving,"Several cleaning or related service sites require extra work on the same day, but the available teams and equipment cannot cover every request at once. How would you allocate resources?",MASCO2020
E9-Q-0558,Exact,1622,162,"PERSONAL CARE, CLEANING AND RELATED SERVICES MANAGERS",customer_communication,A client reports that the same area is repeatedly failing cleanliness checks even though the service log shows it was completed. How would you investigate?,MASCO2020
E9-Q-0559,Exact,1622,162,"PERSONAL CARE, CLEANING AND RELATED SERVICES MANAGERS",customer_communication,"A new client asks for a 'full-service' cleaning and housekeeping contract but has not defined frequencies, priority areas or acceptance standards. What would you clarify before assigning staff?",MASCO2020
E9-Q-0560,Exact,1622,162,"PERSONAL CARE, CLEANING AND RELATED SERVICES MANAGERS",problem_solving,"A team reports an unfamiliar spill, contamination concern or site condition that is outside the normal service brief. How should you respond as the services manager?",MASCO2020
E9-Q-0561,Exact,1622,162,"PERSONAL CARE, CLEANING AND RELATED SERVICES MANAGERS",problem_solving,Absences leave you short of staff for a day when several service locations have fixed completion times. How would you revise the schedule?,MASCO2020
E9-Q-0562,Exact,1623,162,SECURITY MANAGERS,safety_judgement,"A business unit has changed how it uses part of the premises, but the existing security policy was written for the old operating pattern. How would you decide what in the policy needs to be reviewed before the new arrangement is treated as business as usual?",MASCO2020
E9-Q-0563,Exact,1623,162,SECURITY MANAGERS,administrative_accuracy,"Incident reports suggest that a monitored area is repeatedly generating incomplete surveillance records. How would you determine whether this is a reporting issue, an equipment-coverage issue, or a process issue before recommending action?",MASCO2020
E9-Q-0564,Exact,1623,162,SECURITY MANAGERS,safety_judgement,"Two parts of an establishment both request additional in-house security coverage during the same period, but staffing is limited. How would you set priorities without relying only on who asked first?",MASCO2020
E9-Q-0565,Exact,1623,162,SECURITY MANAGERS,safety_judgement,"A newly introduced security rule is being applied differently by different shifts. As the manager of the in-house security team, how would you restore consistent application?",MASCO2020
E9-Q-0566,Exact,1623,162,SECURITY MANAGERS,safety_judgement,"After a security incident, operations wants an immediate answer on what went wrong, but the available reports are incomplete. How would you brief management while preserving the distinction between confirmed facts and assumptions?",MASCO2020
E9-Q-0567,Exact,1624,162,"CULTURAL CENTRE, MUSEUM AND LIBRARY MANAGERS",problem_solving,"A cultural venue has a public programme, a school visit and routine collection or library operations competing for the same staff and spaces. How would you coordinate the day?",MASCO2020
E9-Q-0568,Exact,1624,162,"CULTURAL CENTRE, MUSEUM AND LIBRARY MANAGERS",administrative_accuracy,A museum object record or library catalogue entry does not match the item or documentation staff can physically verify. How would you handle the discrepancy?,MASCO2020
E9-Q-0569,Exact,1624,162,"CULTURAL CENTRE, MUSEUM AND LIBRARY MANAGERS",problem_solving,"Attendance at a recurring cultural programme is falling even though overall visitor numbers or library visits are stable. How would you decide whether to redesign, reschedule or retire the programme?",MASCO2020
E9-Q-0570,Exact,1624,162,"CULTURAL CENTRE, MUSEUM AND LIBRARY MANAGERS",stakeholder_communication,"A lender, donor or community partner asks for a display or use of collection material that conflicts with the institution's current preservation or access constraints. How would you manage the request?",MASCO2020
E9-Q-0571,Exact,1624,162,"CULTURAL CENTRE, MUSEUM AND LIBRARY MANAGERS",problem_solving,A library or museum team has a backlog of cataloguing or documentation work while public-service demand is increasing. How would you decide what work gets protected and what can wait?,MASCO2020
E9-Q-0572,Exact,1629,162,OTHER SERVICES MANAGERS NOT ELSEWHERE CLASSIFIED,customer_communication,You are asked to introduce a new service policy that will change how staff handle customer requests. How would you turn the policy into workable day-to-day procedures without disrupting service?,MASCO2020
E9-Q-0573,Exact,1629,162,OTHER SERVICES MANAGERS NOT ELSEWHERE CLASSIFIED,problem_solving,"A service unit is planning next quarter's activities, but demand is uncertain and the budget ceiling is tight. How would you build a budget estimate and decide where spending can or cannot be reduced?",MASCO2020
E9-Q-0574,Exact,1629,162,OTHER SERVICES MANAGERS NOT ELSEWHERE CLASSIFIED,stakeholder_communication,A key supplier proposes new terms that would raise your costs but promises better service reliability. How would you prepare for the negotiation and decide what trade-offs are acceptable?,MASCO2020
E9-Q-0575,Exact,1629,162,OTHER SERVICES MANAGERS NOT ELSEWHERE CLASSIFIED,customer_communication,A major customer asks for a service commitment that your team may not be able to sustain at the requested level. How would you negotiate a workable arrangement without overpromising?,MASCO2020
E9-Q-0576,Exact,1629,162,OTHER SERVICES MANAGERS NOT ELSEWHERE CLASSIFIED,problem_solving,"Complaints rise soon after a new service policy is introduced, even though staff say they are following the new process. How would you work out whether the problem is the policy itself, the way it was implemented, or the service capacity behind it?",MASCO2020
E9-Q-0577,Exact,2111,211,PHYSICISTS AND ASTRONOMERS,quality_control,An output from work carried out by physicists and astronomers does not meet the expected standard. How would you investigate the cause and confirm the correction?,MASCO2020
E9-Q-0578,Exact,2111,211,PHYSICISTS AND ASTRONOMERS,administrative_accuracy,A record used in work carried out by physicists and astronomers does not match another source. How would you verify the discrepancy and leave a clear record of the resolution?,MASCO2020
E9-Q-0579,Exact,2111,211,PHYSICISTS AND ASTRONOMERS,quality_control,You notice inconsistent results in work carried out by physicists and astronomers. What would you check to decide whether the problem is isolated or recurring?,MASCO2020
E9-Q-0580,Exact,2111,211,PHYSICISTS AND ASTRONOMERS,quality_control,"Before accepting or handing over work from work carried out by physicists and astronomers, what would you verify?",MASCO2020
E9-Q-0581,Exact,2111,211,PHYSICISTS AND ASTRONOMERS,quality_control,A recurring quality issue is affecting work carried out by physicists and astronomers. How would you trace the source and check that the fix holds?,MASCO2020
E9-Q-0582,Exact,2112,211,METEOROLOGISTS AND SEISMOLOGISTS,administrative_accuracy,A record used in work carried out by meteorologists and seismologists does not match another source. How would you verify the discrepancy and leave a clear record of the resolution?,MASCO2020
E9-Q-0583,Exact,2112,211,METEOROLOGISTS AND SEISMOLOGISTS,administrative_accuracy,Important information for work carried out by meteorologists and seismologists is incomplete. What would you confirm before the work moves forward?,MASCO2020
E9-Q-0584,Exact,2112,211,METEOROLOGISTS AND SEISMOLOGISTS,administrative_accuracy,Two records supporting work carried out by meteorologists and seismologists show different details. How would you establish which information is current?,MASCO2020
E9-Q-0585,Exact,2112,211,METEOROLOGISTS AND SEISMOLOGISTS,administrative_accuracy,A late correction affects information already used in analysing weather changes professionally and identifying impacts and measures to reduce the impacts. How would you update the record and make the change traceable?,MASCO2020
E9-Q-0586,Exact,2112,211,METEOROLOGISTS AND SEISMOLOGISTS,administrative_accuracy,A key detail in work carried out by meteorologists and seismologists was entered differently in two places. How would you correct it without losing traceability?,MASCO2020
E9-Q-0587,Exact,2113,211,CHEMISTS,technical_judgement,You receive conflicting technical information about work carried out by chemists. How would you decide which information is reliable before proceeding?,MASCO2020
E9-Q-0588,Exact,2113,211,CHEMISTS,problem_solving,A recurring problem is affecting work carried out by chemists. How would you isolate the cause and decide on the next step?,MASCO2020
E9-Q-0589,Exact,2113,211,CHEMISTS,customer_communication,A customer request changes the requirements for managing adjustment tasks and film examination and conducting experiments. How would you clarify expectations and explain any constraint?,MASCO2020
E9-Q-0590,Exact,2113,211,CHEMISTS,problem_solving,Something in managing adjustment tasks and film examination and conducting experiments is not working as expected. What would you check before choosing a solution?,MASCO2020
E9-Q-0591,Exact,2113,211,CHEMISTS,quality_control,An output from managing adjustment tasks and film examination does not meet the expected standard. How would you investigate the cause and confirm the correction?,MASCO2020
E9-Q-0592,Exact,2114,211,GEOLOGISTS AND GEOPHYSICISTS,administrative_accuracy,A record used in work carried out by geologists and geophysicists does not match another source. How would you verify the discrepancy and leave a clear record of the resolution?,MASCO2020
E9-Q-0593,Exact,2114,211,GEOLOGISTS AND GEOPHYSICISTS,quality_control,An output from carrying out geological research and investigation does not meet the expected standard. How would you investigate the cause and confirm the correction?,MASCO2020
E9-Q-0594,Exact,2114,211,GEOLOGISTS AND GEOPHYSICISTS,customer_communication,A customer request changes the requirements for work carried out by geologists and geophysicists. How would you clarify expectations and explain any constraint?,MASCO2020
E9-Q-0595,Exact,2114,211,GEOLOGISTS AND GEOPHYSICISTS,quality_control,You notice inconsistent results in work carried out by geologists and geophysicists. What would you check to decide whether the problem is isolated or recurring?,MASCO2020
E9-Q-0596,Exact,2114,211,GEOLOGISTS AND GEOPHYSICISTS,quality_control,"Before accepting or handing over work from work carried out by geologists and geophysicists, what would you verify?",MASCO2020
E9-Q-0597,Exact,2121,212,"MATHEMATICIANS, ACTUARIES AND STATISTICIANS",technical_judgement,You are asked to produce a forecast or risk estimate from a dataset that is large enough to be useful but has known gaps and changing definitions over time. How would you decide whether the result is fit for decision-making?,MASCO2020
E9-Q-0598,Exact,2121,212,"MATHEMATICIANS, ACTUARIES AND STATISTICIANS",technical_judgement,"A statistical or actuarial model performs well on historical data, but its recommendations look unstable when recent data are added. How would you investigate the change?",MASCO2020
E9-Q-0599,Exact,2121,212,"MATHEMATICIANS, ACTUARIES AND STATISTICIANS",problem_solving,A stakeholder asks for 'the most accurate model' but cannot explain what decision will be made from it. What would you clarify before selecting an approach?,MASCO2020
E9-Q-0600,Exact,2121,212,"MATHEMATICIANS, ACTUARIES AND STATISTICIANS",stakeholder_communication,"Your analysis shows that two plausible methods produce materially different estimates, and neither can be ruled out with the available evidence. How would you present the result to a non-technical decision-maker?",MASCO2020
E9-Q-0601,Exact,2121,212,"MATHEMATICIANS, ACTUARIES AND STATISTICIANS",technical_judgement,"A recurring official or business report suddenly shows a large jump in one indicator. How would you determine whether it reflects a real change or a problem in collection, processing or definition?",MASCO2020
E9-Q-0602,Exact,2131,213,"BIOLOGISTS, BOTANISTS, ZOOLOGISTS AND RELATED PROFESSIONALS",problem_solving,"A recurring problem is affecting conducting research, improving or developing concepts. How would you isolate the cause and decide on the next step?",MASCO2020
E9-Q-0603,Exact,2131,213,"BIOLOGISTS, BOTANISTS, ZOOLOGISTS AND RELATED PROFESSIONALS",stakeholder_communication,"A delay affects biologists, botanists, zoologists and related professional work. How would you explain the impact and agree on the next step with the people involved?",MASCO2020
E9-Q-0604,Exact,2131,213,"BIOLOGISTS, BOTANISTS, ZOOLOGISTS AND RELATED PROFESSIONALS",technical_judgement,"You receive conflicting technical information about biologists, botanists, zoologists and related professional work. How would you decide which information is reliable before proceeding?",MASCO2020
E9-Q-0605,Exact,2131,213,"BIOLOGISTS, BOTANISTS, ZOOLOGISTS AND RELATED PROFESSIONALS",problem_solving,"Something in biologists, botanists, zoologists and related professional work is not working as expected. What would you check before choosing a solution?",MASCO2020
E9-Q-0606,Exact,2131,213,"BIOLOGISTS, BOTANISTS, ZOOLOGISTS AND RELATED PROFESSIONALS",learning_reflection,"Tell me about a time you improved how you handled conducting research, improving or developing concepts. What did you change, and what showed you it worked?",MASCO2020
E9-Q-0607,Exact,2132,213,"FARMING, FORESTRY PLANTATION AND FISHERIES ADVISERS",administrative_accuracy,"A record used in work carried out by farming, forestry plantation and fisheries advisers does not match another source. How would you verify the discrepancy and leave a clear record of the resolution?",MASCO2020
E9-Q-0608,Exact,2132,213,"FARMING, FORESTRY PLANTATION AND FISHERIES ADVISERS",prioritisation,"Two deadlines compete in planning, organising and controlling the forestry activities in line with the regulations and policies. How would you decide what needs attention first?",MASCO2020
E9-Q-0609,Exact,2132,213,"FARMING, FORESTRY PLANTATION AND FISHERIES ADVISERS",customer_communication,"A customer request changes the requirements for work carried out by farming, forestry plantation and fisheries advisers. How would you clarify expectations and explain any constraint?",MASCO2020
E9-Q-0610,Exact,2132,213,"FARMING, FORESTRY PLANTATION AND FISHERIES ADVISERS",problem_solving,"A recurring problem is affecting work carried out by farming, forestry plantation and fisheries advisers. How would you isolate the cause and decide on the next step?",MASCO2020
E9-Q-0611,Exact,2132,213,"FARMING, FORESTRY PLANTATION AND FISHERIES ADVISERS",quality_control,"An output from work carried out by farming, forestry plantation and fisheries advisers does not meet the expected standard. How would you investigate the cause and confirm the correction?",MASCO2020
E9-Q-0612,Exact,2133,213,ENVIRONMENTAL PROTECTION PROFESSIONALS,technical_judgement,"You receive conflicting technical information about studying their origins, development, chemic. How would you decide which information is reliable before proceeding?",MASCO2020
E9-Q-0613,Exact,2133,213,ENVIRONMENTAL PROTECTION PROFESSIONALS,requirements_clarification,"The requirements for studying their origins, development, chemic are unclear. What would you clarify before work continues?",MASCO2020
E9-Q-0614,Exact,2133,213,ENVIRONMENTAL PROTECTION PROFESSIONALS,customer_communication,"A customer request changes the requirements for studying their origins, development, chemic. How would you clarify expectations and explain any constraint?",MASCO2020
E9-Q-0615,Exact,2133,213,ENVIRONMENTAL PROTECTION PROFESSIONALS,problem_solving,"A recurring problem is affecting studying their origins, development, chemic. How would you isolate the cause and decide on the next step?",MASCO2020
E9-Q-0616,Exact,2133,213,ENVIRONMENTAL PROTECTION PROFESSIONALS,quality_control,"An output from studying their origins, development, chemic does not meet the expected standard. How would you investigate the cause and confirm the correction?",MASCO2020
E9-Q-0617,Exact,2134,213,"PHARMACOLOGISTS, PATHOLOGISTS AND RELATED PROFESSIONALS",problem_solving,"A change affects work carried out by pharmacologists, pathologists and related professionals, but the safe or authorised response is not yet clear. What would you verify before work continues?",MASCO2020
E9-Q-0618,Exact,2134,213,"PHARMACOLOGISTS, PATHOLOGISTS AND RELATED PROFESSIONALS",stakeholder_communication,"An unresolved issue affects work carried out by pharmacologists, pathologists and related professionals. How would you hand over the facts and make sure the responsible person can take the next decision?",MASCO2020
E9-Q-0619,Exact,2134,213,"PHARMACOLOGISTS, PATHOLOGISTS AND RELATED PROFESSIONALS",technical_judgement,"A routine decision in work carried out by pharmacologists, pathologists and related professionals reaches the limit of your authority. How would you document the facts and route it to the right person?",MASCO2020
E9-Q-0620,Exact,2134,213,"PHARMACOLOGISTS, PATHOLOGISTS AND RELATED PROFESSIONALS",problem_solving,"You receive conflicting information about work carried out by pharmacologists, pathologists and related professionals. How would you verify the authoritative requirement and decide whether the work should pause or be referred?",MASCO2020
E9-Q-0621,Exact,2134,213,"PHARMACOLOGISTS, PATHOLOGISTS AND RELATED PROFESSIONALS",learning_reflection,"A concern arises in work carried out by pharmacologists, pathologists and related professionals. How would you describe the facts, stay within your authority, and obtain the appropriate review?",MASCO2020
E9-Q-0622,Exact,2151,215,ELECTRICAL ENGINEERS,problem_solving,"You are asked to design an electrical installation, but the equipment schedule, available space and expected operating demand do not fully agree. What would you clarify before freezing the design?",MASCO2020
E9-Q-0623,Exact,2151,215,ELECTRICAL ENGINEERS,requirements_clarification,"Before an electrical design package is issued for construction, how would you verify that the proposed arrangement of circuits, transformers and protective equipment is internally consistent with the design requirements?",MASCO2020
E9-Q-0624,Exact,2151,215,ELECTRICAL ENGINEERS,problem_solving,"During commissioning, measured system behaviour does not match what the approved electrical design predicted. How would you investigate the discrepancy before proposing a design change?",MASCO2020
E9-Q-0625,Exact,2151,215,ELECTRICAL ENGINEERS,administrative_accuracy,Maintenance records show repeated failures in the same electrical equipment group even though individual repairs have been completed. How would you decide whether the issue should trigger an engineering design review?,MASCO2020
E9-Q-0626,Exact,2151,215,ELECTRICAL ENGINEERS,problem_solving,"A late construction change affects the route or location planned for electrical equipment and cabling. How would you coordinate the change so that the electrical design, installation team and operations documentation remain aligned?",MASCO2020
E9-Q-0627,Exact,2152,215,ELECTRONIC ENGINEERS,stakeholder_communication,A new electronic board meets its functional requirements on the bench but shows intermittent resets when integrated into the full product. How would you structure the investigation?,MASCO2020
E9-Q-0628,Exact,2152,215,ELECTRONIC ENGINEERS,technical_judgement,You are defining a verification plan for a newly designed electronic circuit that will be manufactured at scale. How would you decide what to test beyond basic functional operation?,MASCO2020
E9-Q-0629,Exact,2152,215,ELECTRONIC ENGINEERS,technical_judgement,"An embedded software update fixes one device function but causes a previously stable sensor interface to fail intermittently. How would you determine whether the fault is in firmware, hardware timing or their interaction?",MASCO2020
E9-Q-0630,Exact,2152,215,ELECTRONIC ENGINEERS,technical_judgement,A small percentage of production units fail an electronic test even though engineering prototypes passed. What would you review before changing the circuit design?,MASCO2020
E9-Q-0631,Exact,2152,215,ELECTRONIC ENGINEERS,problem_solving,A product team asks you to make an electronic subsystem 'smaller and lower power' without specifying what performance can change. What would you clarify before redesigning it?,MASCO2020
E9-Q-0632,Exact,2153,215,TELECOMMUNICATIONS ENGINEERS,quality_control,A telecommunications link meets throughput targets during normal load but develops intermittent packet loss or call-quality degradation during peak traffic. How would you approach the engineering investigation?,MASCO2020
E9-Q-0633,Exact,2153,215,TELECOMMUNICATIONS ENGINEERS,technical_judgement,A new telecommunications equipment configuration is ready for rollout across multiple sites. What would you verify before approving wider deployment?,MASCO2020
E9-Q-0634,Exact,2153,215,TELECOMMUNICATIONS ENGINEERS,problem_solving,"A network upgrade requires site access, equipment installation and a service interruption window involving several operational teams. How would you coordinate the work?",MASCO2020
E9-Q-0635,Exact,2153,215,TELECOMMUNICATIONS ENGINEERS,quality_control,"After a batch of telecommunications equipment is installed, one region shows a higher fault rate than comparable regions. How would you determine whether the problem is equipment quality, installation, configuration or local conditions?",MASCO2020
E9-Q-0636,Exact,2153,215,TELECOMMUNICATIONS ENGINEERS,problem_solving,Maintenance staff report that a telecommunications site has an equipment or site condition they believe is unsafe to work around. What is your responsibility as the engineer directing the maintenance activity?,MASCO2020
E9-Q-0637,Exact,2161,216,BUILDING ARCHITECTS,requirements_clarification,A client gives you a building brief that is clear about appearance but vague about how the spaces will actually be used. How would you turn that brief into design requirements before developing the scheme?,MASCO2020
E9-Q-0638,Exact,2161,216,BUILDING ARCHITECTS,technical_judgement,During a site visit you discover that an important site condition does not match the information used for the current building layout. How would you decide whether the design needs to change?,MASCO2020
E9-Q-0639,Exact,2161,216,BUILDING ARCHITECTS,customer_communication,A client strongly prefers a building feature that conflicts with the functional priorities agreed in the project brief. How would you handle that discussion?,MASCO2020
E9-Q-0640,Exact,2161,216,BUILDING ARCHITECTS,technical_judgement,"Before issuing a set of architectural working drawings for coordination, what would you review to reduce the risk of inconsistencies between plans, elevations, sections and key details?",MASCO2020
E9-Q-0641,Exact,2161,216,BUILDING ARCHITECTS,problem_solving,A late consultant change affects several parts of the architectural design shortly before a drawing issue. How would you coordinate the change without losing control of the package?,MASCO2020
E9-Q-0642,Exact,2162,216,LANDSCAPE ARCHITECTS,customer_communication,"You are asked to design a public park, but the client brief lists features without explaining which users or activities are most important. How would you develop a workable landscape brief?",MASCO2020
E9-Q-0643,Exact,2162,216,LANDSCAPE ARCHITECTS,problem_solving,"A landscape concept looks strong visually, but your site review shows that the proposed layout does not respond well to existing terrain and drainage patterns. How would you rethink the design?",MASCO2020
E9-Q-0644,Exact,2162,216,LANDSCAPE ARCHITECTS,technical_judgement,"While inspecting landscape works in progress, you notice that installed elements are beginning to diverge from the approved layout and specification. What would you do?",MASCO2020
E9-Q-0645,Exact,2162,216,LANDSCAPE ARCHITECTS,customer_communication,"A client wants to add more hardscape and built features to a landscape scheme, while the project brief emphasises usable green space. How would you present the trade-off and reach a decision?",MASCO2020
E9-Q-0646,Exact,2162,216,LANDSCAPE ARCHITECTS,problem_solving,A landscape design must be revised after another project discipline changes an access route through the site. How would you protect the overall landscape concept while coordinating the revision?,MASCO2020
E9-Q-0647,Exact,2163,216,PRODUCT AND GARMENT DESIGNERS,requirements_clarification,A client asks for a new product or garment to feel 'premium' but gives no measurable design requirements. How would you turn that request into a usable design direction?,MASCO2020
E9-Q-0648,Exact,2163,216,PRODUCT AND GARMENT DESIGNERS,technical_judgement,"A design works well as a concept sample, but manufacturing staff say it will be difficult to produce consistently at the intended volume. How would you respond?",MASCO2020
E9-Q-0649,Exact,2163,216,PRODUCT AND GARMENT DESIGNERS,technical_judgement,You receive a pre-production sample that matches the sketch at first glance but does not feel or perform like the approved design. How would you review it?,MASCO2020
E9-Q-0650,Exact,2163,216,PRODUCT AND GARMENT DESIGNERS,customer_communication,"Sales wants a late design change because of customer feedback, while manufacturing warns that the change could disrupt the planned production run. How would you help the team decide?",MASCO2020
E9-Q-0651,Exact,2163,216,PRODUCT AND GARMENT DESIGNERS,problem_solving,"You have several designs due for review, but one still lacks an approved sample and another has unresolved specification questions from production. How would you prioritise your work?",MASCO2020
E9-Q-0652,Exact,2164,216,TOWN AND TRAFFIC PLANNERS,problem_solving,A proposed development performs well on one planning objective but creates clear pressure on local movement and access. How would you assess whether the proposal needs to change?,MASCO2020
E9-Q-0653,Exact,2164,216,TOWN AND TRAFFIC PLANNERS,technical_judgement,"You receive site and community data from several sources for a development plan, but key figures do not line up. How would you verify the evidence before using it in the plan?",MASCO2020
E9-Q-0654,Exact,2164,216,TOWN AND TRAFFIC PLANNERS,stakeholder_communication,"Residents object to a proposed traffic or development change because they expect it to worsen everyday access, while the project team believes the change has wider benefits. How would you handle the planning discussion?",MASCO2020
E9-Q-0655,Exact,2164,216,TOWN AND TRAFFIC PLANNERS,technical_judgement,"During implementation of an approved development or traffic plan, you observe work that appears inconsistent with the plan drawings. How would you deal with the discrepancy?",MASCO2020
E9-Q-0656,Exact,2164,216,TOWN AND TRAFFIC PLANNERS,problem_solving,"A development plan study is progressing, but land-use, transport and environmental inputs are arriving on different timelines. How would you keep the plan coherent rather than letting each stream develop separately?",MASCO2020
E9-Q-0657,Exact,2165,216,CARTOGRAPHERS AND SURVEYORS,technical_judgement,Two survey datasets for the same area give positions that do not agree closely enough for the intended mapping or project use. How would you determine which data can be relied on?,MASCO2020
E9-Q-0658,Exact,2165,216,CARTOGRAPHERS AND SURVEYORS,technical_judgement,"Before releasing a revised map or survey drawing, how would you check that edits have not introduced positional, labelling or feature omissions?",MASCO2020
E9-Q-0659,Exact,2165,216,CARTOGRAPHERS AND SURVEYORS,customer_communication,A client asks for a survey or map to support a purpose that needs finer positional detail than the available source data can confidently provide. How would you respond?,MASCO2020
E9-Q-0660,Exact,2165,216,CARTOGRAPHERS AND SURVEYORS,problem_solving,Field observations show that a mapped natural or constructed feature has changed since the last dataset was created. How would you decide what should be updated in the final representation?,MASCO2020
E9-Q-0661,Exact,2165,216,CARTOGRAPHERS AND SURVEYORS,stakeholder_communication,A project team interprets a boundary or mapped feature more definitively than your survey evidence supports. How would you communicate the limitation without creating confusion?,MASCO2020
E9-Q-0662,Exact,2166,216,GRAPHIC AND MULTIMEDIA DESIGNERS,campaign_judgement,A stakeholder asks you to 'make the campaign visuals more engaging' but cannot explain what is not working. How would you turn that feedback into a concrete design brief?,MASCO2020
E9-Q-0663,Exact,2166,216,GRAPHIC AND MULTIMEDIA DESIGNERS,technical_judgement,"You are adapting one visual concept across a printed publication, a digital display and a short multimedia piece. How would you keep the communication consistent without forcing the same layout into every format?",MASCO2020
E9-Q-0664,Exact,2166,216,GRAPHIC AND MULTIMEDIA DESIGNERS,testing_verification,A publication package is almost ready for release when you notice that several assets use inconsistent versions of the same visual element. How would you correct the package efficiently?,MASCO2020
E9-Q-0665,Exact,2166,216,GRAPHIC AND MULTIMEDIA DESIGNERS,stakeholder_communication,A stakeholder requests extra text and visual elements that would weaken the hierarchy of an exhibition or publicity design. How would you push back constructively?,MASCO2020
E9-Q-0666,Exact,2166,216,GRAPHIC AND MULTIMEDIA DESIGNERS,testing_verification,"You have a fixed release date, but the final copy, images and approval for a multimedia asset are arriving at different times. How would you organise the design work to avoid last-minute rework?",MASCO2020
E9-Q-0667,Exact,2171,217,SHIP ENGINEERS,stakeholder_communication,A delay affects ship engineering. How would you explain the impact and agree on the next step with the people involved?,MASCO2020
E9-Q-0668,Exact,2171,217,SHIP ENGINEERS,stakeholder_communication,Different stakeholders want different outcomes from ship engineering. How would you clarify priorities and keep expectations realistic?,MASCO2020
E9-Q-0669,Exact,2171,217,SHIP ENGINEERS,stakeholder_communication,You need to brief a colleague on an unresolved issue in ship engineering. What would you include so they can act on it confidently?,MASCO2020
E9-Q-0670,Exact,2171,217,SHIP ENGINEERS,stakeholder_communication,Progress on performing technical supervision of the installation depends on information from another team. How would you communicate what is needed and keep the work moving?,MASCO2020
E9-Q-0671,Exact,2171,217,SHIP ENGINEERS,stakeholder_communication,"An issue in ship engineering needs a decision from someone else. How would you present the facts, impact and options clearly?",MASCO2020
E9-Q-0672,Exact,2172,217,SHIP DECK OFFICERS AND PILOTS,safety_judgement,"A safety concern appears in work carried out by ship deck officers and pilots. What would you verify, and when would you stop or refer the work?",MASCO2020
E9-Q-0673,Exact,2172,217,SHIP DECK OFFICERS AND PILOTS,safety_judgement,You notice a condition in work carried out by ship deck officers and pilots that may make the work unsafe. How would you respond without going beyond your authority?,MASCO2020
E9-Q-0674,Exact,2172,217,SHIP DECK OFFICERS AND PILOTS,safety_judgement,A required safety control in work carried out by ship deck officers and pilots is unclear. What would you confirm before work continues?,MASCO2020
E9-Q-0675,Exact,2172,217,SHIP DECK OFFICERS AND PILOTS,safety_judgement,An unexpected hazard affects supervising the ship’s course. How would you make the risk visible and obtain the right decision?,MASCO2020
E9-Q-0676,Exact,2172,217,SHIP DECK OFFICERS AND PILOTS,safety_judgement,"A routine task in work carried out by ship deck officers and pilots reaches a point where the safe course is uncertain. How would you decide whether to stop, continue or seek direction?",MASCO2020
E9-Q-0677,Exact,2173,217,AIRCRAFT PILOTS AND RELATED PROFESSIONALS,quality_control,"A concern arises in work carried out by aircraft pilots and related professionals. How would you describe the facts, stay within your authority, and obtain the appropriate review?",MASCO2020
E9-Q-0678,Exact,2173,217,AIRCRAFT PILOTS AND RELATED PROFESSIONALS,administrative_accuracy,"A change affects work carried out by aircraft pilots and related professionals, but the safe or authorised response is not yet clear. What would you verify before work continues?",MASCO2020
E9-Q-0679,Exact,2173,217,AIRCRAFT PILOTS AND RELATED PROFESSIONALS,quality_control,An unresolved issue affects work carried out by aircraft pilots and related professionals. How would you hand over the facts and make sure the responsible person can take the next decision?,MASCO2020
E9-Q-0680,Exact,2173,217,AIRCRAFT PILOTS AND RELATED PROFESSIONALS,quality_control,A routine decision in work carried out by aircraft pilots and related professionals reaches the limit of your authority. How would you document the facts and route it to the right person?,MASCO2020
E9-Q-0681,Exact,2173,217,AIRCRAFT PILOTS AND RELATED PROFESSIONALS,quality_control,You receive conflicting information about work carried out by aircraft pilots and related professionals. How would you verify the authoritative requirement and decide whether the work should pause or be referred?,MASCO2020
E9-Q-0682,Exact,2174,217,AIR TRAFFIC CONTROLLERS,administrative_accuracy,A record used in work carried out by air traffic controllers does not match another source. How would you verify the discrepancy and leave a clear record of the resolution?,MASCO2020
E9-Q-0683,Exact,2174,217,AIR TRAFFIC CONTROLLERS,administrative_accuracy,Important information for work carried out by air traffic controllers is incomplete. What would you confirm before the work moves forward?,MASCO2020
E9-Q-0684,Exact,2174,217,AIR TRAFFIC CONTROLLERS,administrative_accuracy,Two records supporting work carried out by air traffic controllers show different details. How would you establish which information is current?,MASCO2020
E9-Q-0685,Exact,2174,217,AIR TRAFFIC CONTROLLERS,administrative_accuracy,A late correction affects information already used in work carried out by air traffic controllers. How would you update the record and make the change traceable?,MASCO2020
E9-Q-0686,Exact,2174,217,AIR TRAFFIC CONTROLLERS,administrative_accuracy,A key detail in work carried out by air traffic controllers was entered differently in two places. How would you correct it without losing traceability?,MASCO2020
E9-Q-0687,Exact,2175,217,TRAIN/ LOCOMOTIVE CONTROLLERS,problem_solving,A recurring problem is affecting work carried out by train/ locomotive controllers. How would you isolate the cause and decide on the next step?,MASCO2020
E9-Q-0688,Exact,2175,217,TRAIN/ LOCOMOTIVE CONTROLLERS,stakeholder_communication,A delay affects work carried out by train/ locomotive controllers. How would you explain the impact and agree on the next step with the people involved?,MASCO2020
E9-Q-0689,Exact,2175,217,TRAIN/ LOCOMOTIVE CONTROLLERS,technical_judgement,You receive conflicting technical information about work carried out by train/ locomotive controllers. How would you decide which information is reliable before proceeding?,MASCO2020
E9-Q-0690,Exact,2175,217,TRAIN/ LOCOMOTIVE CONTROLLERS,problem_solving,Something in work carried out by train/ locomotive controllers is not working as expected. What would you check before choosing a solution?,MASCO2020
E9-Q-0691,Exact,2175,217,TRAIN/ LOCOMOTIVE CONTROLLERS,learning_reflection,"Tell me about a time you improved how you handled work carried out by train/ locomotive controllers. What did you change, and what showed you it worked?",MASCO2020
E9-Q-0692,Exact,2231,223,TRADITIONAL AND COMPLEMENTARY MEDICINE PROFESSIONALS,customer_communication,A client describes symptoms or a health history that makes you unsure whether the case is appropriate for your traditional or complementary medicine practice. How would you decide what to do next?,MASCO2020
E9-Q-0693,Exact,2231,223,TRADITIONAL AND COMPLEMENTARY MEDICINE PROFESSIONALS,customer_communication,"Before recommending a traditional or complementary approach, how would you verify that the information you are relying on about the client's current health situation is complete enough for a safe decision?",MASCO2020
E9-Q-0694,Exact,2231,223,TRADITIONAL AND COMPLEMENTARY MEDICINE PROFESSIONALS,customer_communication,A client expects a traditional or complementary treatment to guarantee a particular health result. How would you respond?,MASCO2020
E9-Q-0695,Exact,2231,223,TRADITIONAL AND COMPLEMENTARY MEDICINE PROFESSIONALS,administrative_accuracy,You notice that a client's record from a previous visit contains an important inconsistency with what they are telling you now. How would you handle the discrepancy before continuing?,MASCO2020
E9-Q-0696,Exact,2231,223,TRADITIONAL AND COMPLEMENTARY MEDICINE PROFESSIONALS,customer_communication,A client is already receiving care from another health professional and asks you to ignore that care when advising them. How would you manage the situation?,MASCO2020
E9-Q-0697,Exact,2241,224,PARAMEDICAL PRACTITIONERS,administrative_accuracy,A routine decision in work carried out by paramedical practitioners reaches the limit of your authority. How would you document the facts and route it to the right person?,MASCO2020
E9-Q-0698,Exact,2241,224,PARAMEDICAL PRACTITIONERS,stakeholder_communication,You receive conflicting information about work carried out by paramedical practitioners. How would you verify the authoritative requirement and decide whether the work should pause or be referred?,MASCO2020
E9-Q-0699,Exact,2241,224,PARAMEDICAL PRACTITIONERS,technical_judgement,"A concern arises in work carried out by paramedical practitioners. How would you describe the facts, stay within your authority, and obtain the appropriate review?",MASCO2020
E9-Q-0700,Exact,2241,224,PARAMEDICAL PRACTITIONERS,problem_solving,"A change affects work carried out by paramedical practitioners, but the safe or authorised response is not yet clear. What would you verify before work continues?",MASCO2020
E9-Q-0701,Exact,2241,224,PARAMEDICAL PRACTITIONERS,learning_reflection,An unresolved issue affects work carried out by paramedical practitioners. How would you hand over the facts and make sure the responsible person can take the next decision?,MASCO2020
E9-Q-0702,Exact,2251,225,VETERINARIANS,problem_solving,A recurring problem is affecting controlling and treating animal diseases. How would you isolate the cause and decide on the next step?,MASCO2020
E9-Q-0703,Exact,2251,225,VETERINARIANS,quality_control,An output from work carried out by veterinarians does not meet the expected standard. How would you investigate the cause and confirm the correction?,MASCO2020
E9-Q-0704,Exact,2251,225,VETERINARIANS,technical_judgement,You receive conflicting technical information about work carried out by veterinarians. How would you decide which information is reliable before proceeding?,MASCO2020
E9-Q-0705,Exact,2251,225,VETERINARIANS,quality_control,You notice inconsistent results in work carried out by veterinarians. What would you check to decide whether the problem is isolated or recurring?,MASCO2020
E9-Q-0706,Exact,2251,225,VETERINARIANS,quality_control,"Before accepting or handing over work from work carried out by veterinarians, what would you verify?",MASCO2020
E9-Q-0707,Exact,2311,231,UNIVERSITY AND HIGHER EDUCATION TEACHING PROFESSIONALS,learning_reflection,You inherit a university unit with broad learning outcomes but teaching materials that do not clearly support them. How would you redesign the teaching plan before the semester starts?,MASCO2020
E9-Q-0708,Exact,2311,231,UNIVERSITY AND HIGHER EDUCATION TEACHING PROFESSIONALS,stakeholder_communication,A thesis student repeatedly asks you to make key research decisions for them rather than bringing options for discussion. How would you supervise them without taking over the project?,MASCO2020
E9-Q-0709,Exact,2311,231,UNIVERSITY AND HIGHER EDUCATION TEACHING PROFESSIONALS,technical_judgement,"While reviewing assessment results, you notice that one question or task appears to have disadvantaged students because its wording was ambiguous. How would you handle the issue?",MASCO2020
E9-Q-0710,Exact,2311,231,UNIVERSITY AND HIGHER EDUCATION TEACHING PROFESSIONALS,quality_control,"In the same week you have lectures to deliver, student consultations, marking deadlines and a research commitment. How would you prioritise the workload without letting teaching quality drop?",MASCO2020
E9-Q-0711,Exact,2311,231,UNIVERSITY AND HIGHER EDUCATION TEACHING PROFESSIONALS,problem_solving,A tutorial format that worked well in previous semesters is producing very little student participation this time. How would you diagnose the problem and adapt your teaching?,MASCO2020
E9-Q-0712,Exact,2321,232,VOCATIONAL EDUCATION TEACHERS,quality_control,"A vocational class can complete a practical task by following steps, but many students cannot explain how they would recognise poor-quality work. How would you adjust the lesson?",MASCO2020
E9-Q-0713,Exact,2321,232,VOCATIONAL EDUCATION TEACHERS,requirements_clarification,"During a practical vocational lesson, a student begins a task in a way that suggests they have misunderstood an important safety requirement. What would you do as the teacher?",MASCO2020
E9-Q-0714,Exact,2321,232,VOCATIONAL EDUCATION TEACHERS,technical_judgement,A student performs well during coached practice but struggles when assessed independently. How would you determine whether they are ready for workplace-level tasks?,MASCO2020
E9-Q-0715,Exact,2321,232,VOCATIONAL EDUCATION TEACHERS,learning_reflection,An employer or industry partner says your students need to be 'more job-ready' but gives only general feedback. How would you turn that into changes to the vocational programme?,MASCO2020
E9-Q-0716,Exact,2321,232,VOCATIONAL EDUCATION TEACHERS,stakeholder_communication,A student is frustrated because they passed written work but did not meet the required standard in a practical assessment. How would you explain the result and help them improve?,MASCO2020
E9-Q-0717,Exact,2331,233,SECONDARY SCHOOL TEACHERS,problem_solving,You are planning a secondary-school lesson for a class where students have very different levels of prior knowledge. How would you design the lesson so that the same curriculum objective remains meaningful for everyone?,MASCO2020
E9-Q-0718,Exact,2331,233,SECONDARY SCHOOL TEACHERS,problem_solving,A class that normally works well becomes persistently unsettled during one particular type of activity. How would you work out what is causing the problem before changing your classroom management approach?,MASCO2020
E9-Q-0719,Exact,2331,233,SECONDARY SCHOOL TEACHERS,technical_judgement,Your class performs well on practice exercises but poorly on a formal test covering the same topic. How would you investigate the gap?,MASCO2020
E9-Q-0720,Exact,2331,233,SECONDARY SCHOOL TEACHERS,stakeholder_communication,A parent or guardian challenges a student's mark and says the assessment does not reflect the student's effort. How would you handle the conversation?,MASCO2020
E9-Q-0721,Exact,2331,233,SECONDARY SCHOOL TEACHERS,problem_solving,"You discover shortly before a lesson that many students did not understand a prerequisite concept needed for today's planned topic. How would you decide whether to continue, reteach or adapt the lesson?",MASCO2020
E9-Q-0722,Exact,2351,235,MUSIC TEACHERS,technical_judgement,A student can play a piece accurately in isolation but loses timing and balance when rehearsing with an ensemble. How would you diagnose what to work on next?,MASCO2020
E9-Q-0723,Exact,2351,235,MUSIC TEACHERS,problem_solving,You are directing a student performance group with limited rehearsal time and several sections progressing at different speeds. How would you structure rehearsals?,MASCO2020
E9-Q-0724,Exact,2351,235,MUSIC TEACHERS,problem_solving,A student practises regularly but keeps repeating the same musical errors. How would you change your teaching rather than simply telling them to practise more?,MASCO2020
E9-Q-0725,Exact,2351,235,MUSIC TEACHERS,technical_judgement,"Before a student ensemble performs publicly, what would you listen and look for in the final rehearsal to decide what still needs attention?",MASCO2020
E9-Q-0726,Exact,2351,235,MUSIC TEACHERS,stakeholder_communication,A student wants to prepare repertoire that is well beyond their current technical level for an upcoming performance. How would you handle the choice?,MASCO2020
E9-Q-0727,Exact,2352,235,ARTS TEACHERS,technical_judgement,A student can copy a demonstrated art technique accurately but struggles to use it intentionally in their own work. How would you move them from imitation to independent application?,MASCO2020
E9-Q-0728,Exact,2352,235,ARTS TEACHERS,technical_judgement,"When assessing a practical art project, how would you distinguish between a technically polished piece and one that shows strong artistic decision-making?",MASCO2020
E9-Q-0729,Exact,2352,235,ARTS TEACHERS,problem_solving,A demonstration of an artistic technique leaves several students confused even though they appeared attentive. How would you adapt the next lesson?,MASCO2020
E9-Q-0730,Exact,2352,235,ARTS TEACHERS,problem_solving,"You are given a curriculum objective about developing visual ideas, but the existing class project mainly rewards producing a neat final object. How would you redesign the task?",MASCO2020
E9-Q-0731,Exact,2352,235,ARTS TEACHERS,stakeholder_communication,A student is discouraged because their artwork looks very different from the example shown in class and assumes that means it is wrong. How would you respond?,MASCO2020
E9-Q-0732,Exact,2353,235,PERFORMING ARTS TEACHERS,technical_judgement,"In a drama or dance class, a student remembers the sequence but the performance lacks clear intention and responsiveness. How would you coach the next stage of their work?",MASCO2020
E9-Q-0733,Exact,2353,235,PERFORMING ARTS TEACHERS,problem_solving,"You are preparing a group performance where individual students know their parts, but transitions between sections keep breaking down. How would you run the rehearsal?",MASCO2020
E9-Q-0734,Exact,2353,235,PERFORMING ARTS TEACHERS,problem_solving,A student proposes a movement or staging choice that may not be safe for the available space or their current ability. How would you respond while keeping the creative idea alive?,MASCO2020
E9-Q-0735,Exact,2353,235,PERFORMING ARTS TEACHERS,technical_judgement,"During a final rehearsal, the performance is technically complete but the overall pacing feels uneven. How would you decide what to change this late in the process?",MASCO2020
E9-Q-0736,Exact,2353,235,PERFORMING ARTS TEACHERS,problem_solving,A performance exercise engages confident students but causes quieter students to withdraw from participation. How would you adapt the activity without lowering the artistic objective?,MASCO2020
E9-Q-0737,Exact,2361,236,LANGUAGE TEACHERS,technical_judgement,A learner performs well on grammar exercises but continues to make the same errors in spontaneous speaking and writing. How would you assess what is actually happening?,MASCO2020
E9-Q-0738,Exact,2361,236,LANGUAGE TEACHERS,problem_solving,"You are asked to run a language programme for a mixed group, but the participants have different goals such as study, workplace communication and everyday conversation. How would you define the programme priorities?",MASCO2020
E9-Q-0739,Exact,2361,236,LANGUAGE TEACHERS,learning_reflection,"When marking a learner's written work, how would you decide which language errors to correct directly and which to turn into feedback for the learner to fix themselves?",MASCO2020
E9-Q-0740,Exact,2361,236,LANGUAGE TEACHERS,stakeholder_communication,"A learner says the course is not helping because they still feel nervous speaking, even though their assessed language accuracy has improved. How would you respond?",MASCO2020
E9-Q-0741,Exact,2361,236,LANGUAGE TEACHERS,learning_reflection,"Several teachers share the same language programme, but learners report that feedback conventions and expectations differ between classes. How would you improve consistency?",MASCO2020
E9-Q-0742,Exact,2371,237,RELIGIOUS TEACHERS,problem_solving,You are preparing a lesson on ethics or contemporary religious thought for students with very different levels of prior knowledge. How would you define what everyone should be able to do by the end of the lesson?,MASCO2020
E9-Q-0743,Exact,2371,237,RELIGIOUS TEACHERS,learning_reflection,A student challenges a religious or ethical viewpoint discussed in class and the conversation becomes personal between students. How would you bring the discussion back to productive learning?,MASCO2020
E9-Q-0744,Exact,2371,237,RELIGIOUS TEACHERS,problem_solving,"When teaching a contemporary religious issue, how would you present meaningful disagreement within or between traditions without reducing the topic to stereotypes?",MASCO2020
E9-Q-0745,Exact,2371,237,RELIGIOUS TEACHERS,technical_judgement,You review an assessment question and realise that a student could score well by repeating memorised statements without showing understanding of the ethical or theological issue. How would you improve the assessment?,MASCO2020
E9-Q-0746,Exact,2371,237,RELIGIOUS TEACHERS,problem_solving,"A lesson on a sensitive religious topic results in very little participation, even though students complete the written work. How would you decide whether and how to change the discussion format?",MASCO2020
E9-Q-0747,Exact,2381,238,VOCATIONAL TRAINING OFFICERS,administrative_accuracy,A record used in carrying out research and development on vocational training in line with industry needs does not match another source. How would you verify the discrepancy and leave a clear record of the resolution?,MASCO2020
E9-Q-0748,Exact,2381,238,VOCATIONAL TRAINING OFFICERS,administrative_accuracy,Important information for carrying out research and development on vocational training in line with industry needs is incomplete. What would you confirm before the work moves forward?,MASCO2020
E9-Q-0749,Exact,2381,238,VOCATIONAL TRAINING OFFICERS,administrative_accuracy,Two records supporting vocational training officer duties show different details. How would you establish which information is current?,MASCO2020
E9-Q-0750,Exact,2381,238,VOCATIONAL TRAINING OFFICERS,administrative_accuracy,A late correction affects information already used in vocational training officer duties. How would you update the record and make the change traceable?,MASCO2020
E9-Q-0751,Exact,2381,238,VOCATIONAL TRAINING OFFICERS,administrative_accuracy,A key detail in vocational training officer duties was entered differently in two places. How would you correct it without losing traceability?,MASCO2020
E9-Q-0752,Exact,2391,239,EDUCATION METHOD SPECIALISTS,learning_reflection,"A school reports that students are completing a course but are not demonstrating the intended learning outcomes. How would you review the curriculum, teaching approach and assessment evidence before recommending changes?",MASCO2020
E9-Q-0753,Exact,2391,239,EDUCATION METHOD SPECIALISTS,technical_judgement,"You are asked to advise whether an existing examination still measures the skills a revised course is intended to develop. What would you examine, and how would you decide whether the assessment needs to change?",MASCO2020
E9-Q-0754,Exact,2391,239,EDUCATION METHOD SPECIALISTS,technical_judgement,"Teachers are using a new digital teaching aid, but classroom observations show that it increases activity without improving understanding. How would you evaluate whether the aid should be redesigned, used differently or withdrawn?",MASCO2020
E9-Q-0755,Exact,2391,239,EDUCATION METHOD SPECIALISTS,stakeholder_communication,Your review finds that a long-established teaching practice is producing uneven results across classes. How would you present the evidence and proposed changes to teachers and school leaders without reducing the discussion to individual teacher blame?,MASCO2020
E9-Q-0756,Exact,2391,239,EDUCATION METHOD SPECIALISTS,prioritisation,"A department asks you to 'modernise' a course but cannot agree whether the priority is content relevance, teaching method, assessment or learner engagement. How would you turn that request into a usable curriculum-improvement brief?",MASCO2020
E9-Q-0757,Exact,2392,239,SPECIAL NEEDS TEACHERS,learning_reflection,A learner can follow class content when it is presented one-to-one but loses access during group activities. How would you adapt the lesson while preserving the same learning goal?,MASCO2020
E9-Q-0758,Exact,2392,239,SPECIAL NEEDS TEACHERS,problem_solving,You receive a learner profile that lists broad support needs but gives little detail about what helps the student during lessons. What would you clarify before planning adapted activities?,MASCO2020
E9-Q-0759,Exact,2392,239,SPECIAL NEEDS TEACHERS,learning_reflection,"After introducing a new visual or tactile teaching aid for a student with additional learning needs, how would you judge whether it is genuinely improving access to the lesson rather than simply increasing dependence on the aid?",MASCO2020
E9-Q-0760,Exact,2392,239,SPECIAL NEEDS TEACHERS,learning_reflection,"A student receives support from several teachers and specialists, but each person is using different classroom cues and routines. How would you help create a more consistent learning experience?",MASCO2020
E9-Q-0761,Exact,2392,239,SPECIAL NEEDS TEACHERS,problem_solving,"During a lesson, a student's behaviour or response changes in a way that suggests the planned activity may no longer be appropriate for them. How would you respond within your teaching role?",MASCO2020
E9-Q-0762,Exact,2393,239,INFORMATION TECHNOLOGY TRAINERS,problem_solving,"A department asks for training on a new software platform, but some staff are first-time users while others already use advanced features. How would you conduct the training-needs analysis before designing the course?",MASCO2020
E9-Q-0763,Exact,2393,239,INFORMATION TECHNOLOGY TRAINERS,technical_judgement,You are preparing a hands-on IT course and the software interface changes shortly before delivery. How would you decide what training material must be updated immediately and what can remain unchanged?,MASCO2020
E9-Q-0764,Exact,2393,239,INFORMATION TECHNOLOGY TRAINERS,technical_judgement,How would you verify that a computer-user training exercise teaches the intended skill rather than rewarding learners for following a memorised sequence of clicks?,MASCO2020
E9-Q-0765,Exact,2393,239,INFORMATION TECHNOLOGY TRAINERS,technical_judgement,"During a live software-training session, several learners reach different results even though they appear to be following the same exercise. How would you diagnose the training problem without turning the session into individual technical support?",MASCO2020
E9-Q-0766,Exact,2393,239,INFORMATION TECHNOLOGY TRAINERS,technical_judgement,You inherit an IT training manual that is technically correct but users still make frequent mistakes after training. What would you review before rewriting it?,MASCO2020
E9-Q-0767,Exact,2399,239,TEACHING PROFESSIONALS NOT ELSEWHERE CLASSIFIED,learning_reflection,You take over a mixed-ability adult or non-standard learning group with very little reliable information about what learners already know. How would you work out their needs before planning the next block of teaching?,MASCO2020
E9-Q-0768,Exact,2399,239,TEACHING PROFESSIONALS NOT ELSEWHERE CLASSIFIED,learning_reflection,"Halfway through a lesson or workshop, it becomes clear that part of the group is lost while others have already mastered the material. How would you adjust the session without abandoning the learning objective?",MASCO2020
E9-Q-0769,Exact,2399,239,TEACHING PROFESSIONALS NOT ELSEWHERE CLASSIFIED,problem_solving,"One learner is falling behind and needs more individual support, but you still have a programme to deliver to the rest of the group. How would you balance those needs?",MASCO2020
E9-Q-0770,Exact,2399,239,TEACHING PROFESSIONALS NOT ELSEWHERE CLASSIFIED,learning_reflection,"In a structured training or extracurricular session, repeated discipline problems are preventing the group from making progress. How would you restore a workable learning environment without losing sight of the educational objective?",MASCO2020
E9-Q-0771,Exact,2399,239,TEACHING PROFESSIONALS NOT ELSEWHERE CLASSIFIED,technical_judgement,"Attendance is steady over several sessions, but learners are not improving as expected. What evidence would you look at before deciding to change the teaching plan?",MASCO2020
E9-Q-0772,Exact,2541,254,ANIMATION AND VISUAL EFFECTS PROFESSIONALS,technical_judgement,"A VFX shot looks convincing as a still frame but breaks visually when played in sequence because motion, lighting and integration feel inconsistent. How would you review the shot before sending it for final approval?",MASCO2020
E9-Q-0773,Exact,2541,254,ANIMATION AND VISUAL EFFECTS PROFESSIONALS,technical_judgement,A scene meets the creative brief but is too slow or unstable to render reliably within the production schedule. How would you decide what to optimise without visibly damaging the intended result?,MASCO2020
E9-Q-0774,Exact,2541,254,ANIMATION AND VISUAL EFFECTS PROFESSIONALS,problem_solving,A director asks for an effect to feel 'more powerful' but gives no concrete visual reference. What would you clarify before the team spends another iteration on the shot?,MASCO2020
E9-Q-0775,Exact,2541,254,ANIMATION AND VISUAL EFFECTS PROFESSIONALS,problem_solving,"An animated shot depends on layout, character animation, effects, lighting and compositing, and one upstream change is likely to invalidate downstream work. How would you coordinate the handoff?",MASCO2020
E9-Q-0776,Exact,2541,254,ANIMATION AND VISUAL EFFECTS PROFESSIONALS,technical_judgement,"Before approving a final animation or VFX delivery, what would you check to catch problems that may not be obvious in an artist's working viewport?",MASCO2020
E9-Q-0777,Exact,2542,254,DIGITAL GAMES AND eSPORTS PROFESSIONALS,learning_reflection,"A game feature works in a designer's test scene but players repeatedly misunderstand what to do when they encounter it in the live game flow. How would you investigate whether the problem is mechanics, feedback or presentation?",MASCO2020
E9-Q-0778,Exact,2542,254,DIGITAL GAMES AND eSPORTS PROFESSIONALS,problem_solving,"A stakeholder proposes adding a new game or VR experience feature because it sounds engaging, but the target player behaviour and success criteria are unclear. What would you clarify before production starts?",MASCO2020
E9-Q-0779,Exact,2542,254,DIGITAL GAMES AND eSPORTS PROFESSIONALS,problem_solving,A competitive game update improves visual spectacle but makes important in-match information harder for players and spectators to read. How would you evaluate the trade-off?,MASCO2020
E9-Q-0780,Exact,2542,254,DIGITAL GAMES AND eSPORTS PROFESSIONALS,testing_verification,"A live game or eSports content release depends on game assets, UI, broadcast-ready graphics and scheduled publication, and one component is running late. How would you protect the release without creating inconsistent player or viewer information?",MASCO2020
E9-Q-0781,Exact,2542,254,DIGITAL GAMES AND eSPORTS PROFESSIONALS,debugging,Players report that an interactive sequence feels unresponsive even though the frame rate and input system appear normal. What aspects of the content would you review before treating it as a software defect?,MASCO2020
E9-Q-0782,Exact,2543,254,CREATIVE CONTENT DESIGNERS PROFESSIONALS,campaign_judgement,"A client asks for 'one digital campaign asset' that must work on a website, mobile social feed and large event screen. How would you clarify the brief before designing?",MASCO2020
E9-Q-0783,Exact,2543,254,CREATIVE CONTENT DESIGNERS PROFESSIONALS,technical_judgement,"A digital content piece is visually polished but users consistently miss the main message because text, motion and imagery compete for attention. How would you revise it?",MASCO2020
E9-Q-0784,Exact,2543,254,CREATIVE CONTENT DESIGNERS PROFESSIONALS,learning_reflection,Two stakeholders give conflicting feedback on a digital content draft: one wants strict brand consistency and the other wants a more attention-grabbing treatment. How would you resolve the direction?,MASCO2020
E9-Q-0785,Exact,2543,254,CREATIVE CONTENT DESIGNERS PROFESSIONALS,technical_judgement,"Before publishing a multimedia asset that combines text, graphics, motion, audio and video, how would you verify that the final exports still match the approved design across required channels?",MASCO2020
E9-Q-0786,Exact,2543,254,CREATIVE CONTENT DESIGNERS PROFESSIONALS,problem_solving,You have a fixed launch date and discover late in production that several secondary animations will not be finished to the same standard as the core message and primary visuals. How would you prioritise the remaining work?,MASCO2020
E9-Q-0787,Exact,2611,261,LAWYERS,problem_solving,A recurring problem is affecting work carried out by lawyers. How would you isolate the cause and decide on the next step?,MASCO2020
E9-Q-0788,Exact,2611,261,LAWYERS,stakeholder_communication,"A delay affects managing the Sharia Court in the district, acting as the Sharia Subordinate Court Judge. How would you explain the impact and agree on the next step with the people involved?",MASCO2020
E9-Q-0789,Exact,2611,261,LAWYERS,customer_communication,A customer request changes the requirements for work carried out by lawyers. How would you clarify expectations and explain any constraint?,MASCO2020
E9-Q-0790,Exact,2611,261,LAWYERS,customer_communication,"A customer is unhappy with progress in managing the Sharia Court in the district, acting as the Sharia Subordinate Court Judge. How would you explain the situation and agree on a workable next step?",MASCO2020
E9-Q-0791,Exact,2611,261,LAWYERS,learning_reflection,"Tell me about a time you improved how you handled work carried out by lawyers. What did you change, and what showed you it worked?",MASCO2020
E9-Q-0792,Exact,2612,261,JUDGES,administrative_accuracy,A record used in work carried out by judges does not match another source. How would you verify the discrepancy and leave a clear record of the resolution?,MASCO2020
E9-Q-0793,Exact,2612,261,JUDGES,stakeholder_communication,A delay affects work carried out by judges. How would you explain the impact and agree on the next step with the people involved?,MASCO2020
E9-Q-0794,Exact,2612,261,JUDGES,technical_judgement,You receive conflicting technical information about work carried out by judges. How would you decide which information is reliable before proceeding?,MASCO2020
E9-Q-0795,Exact,2612,261,JUDGES,problem_solving,A recurring problem is affecting work carried out by judges. How would you isolate the cause and decide on the next step?,MASCO2020
E9-Q-0796,Exact,2612,261,JUDGES,learning_reflection,"Tell me about a time you improved how you handled work carried out by judges. What did you change, and what showed you it worked?",MASCO2020
E9-Q-0797,Exact,2711,271,HOTEL PROFESSIONALS,problem_solving,A hotel is close to full occupancy and several early arrivals coincide with rooms still being turned over by housekeeping. How would you coordinate front office and housekeeping to reduce guest disruption?,MASCO2020
E9-Q-0798,Exact,2711,271,HOTEL PROFESSIONALS,stakeholder_communication,"A guest booked an accommodation package that includes several services, but one service cannot be delivered as expected. How would you handle the situation while protecting both the guest experience and hotel operations?",MASCO2020
E9-Q-0799,Exact,2711,271,HOTEL PROFESSIONALS,problem_solving,"Occupancy is strong for a period, yet the hotel's operating result is weaker than expected. What operational information would you examine before recommending changes?",MASCO2020
E9-Q-0800,Exact,2711,271,HOTEL PROFESSIONALS,problem_solving,"During a busy operating period, the hotel has simultaneous pressure at reception, a function needing catering support and a housekeeping backlog. How would you set priorities across departments?",MASCO2020
E9-Q-0801,Exact,2711,271,HOTEL PROFESSIONALS,problem_solving,"A hotel promotion is generating many bookings, but mostly on dates that were already likely to sell well while quieter periods remain weak. How would you evaluate whether the promotion should continue unchanged?",MASCO2020
E9-Q-0802,Exact,2712,271,RESTAURANT PROFESSIONALS,problem_solving,"Restaurant sales are up, but profit is down. How would you investigate whether the problem comes from menu mix, food cost, staffing, discounting or another operational factor?",MASCO2020
E9-Q-0803,Exact,2712,271,RESTAURANT PROFESSIONALS,quality_control,"A large booking, walk-in demand and takeaway orders peak at the same time, creating pressure on the kitchen and front-of-house team. How would you coordinate service so quality does not collapse?",MASCO2020
E9-Q-0804,Exact,2712,271,RESTAURANT PROFESSIONALS,problem_solving,"A popular menu item sells well but causes repeated preparation delays and disrupts service during peak periods. How would you decide whether to keep it, redesign it or remove it?",MASCO2020
E9-Q-0805,Exact,2712,271,RESTAURANT PROFESSIONALS,learning_reflection,Guest feedback shows that the same dish varies noticeably between shifts. How would you investigate the inconsistency from an operations-management perspective?,MASCO2020
E9-Q-0806,Exact,2712,271,RESTAURANT PROFESSIONALS,customer_communication,"The owner wants to add a new menu category because competitors offer it, but the target customer, price point and kitchen impact have not been defined. What would you clarify before committing to the change?",MASCO2020
E9-Q-0807,Exact,2811,281,ARCHIVISTS AND CURATORS,administrative_accuracy,"You are offered a collection of historically significant records, but its provenance is incomplete and some items may have been separated from their original context. How would you decide whether and how to accession it?",MASCO2020
E9-Q-0808,Exact,2811,281,ARCHIVISTS AND CURATORS,administrative_accuracy,"During a collection review, you find that catalogue descriptions for several archival items do not match the physical records. How would you correct the problem without losing auditability?",MASCO2020
E9-Q-0809,Exact,2811,281,ARCHIVISTS AND CURATORS,problem_solving,A museum has limited conservation capacity and several items need attention before an upcoming exhibition. How would you decide which objects receive treatment first?,MASCO2020
E9-Q-0810,Exact,2811,281,ARCHIVISTS AND CURATORS,problem_solving,An exhibition concept requires an object that the collections team considers too fragile for the proposed display period. How would you work through the disagreement?,MASCO2020
E9-Q-0811,Exact,2811,281,ARCHIVISTS AND CURATORS,technical_judgement,A donor describes a set of documents as unique material from an important historical event. What checks would you carry out before relying on that description in the catalogue or an exhibition?,MASCO2020
E9-Q-0812,Exact,2812,281,LIBRARIANS AND RELATED INFORMATION PROFESSIONALS,administrative_accuracy,"A library discovers that copies of the same title have inconsistent catalogue records, causing users to miss available material in searches. How would you correct the records without creating further inconsistencies?",MASCO2020
E9-Q-0813,Exact,2812,281,LIBRARIANS AND RELATED INFORMATION PROFESSIONALS,problem_solving,You have limited acquisition funds and several departments request new books and digital resources. How would you decide what to recommend for purchase?,MASCO2020
E9-Q-0814,Exact,2812,281,LIBRARIANS AND RELATED INFORMATION PROFESSIONALS,stakeholder_communication,A user asks for information on a topic but gives only a vague description and says the catalogue search is 'not finding anything useful.' How would you handle the enquiry?,MASCO2020
E9-Q-0815,Exact,2812,281,LIBRARIANS AND RELATED INFORMATION PROFESSIONALS,administrative_accuracy,Circulation records show repeated problems with items being marked available when users cannot locate them. What would you investigate before assuming the items are lost?,MASCO2020
E9-Q-0816,Exact,2812,281,LIBRARIANS AND RELATED INFORMATION PROFESSIONALS,problem_solving,A major collection move will change shelf locations while users still need access to materials. How would you coordinate the move to protect discoverability and circulation continuity?,MASCO2020
E9-Q-0817,Exact,2821,282,ECONOMISTS,problem_solving,Two economic indicators are moving in opposite directions and stakeholders want a single explanation for what is happening. How would you analyse the situation before drawing a conclusion?,MASCO2020
E9-Q-0818,Exact,2821,282,ECONOMISTS,campaign_judgement,You inherit an economic forecasting model that performs well on past data but has not been reviewed since major structural changes in the market. How would you assess whether it is still fit for use?,MASCO2020
E9-Q-0819,Exact,2821,282,ECONOMISTS,stakeholder_communication,Your analysis suggests that a proposed policy could improve one economic outcome while worsening another. How would you present the trade-off to a non-technical decision-maker?,MASCO2020
E9-Q-0820,Exact,2821,282,ECONOMISTS,technical_judgement,A dataset used for an economic report has a sudden jump that coincides with a change in how the data was collected. How would you determine whether the jump is economic or methodological?,MASCO2020
E9-Q-0821,Exact,2821,282,ECONOMISTS,testing_verification,"You have limited time to prepare an economic briefing after a new data release. Several indicators changed, but only some are material to the decision at hand. How would you decide what to analyse first?",MASCO2020
E9-Q-0822,Exact,2822,282,"SOCIOLOGISTS, ANTHROPOLOGISTS AND RELATED PROFESSIONALS",customer_communication,"A public-sector client asks you to study why a programme is used differently across communities, but the phrase 'community differences' is undefined. How would you turn that request into a workable social research question?",MASCO2020
E9-Q-0823,Exact,2822,282,"SOCIOLOGISTS, ANTHROPOLOGISTS AND RELATED PROFESSIONALS",problem_solving,Field observations appear to contradict interview accounts from the same community. How would you interpret the difference without treating one source as automatically more truthful?,MASCO2020
E9-Q-0824,Exact,2822,282,"SOCIOLOGISTS, ANTHROPOLOGISTS AND RELATED PROFESSIONALS",technical_judgement,"A research team has recruited participants mainly through one local organisation, even though the study is meant to describe a wider social group. What would you do before accepting the findings?",MASCO2020
E9-Q-0825,Exact,2822,282,"SOCIOLOGISTS, ANTHROPOLOGISTS AND RELATED PROFESSIONALS",stakeholder_communication,Your study finds that a common explanation used by stakeholders is not well supported by the evidence. How would you communicate the finding when the topic is socially sensitive?,MASCO2020
E9-Q-0826,Exact,2822,282,"SOCIOLOGISTS, ANTHROPOLOGISTS AND RELATED PROFESSIONALS",technical_judgement,"Before using a survey or interview guide across groups with different cultural or linguistic backgrounds, how would you check that the questions are being understood in comparable ways?",MASCO2020
E9-Q-0827,Exact,2823,282,"PHILOSOPHERS, HISTORIANS AND POLITICAL SCIENTISTS",technical_judgement,Two primary sources describe the same historical or political event differently. How would you assess what can responsibly be concluded from them?,MASCO2020
E9-Q-0828,Exact,2823,282,"PHILOSOPHERS, HISTORIANS AND POLITICAL SCIENTISTS",problem_solving,"You are asked to explain a major institutional or political change, but the available evidence supports several plausible causes. How would you build the analysis without forcing a single-cause story?",MASCO2020
E9-Q-0829,Exact,2823,282,"PHILOSOPHERS, HISTORIANS AND POLITICAL SCIENTISTS",technical_judgement,A secondary source contains a claim that is repeated widely but traces back to a citation you cannot verify. How would you handle the claim in your own report?,MASCO2020
E9-Q-0830,Exact,2823,282,"PHILOSOPHERS, HISTORIANS AND POLITICAL SCIENTISTS",stakeholder_communication,A stakeholder wants a concise briefing on a politically sensitive topic but asks you to remove caveats that make the conclusion look less certain. How would you respond?,MASCO2020
E9-Q-0831,Exact,2823,282,"PHILOSOPHERS, HISTORIANS AND POLITICAL SCIENTISTS",problem_solving,"A research brief uses a contested concept such as legitimacy, justice or responsibility as if everyone means the same thing by it. How would you clarify the concept before using it to compare arguments, institutions or historical claims?",MASCO2020
E9-Q-0832,Exact,2824,282,PSYCHOLOGISTS,customer_communication,You receive psychological assessment results that do not fit the client's reported day-to-day functioning. How would you review the discrepancy before drawing conclusions?,MASCO2020
E9-Q-0833,Exact,2824,282,PSYCHOLOGISTS,problem_solving,A referrer asks for a 'full psychological assessment' but gives no clear decision question. What would you clarify before selecting any assessment approach?,MASCO2020
E9-Q-0834,Exact,2824,282,PSYCHOLOGISTS,customer_communication,How would you explain psychological findings to a client or stakeholder when the evidence suggests a pattern but does not support a definitive conclusion?,MASCO2020
E9-Q-0835,Exact,2824,282,PSYCHOLOGISTS,problem_solving,"During a routine psychological appointment, information emerges that raises a concern outside the purpose of the original referral. How would you decide what to do next within your professional role?",MASCO2020
E9-Q-0836,Exact,2824,282,PSYCHOLOGISTS,technical_judgement,"You notice that different psychologists in a service are documenting the same type of assessment outcome in inconsistent ways, making follow-up difficult. How would you improve the consistency without reducing professional judgement to a rigid template?",MASCO2020
E9-Q-0837,Exact,2825,282,SOCIAL WORK AND COUNSELLING PROFESSIONALS,financial_analysis,"A client says they need 'support with everything' but describes housing, family and financial pressures at the same time. How would you clarify what should be addressed first?",MASCO2020
E9-Q-0838,Exact,2825,282,SOCIAL WORK AND COUNSELLING PROFESSIONALS,customer_communication,"A client is receiving support from several services, but responsibilities overlap and the client is being asked for the same information repeatedly. How would you improve coordination?",MASCO2020
E9-Q-0839,Exact,2825,282,SOCIAL WORK AND COUNSELLING PROFESSIONALS,customer_communication,A family member strongly disagrees with the support plan a client has chosen. How would you manage the conversation while keeping the client's needs and your professional role clear?,MASCO2020
E9-Q-0840,Exact,2825,282,SOCIAL WORK AND COUNSELLING PROFESSIONALS,administrative_accuracy,You discover that a client's case record contains an old statement that is now being repeated by other services as if it were current. How would you correct the record and reduce the chance of the error continuing?,MASCO2020
E9-Q-0841,Exact,2825,282,SOCIAL WORK AND COUNSELLING PROFESSIONALS,customer_communication,A client raises a concern that may require support beyond your role or service. How would you respond without giving advice outside your competence?,MASCO2020
E9-Q-0842,Exact,2826,282,RELIGIOUS PROFESSIONALS,stakeholder_communication,"Two groups within a congregation or religious community expect different approaches to an upcoming ceremony, and both believe their preference reflects established practice. How would you handle the disagreement?",MASCO2020
E9-Q-0843,Exact,2826,282,RELIGIOUS PROFESSIONALS,technical_judgement,You are preparing material for a religious teaching or ceremony and find that a widely shared quotation has no reliable source attached to it. What would you do before using it?,MASCO2020
E9-Q-0844,Exact,2826,282,RELIGIOUS PROFESSIONALS,problem_solving,"A member of the community asks for spiritual or moral guidance on a complex personal situation, but the request also touches matters outside your professional or religious remit. How would you clarify what help you can appropriately provide?",MASCO2020
E9-Q-0845,Exact,2826,282,RELIGIOUS PROFESSIONALS,problem_solving,You are asked to prepare research material for a senior religious authority considering a formal religious ruling or guidance. How would you organise the evidence so the authority can see both the strongest support and areas of disagreement?,MASCO2020
E9-Q-0846,Exact,2826,282,RELIGIOUS PROFESSIONALS,problem_solving,"A major religious ceremony requires coordination of participants, venue arrangements and a sequence of rites, and a late change affects the planned order. How would you manage the change while preserving the integrity of the ceremony?",MASCO2020
E9-Q-0847,Exact,2831,283,AUTHORS AND RELATED WRITERS,problem_solving,A commissioning editor asks for a 'more accessible' rewrite of a technical manual but does not say what readers already know or what information must remain unchanged. What would you clarify before rewriting?,MASCO2020
E9-Q-0848,Exact,2831,283,AUTHORS AND RELATED WRITERS,technical_judgement,You discover late in editing that an earlier chapter contradicts a plot fact or factual claim introduced later in the manuscript. How would you resolve the inconsistency?,MASCO2020
E9-Q-0849,Exact,2831,283,AUTHORS AND RELATED WRITERS,stakeholder_communication,A producer requests major script changes that improve production feasibility but weaken a character arc you consider central to the story. How would you respond?,MASCO2020
E9-Q-0850,Exact,2831,283,AUTHORS AND RELATED WRITERS,problem_solving,"You have a fixed delivery date for a long-form work, and research is still uncovering useful material. How would you decide when to stop researching and move to drafting or revision?",MASCO2020
E9-Q-0851,Exact,2831,283,AUTHORS AND RELATED WRITERS,technical_judgement,"You are writing non-fiction material based on interviews, notes and secondary sources that disagree on an important detail. How would you handle the disagreement in the final text?",MASCO2020
E9-Q-0852,Exact,2832,283,JOURNALISTS,prioritisation,"A source gives you a significant claim minutes before deadline, but you cannot independently confirm it. How would you decide whether it belongs in the story?",MASCO2020
E9-Q-0853,Exact,2832,283,JOURNALISTS,problem_solving,Two credible sources give different accounts of the same public event. How would you report the disagreement without creating false balance?,MASCO2020
E9-Q-0854,Exact,2832,283,JOURNALISTS,stakeholder_communication,"During an interview, a subject answers a different question and repeatedly steers toward prepared talking points. How would you obtain a usable answer while keeping the interview fair?",MASCO2020
E9-Q-0855,Exact,2832,283,JOURNALISTS,problem_solving,A breaking story is developing while you also have a scheduled report that requires final fact-checking before publication. How would you decide what to do first?,MASCO2020
E9-Q-0856,Exact,2832,283,JOURNALISTS,technical_judgement,"After publication, you learn that a figure in your article was transcribed incorrectly even though the overall conclusion remains unchanged. What would you do?",MASCO2020
E9-Q-0857,Exact,2833,283,"TRANSLATORS, INTERPRETERS AND OTHER LINGUISTS",technical_judgement,"A legal or technical source term has no exact equivalent in the target language, and the closest everyday word would narrow its meaning. How would you translate it?",MASCO2020
E9-Q-0858,Exact,2833,283,"TRANSLATORS, INTERPRETERS AND OTHER LINGUISTS",technical_judgement,You are reviewing a long translation completed by several translators and notice that the same key term has been rendered three different ways. How would you resolve it?,MASCO2020
E9-Q-0859,Exact,2833,283,"TRANSLATORS, INTERPRETERS AND OTHER LINGUISTS",stakeholder_communication,"During interpreting, a speaker uses an ambiguous phrase and the two plausible meanings would lead the listener to different decisions. What would you do?",MASCO2020
E9-Q-0860,Exact,2833,283,"TRANSLATORS, INTERPRETERS AND OTHER LINGUISTS",technical_judgement,"A translated document contains numbers, dates, names and references that are linguistically simple but operationally critical. How would you check them before delivery?",MASCO2020
E9-Q-0861,Exact,2833,283,"TRANSLATORS, INTERPRETERS AND OTHER LINGUISTS",customer_communication,"A client asks for a translation 'for public use' but provides no information about jurisdiction, audience or whether the text will be published verbatim. What would you clarify first?",MASCO2020
E9-Q-0862,Exact,2841,284,VISUAL ARTISTS,customer_communication,"You are developing a commissioned visual work, and the client's reference images point in several conflicting stylistic directions. How would you turn that brief into a coherent artistic approach?",MASCO2020
E9-Q-0863,Exact,2841,284,VISUAL ARTISTS,technical_judgement,"A finished artwork looks correct in the studio, but the planned exhibition lighting changes the perceived colour and surface detail. What would you do before installation?",MASCO2020
E9-Q-0864,Exact,2841,284,VISUAL ARTISTS,prioritisation,A material you planned to use for a three-dimensional piece is unavailable close to the production deadline. How would you choose a substitute without compromising the work?,MASCO2020
E9-Q-0865,Exact,2841,284,VISUAL ARTISTS,stakeholder_communication,"A curator asks you to alter the scale of a work to fit the venue, but scale is central to the meaning of the piece. How would you handle the request?",MASCO2020
E9-Q-0866,Exact,2841,284,VISUAL ARTISTS,learning_reflection,"Tell me about a time a sketch, study or prototype showed that your original artistic idea would not work as intended. How did you use that result to change the final piece?",MASCO2020
E9-Q-0867,Exact,2842,284,"MUSICIANS, SINGERS AND COMPOSERS",technical_judgement,"During rehearsal, an arrangement that works on paper causes one section of the ensemble to mask an important melodic line. How would you diagnose and fix it?",MASCO2020
E9-Q-0868,Exact,2842,284,"MUSICIANS, SINGERS AND COMPOSERS",problem_solving,"A performance programme includes musicians with different rehearsal needs, but venue time is limited. How would you structure rehearsals so the ensemble is ready?",MASCO2020
E9-Q-0869,Exact,2842,284,"MUSICIANS, SINGERS AND COMPOSERS",administrative_accuracy,"A recording take is technically clean, but the phrasing and emotional shape are weaker than an earlier take with a minor flaw. How would you decide which version to use?",MASCO2020
E9-Q-0870,Exact,2842,284,"MUSICIANS, SINGERS AND COMPOSERS",problem_solving,You are asked to compose music for a production described only as 'uplifting but not sentimental.' What would you clarify before writing?,MASCO2020
E9-Q-0871,Exact,2842,284,"MUSICIANS, SINGERS AND COMPOSERS",financial_analysis,An audition candidate is highly skilled individually but struggles to follow ensemble cues during the selection session. How would you weigh that in a casting or ensemble decision?,MASCO2020
E9-Q-0872,Exact,2843,284,DANCERS AND CHOREOGRAPHERS,problem_solving,"A choreographed sequence communicates the intended story clearly in rehearsal, but on the actual stage the spacing makes key relationships hard for the audience to read. How would you revise it?",MASCO2020
E9-Q-0873,Exact,2843,284,DANCERS AND CHOREOGRAPHERS,problem_solving,"Two dancers interpret the timing of a partnered transition differently, creating repeated inconsistency in rehearsal. How would you resolve it?",MASCO2020
E9-Q-0874,Exact,2843,284,DANCERS AND CHOREOGRAPHERS,technical_judgement,A dance piece is visually strong in sections but loses momentum during transitions between sequences. How would you evaluate and improve those transitions?,MASCO2020
E9-Q-0875,Exact,2843,284,DANCERS AND CHOREOGRAPHERS,problem_solving,"You are asked to create choreography for a filmed performance, but the director has not yet confirmed camera movement or framing. What would you need to know before finalising the piece?",MASCO2020
E9-Q-0876,Exact,2843,284,DANCERS AND CHOREOGRAPHERS,learning_reflection,Describe a rehearsal where dancers' feedback or physical response showed that your original choreography needed to change. What did you change and why?,MASCO2020
E9-Q-0877,Exact,2844,284,"FILM, STAGE AND RELATED DIRECTORS AND PRODUCERS",testing_verification,"A production loses a full shooting or rehearsal day, but the release or opening date cannot move. How would you decide what to protect, compress or change?",MASCO2020
E9-Q-0878,Exact,2844,284,"FILM, STAGE AND RELATED DIRECTORS AND PRODUCERS",stakeholder_communication,A director and a department head disagree because the desired creative choice would materially increase cost and setup time. How would you resolve the decision?,MASCO2020
E9-Q-0879,Exact,2844,284,"FILM, STAGE AND RELATED DIRECTORS AND PRODUCERS",technical_judgement,"A scene works in individual takes, but when assembled it creates a continuity problem in performance or action. What would you do before locking the sequence?",MASCO2020
E9-Q-0880,Exact,2844,284,"FILM, STAGE AND RELATED DIRECTORS AND PRODUCERS",requirements_clarification,"You receive a script that is approved creatively, but key production requirements such as locations, cast availability and special technical needs are not yet confirmed. How would you prepare it for production planning?",MASCO2020
E9-Q-0881,Exact,2844,284,"FILM, STAGE AND RELATED DIRECTORS AND PRODUCERS",leadership,"An actor is delivering a scene consistently, but the performance does not match the dramatic intention you need. How would you direct the adjustment without giving only a vague result note?",MASCO2020
E9-Q-0882,Exact,2845,284,ACTORS,problem_solving,"You are given a character whose dialogue appears confident, but the surrounding scenes suggest the character is concealing uncertainty. How would you develop the performance choice?",MASCO2020
E9-Q-0883,Exact,2845,284,ACTORS,problem_solving,"In rehearsal, your timing repeatedly clashes with another actor's cue because you both interpret the pause differently. How would you resolve it?",MASCO2020
E9-Q-0884,Exact,2845,284,ACTORS,technical_judgement,"You know your lines accurately in isolation, but during a blocking change you begin missing cues. How would you stabilise the scene before performance?",MASCO2020
E9-Q-0885,Exact,2845,284,ACTORS,stakeholder_communication,A director gives you a note that conflicts with how you have understood the character. How would you respond in rehearsal?,MASCO2020
E9-Q-0886,Exact,2845,284,ACTORS,administrative_accuracy,"Describe a time when watching a playback, rehearsal recording or audience response changed how you approached a role. What evidence did you notice and what did you adjust?",MASCO2020
E9-Q-0887,Exact,2846,284,"ANNOUNCERS ON RADIO, TELEVISION AND OTHER MEDIA",technical_judgement,"You receive a late update to a live news bulletin that changes a name, figure and location. What checks would you make before reading it on air?",MASCO2020
E9-Q-0888,Exact,2846,284,"ANNOUNCERS ON RADIO, TELEVISION AND OTHER MEDIA",stakeholder_communication,"During a live interview, a guest gives a long answer but does not address the question listeners need answered. How would you bring the interview back on track?",MASCO2020
E9-Q-0889,Exact,2846,284,"ANNOUNCERS ON RADIO, TELEVISION AND OTHER MEDIA",problem_solving,A live segment ends two minutes early and the producer tells you to fill the gap without introducing unverified information. What would you do?,MASCO2020
E9-Q-0890,Exact,2846,284,"ANNOUNCERS ON RADIO, TELEVISION AND OTHER MEDIA",technical_judgement,A pronunciation guide for a guest's name conflicts with how the guest introduced themselves in a pre-interview. How would you handle it before broadcast?,MASCO2020
E9-Q-0891,Exact,2846,284,"ANNOUNCERS ON RADIO, TELEVISION AND OTHER MEDIA",problem_solving,You are hosting a tightly timed programme when a guest raises a significant new point near the end of the interview. How would you decide whether to pursue it or close the segment?,MASCO2020
E9-Q-0892,Exact,2847,284,"CLOWNS, MAGICIANS, ACROBATS AND RELATED PROFESSIONALS",problem_solving,"You are preparing an acrobatic or physical performance for a venue that is smaller than the space you normally use. How would you decide what parts of the act can be performed as planned, what must be adapted, and what should be removed?",MASCO2020
E9-Q-0893,Exact,2847,284,"CLOWNS, MAGICIANS, ACROBATS AND RELATED PROFESSIONALS",problem_solving,A comedy routine gets a strong response from one audience but falls flat with another. How would you adjust the act during or between shows without losing its core character?,MASCO2020
E9-Q-0894,Exact,2847,284,"CLOWNS, MAGICIANS, ACROBATS AND RELATED PROFESSIONALS",technical_judgement,"For a magic or illusion act, how would you handle a prop or setup that behaves inconsistently during rehearsal shortly before a show?",MASCO2020
E9-Q-0895,Exact,2847,284,"CLOWNS, MAGICIANS, ACROBATS AND RELATED PROFESSIONALS",problem_solving,"Your act depends on a stage assistant, music cue and a precise entrance, but the venue crew changes the running order shortly before the performance. How would you reset the coordination?",MASCO2020
E9-Q-0896,Exact,2847,284,"CLOWNS, MAGICIANS, ACROBATS AND RELATED PROFESSIONALS",technical_judgement,"After several performances, one part of your act is technically successful but consistently breaks the flow of the show. How would you decide whether to keep, revise or remove it?",MASCO2020
E9-Q-0897,Exact,2848,284,ANIMAL KEEPERS AND TRAINERS,problem_solving,An animal that is normally responsive during a training session shows an unusual change in behaviour. How would you decide whether to continue the session?,MASCO2020
E9-Q-0898,Exact,2848,284,ANIMAL KEEPERS AND TRAINERS,administrative_accuracy,You notice that two keepers are recording feeding and behaviour observations differently for the same animal. How would you improve the records?,MASCO2020
E9-Q-0899,Exact,2848,284,ANIMAL KEEPERS AND TRAINERS,problem_solving,A scheduled public animal presentation conflicts with a change in the animal's care routine. How would you coordinate the decision about whether the presentation proceeds?,MASCO2020
E9-Q-0900,Exact,2848,284,ANIMAL KEEPERS AND TRAINERS,technical_judgement,A newly trained behaviour appears reliable with one trainer but inconsistent with others. How would you assess whether it is ready for a public programme?,MASCO2020
E9-Q-0901,Exact,2848,284,ANIMAL KEEPERS AND TRAINERS,problem_solving,"You are asked to prepare an animal for a new educational presentation, but the programme team has not explained the audience setup or required behaviour. What would you clarify first?",MASCO2020
E9-Q-0902,Exact,2849,284,CREATIVE AND PERFORMING ARTISTS NOT ELSEWHERE CLASSIFIED,problem_solving,"You are asked to develop an artistic element for a cultural programme, but the brief is unclear about the cultural message, intended audience and acceptable creative boundaries. How would you clarify the brief before producing the work?",MASCO2020
E9-Q-0903,Exact,2849,284,CREATIVE AND PERFORMING ARTISTS NOT ELSEWHERE CLASSIFIED,problem_solving,"A proposed visual or performance concept is attractive, but you notice that one cultural element may be represented inaccurately. How would you decide whether the concept should be revised before presentation?",MASCO2020
E9-Q-0904,Exact,2849,284,CREATIVE AND PERFORMING ARTISTS NOT ELSEWHERE CLASSIFIED,testing_verification,"Before photographs or other visual documentation from a cultural activity are released, what would you review to make sure the material represents the activity accurately and meets the intended artistic purpose?",MASCO2020
E9-Q-0905,Exact,2849,284,CREATIVE AND PERFORMING ARTISTS NOT ELSEWHERE CLASSIFIED,stakeholder_communication,A stakeholder asks for a late change to an artistic presentation that would weaken the agreed cultural message. How would you respond and still move the work toward approval?,MASCO2020
E9-Q-0906,Exact,2849,284,CREATIVE AND PERFORMING ARTISTS NOT ELSEWHERE CLASSIFIED,problem_solving,You are handing over an unfinished cultural-artistic activity to another team member. What information would you pass on so that the artistic direction and outstanding approvals are not lost?,MASCO2020
E9-Q-0907,Exact,3121,312,MINING SUPERVISORS,problem_solving,A recurring problem is affecting work carried out by mining supervisors. How would you isolate the cause and decide on the next step?,MASCO2020
E9-Q-0908,Exact,3121,312,MINING SUPERVISORS,stakeholder_communication,A delay affects work carried out by mining supervisors. How would you explain the impact and agree on the next step with the people involved?,MASCO2020
E9-Q-0909,Exact,3121,312,MINING SUPERVISORS,technical_judgement,You receive conflicting technical information about work carried out by mining supervisors. How would you decide which information is reliable before proceeding?,MASCO2020
E9-Q-0910,Exact,3121,312,MINING SUPERVISORS,problem_solving,Something in work carried out by mining supervisors is not working as expected. What would you check before choosing a solution?,MASCO2020
E9-Q-0911,Exact,3121,312,MINING SUPERVISORS,learning_reflection,"Tell me about a time you improved how you handled work carried out by mining supervisors. What did you change, and what showed you it worked?",MASCO2020
E9-Q-0912,Exact,3122,312,MANUFACTURING SUPERVISORS,administrative_accuracy,"A record used in receiving, recording and dispatching products does not match another source. How would you verify the discrepancy and leave a clear record of the resolution?",MASCO2020
E9-Q-0913,Exact,3122,312,MANUFACTURING SUPERVISORS,administrative_accuracy,"Important information for organising and planning the daily work by taking into consideration plans, the economy is incomplete. What would you confirm before the work moves forward?",MASCO2020
E9-Q-0914,Exact,3122,312,MANUFACTURING SUPERVISORS,administrative_accuracy,Two records supporting work carried out by manufacturing supervisors show different details. How would you establish which information is current?,MASCO2020
E9-Q-0915,Exact,3122,312,MANUFACTURING SUPERVISORS,administrative_accuracy,"A late correction affects information already used in organising and planning the daily work by taking into consideration plans, the economy. How would you update the record and make the change traceable?",MASCO2020
E9-Q-0916,Exact,3122,312,MANUFACTURING SUPERVISORS,administrative_accuracy,A key detail in work carried out by manufacturing supervisors was entered differently in two places. How would you correct it without losing traceability?,MASCO2020
E9-Q-0917,Exact,3123,312,CONSTRUCTION SUPERVISORS,administrative_accuracy,A record used in work carried out by construction supervisors does not match another source. How would you verify the discrepancy and leave a clear record of the resolution?,MASCO2020
E9-Q-0918,Exact,3123,312,CONSTRUCTION SUPERVISORS,requirements_clarification,The requirements for work carried out by construction supervisors are unclear. What would you clarify before work continues?,MASCO2020
E9-Q-0919,Exact,3123,312,CONSTRUCTION SUPERVISORS,requirements_clarification,Two people give different instructions for work carried out by construction supervisors. How would you establish the agreed requirement?,MASCO2020
E9-Q-0920,Exact,3123,312,CONSTRUCTION SUPERVISORS,requirements_clarification,A requested change affects the scope of work carried out by construction supervisors. What would you confirm before accepting it?,MASCO2020
E9-Q-0921,Exact,3123,312,CONSTRUCTION SUPERVISORS,requirements_clarification,You are asked to start work carried out by construction supervisors before a key requirement has been confirmed. How would you handle that?,MASCO2020
E9-Q-0922,Exact,3131,313,POWER PRODUCTION PLANT OPERATORS,problem_solving,"A recurring problem is affecting operating and monitoring coal, oil or natural gas-fired steam power generating plant. How would you isolate the cause and decide on the next step?",MASCO2020
E9-Q-0923,Exact,3131,313,POWER PRODUCTION PLANT OPERATORS,stakeholder_communication,A delay affects operating and monitoring hydroelectric power generating stations. How would you explain the impact and agree on the next step with the people involved?,MASCO2020
E9-Q-0924,Exact,3131,313,POWER PRODUCTION PLANT OPERATORS,stakeholder_communication,Different stakeholders want different outcomes from power production plant operations. How would you clarify priorities and keep expectations realistic?,MASCO2020
E9-Q-0925,Exact,3131,313,POWER PRODUCTION PLANT OPERATORS,stakeholder_communication,You need to brief a colleague on an unresolved issue in power production plant operations. What would you include so they can act on it confidently?,MASCO2020
E9-Q-0926,Exact,3131,313,POWER PRODUCTION PLANT OPERATORS,learning_reflection,"Tell me about a time you improved how you handled power production plant operations. What did you change, and what showed you it worked?",MASCO2020
E9-Q-0927,Exact,3132,313,INCINERATOR AND WATER TREATMENT PLANT OPERATORS,technical_judgement,You receive conflicting technical information about incinerator and water treatment plant operations. How would you decide which information is reliable before proceeding?,MASCO2020
E9-Q-0928,Exact,3132,313,INCINERATOR AND WATER TREATMENT PLANT OPERATORS,requirements_clarification,The requirements for operating and monitoring incinerator machinery and equipment which burn garbage or other waste materials are unclear. What would you clarify before work continues?,MASCO2020
E9-Q-0929,Exact,3132,313,INCINERATOR AND WATER TREATMENT PLANT OPERATORS,customer_communication,A customer request changes the requirements for incinerator and water treatment plant operations. How would you clarify expectations and explain any constraint?,MASCO2020
E9-Q-0930,Exact,3132,313,INCINERATOR AND WATER TREATMENT PLANT OPERATORS,problem_solving,A recurring problem is affecting incinerator and water treatment plant operations. How would you isolate the cause and decide on the next step?,MASCO2020
E9-Q-0931,Exact,3132,313,INCINERATOR AND WATER TREATMENT PLANT OPERATORS,quality_control,An output from operating and monitoring incinerator machinery and equipment which burn garbage or other waste materials does not meet the expected standard. How would you investigate the cause and confirm the correction?,MASCO2020
E9-Q-0932,Exact,3133,313,CHEMICAL PROCESSING PLANT CONTROLLERS,problem_solving,"A change affects work carried out by chemical processing plant controllers, but the safe or authorised response is not yet clear. What would you verify before work continues?",MASCO2020
E9-Q-0933,Exact,3133,313,CHEMICAL PROCESSING PLANT CONTROLLERS,stakeholder_communication,An unresolved issue affects work carried out by chemical processing plant controllers. How would you hand over the facts and make sure the responsible person can take the next decision?,MASCO2020
E9-Q-0934,Exact,3133,313,CHEMICAL PROCESSING PLANT CONTROLLERS,technical_judgement,A routine decision in work carried out by chemical processing plant controllers reaches the limit of your authority. How would you document the facts and route it to the right person?,MASCO2020
E9-Q-0935,Exact,3133,313,CHEMICAL PROCESSING PLANT CONTROLLERS,problem_solving,You receive conflicting information about work carried out by chemical processing plant controllers. How would you verify the authoritative requirement and decide whether the work should pause or be referred?,MASCO2020
E9-Q-0936,Exact,3133,313,CHEMICAL PROCESSING PLANT CONTROLLERS,learning_reflection,"A concern arises in work carried out by chemical processing plant controllers. How would you describe the facts, stay within your authority, and obtain the appropriate review?",MASCO2020
E9-Q-0937,Exact,3134,313,PETROLEUM AND NATURAL GAS REFINING PLANT OPERATORS,administrative_accuracy,A record used in petroleum and natural gas refining plant operations does not match another source. How would you verify the discrepancy and leave a clear record of the resolution?,MASCO2020
E9-Q-0938,Exact,3134,313,PETROLEUM AND NATURAL GAS REFINING PLANT OPERATORS,administrative_accuracy,Important information for petroleum and natural gas refining plant operations is incomplete. What would you confirm before the work moves forward?,MASCO2020
E9-Q-0939,Exact,3134,313,PETROLEUM AND NATURAL GAS REFINING PLANT OPERATORS,customer_communication,A customer request changes the requirements for petroleum and natural gas refining plant operations. How would you clarify expectations and explain any constraint?,MASCO2020
E9-Q-0940,Exact,3134,313,PETROLEUM AND NATURAL GAS REFINING PLANT OPERATORS,problem_solving,A recurring problem is affecting petroleum and natural gas refining plant operations. How would you isolate the cause and decide on the next step?,MASCO2020
E9-Q-0941,Exact,3134,313,PETROLEUM AND NATURAL GAS REFINING PLANT OPERATORS,quality_control,An output from petroleum and natural gas refining plant operations does not meet the expected standard. How would you investigate the cause and confirm the correction?,MASCO2020
E9-Q-0942,Exact,3135,313,METAL PRODUCTION PROCESS CONTROLLERS,technical_judgement,You receive conflicting technical information about work carried out by metal production process controllers. How would you decide which information is reliable before proceeding?,MASCO2020
E9-Q-0943,Exact,3135,313,METAL PRODUCTION PROCESS CONTROLLERS,customer_communication,A customer request changes the requirements for operating and monitoring furnaces to melt ferrous and non-ferrous metals for casting is settled. How would you clarify expectations and explain any constraint?,MASCO2020
E9-Q-0944,Exact,3135,313,METAL PRODUCTION PROCESS CONTROLLERS,customer_communication,A customer is unhappy with progress in work carried out by metal production process controllers. How would you explain the situation and agree on a workable next step?,MASCO2020
E9-Q-0945,Exact,3135,313,METAL PRODUCTION PROCESS CONTROLLERS,problem_solving,A recurring problem is affecting work carried out by metal production process controllers. How would you isolate the cause and decide on the next step?,MASCO2020
E9-Q-0946,Exact,3135,313,METAL PRODUCTION PROCESS CONTROLLERS,quality_control,An output from work carried out by metal production process controllers does not meet the expected standard. How would you investigate the cause and confirm the correction?,MASCO2020
E9-Q-0947,Exact,3141,314,LIFE SCIENCE TECHNICIANS (EXCLUDING MEDICAL),technical_judgement,"While preparing non-medical biological samples for an experiment, you find that two specimen labels do not match the accompanying worksheet. What would you do before either sample is used?",MASCO2020
E9-Q-0948,Exact,3141,314,LIFE SCIENCE TECHNICIANS (EXCLUDING MEDICAL),technical_judgement,An instrument needed for a scheduled experiment shows a calibration or performance check that is outside the laboratory's accepted range. How would you handle the work?,MASCO2020
E9-Q-0949,Exact,3141,314,LIFE SCIENCE TECHNICIANS (EXCLUDING MEDICAL),problem_solving,You receive an experiment setup sheet that specifies the samples and equipment but leaves one preparation step ambiguous. How would you resolve the ambiguity without improvising a method?,MASCO2020
E9-Q-0950,Exact,3141,314,LIFE SCIENCE TECHNICIANS (EXCLUDING MEDICAL),problem_solving,"A set of experimental results appears inconsistent, and the scientist asks you to check whether preparation or equipment setup could have contributed. How would you investigate your part of the workflow?",MASCO2020
E9-Q-0951,Exact,3141,314,LIFE SCIENCE TECHNICIANS (EXCLUDING MEDICAL),requirements_clarification,"Several experiments require specimen preparation on the same day, and some samples have stricter handling or timing requirements than others. How would you sequence the work while protecting traceability and quality?",MASCO2020
E9-Q-0952,Exact,3142,314,AGRICULTURAL AND LIVESTOCK TECHNICIANS,technical_judgement,"You are collecting soil, plant and livestock-related specimens for a field study, and two samples arrive with incomplete field labels. What would you do before those samples are used for testing?",MASCO2020
E9-Q-0953,Exact,3142,314,AGRICULTURAL AND LIVESTOCK TECHNICIANS,quality_control,A set of crop-development observations from several farms shows an unusual jump that does not match the field notes. How would you check whether the result reflects a real field condition or a data-quality problem?,MASCO2020
E9-Q-0954,Exact,3142,314,AGRICULTURAL AND LIVESTOCK TECHNICIANS,problem_solving,You are supporting a group farming development programme and several participating farms are late providing the monitoring information needed for the next review. How would you keep the programme tracking useful?,MASCO2020
E9-Q-0955,Exact,3142,314,AGRICULTURAL AND LIVESTOCK TECHNICIANS,technical_judgement,"Before an agricultural experiment starts, how would you check that the specimens, materials and equipment prepared by the team are suitable for the planned tests?",MASCO2020
E9-Q-0956,Exact,3142,314,AGRICULTURAL AND LIVESTOCK TECHNICIANS,stakeholder_communication,A farmer asks you to give a definite recommendation based on preliminary trial observations that have not yet been reviewed by the agricultural scientist. How would you respond?,MASCO2020
E9-Q-0957,Exact,3143,314,FORESTRY TECHNICIANS,administrative_accuracy,"During a forest inventory, one plot's tree measurements are very different from nearby plots and the field sheet contains a correction that is hard to read. How would you verify the record before it enters the inventory dataset?",MASCO2020
E9-Q-0958,Exact,3143,314,FORESTRY TECHNICIANS,administrative_accuracy,A mapped forest boundary from existing records does not line up with what your field survey shows on the ground. How would you handle the discrepancy when supporting a forest management plan?,MASCO2020
E9-Q-0959,Exact,3143,314,FORESTRY TECHNICIANS,technical_judgement,You are preparing forest inventory results from several field crews. What checks would you make before combining their measurements into one dataset?,MASCO2020
E9-Q-0960,Exact,3143,314,FORESTRY TECHNICIANS,problem_solving,A forest survey is falling behind because weather and access conditions have reduced the number of plots the field team can reach. How would you reorganise the remaining work without compromising the inventory design?,MASCO2020
E9-Q-0961,Exact,3143,314,FORESTRY TECHNICIANS,administrative_accuracy,"You are handing over field measurements, maps and specimen records from a forestry survey to the next team. What information would you make sure is complete so they can use the material without reconstructing your work?",MASCO2020
E9-Q-0962,Exact,3144,314,FISHERY TECHNICIANS,quality_control,"When analysing fish samples for quality, two samples from the same batch produce results that are inconsistent with each other. What would you check before reporting the batch result?",MASCO2020
E9-Q-0963,Exact,3144,314,FISHERY TECHNICIANS,administrative_accuracy,A fish specimen arrives for analysis with a label that does not match the collection log. How would you protect the validity of the test record?,MASCO2020
E9-Q-0964,Exact,3144,314,FISHERY TECHNICIANS,technical_judgement,"Before assisting with a fisheries experiment, you find that one piece of required measuring equipment is available but has an unresolved performance warning in its log. What would you do?",MASCO2020
E9-Q-0965,Exact,3144,314,FISHERY TECHNICIANS,administrative_accuracy,"You have completed several fish-sample tests over a busy shift. How would you make sure the observation records can still be matched to the correct specimens, test runs and results?",MASCO2020
E9-Q-0966,Exact,3144,314,FISHERY TECHNICIANS,problem_solving,"A fisheries field team collected fewer usable specimens than planned, but the laboratory schedule is already booked. How would you help the team decide what can still be tested without pretending the original sampling target was met?",MASCO2020
E9-Q-0967,Exact,3151,315,AIRCRAFT TECHNICIANS,problem_solving,"A change affects work carried out by aircraft technicians, but the safe or authorised response is not yet clear. What would you verify before work continues?",MASCO2020
E9-Q-0968,Exact,3151,315,AIRCRAFT TECHNICIANS,stakeholder_communication,An unresolved issue affects work carried out by aircraft technicians. How would you hand over the facts and make sure the responsible person can take the next decision?,MASCO2020
E9-Q-0969,Exact,3151,315,AIRCRAFT TECHNICIANS,technical_judgement,A routine decision in work carried out by aircraft technicians reaches the limit of your authority. How would you document the facts and route it to the right person?,MASCO2020
E9-Q-0970,Exact,3151,315,AIRCRAFT TECHNICIANS,problem_solving,You receive conflicting information about work carried out by aircraft technicians. How would you verify the authoritative requirement and decide whether the work should pause or be referred?,MASCO2020
E9-Q-0971,Exact,3151,315,AIRCRAFT TECHNICIANS,learning_reflection,"A concern arises in work carried out by aircraft technicians. How would you describe the facts, stay within your authority, and obtain the appropriate review?",MASCO2020
E9-Q-0972,Exact,3152,315,SHIP/ MARINE TECHNICIANS,administrative_accuracy,A record used in ship/ marine technical work does not match another source. How would you verify the discrepancy and leave a clear record of the resolution?,MASCO2020
E9-Q-0973,Exact,3152,315,SHIP/ MARINE TECHNICIANS,stakeholder_communication,A delay affects ship/ marine technical work. How would you explain the impact and agree on the next step with the people involved?,MASCO2020
E9-Q-0974,Exact,3152,315,SHIP/ MARINE TECHNICIANS,stakeholder_communication,Different stakeholders want different outcomes from ship/ marine technical work. How would you clarify priorities and keep expectations realistic?,MASCO2020
E9-Q-0975,Exact,3152,315,SHIP/ MARINE TECHNICIANS,stakeholder_communication,You need to brief a colleague on an unresolved issue in assisting in seafarer documentation matters. What would you include so they can act on it confidently?,MASCO2020
E9-Q-0976,Exact,3152,315,SHIP/ MARINE TECHNICIANS,learning_reflection,"Tell me about a time you improved how you handled ship/ marine technical work. What did you change, and what showed you it worked?",MASCO2020
E9-Q-0977,Exact,3153,315,TRAIN/ LOCOMOTIVE TECHNICIANS,debugging,A recurring fault affects train/ locomotive technical work. How would you isolate the cause before changing anything?,MASCO2020
E9-Q-0978,Exact,3153,315,TRAIN/ LOCOMOTIVE TECHNICIANS,debugging,A result in servicing or repairing train/ locomotive engines to the appropriate authority changes after a recent adjustment. How would you work out whether the change caused the problem?,MASCO2020
E9-Q-0979,Exact,3153,315,TRAIN/ LOCOMOTIVE TECHNICIANS,technical_judgement,You receive conflicting technical information about train/ locomotive technical work. How would you decide which information is reliable before proceeding?,MASCO2020
E9-Q-0980,Exact,3153,315,TRAIN/ LOCOMOTIVE TECHNICIANS,debugging,You cannot reproduce a reported problem in train/ locomotive technical work. What would you check next?,MASCO2020
E9-Q-0981,Exact,3153,315,TRAIN/ LOCOMOTIVE TECHNICIANS,debugging,Two symptoms appear in train/ locomotive technical work. How would you determine whether they have the same underlying cause?,MASCO2020
E9-Q-0982,Exact,3154,315,MOTOR VEHICLE TECHNICIANS,debugging,A recurring fault affects servicing or repairing motor vehicle engines. How would you isolate the cause before changing anything?,MASCO2020
E9-Q-0983,Exact,3154,315,MOTOR VEHICLE TECHNICIANS,administrative_accuracy,A record used in inspecting the engine to detect defects using various tools and instruments can proceed does not match another source. How would you verify the discrepancy and leave a clear record of the resolution?,MASCO2020
E9-Q-0984,Exact,3154,315,MOTOR VEHICLE TECHNICIANS,administrative_accuracy,Important information for motor vehicle technical work is incomplete. What would you confirm before the work moves forward?,MASCO2020
E9-Q-0985,Exact,3154,315,MOTOR VEHICLE TECHNICIANS,debugging,A result in motor vehicle technical work changes after a recent adjustment. How would you work out whether the change caused the problem?,MASCO2020
E9-Q-0986,Exact,3154,315,MOTOR VEHICLE TECHNICIANS,debugging,You cannot reproduce a reported problem in motor vehicle technical work. What would you check next?,MASCO2020
E9-Q-0987,Exact,3161,316,NUCLEAR RESEARCH AND DEVELOPMENT ASSOCIATE PROFESSIONALS,administrative_accuracy,A routine decision in work carried out by nuclear research and development associate professionals reaches the limit of your authority. How would you document the facts and route it to the right person?,MASCO2020
E9-Q-0988,Exact,3161,316,NUCLEAR RESEARCH AND DEVELOPMENT ASSOCIATE PROFESSIONALS,testing_verification,You receive conflicting information about work carried out by nuclear research and development associate professionals. How would you verify the authoritative requirement and decide whether the work should pause or be referred?,MASCO2020
E9-Q-0989,Exact,3161,316,NUCLEAR RESEARCH AND DEVELOPMENT ASSOCIATE PROFESSIONALS,technical_judgement,"A concern arises in work carried out by nuclear research and development associate professionals. How would you describe the facts, stay within your authority, and obtain the appropriate review?",MASCO2020
E9-Q-0990,Exact,3161,316,NUCLEAR RESEARCH AND DEVELOPMENT ASSOCIATE PROFESSIONALS,testing_verification,"A change affects work carried out by nuclear research and development associate professionals, but the safe or authorised response is not yet clear. What would you verify before work continues?",MASCO2020
E9-Q-0991,Exact,3161,316,NUCLEAR RESEARCH AND DEVELOPMENT ASSOCIATE PROFESSIONALS,testing_verification,An unresolved issue affects work carried out by nuclear research and development associate professionals. How would you hand over the facts and make sure the responsible person can take the next decision?,MASCO2020
E9-Q-0992,Exact,3231,323,TRADITIONAL AND COMPLEMENTARY MEDICINE ASSOCIATE PROFESSIONALS,administrative_accuracy,"A record used in examining patients, making diagnoses and treating diseases and injuries using herbs does not match another source. How would you verify the discrepancy and leave a clear record of the resolution?",MASCO2020
E9-Q-0993,Exact,3231,323,TRADITIONAL AND COMPLEMENTARY MEDICINE ASSOCIATE PROFESSIONALS,stakeholder_communication,A delay affects traditional and complementary medicine associate professional work. How would you explain the impact and agree on the next step with the people involved?,MASCO2020
E9-Q-0994,Exact,3231,323,TRADITIONAL AND COMPLEMENTARY MEDICINE ASSOCIATE PROFESSIONALS,technical_judgement,"You receive conflicting technical information about examining patients, making diagnoses and treating diseases and injuries using herbs. How would you decide which information is reliable before proceeding?",MASCO2020
E9-Q-0995,Exact,3231,323,TRADITIONAL AND COMPLEMENTARY MEDICINE ASSOCIATE PROFESSIONALS,problem_solving,A recurring problem is affecting traditional and complementary medicine associate professional work. How would you isolate the cause and decide on the next step?,MASCO2020
E9-Q-0996,Exact,3231,323,TRADITIONAL AND COMPLEMENTARY MEDICINE ASSOCIATE PROFESSIONALS,learning_reflection,"Tell me about a time you improved how you handled examining patients, making diagnoses and treating diseases and injuries using herbs. What did you change, and what showed you it worked?",MASCO2020
E9-Q-0997,Exact,3241,324,VETERINARY TECHNICIANS AND ASSISTANTS,problem_solving,A recurring problem is affecting veterinary technicians and support work. How would you isolate the cause and decide on the next step?,MASCO2020
E9-Q-0998,Exact,3241,324,VETERINARY TECHNICIANS AND ASSISTANTS,stakeholder_communication,A delay affects veterinary technicians and support work. How would you explain the impact and agree on the next step with the people involved?,MASCO2020
E9-Q-0999,Exact,3241,324,VETERINARY TECHNICIANS AND ASSISTANTS,technical_judgement,You receive conflicting technical information about veterinary technicians and support work. How would you decide which information is reliable before proceeding?,MASCO2020
E9-Q-1000,Exact,3241,324,VETERINARY TECHNICIANS AND ASSISTANTS,problem_solving,Something in veterinary technicians and support work is not working as expected. What would you check before choosing a solution?,MASCO2020
E9-Q-1001,Exact,3241,324,VETERINARY TECHNICIANS AND ASSISTANTS,learning_reflection,"Tell me about a time you improved how you handled veterinary technicians and support work. What did you change, and what showed you it worked?",MASCO2020
E9-Q-1002,Exact,3321,332,INSURANCE REPRESENTATIVES,administrative_accuracy,A record used in work carried out by insurance representatives does not match another source. How would you verify the discrepancy and leave a clear record of the resolution?,MASCO2020
E9-Q-1003,Exact,3321,332,INSURANCE REPRESENTATIVES,customer_communication,A customer request changes the requirements for work carried out by insurance representatives. How would you clarify expectations and explain any constraint?,MASCO2020
E9-Q-1004,Exact,3321,332,INSURANCE REPRESENTATIVES,customer_communication,A customer is unhappy with progress in insurance representative work. How would you explain the situation and agree on a workable next step?,MASCO2020
E9-Q-1005,Exact,3321,332,INSURANCE REPRESENTATIVES,customer_communication,You need information from a customer before work in work carried out by insurance representatives can continue. How would you ask for it clearly and avoid unnecessary delay?,MASCO2020
E9-Q-1006,Exact,3321,332,INSURANCE REPRESENTATIVES,customer_communication,A customer expects an outcome from work carried out by insurance representatives that the current constraints cannot support. How would you handle the conversation?,MASCO2020
E9-Q-1007,Exact,3322,332,COMMERCIAL SALES REPRESENTATIVES,campaign_judgement,Results from updating knowledge of employers’ and competitors’ products and understanding market conditions are weaker than expected. What would you review before changing the approach?,MASCO2020
E9-Q-1008,Exact,3322,332,COMMERCIAL SALES REPRESENTATIVES,campaign_judgement,"Two audience or channel options in selling goods to retail, industrial, wholesale and other establishments are performing differently. How would you decide where to focus next?",MASCO2020
E9-Q-1009,Exact,3322,332,COMMERCIAL SALES REPRESENTATIVES,campaign_judgement,A late change affects work carried out by commercial sales representatives. How would you judge whether to adjust the plan or protect the original objective?,MASCO2020
E9-Q-1010,Exact,3322,332,COMMERCIAL SALES REPRESENTATIVES,campaign_judgement,You have mixed performance signals from work carried out by commercial sales representatives. How would you decide what to test next?,MASCO2020
E9-Q-1011,Exact,3322,332,COMMERCIAL SALES REPRESENTATIVES,campaign_judgement,"A recent change in updating knowledge of employers’ and competitors’ products and understanding market conditions improved one result but weakened another. How would you decide whether to keep, adjust or reverse it?",MASCO2020
E9-Q-1012,Exact,3323,332,BUYERS,administrative_accuracy,A record used in work carried out by buyers does not match another source. How would you verify the discrepancy and leave a clear record of the resolution?,MASCO2020
E9-Q-1013,Exact,3323,332,BUYERS,administrative_accuracy,"Important information for negotiating and entering into a contract for the purchase of equipment, raw materials is incomplete. What would you confirm before the work moves forward?",MASCO2020
E9-Q-1014,Exact,3323,332,BUYERS,requirements_clarification,"The requirements for negotiating and entering into a contract for the purchase of equipment, raw materials are unclear. What would you clarify before work continues?",MASCO2020
E9-Q-1015,Exact,3323,332,BUYERS,requirements_clarification,"Two people give different instructions for negotiating and entering into a contract for the purchase of equipment, raw materials. How would you establish the agreed requirement?",MASCO2020
E9-Q-1016,Exact,3323,332,BUYERS,requirements_clarification,"A requested change affects the scope of negotiating and entering into a contract for the purchase of equipment, raw materials. What would you confirm before accepting it?",MASCO2020
E9-Q-1017,Exact,3324,332,TRADE BROKERS,requirements_clarification,The requirements for work carried out by trade brokers are unclear. What would you clarify before work continues?,MASCO2020
E9-Q-1018,Exact,3324,332,TRADE BROKERS,requirements_clarification,Two people give different instructions for selling requirements of the client and giving advice accordingly to the appropriate authority. How would you establish the agreed requirement?,MASCO2020
E9-Q-1019,Exact,3324,332,TRADE BROKERS,requirements_clarification,A requested change affects the scope of work carried out by trade brokers. What would you confirm before accepting it?,MASCO2020
E9-Q-1020,Exact,3324,332,TRADE BROKERS,requirements_clarification,You are asked to start work carried out by trade brokers before a key requirement has been confirmed. How would you handle that?,MASCO2020
E9-Q-1021,Exact,3324,332,TRADE BROKERS,requirements_clarification,"The expected outcome for work carried out by trade brokers is clear, but part of the instruction is not. How would you resolve the ambiguity?",MASCO2020
E9-Q-1022,Exact,3331,333,CLEARING AND FORWARDING AGENTS,problem_solving,"An import file is ready for customs clearance, but the quantities on the commercial documents do not match the shipping documents. How would you handle the file before submission?",MASCO2020
E9-Q-1023,Exact,3331,333,CLEARING AND FORWARDING AGENTS,prioritisation,"You are handling several shipments with different arrival times, document readiness and clearance deadlines. How would you prioritise the files during a busy day?",MASCO2020
E9-Q-1024,Exact,3331,333,CLEARING AND FORWARDING AGENTS,technical_judgement,"Before arranging clearance for an export shipment, how would you verify that the required insurance, licence and supporting formalities in the file are actually in order rather than simply present?",MASCO2020
E9-Q-1025,Exact,3331,333,CLEARING AND FORWARDING AGENTS,customer_communication,A customer wants you to submit a customs file immediately even though one required supporting document has not been confirmed. How would you communicate the situation?,MASCO2020
E9-Q-1026,Exact,3331,333,CLEARING AND FORWARDING AGENTS,problem_solving,"A shipment has arrived, but the consignee name appears differently across the transport document and the import paperwork. What would you do to resolve the discrepancy without inventing or altering information yourself?",MASCO2020
E9-Q-1027,Exact,3332,333,CONFERENCE AND EVENT AGENTS,requirements_clarification,"A client says they want a 'premium' conference experience but has not set priorities between venue, catering, production and guest services. How would you turn that brief into workable requirements?",MASCO2020
E9-Q-1028,Exact,3332,333,CONFERENCE AND EVENT AGENTS,problem_solving,"A keynote speaker changes their arrival time on the day of an event, affecting the programme, technical rehearsal and catering schedule. How would you coordinate the response?",MASCO2020
E9-Q-1029,Exact,3332,333,CONFERENCE AND EVENT AGENTS,customer_communication,A client requests an additional service two days before the event but believes it is already included in the agreed price. How would you handle the conversation?,MASCO2020
E9-Q-1030,Exact,3332,333,CONFERENCE AND EVENT AGENTS,problem_solving,A booked event room is no longer available and the venue offers a smaller alternative. How would you decide whether the event can still proceed there?,MASCO2020
E9-Q-1031,Exact,3332,333,CONFERENCE AND EVENT AGENTS,customer_communication,"Supplier confirmations, the client schedule and the venue's event order show different setup times. What would you do before event day?",MASCO2020
E9-Q-1032,Exact,3333,333,EMPLOYMENT AGENTS AND CONTRACTORS,problem_solving,An employer asks you to find 'someone senior who can hit the ground running' but cannot clearly state the responsibilities or must-have skills. How would you clarify the vacancy before sourcing candidates?,MASCO2020
E9-Q-1033,Exact,3333,333,EMPLOYMENT AGENTS AND CONTRACTORS,requirements_clarification,A candidate matches most of a vacancy's requirements but lacks one preferred credential while having strong directly relevant experience. How would you decide whether to present them to the employer?,MASCO2020
E9-Q-1034,Exact,3333,333,EMPLOYMENT AGENTS AND CONTRACTORS,customer_communication,You discover that a candidate profile sent to a client contains an employment date that conflicts with the candidate's latest CV. What would you do?,MASCO2020
E9-Q-1035,Exact,3333,333,EMPLOYMENT AGENTS AND CONTRACTORS,stakeholder_communication,"An employer wants a shortlist immediately, but the available candidates do not meet two criteria the employer previously described as essential. How would you handle the pressure?",MASCO2020
E9-Q-1036,Exact,3333,333,EMPLOYMENT AGENTS AND CONTRACTORS,problem_solving,"You are managing several vacancies, including one role with an imminent start date and another with a larger fee but no confirmed interview schedule. How would you allocate sourcing effort?",MASCO2020
E9-Q-1037,Exact,3334,333,REAL ESTATE AND PROPERTY AGENTS,campaign_judgement,A property owner gives you listing details that do not match the documents they provide for the property. What would you do before marketing it?,MASCO2020
E9-Q-1038,Exact,3334,333,REAL ESTATE AND PROPERTY AGENTS,stakeholder_communication,A prospective tenant likes a property but misunderstands an important condition of the lease. How would you explain it without giving them a misleading impression that the term is negotiable?,MASCO2020
E9-Q-1039,Exact,3334,333,REAL ESTATE AND PROPERTY AGENTS,problem_solving,"A buyer asks you to find a 'good investment property' but gives no target return, holding period or preference for income versus capital growth. What would you clarify before recommending viewings?",MASCO2020
E9-Q-1040,Exact,3334,333,REAL ESTATE AND PROPERTY AGENTS,problem_solving,"A sale is approaching signing, but the buyer, seller and relevant professional advisers are working from different assumptions about the handover date. How would you prevent the misunderstanding from derailing the transaction?",MASCO2020
E9-Q-1041,Exact,3334,333,REAL ESTATE AND PROPERTY AGENTS,problem_solving,You have several active listings and limited time for viewings this weekend. How would you schedule them fairly and effectively?,MASCO2020
E9-Q-1042,Exact,3339,333,BUSINESS SERVICES AGENTS NOT ELSEWHERE CLASSIFIED,customer_communication,"Before representing a client in the sale or booking of a service, how would you establish what the client is offering and what the prospective buyer actually needs?",MASCO2020
E9-Q-1043,Exact,3339,333,BUSINESS SERVICES AGENTS NOT ELSEWHERE CLASSIFIED,customer_communication,You are negotiating on behalf of a client and the other party proposes terms that improve the deal value but conflict with one of your client's stated conditions. How would you handle the negotiation?,MASCO2020
E9-Q-1044,Exact,3339,333,BUSINESS SERVICES AGENTS NOT ELSEWHERE CLASSIFIED,customer_communication,A client is ready to proceed but is misunderstanding a payment or performance term in the agreement. How would you explain it without overselling the deal or giving assurances that are not in the contract?,MASCO2020
E9-Q-1045,Exact,3339,333,BUSINESS SERVICES AGENTS NOT ELSEWHERE CLASSIFIED,problem_solving,"Just before an agreement is due to be signed, the counterparty requests a material change to the service scope. What would you verify before allowing the deal to move forward?",MASCO2020
E9-Q-1046,Exact,3339,333,BUSINESS SERVICES AGENTS NOT ELSEWHERE CLASSIFIED,customer_communication,"After a contract is signed, one party misses an agreed obligation or milestone. How would you follow up while protecting your client's position?",MASCO2020
E9-Q-1047,Exact,3411,341,LEGAL AND RELATED ASSOCIATE PROFESSIONALS,administrative_accuracy,A record used in legal and related associate professional work does not match another source. How would you verify the discrepancy and leave a clear record of the resolution?,MASCO2020
E9-Q-1048,Exact,3411,341,LEGAL AND RELATED ASSOCIATE PROFESSIONALS,administrative_accuracy,Important information for legal and related associate professional work is incomplete. What would you confirm before the work moves forward?,MASCO2020
E9-Q-1049,Exact,3411,341,LEGAL AND RELATED ASSOCIATE PROFESSIONALS,administrative_accuracy,Two records supporting legal and related associate professional work show different details. How would you establish which information is current?,MASCO2020
E9-Q-1050,Exact,3411,341,LEGAL AND RELATED ASSOCIATE PROFESSIONALS,administrative_accuracy,A late correction affects information already used in legal and related associate professional work. How would you update the record and make the change traceable?,MASCO2020
E9-Q-1051,Exact,3411,341,LEGAL AND RELATED ASSOCIATE PROFESSIONALS,administrative_accuracy,A key detail in legal and related associate professional work was entered differently in two places. How would you correct it without losing traceability?,MASCO2020
E9-Q-1052,Exact,3511,351,INFORMATION,technical_judgement,"While monitoring routine ICT operations, you notice repeated short failures on a peripheral device even though users report that it is currently working. How would you investigate before deciding the issue is resolved?",MASCO2020
E9-Q-1053,Exact,3511,351,INFORMATION,problem_solving,"During a shift you receive a routine preventive-maintenance task, a user request involving a shared peripheral, and a monitoring alert suggesting degraded system performance. How would you decide what to handle first?",MASCO2020
E9-Q-1054,Exact,3511,351,INFORMATION,technical_judgement,"After routine maintenance on an ICT system or attached equipment, what would you verify before returning it to normal operation?",MASCO2020
E9-Q-1055,Exact,3511,351,INFORMATION,technical_judgement,"A monitoring console shows a performance warning, but there is no obvious user-visible outage. How would you decide whether to keep watching, investigate immediately or escalate?",MASCO2020
E9-Q-1056,Exact,3511,351,INFORMATION,administrative_accuracy,You are handing over an ICT operations shift after dealing with several equipment warnings and maintenance tasks. What would you record so the next technician can continue monitoring effectively?,MASCO2020
E9-Q-1057,Exact,3512,351,INFORMATION AND COMMUNICATIONS TECHNOLOGY USER SUPPORT,problem_solving,"A user says, 'My computer is slow,' but cannot describe when it happens. How would you turn that complaint into enough information to begin diagnosing the problem?",MASCO2020
E9-Q-1058,Exact,3512,351,INFORMATION AND COMMUNICATIONS TECHNOLOGY USER SUPPORT,technical_judgement,"A user can open an application but one key function fails on their workstation, while the same function works for another user. How would you narrow down the cause?",MASCO2020
E9-Q-1059,Exact,3512,351,INFORMATION AND COMMUNICATIONS TECHNOLOGY USER SUPPORT,technical_judgement,"After installing or replacing a peripheral for a user, how would you verify that the job is actually complete before closing the support request?",MASCO2020
E9-Q-1060,Exact,3512,351,INFORMATION AND COMMUNICATIONS TECHNOLOGY USER SUPPORT,stakeholder_communication,A frustrated user contacts support for the third time about an intermittent hardware or software problem that has not been reproduced consistently. How would you handle the conversation and the case?,MASCO2020
E9-Q-1061,Exact,3512,351,INFORMATION AND COMMUNICATIONS TECHNOLOGY USER SUPPORT,problem_solving,"You have one user unable to work because their workstation will not start, several users reporting a minor application issue, and a scheduled software installation. How would you sequence the work?",MASCO2020
E9-Q-1062,Exact,3513,351,COMPUTER NETWORK AND SYSTEMS TECHNICIANS,technical_judgement,Users on one office segment can reach local resources but not a shared service that users on another segment can reach. How would you structure the troubleshooting without changing multiple network settings at once?,MASCO2020
E9-Q-1063,Exact,3513,351,COMPUTER NETWORK AND SYSTEMS TECHNICIANS,technical_judgement,A network device is still passing traffic but its monitoring data shows increasing errors over several hours. How would you decide whether to keep observing it or arrange intervention?,MASCO2020
E9-Q-1064,Exact,3513,351,COMPUTER NETWORK AND SYSTEMS TECHNICIANS,technical_judgement,"After a planned network maintenance change, what evidence would you use to decide that service has been restored successfully?",MASCO2020
E9-Q-1065,Exact,3513,351,COMPUTER NETWORK AND SYSTEMS TECHNICIANS,stakeholder_communication,"A department reports that 'the network is down,' but your monitoring shows the core network is healthy. How would you communicate while you investigate the actual scope?",MASCO2020
E9-Q-1066,Exact,3513,351,COMPUTER NETWORK AND SYSTEMS TECHNICIANS,problem_solving,A network fault appears to involve both local equipment and a service managed by another technical team. How would you coordinate the investigation so the case does not bounce between teams?,MASCO2020
E9-Q-1067,Exact,3514,351,WEB TECHNICIANS,technical_judgement,"A public website is still reachable, but monitoring shows response times increasing and intermittent server errors. How would you decide what to investigate and when to escalate?",MASCO2020
E9-Q-1068,Exact,3514,351,WEB TECHNICIANS,technical_judgement,"After a web server or website maintenance change, how would you verify that the service is usable rather than simply confirming that the server is running?",MASCO2020
E9-Q-1069,Exact,3514,351,WEB TECHNICIANS,administrative_accuracy,"A recurring website incident was fixed during the previous shift, but the documentation only says 'service restored.' What operational details would you add before treating the record as complete?",MASCO2020
E9-Q-1070,Exact,3514,351,WEB TECHNICIANS,safety_judgement,You notice an unexpected change to a website's security-related settings while carrying out routine support. You are not authorised to redesign the security configuration. What would you do?,MASCO2020
E9-Q-1071,Exact,3514,351,WEB TECHNICIANS,problem_solving,"You have a planned documentation update, a minor content-display issue on an internal site, and a reliability alert affecting a public website. How would you prioritise the work?",MASCO2020
E9-Q-1072,Exact,3521,352,BROADCASTING AND AUDIO-VISUAL TECHNICIANS,administrative_accuracy,"A record used in handling the installation of audio-visual equipment, providing amplifier facilities and loud audio- visual equipment does not match another source. How would you verify the discrepancy and leave a clear record of the resolution?",MASCO2020
E9-Q-1073,Exact,3521,352,BROADCASTING AND AUDIO-VISUAL TECHNICIANS,stakeholder_communication,"A delay affects handling the installation of audio-visual equipment, providing amplifier facilities and loud audio- visual equipment. How would you explain the impact and agree on the next step with the people involved?",MASCO2020
E9-Q-1074,Exact,3521,352,BROADCASTING AND AUDIO-VISUAL TECHNICIANS,administrative_accuracy,Important information for broadcasting and audio-visual technical work is incomplete. What would you confirm before the work moves forward?,MASCO2020
E9-Q-1075,Exact,3521,352,BROADCASTING AND AUDIO-VISUAL TECHNICIANS,administrative_accuracy,Two records supporting carrying out post-production work and copying the collection of media materials show different details. How would you establish which information is current?,MASCO2020
E9-Q-1076,Exact,3521,352,BROADCASTING AND AUDIO-VISUAL TECHNICIANS,learning_reflection,"Tell me about a time you improved how you handled broadcasting and audio-visual technical work. What did you change, and what showed you it worked?",MASCO2020
E9-Q-1077,Exact,3522,352,TELECOMMUNICATIONS ENGINEERING TECHNICIANS,technical_judgement,"You receive conflicting technical information about providing technical assistance connected with research and development of telecommunications equipment, or prototype testing. How would you decide which information is reliable before proceeding?",MASCO2020
E9-Q-1078,Exact,3522,352,TELECOMMUNICATIONS ENGINEERING TECHNICIANS,customer_communication,A customer request changes the requirements for telecommunications engineering technical work. How would you clarify expectations and explain any constraint?,MASCO2020
E9-Q-1079,Exact,3522,352,TELECOMMUNICATIONS ENGINEERING TECHNICIANS,customer_communication,A customer is unhappy with progress in telecommunications engineering technical work. How would you explain the situation and agree on a workable next step?,MASCO2020
E9-Q-1080,Exact,3522,352,TELECOMMUNICATIONS ENGINEERING TECHNICIANS,problem_solving,A recurring problem is affecting telecommunications engineering technical work. How would you isolate the cause and decide on the next step?,MASCO2020
E9-Q-1081,Exact,3522,352,TELECOMMUNICATIONS ENGINEERING TECHNICIANS,quality_control,"An output from providing technical assistance connected with research and development of telecommunications equipment, or prototype testing does not meet the expected standard. How would you investigate the cause and confirm the correction?",MASCO2020
E9-Q-1082,Exact,3611,361,SOCIAL WORK ASSOCIATE PROFESSIONALS,customer_communication,"A client asks for help with several problems at once, but the information they provide is incomplete and some needs appear more urgent than others. How would you structure the first conversation and decide what information to gather?",MASCO2020
E9-Q-1083,Exact,3611,361,SOCIAL WORK ASSOCIATE PROFESSIONALS,customer_communication,"A client believes they are automatically entitled to a particular social assistance service, but the information you have is not enough to confirm that. How would you explain the situation?",MASCO2020
E9-Q-1084,Exact,3611,361,SOCIAL WORK ASSOCIATE PROFESSIONALS,customer_communication,"Two support options could address a client's immediate problem, but one requires regular travel that the client has already said is difficult. How would you compare the options with the client?",MASCO2020
E9-Q-1085,Exact,3611,361,SOCIAL WORK ASSOCIATE PROFESSIONALS,customer_communication,"A community assistance programme is receiving good attendance numbers, but several clients report that the service does not address their main needs. How would you evaluate whether the programme is actually working?",MASCO2020
E9-Q-1086,Exact,3611,361,SOCIAL WORK ASSOCIATE PROFESSIONALS,customer_communication,You need to hand a client's case to another social service worker because you will be unavailable. What would you include so the handover is useful but does not contain unnecessary personal detail?,MASCO2020
E9-Q-1087,Exact,3612,361,RELIGIOUS ASSOCIATE PROFESSIONALS,problem_solving,"You are assisting with a worship service or religious rite, and the order of activities changes shortly before it begins. How would you make sure the people supporting the service are aligned?",MASCO2020
E9-Q-1088,Exact,3612,361,RELIGIOUS ASSOCIATE PROFESSIONALS,problem_solving,A member of the religious community asks you to organise an activity but gives only a broad description of what they want. What would you clarify before making arrangements?,MASCO2020
E9-Q-1089,Exact,3612,361,RELIGIOUS ASSOCIATE PROFESSIONALS,stakeholder_communication,Someone attending a religious programme asks you for guidance on a serious personal matter that goes beyond your role and training. How would you respond while still being supportive?,MASCO2020
E9-Q-1090,Exact,3612,361,RELIGIOUS ASSOCIATE PROFESSIONALS,problem_solving,"When preparing to present the teachings of your faith to a group with very different levels of familiarity, how would you decide what material and language to use?",MASCO2020
E9-Q-1091,Exact,3612,361,RELIGIOUS ASSOCIATE PROFESSIONALS,technical_judgement,"After a community religious programme, participation was high but several volunteers were unclear about their responsibilities. How would you review the programme before running it again?",MASCO2020
E9-Q-1092,Exact,3621,362,ATHLETES AND SPORTS PLAYERS,problem_solving,"After a competition, your result is below expectation even though your preparation felt strong. How would you review the performance and turn it into changes for the next training cycle?",MASCO2020
E9-Q-1093,Exact,3621,362,ATHLETES AND SPORTS PLAYERS,problem_solving,"You have a competition approaching, but your training week also includes technical work, conditioning, recovery and team commitments. How would you decide where to put your effort?",MASCO2020
E9-Q-1094,Exact,3621,362,ATHLETES AND SPORTS PLAYERS,technical_judgement,"During a competition, an opponent or opposing team uses a pattern you did not expect from preparation. How would you adapt while staying within your team's or coach's game plan?",MASCO2020
E9-Q-1095,Exact,3621,362,ATHLETES AND SPORTS PLAYERS,problem_solving,"In a team sport, your individual role changes because a teammate is unavailable shortly before competition. How would you prepare for the revised role?",MASCO2020
E9-Q-1096,Exact,3621,362,ATHLETES AND SPORTS PLAYERS,stakeholder_communication,"After a disappointing result, you are asked for a media interview before you have had a full team debrief. How would you represent your performance and the team?",MASCO2020
E9-Q-1097,Exact,3622,362,"SPORTS COACHES, INSTRUCTORS AND OFFICIALS",problem_solving,You inherit a team with mixed ability levels and only a short period before competition. How would you identify the most important strengths and weaknesses to address first?,MASCO2020
E9-Q-1098,Exact,3622,362,"SPORTS COACHES, INSTRUCTORS AND OFFICIALS",problem_solving,"A training plan requires several athletes, a shared facility and support staff, but the facility time is reduced at short notice. How would you reorganise the session?",MASCO2020
E9-Q-1099,Exact,3622,362,"SPORTS COACHES, INSTRUCTORS AND OFFICIALS",technical_judgement,"An athlete is completing every planned training session, but the performance issue you targeted is not improving. How would you decide whether to change your coaching approach?",MASCO2020
E9-Q-1100,Exact,3622,362,"SPORTS COACHES, INSTRUCTORS AND OFFICIALS",technical_judgement,"As a sports official, you have to make a decision on an incident you saw only partially, while another official had a better view. How would you handle the call under the event's established officiating process?",MASCO2020
E9-Q-1101,Exact,3622,362,"SPORTS COACHES, INSTRUCTORS AND OFFICIALS",stakeholder_communication,A player or parent strongly disagrees with your coaching or officiating decision immediately after an event. How would you respond without turning the disagreement into a confrontation?,MASCO2020
E9-Q-1102,Exact,3623,362,FITNESS AND RECREATION INSTRUCTORS AND PROGRAMME LEADERS,problem_solving,A new participant says they want to 'get fitter' but gives no other detail. What would you clarify before recommending which of your available fitness or recreation activities would suit them?,MASCO2020
E9-Q-1103,Exact,3623,362,FITNESS AND RECREATION INSTRUCTORS AND PROGRAMME LEADERS,problem_solving,"During a group fitness or recreation session, you notice that the environment or equipment no longer matches the conditions the activity was planned for. How would you decide whether to continue, modify or stop the activity?",MASCO2020
E9-Q-1104,Exact,3623,362,FITNESS AND RECREATION INSTRUCTORS AND PROGRAMME LEADERS,technical_judgement,"A recreation programme has strong attendance, but participants with lower ability levels are dropping out after the first few sessions. How would you review the programme?",MASCO2020
E9-Q-1105,Exact,3623,362,FITNESS AND RECREATION INSTRUCTORS AND PROGRAMME LEADERS,problem_solving,You are leading an outdoor recreation activity with several participants and another instructor. What would you agree before starting so supervision and participant accountability are clear?,MASCO2020
E9-Q-1106,Exact,3623,362,FITNESS AND RECREATION INSTRUCTORS AND PROGRAMME LEADERS,stakeholder_communication,"A participant wants to join an activity that you believe is beyond their current demonstrated ability, and they are unhappy when you suggest a different option. How would you handle the conversation?",MASCO2020
E9-Q-1107,Exact,3631,363,PHOTOGRAPHERS,customer_communication,A client asks you to cover an event but gives only a broad request for “good photos.” How would you turn that into a workable photography brief before the assignment starts?,MASCO2020
E9-Q-1108,Exact,3631,363,PHOTOGRAPHERS,technical_judgement,"During an assignment, the location changes from bright outdoor light to a dim indoor space while important moments continue. How would you adjust your approach so the coverage remains usable and consistent?",MASCO2020
E9-Q-1109,Exact,3631,363,PHOTOGRAPHERS,technical_judgement,"You have finished a large set of event photographs that must be edited, captioned and sent for reference and retention. What checks would you make before delivery?",MASCO2020
E9-Q-1110,Exact,3631,363,PHOTOGRAPHERS,problem_solving,"While covering a formal programme, two important activities begin at the same time in different parts of the venue. How would you decide what to photograph and how would you manage the missed coverage risk?",MASCO2020
E9-Q-1111,Exact,3631,363,PHOTOGRAPHERS,customer_communication,"After you deliver an edited photo set, the client says the images do not reflect the tone they expected, even though the key activities were covered. How would you handle the feedback?",MASCO2020
E9-Q-1112,Exact,3632,363,INTERIOR DESIGNERS AND DECORATORS,customer_communication,"A client wants a small room to feel open and premium, but also asks for more storage, more seating and several decorative features. How would you turn those competing requests into a design direction?",MASCO2020
E9-Q-1113,Exact,3632,363,INTERIOR DESIGNERS AND DECORATORS,technical_judgement,"Your measured site dimensions do not match the floor plan you were given, and the difference affects built-in furniture and circulation. What would you do before finalising the interior layout?",MASCO2020
E9-Q-1114,Exact,3632,363,INTERIOR DESIGNERS AND DECORATORS,customer_communication,"A client strongly prefers a furniture arrangement that looks balanced in the presentation, but it makes everyday movement through the room awkward. How would you handle the design decision?",MASCO2020
E9-Q-1115,Exact,3632,363,INTERIOR DESIGNERS AND DECORATORS,technical_judgement,A finish sample supplied for an interior project looks noticeably different from the material and colour approved in the design presentation. How would you deal with it before installation?,MASCO2020
E9-Q-1116,Exact,3632,363,INTERIOR DESIGNERS AND DECORATORS,customer_communication,"Late in an interior fit-out, the client requests a layout change that affects furniture placement and decorative elements already being prepared. How would you coordinate the change?",MASCO2020
E9-Q-1117,Exact,3633,363,"GALLERY, MUSEUM AND LIBRARY ASSOCIATE PROFESSIONALS",administrative_accuracy,A box of archival or collection material arrives with several items whose labels do not match the accompanying register. How would you receive and register the material without creating unreliable records?,MASCO2020
E9-Q-1118,Exact,3633,363,"GALLERY, MUSEUM AND LIBRARY ASSOCIATE PROFESSIONALS",technical_judgement,"A researcher requests an archival item, but the reference number they provide points to a different description in the register. What checks would you make before releasing or retrieving anything?",MASCO2020
E9-Q-1119,Exact,3633,363,"GALLERY, MUSEUM AND LIBRARY ASSOCIATE PROFESSIONALS",technical_judgement,"While preparing objects for a gallery display, you notice that one item appears to have a condition problem that was not mentioned in the display plan. How would you proceed?",MASCO2020
E9-Q-1120,Exact,3633,363,"GALLERY, MUSEUM AND LIBRARY ASSOCIATE PROFESSIONALS",administrative_accuracy,"A gallery display change has a fixed opening time, but several labels, object records and physical display preparations are still incomplete. How would you prioritise the remaining work?",MASCO2020
E9-Q-1121,Exact,3633,363,"GALLERY, MUSEUM AND LIBRARY ASSOCIATE PROFESSIONALS",stakeholder_communication,A curator asks for a last-minute change to the objects or order in a display after registration and labels have already been prepared. How would you manage the change?,MASCO2020
E9-Q-1122,Exact,3634,363,ARTISTIC AND CULTURAL ASSOCIATE PROFESSIONALS,problem_solving,"During a rehearsal for a stage or screen production, the director changes the running order and several performers are still working from the earlier sequence. How would you help the production move to the revised order?",MASCO2020
E9-Q-1123,Exact,3634,363,ARTISTIC AND CULTURAL ASSOCIATE PROFESSIONALS,technical_judgement,A musical rehearsal is underway and an arrangement is not working well for the available performers or instruments. How would you support the musicians in adapting it while keeping the intended musical result?,MASCO2020
E9-Q-1124,Exact,3634,363,ARTISTIC AND CULTURAL ASSOCIATE PROFESSIONALS,administrative_accuracy,"Before a live performance or recorded take, you notice that the performers are using two different versions of the same material. What would you do?",MASCO2020
E9-Q-1125,Exact,3634,363,ARTISTIC AND CULTURAL ASSOCIATE PROFESSIONALS,problem_solving,A production is close to performance time and there is not enough rehearsal time to revisit every weak section. How would you help decide what should be rehearsed again first?,MASCO2020
E9-Q-1126,Exact,3634,363,ARTISTIC AND CULTURAL ASSOCIATE PROFESSIONALS,stakeholder_communication,"A performer says a staging instruction is unclear, while the director believes the instruction has already been explained. How would you help resolve the misunderstanding during rehearsal?",MASCO2020
E9-Q-1127,Exact,3639,363,ARTISTIC AND CULTURAL ASSOCIATE PROFESSIONALS NOT ELSEWHERE,problem_solving,A rehearsal or production schedule changes at short notice and several performers and crew members are affected. How would you reorganise the work so the director's priorities are met without losing track of dependencies?,MASCO2020
E9-Q-1128,Exact,3639,363,ARTISTIC AND CULTURAL ASSOCIATE PROFESSIONALS NOT ELSEWHERE,problem_solving,"During a production, the director's creative instruction conflicts with a practical constraint reported by the crew. How would you clarify what should happen next without letting the disagreement stall the work?",MASCO2020
E9-Q-1129,Exact,3639,363,ARTISTIC AND CULTURAL ASSOCIATE PROFESSIONALS NOT ELSEWHERE,problem_solving,"Several production tasks are running late, and one delay is about to hold up performers who are ready to work. How would you decide what to re-sequence or reassign?",MASCO2020
E9-Q-1130,Exact,3639,363,ARTISTIC AND CULTURAL ASSOCIATE PROFESSIONALS NOT ELSEWHERE,problem_solving,"A busy production is being handed from one team member or shift to another. What information would you make sure is captured so performers, cues and outstanding production tasks are not missed?",MASCO2020
E9-Q-1131,Exact,3639,363,ARTISTIC AND CULTURAL ASSOCIATE PROFESSIONALS NOT ELSEWHERE,technical_judgement,"You notice that a prepared production element does not match what was agreed for the scene, but correcting it may affect the schedule. How would you raise the issue and help the team decide whether to correct, adapt or proceed?",MASCO2020
E9-Q-1132,Exact,3641,364,CHEFS,administrative_accuracy,A record used in work carried out by chefs does not match another source. How would you verify the discrepancy and leave a clear record of the resolution?,MASCO2020
E9-Q-1133,Exact,3641,364,CHEFS,administrative_accuracy,Important information for work carried out by chefs is incomplete. What would you confirm before the work moves forward?,MASCO2020
E9-Q-1134,Exact,3641,364,CHEFS,stakeholder_communication,A delay affects work carried out by chefs. How would you explain the impact and agree on the next step with the people involved?,MASCO2020
E9-Q-1135,Exact,3641,364,CHEFS,stakeholder_communication,Different stakeholders want different outcomes from work carried out by chefs. How would you clarify priorities and keep expectations realistic?,MASCO2020
E9-Q-1136,Exact,3641,364,CHEFS,administrative_accuracy,Two records supporting work carried out by chefs show different details. How would you establish which information is current?,MASCO2020
E9-Q-1137,Exact,3711,371,CUSTOMS AND BORDER INSPECTOR ASSOCIATE PROFESSIONALS,technical_judgement,"You receive conflicting technical information about examining immigration applications, visas and passports and interviewing persons to determine eligibility for admission. How would you decide which information is reliable before proceeding?",MASCO2020
E9-Q-1138,Exact,3711,371,CUSTOMS AND BORDER INSPECTOR ASSOCIATE PROFESSIONALS,customer_communication,"A customer request changes the requirements for examining immigration applications, visas and passports and interviewing persons to determine eligibility for admission. How would you clarify expectations and explain any constraint?",MASCO2020
E9-Q-1139,Exact,3711,371,CUSTOMS AND BORDER INSPECTOR ASSOCIATE PROFESSIONALS,customer_communication,"A customer is unhappy with progress in examining immigration applications, visas and passports and interviewing persons to determine eligibility for admission. How would you explain the situation and agree on a workable next step?",MASCO2020
E9-Q-1140,Exact,3711,371,CUSTOMS AND BORDER INSPECTOR ASSOCIATE PROFESSIONALS,problem_solving,"A recurring problem is affecting examining immigration applications, visas and passports and interviewing persons to determine eligibility for admission. How would you isolate the cause and decide on the next step?",MASCO2020
E9-Q-1141,Exact,3711,371,CUSTOMS AND BORDER INSPECTOR ASSOCIATE PROFESSIONALS,quality_control,"An output from examining immigration applications, visas and passports and interviewing persons to determine eligibility for admission does not meet the expected standard. How would you investigate the cause and confirm the correction?",MASCO2020
E9-Q-1142,Exact,3712,371,TAXATION AND EXCISE OFFICIAL ASSOCIATE PROFESSIONALS,quality_control,"An output from applying tax legislation to companies, partnerships, organisations and individuals does not meet the expected standard. How would you investigate the cause and confirm the correction?",MASCO2020
E9-Q-1143,Exact,3712,371,TAXATION AND EXCISE OFFICIAL ASSOCIATE PROFESSIONALS,administrative_accuracy,A record used in examining accounts and researching background of materials can proceed does not match another source. How would you verify the discrepancy and leave a clear record of the resolution?,MASCO2020
E9-Q-1144,Exact,3712,371,TAXATION AND EXCISE OFFICIAL ASSOCIATE PROFESSIONALS,quality_control,You notice inconsistent results in taxation and excise official associate professional work. What would you check to decide whether the problem is isolated or recurring?,MASCO2020
E9-Q-1145,Exact,3712,371,TAXATION AND EXCISE OFFICIAL ASSOCIATE PROFESSIONALS,quality_control,"Before accepting or handing over work from taxation and excise official associate professional work, what would you verify?",MASCO2020
E9-Q-1146,Exact,3712,371,TAXATION AND EXCISE OFFICIAL ASSOCIATE PROFESSIONALS,quality_control,A recurring quality issue is affecting taxation and excise official associate professional work. How would you trace the source and check that the fix holds?,MASCO2020
E9-Q-1147,Exact,3713,371,GOVERNMENT SOCIAL BENEFIT OFFICIAL ASSOCIATE PROFESSIONALS,administrative_accuracy,A record used in assisting in enforcing related procedure of regulations and laws on social organisations does not match another source. How would you verify the discrepancy and leave a clear record of the resolution?,MASCO2020
E9-Q-1148,Exact,3713,371,GOVERNMENT SOCIAL BENEFIT OFFICIAL ASSOCIATE PROFESSIONALS,administrative_accuracy,Important information for assisting in enforcing related procedure of regulations and laws on social organisations is incomplete. What would you confirm before the work moves forward?,MASCO2020
E9-Q-1149,Exact,3713,371,GOVERNMENT SOCIAL BENEFIT OFFICIAL ASSOCIATE PROFESSIONALS,administrative_accuracy,Two records supporting government social benefit official associate professional work show different details. How would you establish which information is current?,MASCO2020
E9-Q-1150,Exact,3713,371,GOVERNMENT SOCIAL BENEFIT OFFICIAL ASSOCIATE PROFESSIONALS,administrative_accuracy,A late correction affects information already used in government social benefit official associate professional work. How would you update the record and make the change traceable?,MASCO2020
E9-Q-1151,Exact,3713,371,GOVERNMENT SOCIAL BENEFIT OFFICIAL ASSOCIATE PROFESSIONALS,administrative_accuracy,A key detail in government social benefit official associate professional work was entered differently in two places. How would you correct it without losing traceability?,MASCO2020
E9-Q-1152,Exact,3714,371,GOVERNMENT LICENSING OFFICIAL ASSOCIATE PROFESSIONALS,technical_judgement,You receive conflicting technical information about government licensing official associate professional work. How would you decide which information is reliable before proceeding?,MASCO2020
E9-Q-1153,Exact,3714,371,GOVERNMENT LICENSING OFFICIAL ASSOCIATE PROFESSIONALS,problem_solving,A recurring problem is affecting government licensing official associate professional work. How would you isolate the cause and decide on the next step?,MASCO2020
E9-Q-1154,Exact,3714,371,GOVERNMENT LICENSING OFFICIAL ASSOCIATE PROFESSIONALS,customer_communication,A customer request changes the requirements for government licensing official associate professional work. How would you clarify expectations and explain any constraint?,MASCO2020
E9-Q-1155,Exact,3714,371,GOVERNMENT LICENSING OFFICIAL ASSOCIATE PROFESSIONALS,problem_solving,Something in government licensing official associate professional work is not working as expected. What would you check before choosing a solution?,MASCO2020
E9-Q-1156,Exact,3714,371,GOVERNMENT LICENSING OFFICIAL ASSOCIATE PROFESSIONALS,quality_control,An output from government licensing official associate professional work does not meet the expected standard. How would you investigate the cause and confirm the correction?,MASCO2020
E9-Q-1157,Exact,3715,371,POLICE OFFICERS,safety_judgement,You receive conflicting information about work carried out by police officers. How would you verify the authoritative requirement and decide whether the work should pause or be referred?,MASCO2020
E9-Q-1158,Exact,3715,371,POLICE OFFICERS,safety_judgement,"A concern arises in work carried out by police officers. How would you describe the facts, stay within your authority, and obtain the appropriate review?",MASCO2020
E9-Q-1159,Exact,3715,371,POLICE OFFICERS,safety_judgement,"A change affects work carried out by police officers, but the safe or authorised response is not yet clear. What would you verify before work continues?",MASCO2020
E9-Q-1160,Exact,3715,371,POLICE OFFICERS,safety_judgement,An unresolved issue affects work carried out by police officers. How would you hand over the facts and make sure the responsible person can take the next decision?,MASCO2020
E9-Q-1161,Exact,3715,371,POLICE OFFICERS,safety_judgement,A routine decision in work carried out by police officers reaches the limit of your authority. How would you document the facts and route it to the right person?,MASCO2020
E9-Q-1162,Exact,3716,371,CIVIL DEFENCE ASSOCIATE PROFESSIONALS,administrative_accuracy,"A change affects work carried out by civil defence associate professionals, but the safe or authorised response is not yet clear. What would you verify before work continues?",MASCO2020
E9-Q-1163,Exact,3716,371,CIVIL DEFENCE ASSOCIATE PROFESSIONALS,stakeholder_communication,An unresolved issue affects work carried out by civil defence associate professionals. How would you hand over the facts and make sure the responsible person can take the next decision?,MASCO2020
E9-Q-1164,Exact,3716,371,CIVIL DEFENCE ASSOCIATE PROFESSIONALS,technical_judgement,A routine decision in work carried out by civil defence associate professionals reaches the limit of your authority. How would you document the facts and route it to the right person?,MASCO2020
E9-Q-1165,Exact,3716,371,CIVIL DEFENCE ASSOCIATE PROFESSIONALS,problem_solving,You receive conflicting information about work carried out by civil defence associate professionals. How would you verify the authoritative requirement and decide whether the work should pause or be referred?,MASCO2020
E9-Q-1166,Exact,3716,371,CIVIL DEFENCE ASSOCIATE PROFESSIONALS,learning_reflection,"A concern arises in work carried out by civil defence associate professionals. How would you describe the facts, stay within your authority, and obtain the appropriate review?",MASCO2020
E9-Q-1167,Exact,4111,411,GENERAL OFFICE CLERKS,problem_solving,"A monthly report total does not match the figures in the supporting files, and the report is due shortly. How would you trace and correct the discrepancy?",MASCO2020
E9-Q-1168,Exact,4111,411,GENERAL OFFICE CLERKS,administrative_accuracy,You discover that the same document has been filed under two different reference numbers. How would you determine the correct record and prevent confusion?,MASCO2020
E9-Q-1169,Exact,4111,411,GENERAL OFFICE CLERKS,problem_solving,"You have incoming mail to register, a report due today and a colleague asking for older files needed for a meeting in one hour. How would you organise the work?",MASCO2020
E9-Q-1170,Exact,4111,411,GENERAL OFFICE CLERKS,technical_judgement,A spreadsheet used for a routine statistical report contains several blank cells where you would normally expect values. What would you do before producing the report?,MASCO2020
E9-Q-1171,Exact,4111,411,GENERAL OFFICE CLERKS,problem_solving,"An urgent document arrives for a manager who is out of office, and the normal procedure does not say who should receive that type of item in their absence. How would you handle it?",MASCO2020
E9-Q-1172,Exact,4121,412,SECRETARIES (GENERAL),problem_solving,You are preparing meeting minutes and your notes are clear about the decision but not about who owns one follow-up action. What would you do before issuing the minutes?,MASCO2020
E9-Q-1173,Exact,4121,412,SECRETARIES (GENERAL),technical_judgement,"A senior manager sends you a report to format for external circulation, but the document contains inconsistent dates, headings and version references. How would you handle it?",MASCO2020
E9-Q-1174,Exact,4121,412,SECRETARIES (GENERAL),problem_solving,"Two executives ask you to arrange meetings in the same limited time window, and both describe their meeting as urgent. How would you decide what to schedule first?",MASCO2020
E9-Q-1175,Exact,4121,412,SECRETARIES (GENERAL),problem_solving,"You are asked to 'prepare the papers for tomorrow's meeting,' but no one has confirmed the agenda, attendee list or final document versions. What would you clarify first?",MASCO2020
E9-Q-1176,Exact,4121,412,SECRETARIES (GENERAL),problem_solving,"An external visitor arrives for an appointment that is in the executive's calendar, but the executive is unexpectedly delayed and has not given instructions. How would you manage the situation?",MASCO2020
E9-Q-1177,Exact,4131,413,TYPISTS,problem_solving,"You receive a rough draft with handwritten corrections, inserted paragraphs and inconsistent formatting. How would you turn it into a clean final document without accidentally changing the author's meaning?",MASCO2020
E9-Q-1178,Exact,4131,413,TYPISTS,administrative_accuracy,"After typing a document from a voice recording, what checks would you perform before sending it for approval, especially where names, numbers or punctuation are hard to hear?",MASCO2020
E9-Q-1179,Exact,4131,413,TYPISTS,problem_solving,"A requester asks you to 'type this up neatly' but gives no instruction on headings, numbering or how to treat handwritten additions. What would you clarify before starting?",MASCO2020
E9-Q-1180,Exact,4131,413,TYPISTS,problem_solving,"You have three typing jobs due the same afternoon: a short corrected letter waiting for signature, a long transcript from audio, and a report whose source pages are still arriving. How would you sequence the work?",MASCO2020
E9-Q-1181,Exact,4131,413,TYPISTS,technical_judgement,You notice that the source material uses the same person's name in two different spellings. How would you handle that when preparing the final typed document?,MASCO2020
E9-Q-1182,Exact,4132,413,DATA ENTRY CLERKS,problem_solving,"You are entering information from a batch of forms and one handwritten field is unclear, but the system requires a value. What would you do?",MASCO2020
E9-Q-1183,Exact,4132,413,DATA ENTRY CLERKS,administrative_accuracy,"After entering a large batch of numerical records, you notice several values that look unusually high compared with the source documents around them. How would you verify the batch?",MASCO2020
E9-Q-1184,Exact,4132,413,DATA ENTRY CLERKS,technical_judgement,You receive two source documents that appear to describe the same transaction but contain different amounts. How would you handle the data capture?,MASCO2020
E9-Q-1185,Exact,4132,413,DATA ENTRY CLERKS,prioritisation,"You have a large backlog of documents to enter, and some are needed for an earlier processing deadline than the rest. How would you organise the work without sacrificing accuracy?",MASCO2020
E9-Q-1186,Exact,4132,413,DATA ENTRY CLERKS,administrative_accuracy,A source file has been corrected after you already entered its records into the database. How would you update the data while making sure the final entries match the revised source?,MASCO2020
E9-Q-1187,Exact,4211,421,BANK TELLERS AND RELATED CLERKS,customer_communication,"A customer hands you cash for a deposit, but the amount you count does not match the amount written on the deposit instruction. What would you do before posting the transaction?",MASCO2020
E9-Q-1188,Exact,4211,421,BANK TELLERS AND RELATED CLERKS,customer_communication,A customer is frustrated because a transfer cannot be completed from the information they have provided. How would you explain what is missing without promising an outcome you cannot guarantee?,MASCO2020
E9-Q-1189,Exact,4211,421,BANK TELLERS AND RELATED CLERKS,technical_judgement,"Before finalising a cash withdrawal, which details would you verify to make sure the transaction is being posted to the correct account and for the correct amount?",MASCO2020
E9-Q-1190,Exact,4211,421,BANK TELLERS AND RELATED CLERKS,administrative_accuracy,"At the end of your shift, your teller balance is short by a small amount. How would you investigate the difference without altering records just to make the balance match?",MASCO2020
E9-Q-1191,Exact,4211,421,BANK TELLERS AND RELATED CLERKS,customer_communication,A queue is building while one customer has a complicated payment problem that may take time to resolve. How would you keep the counter moving without dismissing that customer's issue?,MASCO2020
E9-Q-1192,Exact,4212,421,"BOOKMAKERS, CROUPIERS AND RELATED GAMING WORKERS",administrative_accuracy,"During a table game, the recorded stake on a betting position does not match what you remember seeing before the outcome was determined. What would you do before any payout is made?",MASCO2020
E9-Q-1193,Exact,4212,421,"BOOKMAKERS, CROUPIERS AND RELATED GAMING WORKERS",problem_solving,"If betting activity on an event changes sharply just before bets close, how would you decide whether the published odds or acceptance limits need review within your role?",MASCO2020
E9-Q-1194,Exact,4212,421,"BOOKMAKERS, CROUPIERS AND RELATED GAMING WORKERS",problem_solving,"A winning ticket or betting slip is presented for payment, but one printed detail is difficult to read. How would you verify whether and how it should be paid?",MASCO2020
E9-Q-1195,Exact,4212,421,"BOOKMAKERS, CROUPIERS AND RELATED GAMING WORKERS",stakeholder_communication,A player disputes the result of a game and insists you pay them immediately. How would you handle the conversation while protecting the integrity of the game?,MASCO2020
E9-Q-1196,Exact,4212,421,"BOOKMAKERS, CROUPIERS AND RELATED GAMING WORKERS",administrative_accuracy,"Before opening a gaming table or taking bets, what would you check to make sure the game materials, records and starting position are ready for accurate play and settlement?",MASCO2020
E9-Q-1197,Exact,4213,421,PAWNBROKERS AND MONEY-LENDERS,customer_communication,"A customer offers an item as a pledge, but its condition and authenticity are not clear enough for you to support a confident valuation. How would you handle the lending decision?",MASCO2020
E9-Q-1198,Exact,4213,421,PAWNBROKERS AND MONEY-LENDERS,administrative_accuracy,A customer disputes the amount recorded as outstanding on a pledged item and insists that the counter record is wrong. How would you handle the conversation and verification?,MASCO2020
E9-Q-1199,Exact,4213,421,PAWNBROKERS AND MONEY-LENDERS,administrative_accuracy,"A customer comes to redeem a pledged article, but one identifier on the item does not match the identifier in the transaction record. What would you verify before releasing anything?",MASCO2020
E9-Q-1200,Exact,4213,421,PAWNBROKERS AND MONEY-LENDERS,problem_solving,"A pledged item has reached the point where the business's approved non-payment process may apply, but the transaction file is missing part of its history. How would you handle the case before any further action is taken?",MASCO2020
E9-Q-1201,Exact,4213,421,PAWNBROKERS AND MONEY-LENDERS,problem_solving,"For a personal-loan application based on expected future revenue, the applicant's supporting information contains figures that do not reconcile. How would you assess the application without guessing at the missing numbers?",MASCO2020
E9-Q-1202,Exact,4214,421,DEBT AND RENT COLLECTORS AND RELATED WORKERS,customer_communication,A customer you contact about an overdue payment says the amount is wrong and becomes frustrated. How would you handle the conversation?,MASCO2020
E9-Q-1203,Exact,4214,421,DEBT AND RENT COLLECTORS AND RELATED WORKERS,administrative_accuracy,"A customer makes a payment, but the amount shown in the collection record does not match the amount you received or were notified of. What would you do before closing the case?",MASCO2020
E9-Q-1204,Exact,4214,421,DEBT AND RENT COLLECTORS AND RELATED WORKERS,customer_communication,A customer says they cannot pay the overdue amount now and asks to pay at a later date. How would you handle the request within your role?,MASCO2020
E9-Q-1205,Exact,4214,421,DEBT AND RENT COLLECTORS AND RELATED WORKERS,problem_solving,You are assigned a large number of overdue accounts with different contact dates and promised payment dates. How would you decide which cases to work first?,MASCO2020
E9-Q-1206,Exact,4214,421,DEBT AND RENT COLLECTORS AND RELATED WORKERS,customer_communication,"During a collection call, the customer becomes abusive and the conversation is no longer productive. How would you respond?",MASCO2020
E9-Q-1207,Exact,4311,431,ACCOUNTING AND BOOK-KEEPING CLERKS,technical_judgement,"An invoice total is mathematically correct, but the account code on the document does not match the type of expense shown in the supporting information. What would you do before posting it?",MASCO2020
E9-Q-1208,Exact,4311,431,ACCOUNTING AND BOOK-KEEPING CLERKS,technical_judgement,You are reviewing a batch of entries in the accounting system and the ledger total does not agree with the source summary you were given. How would you trace the difference?,MASCO2020
E9-Q-1209,Exact,4311,431,ACCOUNTING AND BOOK-KEEPING CLERKS,administrative_accuracy,"While summarising monthly financial data, you find that one expense category has increased sharply. As an accounting clerk, how would you check whether the increase is real or caused by recording issues?",MASCO2020
E9-Q-1210,Exact,4311,431,ACCOUNTING AND BOOK-KEEPING CLERKS,technical_judgement,You notice that the same supplier document appears to have been entered twice under slightly different descriptions. How would you handle it?,MASCO2020
E9-Q-1211,Exact,4311,431,ACCOUNTING AND BOOK-KEEPING CLERKS,technical_judgement,A new accounting-system import has placed several transactions into an unexpected account category. How would you determine whether the problem is with the import or with the source data?,MASCO2020
E9-Q-1212,Exact,4312,431,"STATISTICAL, FINANCE AND INSURANCE CLERKS",technical_judgement,"You are compiling a statistical return from several routine sources, but two sources use different reporting periods for what appears to be the same measure. How would you prevent a misleading total?",MASCO2020
E9-Q-1213,Exact,4312,431,"STATISTICAL, FINANCE AND INSURANCE CLERKS",problem_solving,"While updating an annual budget, you find that a requested allocation would exceed the amount remaining in that budget line. What would you do?",MASCO2020
E9-Q-1214,Exact,4312,431,"STATISTICAL, FINANCE AND INSURANCE CLERKS",problem_solving,An employee earnings statement does not match the attendance or leave information used to prepare it. How would you investigate the discrepancy before payment is prepared?,MASCO2020
E9-Q-1215,Exact,4312,431,"STATISTICAL, FINANCE AND INSURANCE CLERKS",administrative_accuracy,"Before an electronic batch of employee or benefit payments is released, you find that several payment amounts do not match the approved records. What would you do?",MASCO2020
E9-Q-1216,Exact,4312,431,"STATISTICAL, FINANCE AND INSURANCE CLERKS",prioritisation,A payroll or finance processing deadline is approaching when a late approved attendance change arrives for one employee. How would you handle the update without losing control of the rest of the batch?,MASCO2020
E9-Q-1217,Exact,4321,432,STOCK CLERKS,administrative_accuracy,A record used in controlling receipt and dispatch of goods and keeping relevant records does not match another source. How would you verify the discrepancy and leave a clear record of the resolution?,MASCO2020
E9-Q-1218,Exact,4321,432,STOCK CLERKS,administrative_accuracy,Important information for stock clerical work is incomplete. What would you confirm before the work moves forward?,MASCO2020
E9-Q-1219,Exact,4321,432,STOCK CLERKS,administrative_accuracy,Two records supporting stock clerical work show different details. How would you establish which information is current?,MASCO2020
E9-Q-1220,Exact,4321,432,STOCK CLERKS,administrative_accuracy,A late correction affects information already used in stock clerical work. How would you update the record and make the change traceable?,MASCO2020
E9-Q-1221,Exact,4321,432,STOCK CLERKS,administrative_accuracy,A key detail in controlling receipt and dispatch of goods and keeping relevant records was entered differently in two places. How would you correct it without losing traceability?,MASCO2020
E9-Q-1222,Exact,4322,432,PRODUCTION CLERKS,administrative_accuracy,A record used in production clerical work does not match another source. How would you verify the discrepancy and leave a clear record of the resolution?,MASCO2020
E9-Q-1223,Exact,4322,432,PRODUCTION CLERKS,stakeholder_communication,A delay affects production clerical work. How would you explain the impact and agree on the next step with the people involved?,MASCO2020
E9-Q-1224,Exact,4322,432,PRODUCTION CLERKS,technical_judgement,You receive conflicting technical information about production clerical work. How would you decide which information is reliable before proceeding?,MASCO2020
E9-Q-1225,Exact,4322,432,PRODUCTION CLERKS,problem_solving,A recurring problem is affecting production clerical work. How would you isolate the cause and decide on the next step?,MASCO2020
E9-Q-1226,Exact,4322,432,PRODUCTION CLERKS,learning_reflection,"Tell me about a time you improved how you handled production clerical work. What did you change, and what showed you it worked?",MASCO2020
E9-Q-1227,Exact,4323,432,TRANSPORT CLERKS,administrative_accuracy,A record used in transport clerical work does not match another source. How would you verify the discrepancy and leave a clear record of the resolution?,MASCO2020
E9-Q-1228,Exact,4323,432,TRANSPORT CLERKS,administrative_accuracy,Important information for coordinating the timing of passenger and freight transport to the appropriate authority is incomplete. What would you confirm before the work moves forward?,MASCO2020
E9-Q-1229,Exact,4323,432,TRANSPORT CLERKS,administrative_accuracy,Two records supporting transport clerical work show different details. How would you establish which information is current?,MASCO2020
E9-Q-1230,Exact,4323,432,TRANSPORT CLERKS,administrative_accuracy,A late correction affects information already used in transport clerical work. How would you update the record and make the change traceable?,MASCO2020
E9-Q-1231,Exact,4323,432,TRANSPORT CLERKS,administrative_accuracy,A key detail in transport clerical work was entered differently in two places. How would you correct it without losing traceability?,MASCO2020
E9-Q-1232,Exact,4411,441,LIBRARY CLERKS,problem_solving,"A returned library item scans as belonging to one branch, but the physical label suggests another location. How would you decide where it should be routed or shelved?",MASCO2020
E9-Q-1233,Exact,4411,441,LIBRARY CLERKS,stakeholder_communication,A user says a book shown as available cannot be found on the shelf. How would you help them and what would you check before concluding it is missing?,MASCO2020
E9-Q-1234,Exact,4411,441,LIBRARY CLERKS,technical_judgement,"While reshelving, you notice several books in the same section are consistently out of call-number order. How would you correct the section without creating new shelving errors?",MASCO2020
E9-Q-1235,Exact,4411,441,LIBRARY CLERKS,problem_solving,"At the service desk you have a queue of borrowers, a cart of returned books that should be reshelved, and a request to locate an item for another staff member. How would you prioritise these tasks?",MASCO2020
E9-Q-1236,Exact,4411,441,LIBRARY CLERKS,administrative_accuracy,"When issuing or receiving a library item, what would you verify so the borrower record and the item's circulation status stay accurate?",MASCO2020
E9-Q-1237,Exact,4412,441,MAIL CARRIERS AND SORTING CLERKS,problem_solving,You are sorting a batch of outgoing mail and find an envelope whose written destination conflicts with the internal dispatch label. How would you handle it?,MASCO2020
E9-Q-1238,Exact,4412,441,MAIL CARRIERS AND SORTING CLERKS,problem_solving,"A dispatch cutoff is approaching, but you still have registered items, routine internal mail and several pieces with incomplete addresses. How would you organise the remaining work?",MASCO2020
E9-Q-1239,Exact,4412,441,MAIL CARRIERS AND SORTING CLERKS,administrative_accuracy,"Before handing over a batch of recorded or tracked mail to the next stage, what would you verify in the dispatch record?",MASCO2020
E9-Q-1240,Exact,4412,441,MAIL CARRIERS AND SORTING CLERKS,problem_solving,A piece of incoming mail has a clear recipient name but the department or delivery point no longer exists. How would you route it without simply guessing?,MASCO2020
E9-Q-1241,Exact,4412,441,MAIL CARRIERS AND SORTING CLERKS,technical_judgement,You notice that one sorting bay is repeatedly receiving mail for a neighbouring route. What would you check to stop the error recurring?,MASCO2020
E9-Q-1242,Exact,4413,441,"CODING, PROOF-READING AND RELATED CLERKS",technical_judgement,You are assigning classification codes from source forms and one form contains information that could fit two different codes. How would you decide what to enter?,MASCO2020
E9-Q-1243,Exact,4413,441,"CODING, PROOF-READING AND RELATED CLERKS",technical_judgement,"When proof-reading material prepared for printing, how would you make sure your corrections reflect differences from the original rather than personal rewriting preferences?",MASCO2020
E9-Q-1244,Exact,4413,441,"CODING, PROOF-READING AND RELATED CLERKS",administrative_accuracy,"A batch of forms has already been coded, but you notice the same source response has been assigned different codes on several records. How would you investigate the inconsistency?",MASCO2020
E9-Q-1245,Exact,4413,441,"CODING, PROOF-READING AND RELATED CLERKS",problem_solving,"A printed proof contains a missing line, but the surrounding text has also shifted so several later line breaks no longer match the original. How would you mark the problem so production can fix it correctly?",MASCO2020
E9-Q-1246,Exact,4413,441,"CODING, PROOF-READING AND RELATED CLERKS",testing_verification,"You have one urgent proof awaiting release, a large routine coding batch, and several forms with ambiguous information that need clarification. How would you organise the work?",MASCO2020
E9-Q-1247,Exact,4414,441,SCRIBES AND RELATED WORKERS,problem_solving,A person asks you to complete an official form for them but describes their situation in a way that does not clearly match the form's options. How would you help without choosing an answer on their behalf?,MASCO2020
E9-Q-1248,Exact,4414,441,SCRIBES AND RELATED WORKERS,problem_solving,"When writing a letter on behalf of someone who cannot write it themselves, how would you make sure the final letter reflects their message rather than your own wording or assumptions?",MASCO2020
E9-Q-1249,Exact,4414,441,SCRIBES AND RELATED WORKERS,customer_communication,A client becomes embarrassed because they cannot understand a letter they have received. How would you explain it in a respectful way while avoiding advice outside your role?,MASCO2020
E9-Q-1250,Exact,4414,441,SCRIBES AND RELATED WORKERS,technical_judgement,"Before handing back a completed form you have written for someone else, what would you check with them?",MASCO2020
E9-Q-1251,Exact,4414,441,SCRIBES AND RELATED WORKERS,prioritisation,"Someone brings you several letters and asks for help responding, but it is unclear which one has the earliest deadline. How would you organise the documents and decide what to handle first?",MASCO2020
E9-Q-1252,Exact,4415,441,FILING AND COPYING CLERKS,administrative_accuracy,"A file request gives a person's name but not the reference number, and there are two records with the same name. How would you locate the correct file without returning the wrong person's documents?",MASCO2020
E9-Q-1253,Exact,4415,441,FILING AND COPYING CLERKS,technical_judgement,"While filing invoices numerically, you discover that a block of documents has been placed under the wrong number range. How would you correct it and make sure nothing is lost?",MASCO2020
E9-Q-1254,Exact,4415,441,FILING AND COPYING CLERKS,administrative_accuracy,You are asked to scan a signed document into an electronic record. What would you verify before disposing of or returning the paper original?,MASCO2020
E9-Q-1255,Exact,4415,441,FILING AND COPYING CLERKS,problem_solving,"A requested file is not in its expected cabinet, but the index still shows it as available. How would you trace it?",MASCO2020
E9-Q-1256,Exact,4415,441,FILING AND COPYING CLERKS,problem_solving,You have a large backlog of routine filing when an authorised colleague requests documents needed for a meeting starting shortly. How would you balance the retrieval request with the backlog?,MASCO2020
E9-Q-1257,Exact,4416,441,PERSONNEL CLERKS,administrative_accuracy,A newly appointed employee's personnel record is missing one item that is normally required before the record is complete. How would you handle the file and the employee's start documentation?,MASCO2020
E9-Q-1258,Exact,4416,441,PERSONNEL CLERKS,administrative_accuracy,"Before updating an employee's leave balance from an approved request, what would you verify to avoid changing the wrong record or period?",MASCO2020
E9-Q-1259,Exact,4416,441,PERSONNEL CLERKS,administrative_accuracy,"An applicant asks why they were not selected for promotion, but your role is only to process the application and communicate the recorded outcome. How would you respond?",MASCO2020
E9-Q-1260,Exact,4416,441,PERSONNEL CLERKS,administrative_accuracy,You find that an employee's personnel file shows two different salary figures effective from the same date. How would you resolve the record discrepancy?,MASCO2020
E9-Q-1261,Exact,4416,441,PERSONNEL CLERKS,stakeholder_communication,"On the same morning you have onboarding records for today's starters, routine personnel updates, and several employment applications awaiting processing. How would you prioritise the work?",MASCO2020
E9-Q-1262,Exact,4419,441,CLERICAL SUPPORT WORKERS NOT ELSEWHERE CLASSIFIED,prioritisation,"You are helping prepare a catalogue or advertisement for publication, and the latest copy sent by a contributor conflicts with the version in the shared working folder. The deadline is close. How would you verify which version should move forward without silently choosing or rewriting content yourself?",MASCO2020
E9-Q-1263,Exact,4419,441,CLERICAL SUPPORT WORKERS NOT ELSEWHERE CLASSIFIED,campaign_judgement,"A supervisor asks you to consolidate figures from several units into an economic-management or marketing update. Two source sheets show different values for the same item, and one sheet has no clear reporting date. What would you do before entering anything into the final update?",MASCO2020
E9-Q-1264,Exact,4419,441,CLERICAL SUPPORT WORKERS NOT ELSEWHERE CLASSIFIED,technical_judgement,"While supporting preparation of a periodical, you notice that several captions and item references no longer match the material they point to after a layout revision. How would you check the problem and hand over corrections before publication?",MASCO2020
E9-Q-1265,Exact,4419,441,CLERICAL SUPPORT WORKERS NOT ELSEWHERE CLASSIFIED,problem_solving,"You are assigned to support a theory-and-practical teaching session, but the instructor changes the running order shortly before the session starts. How would you update the supporting materials and logistics while making sure instructional decisions remain with the instructor?",MASCO2020
E9-Q-1266,Exact,4419,441,CLERICAL SUPPORT WORKERS NOT ELSEWHERE CLASSIFIED,campaign_judgement,"On the same day, you have a publication pack that must be prepared for review, a unit marketing update waiting for verified figures, and a scheduled teaching-support session. If you cannot complete all three at the requested times, how would you decide what to do first and communicate the conflict?",MASCO2020
E9-Q-1267,Exact,5111,511,TRAVEL ATTENDANTS AND TRAVEL STEWARDS,stakeholder_communication,"During boarding, you notice that a passenger has placed an item where it could interfere with required cabin safety conditions. How would you handle it?",MASCO2020
E9-Q-1268,Exact,5111,511,TRAVEL ATTENDANTS AND TRAVEL STEWARDS,stakeholder_communication,A passenger is upset because the meal or service item they expected is unavailable. How would you respond while continuing service to the rest of the cabin?,MASCO2020
E9-Q-1269,Exact,5111,511,TRAVEL ATTENDANTS AND TRAVEL STEWARDS,safety_judgement,"Several passengers call for assistance at once: one has a seating issue, one wants general travel information, and another reports a condition that may affect safety. How would you decide what to address first?",MASCO2020
E9-Q-1270,Exact,5111,511,TRAVEL ATTENDANTS AND TRAVEL STEWARDS,technical_judgement,"Before passengers are settled for departure, what would you personally check in your assigned area to confirm it is ready?",MASCO2020
E9-Q-1271,Exact,5111,511,TRAVEL ATTENDANTS AND TRAVEL STEWARDS,stakeholder_communication,"A passenger asks you a question about a delay, but the crew has not yet received a confirmed update. What would you say?",MASCO2020
E9-Q-1272,Exact,5112,511,TRANSPORT CONDUCTORS,technical_judgement,A passenger presents a ticket that appears valid for the route but not for the current service or time. How would you verify it before deciding what action to take?,MASCO2020
E9-Q-1273,Exact,5112,511,TRANSPORT CONDUCTORS,problem_solving,While moving through the vehicle you notice a passenger behaviour or obstruction that could affect safe travel. How would you respond within a conductor's role?,MASCO2020
E9-Q-1274,Exact,5112,511,TRANSPORT CONDUCTORS,stakeholder_communication,A passenger has boarded the wrong service and only realises after departure. How would you help them without making promises about connections you cannot control?,MASCO2020
E9-Q-1275,Exact,5112,511,TRANSPORT CONDUCTORS,problem_solving,"During a busy stop you need to check tickets, answer a passenger query and complete a required departure-related check. How would you prioritise?",MASCO2020
E9-Q-1276,Exact,5112,511,TRANSPORT CONDUCTORS,administrative_accuracy,Your ticket or fare record for a trip does not reconcile with the transactions you remember handling. How would you check the discrepancy before closing the duty?,MASCO2020
E9-Q-1277,Exact,5113,511,TRAVEL GUIDES,problem_solving,You arrive with a tour group and discover that the attraction's confirmed entry time has changed. How would you adjust the itinerary while protecting the rest of the day's bookings?,MASCO2020
E9-Q-1278,Exact,5113,511,TRAVEL GUIDES,stakeholder_communication,A tourist asks a detailed question about a site and you are not confident your answer is correct. How would you respond?,MASCO2020
E9-Q-1279,Exact,5113,511,TRAVEL GUIDES,problem_solving,One guest is repeatedly falling behind during a walking tour while the group must reach a timed reservation. How would you balance that guest's needs with the group schedule?,MASCO2020
E9-Q-1280,Exact,5113,511,TRAVEL GUIDES,technical_judgement,"Before departing for a day's tour, what would you verify about transport, accommodation or attraction reservations and the group list?",MASCO2020
E9-Q-1281,Exact,5113,511,TRAVEL GUIDES,problem_solving,A road closure makes the planned route between two tour stops unusable. How would you decide what to change?,MASCO2020
E9-Q-1282,Exact,5121,512,COOKS,administrative_accuracy,"A record used in planning meals and menus, ordering food supplies and preparing and cooking food does not match another source. How would you verify the discrepancy and leave a clear record of the resolution?",MASCO2020
E9-Q-1283,Exact,5121,512,COOKS,quality_control,An output from work carried out by cooks does not meet the expected standard. How would you investigate the cause and confirm the correction?,MASCO2020
E9-Q-1284,Exact,5121,512,COOKS,technical_judgement,You receive conflicting technical information about work carried out by cooks. How would you decide which information is reliable before proceeding?,MASCO2020
E9-Q-1285,Exact,5121,512,COOKS,quality_control,You notice inconsistent results in work carried out by cooks. What would you check to decide whether the problem is isolated or recurring?,MASCO2020
E9-Q-1286,Exact,5121,512,COOKS,quality_control,"Before accepting or handing over work from work carried out by cooks, what would you verify?",MASCO2020
E9-Q-1287,Exact,5131,513,WAITERS,problem_solving,"A recurring problem is affecting setting tables with clean linen, cutlery, crockery and glassware. How would you isolate the cause and decide on the next step?",MASCO2020
E9-Q-1288,Exact,5131,513,WAITERS,stakeholder_communication,A delay affects setting and arranging tables and escorting guests to their tables. How would you explain the impact and agree on the next step with the people involved?,MASCO2020
E9-Q-1289,Exact,5131,513,WAITERS,technical_judgement,You receive conflicting technical information about work carried out by waiters. How would you decide which information is reliable before proceeding?,MASCO2020
E9-Q-1290,Exact,5131,513,WAITERS,problem_solving,Something in work carried out by waiters is not working as expected. What would you check before choosing a solution?,MASCO2020
E9-Q-1291,Exact,5131,513,WAITERS,learning_reflection,"Tell me about a time you improved how you handled work carried out by waiters. What did you change, and what showed you it worked?",MASCO2020
E9-Q-1292,Exact,5132,513,BARTENDERS,administrative_accuracy,A record used in work carried out by bartenders does not match another source. How would you verify the discrepancy and leave a clear record of the resolution?,MASCO2020
E9-Q-1293,Exact,5132,513,BARTENDERS,administrative_accuracy,Important information for work carried out by bartenders is incomplete. What would you confirm before the work moves forward?,MASCO2020
E9-Q-1294,Exact,5132,513,BARTENDERS,customer_communication,A customer request changes the requirements for work carried out by bartenders. How would you clarify expectations and explain any constraint?,MASCO2020
E9-Q-1295,Exact,5132,513,BARTENDERS,customer_communication,A customer is unhappy with progress in work carried out by bartenders. How would you explain the situation and agree on a workable next step?,MASCO2020
E9-Q-1296,Exact,5132,513,BARTENDERS,customer_communication,You need information from a customer before work in setting and arranging tables and escorting guests to their tables can continue. How would you ask for it clearly and avoid unnecessary delay?,MASCO2020
E9-Q-1297,Exact,5141,514,HAIRDRESSERS,customer_communication,"A client asks for 'a shorter, cleaner version' of their current haircut but cannot describe how much length they want removed. How would you clarify the result before cutting?",MASCO2020
E9-Q-1298,Exact,5141,514,HAIRDRESSERS,customer_communication,"After completing a haircut, what would you check before showing the final result to the client?",MASCO2020
E9-Q-1299,Exact,5141,514,HAIRDRESSERS,customer_communication,"During a colour or scalp service, a client reports unexpected burning or severe discomfort. What would you do?",MASCO2020
E9-Q-1300,Exact,5141,514,HAIRDRESSERS,customer_communication,"A client's hair behaves differently from what you expected once it is washed and sectioned, making the agreed style difficult to achieve exactly. How would you handle the situation?",MASCO2020
E9-Q-1301,Exact,5141,514,HAIRDRESSERS,customer_communication,A client brings a wig for fitting and says it feels secure in one area but uncomfortable in another. How would you check the fit before making adjustments?,MASCO2020
E9-Q-1302,Exact,5142,514,BEAUTICIANS AND RELATED WORKERS,customer_communication,A client books a facial or cosmetic service but describes the result only as wanting to 'look fresher.' How would you clarify what service outcome they actually expect?,MASCO2020
E9-Q-1303,Exact,5142,514,BEAUTICIANS AND RELATED WORKERS,customer_communication,"During a beauty treatment, the client develops unexpected irritation or says the area feels unusually painful. How would you respond?",MASCO2020
E9-Q-1304,Exact,5142,514,BEAUTICIANS AND RELATED WORKERS,technical_judgement,"When applying make-up for a stage or show, how would you check that the finished look matches the brief rather than only looking good at close range?",MASCO2020
E9-Q-1305,Exact,5142,514,BEAUTICIANS AND RELATED WORKERS,customer_communication,A client asks for a beauty treatment result that you cannot responsibly promise from the service they booked. How would you handle the conversation?,MASCO2020
E9-Q-1306,Exact,5142,514,BEAUTICIANS AND RELATED WORKERS,customer_communication,"Before beginning a facial or body beauty treatment, what would you verify about the client request, products and service area?",MASCO2020
E9-Q-1307,Exact,5151,515,"CLEANING AND HOUSEKEEPING SUPERVISORS IN OFFICES, HOTELS AND",problem_solving,A housekeeping shift starts with fewer staff than planned while several guest rooms or office areas must be ready by fixed times. How would you reallocate the team?,MASCO2020
E9-Q-1308,Exact,5151,515,"CLEANING AND HOUSEKEEPING SUPERVISORS IN OFFICES, HOTELS AND",debugging,Your inspections keep finding the same cleanliness defect in areas completed by one part of the housekeeping team. How would you address the recurring issue?,MASCO2020
E9-Q-1309,Exact,5151,515,"CLEANING AND HOUSEKEEPING SUPERVISORS IN OFFICES, HOTELS AND",problem_solving,"A frequently used housekeeping supply is running down faster than expected, but the next scheduled purchase is still some time away. How would you decide what to reorder and what to investigate first?",MASCO2020
E9-Q-1310,Exact,5151,515,"CLEANING AND HOUSEKEEPING SUPERVISORS IN OFFICES, HOTELS AND",problem_solving,The storeroom count for housekeeping supplies does not match the quantities shown as issued to staff. How would you reconcile the discrepancy?,MASCO2020
E9-Q-1311,Exact,5151,515,"CLEANING AND HOUSEKEEPING SUPERVISORS IN OFFICES, HOTELS AND",leadership,A new cleaner can complete tasks quickly but repeatedly misses parts of the required housekeeping standard. How would you coach and assess them before assigning them independent work?,MASCO2020
E9-Q-1312,Exact,5152,515,DOMESTIC HOUSEKEEPERS,problem_solving,"A household has guests arriving in two hours, routine cleaning is incomplete, and one domestic staff member has called in sick. How would you reorganise the work?",MASCO2020
E9-Q-1313,Exact,5152,515,DOMESTIC HOUSEKEEPERS,administrative_accuracy,You are checking household supply stocks and the physical quantity of an item does not match the amount recorded. How would you reconcile it before ordering more?,MASCO2020
E9-Q-1314,Exact,5152,515,DOMESTIC HOUSEKEEPERS,stakeholder_communication,"Several household tasks compete for the same morning: linen must be ready for bedrooms, groceries need receiving, and a non-urgent storage cupboard needs reorganising. How would you sequence them?",MASCO2020
E9-Q-1315,Exact,5152,515,DOMESTIC HOUSEKEEPERS,technical_judgement,"After a staff member finishes preparing a guest room, what would you inspect before considering the room ready?",MASCO2020
E9-Q-1316,Exact,5152,515,DOMESTIC HOUSEKEEPERS,stakeholder_communication,The household requests a supply purchase that exceeds the amount you are normally authorised to spend. How would you handle it?,MASCO2020
E9-Q-1317,Exact,5153,515,BUILDING CARETAKERS,problem_solving,A cleaner reports a water leak in a common area while a maintenance contractor is already working elsewhere in the building. How would you coordinate the response within your role?,MASCO2020
E9-Q-1318,Exact,5153,515,BUILDING CARETAKERS,technical_judgement,"A contractor says a maintenance job is complete, but the area still does not meet the building's expected condition. How would you verify the work before signing it off?",MASCO2020
E9-Q-1319,Exact,5153,515,BUILDING CARETAKERS,stakeholder_communication,A tenant complains about repeated noise from another occupant. How would you address the complaint without escalating the conflict unnecessarily?,MASCO2020
E9-Q-1320,Exact,5153,515,BUILDING CARETAKERS,problem_solving,"You start the day with routine cleaning checks, a broken light in a low-use area, and a report that an entrance door is not closing properly. What would you address first and why?",MASCO2020
E9-Q-1321,Exact,5153,515,BUILDING CARETAKERS,technical_judgement,"After a simple building repair or cleaning correction has been completed, what would you check before reopening the area to normal use?",MASCO2020
E9-Q-1322,Exact,5161,516,"ASTROLOGERS, FORTUNE-TELLERS AND RELATED WORKERS",customer_communication,A client asks for an astrology or fortune-telling reading but provides incomplete or conflicting birth or event details that your usual method relies on. How would you handle the session?,MASCO2020
E9-Q-1323,Exact,5161,516,"ASTROLOGERS, FORTUNE-TELLERS AND RELATED WORKERS",customer_communication,Two parts of your usual interpretive method appear to point in different directions for the same client question. How would you present the reading?,MASCO2020
E9-Q-1324,Exact,5161,516,"ASTROLOGERS, FORTUNE-TELLERS AND RELATED WORKERS",customer_communication,"A client asks you to choose an auspicious date for an important event, but none of the available dates fully match the preferences they originally gave you. How would you handle the discussion?",MASCO2020
E9-Q-1325,Exact,5161,516,"ASTROLOGERS, FORTUNE-TELLERS AND RELATED WORKERS",financial_analysis,"A client wants to make a major medical, legal or financial decision solely because of your reading. How would you respond while staying within the scope of this occupation?",MASCO2020
E9-Q-1326,Exact,5161,516,"ASTROLOGERS, FORTUNE-TELLERS AND RELATED WORKERS",customer_communication,You are preparing several client readings and discover that two clients' notes have been mixed together. What would you do before continuing?,MASCO2020
E9-Q-1327,Exact,5162,516,COMPANIONS AND VALETS,problem_solving,Your employer's planned day changes at short notice and now includes overlapping appointments and travel between locations. How would you reorganise the practical arrangements while keeping the employer informed?,MASCO2020
E9-Q-1328,Exact,5162,516,COMPANIONS AND VALETS,stakeholder_communication,Visitors arrive at the employer's home earlier than expected while the employer is not ready to receive them. How would you handle the situation?,MASCO2020
E9-Q-1329,Exact,5162,516,COMPANIONS AND VALETS,technical_judgement,"Before an important engagement, you notice that an item from the employer's prepared wardrobe is missing from where it is normally kept. How would you resolve the issue without creating further confusion among personal effects?",MASCO2020
E9-Q-1330,Exact,5162,516,COMPANIONS AND VALETS,problem_solving,"Your employer gives a brief instruction about preparing personal belongings for a trip, but it is unclear which events or activities are included. How would you clarify the request before packing or arranging items?",MASCO2020
E9-Q-1331,Exact,5162,516,COMPANIONS AND VALETS,stakeholder_communication,"Another household staff member hands over a change concerning the employer's visitors, clothing or schedule, but the message is incomplete. How would you make sure the handover is reliable before acting on it?",MASCO2020
E9-Q-1332,Exact,5163,516,UNDERTAKERS AND EMBALMERS,administrative_accuracy,"When a family gives funeral instructions that are incomplete or appear to conflict with an earlier recorded request, how would you clarify the arrangements before confirming suppliers or service times?",MASCO2020
E9-Q-1333,Exact,5163,516,UNDERTAKERS AND EMBALMERS,problem_solving,"A funeral service involves a venue, transport and a cremation or burial time that must align closely. How would you manage the handoffs so one delay does not create confusion for the family?",MASCO2020
E9-Q-1334,Exact,5163,516,UNDERTAKERS AND EMBALMERS,administrative_accuracy,"Before a deceased person is transferred or a funeral service proceeds, what records or identity details would you verify to reduce the risk of a serious identification or instruction error?",MASCO2020
E9-Q-1335,Exact,5163,516,UNDERTAKERS AND EMBALMERS,stakeholder_communication,A bereaved family asks for a change very close to the service time that may not be possible. How would you handle the request?,MASCO2020
E9-Q-1336,Exact,5163,516,UNDERTAKERS AND EMBALMERS,problem_solving,"If you are asked to perform or continue a preparation task involving human remains but the required authorisation, equipment status or procedure is unclear, what would you do?",MASCO2020
E9-Q-1337,Exact,5164,516,PET GROOMERS AND ANIMAL CARE WORKERS,problem_solving,"A dog that was calm at check-in becomes increasingly distressed when grooming starts. How would you decide whether to continue, modify or stop the service?",MASCO2020
E9-Q-1338,Exact,5164,516,PET GROOMERS AND ANIMAL CARE WORKERS,problem_solving,An owner asks for a grooming style using informal terms that could mean different things to different groomers. How would you confirm the requested result before starting?,MASCO2020
E9-Q-1339,Exact,5164,516,PET GROOMERS AND ANIMAL CARE WORKERS,technical_judgement,"Before returning a groomed animal to its owner, what would you check about the animal, coat and completed service?",MASCO2020
E9-Q-1340,Exact,5164,516,PET GROOMERS AND ANIMAL CARE WORKERS,problem_solving,You discover heavy matting that was not visible at check-in and the booked grooming plan is no longer realistic. How would you handle the service?,MASCO2020
E9-Q-1341,Exact,5164,516,PET GROOMERS AND ANIMAL CARE WORKERS,technical_judgement,"When caring for several animals with different feeding or care instructions, how would you make sure each animal receives the correct routine?",MASCO2020
E9-Q-1342,Exact,5165,516,DRIVING INSTRUCTORS,safety_judgement,A learner driver repeatedly misses a safety-critical observation despite your earlier coaching. How would you decide whether to continue the planned lesson or change it?,MASCO2020
E9-Q-1343,Exact,5165,516,DRIVING INSTRUCTORS,problem_solving,"At the start of a lesson, a learner says they want to 'practise for the test' but cannot identify what they are struggling with. How would you turn that into a useful lesson plan?",MASCO2020
E9-Q-1344,Exact,5165,516,DRIVING INSTRUCTORS,learning_reflection,"A learner believes they are ready for independent driving, but their performance is still inconsistent in important areas. How would you give that feedback?",MASCO2020
E9-Q-1345,Exact,5165,516,DRIVING INSTRUCTORS,technical_judgement,How would you assess whether a learner has genuinely mastered a driving skill rather than only completing it correctly once after prompting?,MASCO2020
E9-Q-1346,Exact,5165,516,DRIVING INSTRUCTORS,problem_solving,"A lesson plan includes several skills, but unexpected traffic or road conditions make one planned exercise unsuitable. How would you adapt the lesson without wasting the session?",MASCO2020
E9-Q-1347,Exact,5169,516,PERSONAL SERVICES WORKERS NOT ELSEWHERE CLASSIFIED,problem_solving,"A guest arrives for an event or venue visit, but the booking notes do not clearly show the host arrangement or requested service. How would you clarify the situation without making the guest repeat everything unnecessarily?",MASCO2020
E9-Q-1348,Exact,5169,516,PERSONAL SERVICES WORKERS NOT ELSEWHERE CLASSIFIED,problem_solving,"During a busy event, one guest needs immediate assistance, another group is waiting to be welcomed, and the programme is about to move to the next activity. How would you prioritise your attention?",MASCO2020
E9-Q-1349,Exact,5169,516,PERSONAL SERVICES WORKERS NOT ELSEWHERE CLASSIFIED,problem_solving,A guest asks you to arrange something that falls outside the service promised by the venue or outside your authority. How would you handle the request while maintaining good guest relations?,MASCO2020
E9-Q-1350,Exact,5169,516,PERSONAL SERVICES WORKERS NOT ELSEWHERE CLASSIFIED,problem_solving,You are ending your shift while a guest arrangement is still in progress. What would you hand over to the next host or event crew member?,MASCO2020
E9-Q-1351,Exact,5169,516,PERSONAL SERVICES WORKERS NOT ELSEWHERE CLASSIFIED,stakeholder_communication,A guest is upset because an arrangement they expected is no longer available. How would you respond at the venue?,MASCO2020
E9-Q-1352,Exact,5211,521,STALL AND MARKET SALESPERSONS,campaign_judgement,You have limited stall space and several products with very different sales rates. How would you decide what to stock and how much of each item to bring for the next market day?,MASCO2020
E9-Q-1353,Exact,5211,521,STALL AND MARKET SALESPERSONS,problem_solving,A wholesaler offers you a lower unit price if you buy a much larger quantity than usual. How would you decide whether that deal actually makes sense for your stall?,MASCO2020
E9-Q-1354,Exact,5211,521,STALL AND MARKET SALESPERSONS,campaign_judgement,You arrive at a preferred market location but the conditions of the local permission are unclear about where your stall may be placed. What would you do before setting up?,MASCO2020
E9-Q-1355,Exact,5211,521,STALL AND MARKET SALESPERSONS,campaign_judgement,A supplier delivers fewer units than agreed on the morning of a busy market day. How would you adjust your stall plan without misleading customers or creating unnecessary waste?,MASCO2020
E9-Q-1356,Exact,5211,521,STALL AND MARKET SALESPERSONS,campaign_judgement,"At the end of a market day, you have a mix of sold-out items, slow sellers and some goods that are no longer in acceptable condition. How would you use that information to plan the next trading day?",MASCO2020
E9-Q-1357,Exact,5212,521,STREET FOOD SALESPERSONS,problem_solving,"You expect a short lunch rush at your street-food location, but your cart can carry only a limited amount of food and drink. How would you decide what quantities to bring?",MASCO2020
E9-Q-1358,Exact,5212,521,STREET FOOD SALESPERSONS,problem_solving,"You want to trade at a new public location, but you are not sure whether your existing permission covers that exact place. What would you do before starting sales?",MASCO2020
E9-Q-1359,Exact,5212,521,STREET FOOD SALESPERSONS,customer_communication,"After moving your cart to the selling point, some containers and drink stock have shifted during transport. What checks would you make before serving the first customer?",MASCO2020
E9-Q-1360,Exact,5212,521,STREET FOOD SALESPERSONS,customer_communication,"During a busy period, a customer orders an item that has just sold out. How would you handle the interaction while keeping the queue moving?",MASCO2020
E9-Q-1361,Exact,5212,521,STREET FOOD SALESPERSONS,technical_judgement,"You finish the day with much more of one prepared item left than expected, while another item sold out early. What would you change for the next selling session?",MASCO2020
E9-Q-1362,Exact,5231,523,CASHIERS AND TICKET CLERKS,customer_communication,A product scans at a different price from the price shown to the customer. How would you verify the correct amount before completing the transaction?,MASCO2020
E9-Q-1363,Exact,5231,523,CASHIERS AND TICKET CLERKS,problem_solving,"At the end of your shift, the cash in your drawer does not match the register total. How would you investigate the difference?",MASCO2020
E9-Q-1364,Exact,5231,523,CASHIERS AND TICKET CLERKS,customer_communication,A customer says they were given the wrong change after they have stepped away from the counter. How would you handle the claim?,MASCO2020
E9-Q-1365,Exact,5231,523,CASHIERS AND TICKET CLERKS,customer_communication,"At a ticket counter, a customer asks for an admission category but gives incomplete information about which fare or ticket type applies. What would you ask or check before taking payment?",MASCO2020
E9-Q-1366,Exact,5231,523,CASHIERS AND TICKET CLERKS,customer_communication,A queue is building while you are handling a customer whose payment is not going through clearly. How would you balance speed with transaction accuracy?,MASCO2020
E9-Q-1367,Exact,5241,524,FASHION AND OTHER MODELS,customer_communication,"A client’s brief says the garment should look “structured and energetic,” but gives little direction on movement or posing. How would you clarify what they want before the shoot or presentation starts?",MASCO2020
E9-Q-1368,Exact,5241,524,FASHION AND OTHER MODELS,problem_solving,You are modelling an outfit with an important design detail on the back that is not visible in your usual front-facing poses. How would you adapt your presentation so the garment is shown to best advantage?,MASCO2020
E9-Q-1369,Exact,5241,524,FASHION AND OTHER MODELS,problem_solving,"A stylist changes an accessory immediately before a sequence, but the photographer is still referring to the previous look. How would you prevent inconsistent takes?",MASCO2020
E9-Q-1370,Exact,5241,524,FASHION AND OTHER MODELS,problem_solving,A sample garment restricts your movement more than expected during a walk-through. How would you respond without damaging the garment or compromising the assignment?,MASCO2020
E9-Q-1371,Exact,5241,524,FASHION AND OTHER MODELS,campaign_judgement,A campaign requires the same pose and body position across several product variations. How would you keep the images visually consistent while each garment is changed?,MASCO2020
E9-Q-1372,Exact,5242,524,SALES DEMONSTRATORS,customer_communication,A customer is interested in a product but is confused about how its main feature would help them in normal use. How would you structure a demonstration?,MASCO2020
E9-Q-1373,Exact,5242,524,SALES DEMONSTRATORS,customer_communication,"During a live demonstration, the sample unit does not behave as expected. What would you do before continuing to describe the product to customers?",MASCO2020
E9-Q-1374,Exact,5242,524,SALES DEMONSTRATORS,problem_solving,You are demonstrating the same product at a trade exhibition and later in a private home. What would you change in the presentation while keeping the product information consistent?,MASCO2020
E9-Q-1375,Exact,5242,524,SALES DEMONSTRATORS,requirements_clarification,"A customer asks whether delivery, care requirements and an accessory are included in the offer, but the display card is not clear. How would you answer?",MASCO2020
E9-Q-1376,Exact,5242,524,SALES DEMONSTRATORS,customer_communication,"A customer decides to buy after your demonstration, but another team handles payment and delivery. What information would you hand over so the customer does not receive a different promise from the next person?",MASCO2020
E9-Q-1377,Exact,5243,524,DOOR-TO-DOOR SALESPERSONS,customer_communication,You introduce an offer at a customer’s home and the resident immediately says they are not interested. How would you handle the interaction?,MASCO2020
E9-Q-1378,Exact,5243,524,DOOR-TO-DOOR SALESPERSONS,problem_solving,"A resident is interested in buying, but their description of the product variant they want does not match the sample you brought. What would you confirm before taking the order?",MASCO2020
E9-Q-1379,Exact,5243,524,DOOR-TO-DOOR SALESPERSONS,problem_solving,You have visited many homes in the same area and several people asked for follow-up on different days. How would you keep those commitments organised without repeatedly contacting the wrong households?,MASCO2020
E9-Q-1380,Exact,5243,524,DOOR-TO-DOOR SALESPERSONS,administrative_accuracy,You arrive to deliver merchandise from an earlier door-to-door sale and discover that the item does not match the recorded order. What would you do?,MASCO2020
E9-Q-1381,Exact,5243,524,DOOR-TO-DOOR SALESPERSONS,problem_solving,"You have a limited time window for door-to-door visits, several promised follow-ups, and a new area you were asked to cover. How would you plan the route?",MASCO2020
E9-Q-1382,Exact,5244,524,CONTACT CENTRE SALESPERSONS,customer_communication,An incoming caller has a service question and you also see a possible sales opportunity. How would you handle the call so the customer’s original need is not lost?,MASCO2020
E9-Q-1383,Exact,5244,524,CONTACT CENTRE SALESPERSONS,administrative_accuracy,A caller wants a product but gives conflicting details about the model or service package they mean. What would you clarify before recording the sale?,MASCO2020
E9-Q-1384,Exact,5244,524,CONTACT CENTRE SALESPERSONS,customer_communication,A customer is interested but needs an in-person sales visit. What information would you capture and hand over so the field salesperson can continue without making the customer repeat everything?,MASCO2020
E9-Q-1385,Exact,5244,524,CONTACT CENTRE SALESPERSONS,administrative_accuracy,"You need to send an information package after a call, but the address in the customer record differs from the address the caller gives you. How would you handle it?",MASCO2020
E9-Q-1386,Exact,5244,524,CONTACT CENTRE SALESPERSONS,problem_solving,"A caller is interested in a service, but from the information they give you it appears to be a poor fit for what they need. How would you handle the sales opportunity?",MASCO2020
E9-Q-1387,Exact,5245,524,SERVICE STATION AND PUMP ATTENDANTS,problem_solving,A driver asks you to fill the tank but gives an unclear instruction about the fuel type and amount. What would you confirm before any fuel is dispensed?,MASCO2020
E9-Q-1388,Exact,5245,524,SERVICE STATION AND PUMP ATTENDANTS,problem_solving,"While beginning service, you notice a condition around the vehicle or pump area that you believe could make fuelling unsafe. What would you do?",MASCO2020
E9-Q-1389,Exact,5245,524,SERVICE STATION AND PUMP ATTENDANTS,customer_communication,"A customer asks you to check tyre pressure and vehicle fluids, but you are unsure whether one requested item is within the station service you are authorised to perform. How would you respond?",MASCO2020
E9-Q-1390,Exact,5245,524,SERVICE STATION AND PUMP ATTENDANTS,customer_communication,"Several vehicles arrive at once: one needs fuel, another is waiting for a windscreen clean, and a third customer is asking about a minor service. How would you organise the work?",MASCO2020
E9-Q-1391,Exact,5245,524,SERVICE STATION AND PUMP ATTENDANTS,customer_communication,"After completing a basic station service, you notice that one requested check could not be completed or confirmed. How would you hand the vehicle back to the customer?",MASCO2020
E9-Q-1392,Exact,5246,524,FOOD COUNTER ATTENDANTS,customer_communication,A customer gives a food order with several changes while a queue is forming. How would you make sure the prepared order still matches what the customer requested?,MASCO2020
E9-Q-1393,Exact,5246,524,FOOD COUNTER ATTENDANTS,customer_communication,"Several orders are waiting, one customer only needs a ready-to-serve item, and another order requires simple preparation or reheating. How would you sequence the work?",MASCO2020
E9-Q-1394,Exact,5246,524,FOOD COUNTER ATTENDANTS,technical_judgement,"Before serving, you notice that a prepared item does not look or appear to be in the condition you normally expect for sale. What would you do?",MASCO2020
E9-Q-1395,Exact,5246,524,FOOD COUNTER ATTENDANTS,customer_communication,A customer reaches the counter after waiting and the item they wanted has just sold out. How would you respond?,MASCO2020
E9-Q-1396,Exact,5246,524,FOOD COUNTER ATTENDANTS,problem_solving,"One colleague takes the order, another prepares it, and you are handing it across the counter. What checks would you use to prevent two similar orders being swapped?",MASCO2020
E9-Q-1397,Exact,5249,524,SALES WORKERS NOT ELSEWHERE CLASSIFIED,customer_communication,A customer is choosing a rental or other sales option but is focused only on the lowest price. What would you ask before recommending an item or service?,MASCO2020
E9-Q-1398,Exact,5249,524,SALES WORKERS NOT ELSEWHERE CLASSIFIED,problem_solving,You notice that the price shown on a display does not match the price in the sales or rental system. What would you do before completing the transaction?,MASCO2020
E9-Q-1399,Exact,5249,524,SALES WORKERS NOT ELSEWHERE CLASSIFIED,customer_communication,A customer has selected an item but appears unclear about delivery timing and how it should be used or cared for. How would you complete the sale?,MASCO2020
E9-Q-1400,Exact,5249,524,SALES WORKERS NOT ELSEWHERE CLASSIFIED,customer_communication,"While preparing the bill, invoice or receipt, you find that the item quantity or charge does not match what the customer agreed to. How would you resolve it?",MASCO2020
E9-Q-1401,Exact,5249,524,SALES WORKERS NOT ELSEWHERE CLASSIFIED,customer_communication,"A customer has decided on a rental or sales item, but the available stock cannot meet the requested date. How would you handle the situation?",MASCO2020
E9-Q-1402,Exact,5311,531,CHILD CARE WORKERS,problem_solving,A young child who normally manages dressing with some help suddenly refuses to get ready for the day's routine. How would you support the child without turning the task into a struggle?,MASCO2020
E9-Q-1403,Exact,5311,531,CHILD CARE WORKERS,problem_solving,"When preparing to take a group of children from the centre to an outdoor activity, you realise the attendance information and the children physically present do not match. What would you do?",MASCO2020
E9-Q-1404,Exact,5311,531,CHILD CARE WORKERS,problem_solving,"You are supervising several children when one needs help eating, another is upset, and the rest of the group still needs active supervision. How would you prioritise your response?",MASCO2020
E9-Q-1405,Exact,5311,531,CHILD CARE WORKERS,problem_solving,A planned game is not engaging the children and several are becoming restless. How would you adapt the activity while still supporting positive play?,MASCO2020
E9-Q-1406,Exact,5311,531,CHILD CARE WORKERS,stakeholder_communication,"You notice a child has been unusually withdrawn during several routine activities, but there is no clear explanation. How would you handle and communicate that observation?",MASCO2020
E9-Q-1407,Exact,5312,531,TEACHERS AIDES,learning_reflection,"Just before a classroom activity starts, the teacher changes the plan and asks you to set up a different learning task. How would you reorganise the area and materials quickly?",MASCO2020
E9-Q-1408,Exact,5312,531,TEACHERS AIDES,problem_solving,"During a teacher-led activity, one pupil is struggling to follow the task and repeatedly asks you for the answer. How would you support the pupil without taking over the teacher's role?",MASCO2020
E9-Q-1409,Exact,5312,531,TEACHERS AIDES,problem_solving,"Several pupils ask for help at the same time during a classroom activity, while the teacher is working with another group. How would you decide who to support first?",MASCO2020
E9-Q-1410,Exact,5312,531,TEACHERS AIDES,problem_solving,"While preparing an indoor or outdoor activity area, you notice a condition that could make the planned setup unsuitable for the children. What would you do?",MASCO2020
E9-Q-1411,Exact,5312,531,TEACHERS AIDES,stakeholder_communication,You notice that a pupil participates confidently in one type of activity but regularly disengages during another. How would you report this to the teacher so it is useful?,MASCO2020
E9-Q-1412,Exact,5321,532,HEALTH CARE ASSISTANTS,administrative_accuracy,"A concern arises in work carried out by health care assistants. How would you describe the facts, stay within your authority, and obtain the appropriate review?",MASCO2020
E9-Q-1413,Exact,5321,532,HEALTH CARE ASSISTANTS,stakeholder_communication,"A change affects work carried out by health care assistants, but the safe or authorised response is not yet clear. What would you verify before work continues?",MASCO2020
E9-Q-1414,Exact,5321,532,HEALTH CARE ASSISTANTS,technical_judgement,An unresolved issue affects work carried out by health care assistants. How would you hand over the facts and make sure the responsible person can take the next decision?,MASCO2020
E9-Q-1415,Exact,5321,532,HEALTH CARE ASSISTANTS,problem_solving,A routine decision in work carried out by health care assistants reaches the limit of your authority. How would you document the facts and route it to the right person?,MASCO2020
E9-Q-1416,Exact,5321,532,HEALTH CARE ASSISTANTS,learning_reflection,You receive conflicting information about work carried out by health care assistants. How would you verify the authoritative requirement and decide whether the work should pause or be referred?,MASCO2020
E9-Q-1417,Exact,5322,532,HOME-BASED PERSONAL CARE WORKERS,problem_solving,A recurring problem is affecting home-based personal care work. How would you isolate the cause and decide on the next step?,MASCO2020
E9-Q-1418,Exact,5322,532,HOME-BASED PERSONAL CARE WORKERS,stakeholder_communication,A delay affects home-based personal care work. How would you explain the impact and agree on the next step with the people involved?,MASCO2020
E9-Q-1419,Exact,5322,532,HOME-BASED PERSONAL CARE WORKERS,technical_judgement,You receive conflicting technical information about home-based personal care work. How would you decide which information is reliable before proceeding?,MASCO2020
E9-Q-1420,Exact,5322,532,HOME-BASED PERSONAL CARE WORKERS,problem_solving,Something in home-based personal care work is not working as expected. What would you check before choosing a solution?,MASCO2020
E9-Q-1421,Exact,5322,532,HOME-BASED PERSONAL CARE WORKERS,learning_reflection,"Tell me about a time you improved how you handled home-based personal care work. What did you change, and what showed you it worked?",MASCO2020
E9-Q-1422,Exact,5411,541,FIRE FIGHTERS,administrative_accuracy,An unresolved issue affects work carried out by fire fighters. How would you hand over the facts and make sure the responsible person can take the next decision?,MASCO2020
E9-Q-1423,Exact,5411,541,FIRE FIGHTERS,stakeholder_communication,A routine decision in work carried out by fire fighters reaches the limit of your authority. How would you document the facts and route it to the right person?,MASCO2020
E9-Q-1424,Exact,5411,541,FIRE FIGHTERS,technical_judgement,You receive conflicting information about work carried out by fire fighters. How would you verify the authoritative requirement and decide whether the work should pause or be referred?,MASCO2020
E9-Q-1425,Exact,5411,541,FIRE FIGHTERS,problem_solving,"A concern arises in work carried out by fire fighters. How would you describe the facts, stay within your authority, and obtain the appropriate review?",MASCO2020
E9-Q-1426,Exact,5411,541,FIRE FIGHTERS,learning_reflection,"A change affects work carried out by fire fighters, but the safe or authorised response is not yet clear. What would you verify before work continues?",MASCO2020
E9-Q-1427,Exact,5412,541,LOW RANK POLICE OFFICERS,problem_solving,"A concern arises in work carried out by low rank police officers. How would you describe the facts, stay within your authority, and obtain the appropriate review?",MASCO2020
E9-Q-1428,Exact,5412,541,LOW RANK POLICE OFFICERS,stakeholder_communication,"A change affects work carried out by low rank police officers, but the safe or authorised response is not yet clear. What would you verify before work continues?",MASCO2020
E9-Q-1429,Exact,5412,541,LOW RANK POLICE OFFICERS,technical_judgement,An unresolved issue affects work carried out by low rank police officers. How would you hand over the facts and make sure the responsible person can take the next decision?,MASCO2020
E9-Q-1430,Exact,5412,541,LOW RANK POLICE OFFICERS,problem_solving,A routine decision in work carried out by low rank police officers reaches the limit of your authority. How would you document the facts and route it to the right person?,MASCO2020
E9-Q-1431,Exact,5412,541,LOW RANK POLICE OFFICERS,learning_reflection,You receive conflicting information about work carried out by low rank police officers. How would you verify the authoritative requirement and decide whether the work should pause or be referred?,MASCO2020
E9-Q-1432,Exact,5413,541,PRISON GUARDS,safety_judgement,"A safety concern appears in work carried out by prison guards. What would you verify, and when would you stop or refer the work?",MASCO2020
E9-Q-1433,Exact,5413,541,PRISON GUARDS,administrative_accuracy,A record used in work carried out by prison guards does not match another source. How would you verify the discrepancy and leave a clear record of the resolution?,MASCO2020
E9-Q-1434,Exact,5413,541,PRISON GUARDS,safety_judgement,You notice a condition in work carried out by prison guards that may make the work unsafe. How would you respond without going beyond your authority?,MASCO2020
E9-Q-1435,Exact,5413,541,PRISON GUARDS,safety_judgement,A required safety control in work carried out by prison guards is unclear. What would you confirm before work continues?,MASCO2020
E9-Q-1436,Exact,5413,541,PRISON GUARDS,safety_judgement,An unexpected hazard affects work carried out by prison guards. How would you make the risk visible and obtain the right decision?,MASCO2020
E9-Q-1437,Exact,5414,541,SECURITY GUARDS,administrative_accuracy,"A change affects work carried out by security guards, but the safe or authorised response is not yet clear. What would you verify before work continues?",MASCO2020
E9-Q-1438,Exact,5414,541,SECURITY GUARDS,administrative_accuracy,An unresolved issue affects work carried out by security guards. How would you hand over the facts and make sure the responsible person can take the next decision?,MASCO2020
E9-Q-1439,Exact,5414,541,SECURITY GUARDS,administrative_accuracy,A routine decision in work carried out by security guards reaches the limit of your authority. How would you document the facts and route it to the right person?,MASCO2020
E9-Q-1440,Exact,5414,541,SECURITY GUARDS,administrative_accuracy,You receive conflicting information about work carried out by security guards. How would you verify the authoritative requirement and decide whether the work should pause or be referred?,MASCO2020
E9-Q-1441,Exact,5414,541,SECURITY GUARDS,administrative_accuracy,"A concern arises in work carried out by security guards. How would you describe the facts, stay within your authority, and obtain the appropriate review?",MASCO2020
E9-Q-1442,Exact,5415,541,IMMIGRATION/ CUSTOMS OFFICERS AND ASSISTANTS,technical_judgement,You receive conflicting technical information about immigration/ customs officers and support work. How would you decide which information is reliable before proceeding?,MASCO2020
E9-Q-1443,Exact,5415,541,IMMIGRATION/ CUSTOMS OFFICERS AND ASSISTANTS,problem_solving,A recurring problem is affecting immigration/ customs officers and support work. How would you isolate the cause and decide on the next step?,MASCO2020
E9-Q-1444,Exact,5415,541,IMMIGRATION/ CUSTOMS OFFICERS AND ASSISTANTS,customer_communication,A customer request changes the requirements for immigration/ customs officers and support work. How would you clarify expectations and explain any constraint?,MASCO2020
E9-Q-1445,Exact,5415,541,IMMIGRATION/ CUSTOMS OFFICERS AND ASSISTANTS,problem_solving,Something in immigration/ customs officers and support work is not working as expected. What would you check before choosing a solution?,MASCO2020
E9-Q-1446,Exact,5415,541,IMMIGRATION/ CUSTOMS OFFICERS AND ASSISTANTS,quality_control,An output from immigration/ customs officers and support work does not meet the expected standard. How would you investigate the cause and confirm the correction?,MASCO2020
E9-Q-1447,Exact,6121,612,LIVESTOCK AND DAIRY PRODUCERS,problem_solving,"You are planning the next production cycle and can increase either the number of animals or the amount of livestock product you aim to produce, but feed and housing capacity are limited. How would you decide?",MASCO2020
E9-Q-1448,Exact,6121,612,LIVESTOCK AND DAIRY PRODUCERS,quality_control,"Two fodder suppliers offer different prices, but one has more consistent quality and delivery. How would you decide which purchase is better for the livestock operation?",MASCO2020
E9-Q-1449,Exact,6121,612,LIVESTOCK AND DAIRY PRODUCERS,administrative_accuracy,"Your livestock records show a sudden drop in expected output, but the animals do not obviously appear different at first glance. How would you investigate before changing the production plan?",MASCO2020
E9-Q-1450,Exact,6121,612,LIVESTOCK AND DAIRY PRODUCERS,problem_solving,A planned fodder delivery is delayed and your existing supply will not cover the normal period. How would you respond?,MASCO2020
E9-Q-1451,Exact,6121,612,LIVESTOCK AND DAIRY PRODUCERS,technical_judgement,You are buying new animals for the farm and the available animals vary noticeably in condition and suitability for your production goal. What would you check before committing to the purchase?,MASCO2020
E9-Q-1452,Exact,6122,612,POULTRY PRODUCERS,campaign_judgement,"Market demand shifts toward a different poultry product, but your housing and labour capacity have not changed. How would you decide whether to change the number or type of poultry you produce?",MASCO2020
E9-Q-1453,Exact,6122,612,POULTRY PRODUCERS,administrative_accuracy,Your records show that weight gain is below the expected pattern for one group of poultry. How would you check the situation before deciding what to change?,MASCO2020
E9-Q-1454,Exact,6122,612,POULTRY PRODUCERS,problem_solving,You notice several birds showing unusual signs that could indicate illness or injury. What would you do within your role before normal production work continues?,MASCO2020
E9-Q-1455,Exact,6122,612,POULTRY PRODUCERS,problem_solving,A regular feed or supply delivery will arrive later than planned and the delay overlaps an important production stage. How would you protect continuity?,MASCO2020
E9-Q-1456,Exact,6122,612,POULTRY PRODUCERS,administrative_accuracy,"Your weekly records show that egg or meat output is changing, but the flock count has stayed similar. How would you use the records to decide whether this is a real production issue?",MASCO2020
E9-Q-1457,Exact,6123,612,APIARISTS AND SERICULTURISTS,problem_solving,"You can expand production of either honey-related output or silk-related output, but your labour and input budget can support only one increase. How would you decide which direction to take?",MASCO2020
E9-Q-1458,Exact,6123,612,APIARISTS AND SERICULTURISTS,quality_control,"A supplier offers cheaper feed or other rearing inputs, but the quality is less consistent than what you normally buy for your insects. How would you evaluate the offer?",MASCO2020
E9-Q-1459,Exact,6123,612,APIARISTS AND SERICULTURISTS,administrative_accuracy,Your production records show that yield losses are repeatedly appearing at the same stage for several bee colonies or silkworm batches. How would you use the records to narrow down what needs attention before expanding production?,MASCO2020
E9-Q-1460,Exact,6123,612,APIARISTS AND SERICULTURISTS,technical_judgement,"You are preparing to collect insect products, but different colonies or batches appear to be at different stages of readiness. How would you decide what can be collected now?",MASCO2020
E9-Q-1461,Exact,6123,612,APIARISTS AND SERICULTURISTS,campaign_judgement,Your production records show strong market demand but repeated losses in yield before products are ready for sale. How would you decide what to investigate first?,MASCO2020
E9-Q-1462,Exact,6129,612,ANIMAL PRODUCERS AND RELATED WORKERS NOT ELSEWHERE CLASSIFIED,problem_solving,"When deciding how many animals can be raised in an available area, what information would you verify before increasing the number?",MASCO2020
E9-Q-1463,Exact,6129,612,ANIMAL PRODUCERS AND RELATED WORKERS NOT ELSEWHERE CLASSIFIED,administrative_accuracy,"During routine tending, you notice a change in an animal group's feeding pattern or general condition compared with the recent records. What would you do next?",MASCO2020
E9-Q-1464,Exact,6129,612,ANIMAL PRODUCERS AND RELATED WORKERS NOT ELSEWHERE CLASSIFIED,problem_solving,"You find that an enclosure, sheltered area or piece of animal-care equipment is damaged and may no longer be suitable for normal use. How would you respond within your role?",MASCO2020
E9-Q-1465,Exact,6129,612,ANIMAL PRODUCERS AND RELATED WORKERS NOT ELSEWHERE CLASSIFIED,problem_solving,"Several animal groups need feeding or tending at the same time, but one area also has an unresolved facility issue. How would you organise the work?",MASCO2020
E9-Q-1466,Exact,6129,612,ANIMAL PRODUCERS AND RELATED WORKERS NOT ELSEWHERE CLASSIFIED,problem_solving,"At shift handover, what information about animal feeding, tending and enclosure condition would you pass to the next worker?",MASCO2020
E9-Q-1467,Exact,6131,613,MIXED CROP AND ANIMAL PRODUCERS,problem_solving,A mixed farm reaches a week when crop harvesting and animal care both need more labour than is available. How would you set priorities?,MASCO2020
E9-Q-1468,Exact,6131,613,MIXED CROP AND ANIMAL PRODUCERS,problem_solving,"When planning the next season, how would you decide the mix and amount of crops to grow on a farm that also has ongoing livestock commitments?",MASCO2020
E9-Q-1469,Exact,6131,613,MIXED CROP AND ANIMAL PRODUCERS,problem_solving,"You identify a weed, pest or disease problem in a crop area that is close to where animals are kept. How would you decide the next step without creating a new risk for the livestock?",MASCO2020
E9-Q-1470,Exact,6131,613,MIXED CROP AND ANIMAL PRODUCERS,problem_solving,"You have a limited budget for seeds, fertiliser and other farm inputs, while livestock costs are also higher than expected. How would you decide what to purchase first?",MASCO2020
E9-Q-1471,Exact,6131,613,MIXED CROP AND ANIMAL PRODUCERS,technical_judgement,"The farm’s crop yield is down, while livestock output is steady. How would you investigate whether the problem is specific to the crop side rather than a wider farm-management issue?",MASCO2020
E9-Q-1472,Exact,6211,621,SKILLED FORESTRY AND RELATED WORKERS,problem_solving,"You are asked to identify trees for an authorised felling plan, but several candidates appear similar in size and condition. What information would you use to decide which trees match the plan?",MASCO2020
E9-Q-1473,Exact,6211,621,SKILLED FORESTRY AND RELATED WORKERS,administrative_accuracy,Your estimate of timber volume for a group of marked trees is much higher than the previous field record. How would you verify the difference before the figures are used for planning?,MASCO2020
E9-Q-1474,Exact,6211,621,SKILLED FORESTRY AND RELATED WORKERS,problem_solving,"Before trimming or felling begins, you notice that conditions in the work area have changed and may no longer match the planned safe setup. What would you do?",MASCO2020
E9-Q-1475,Exact,6211,621,SKILLED FORESTRY AND RELATED WORKERS,problem_solving,"In a forest area you are tending, some young trees need routine work while another section shows recent damage that may affect establishment. How would you prioritise the day’s work?",MASCO2020
E9-Q-1476,Exact,6211,621,SKILLED FORESTRY AND RELATED WORKERS,problem_solving,"After tree selection and volume estimation are complete, another crew will carry out the next stage of the forestry work. What would you include in the handover?",MASCO2020
E9-Q-1477,Exact,6221,622,FISHERY AND AQUACULTURE PRODUCERS,campaign_judgement,"When planning a hatchery production cycle, market demand is strong but recent environmental conditions have been less stable. How would you decide the scale of the next cycle?",MASCO2020
E9-Q-1478,Exact,6221,622,FISHERY AND AQUACULTURE PRODUCERS,administrative_accuracy,"Routine water-quality records show a reading outside the normal range, but the aquatic stock still appears normal. What would you do before making a production change?",MASCO2020
E9-Q-1479,Exact,6221,622,FISHERY AND AQUACULTURE PRODUCERS,technical_judgement,"Two tanks or culture areas are the same age, but one is showing much slower growth. How would you investigate the difference?",MASCO2020
E9-Q-1480,Exact,6221,622,FISHERY AND AQUACULTURE PRODUCERS,problem_solving,"A harvesting or collection date is approaching, but part of the aquatic stock is not developing at the same rate as the rest. How would you decide what to do?",MASCO2020
E9-Q-1481,Exact,6221,622,FISHERY AND AQUACULTURE PRODUCERS,problem_solving,A key feed or hatchery supply is delayed and the shortage could affect several culture areas. How would you decide where to act first?,MASCO2020
E9-Q-1482,Exact,6222,622,SKILLED INLAND AND COASTAL WATERS FISHERY WORKERS,technical_judgement,"Before leaving for an inland or coastal fishing ground, you find damage on a net or another item of fishing gear. How would you decide whether it is ready for the trip?",MASCO2020
E9-Q-1483,Exact,6222,622,SKILLED INLAND AND COASTAL WATERS FISHERY WORKERS,problem_solving,Conditions at the intended fishing area have changed from what the crew expected before departure. What factors would you consider when deciding whether the planned work should continue?,MASCO2020
E9-Q-1484,Exact,6222,622,SKILLED INLAND AND COASTAL WATERS FISHERY WORKERS,problem_solving,"During a busy gear-handling period, two crew members appear to be working from different instructions about which fishing gear is to be prepared next. What would you do?",MASCO2020
E9-Q-1485,Exact,6222,622,SKILLED INLAND AND COASTAL WATERS FISHERY WORKERS,technical_judgement,"After returning from a trip, the crew finds repeated wear on the same section of fishing gear. How would you handle that information before the next trip?",MASCO2020
E9-Q-1486,Exact,6222,622,SKILLED INLAND AND COASTAL WATERS FISHERY WORKERS,administrative_accuracy,The catch and gear-use notes from a trip do not match what one crew member remembers happening. How would you resolve the record before it is submitted?,MASCO2020
E9-Q-1487,Exact,6223,622,SKILLED DEEP-SEA FISHERY WORKERS,technical_judgement,"Before a deep-sea fishing vessel leaves for the fishing grounds, a piece of fishing gear has recently been repaired. What would you verify before accepting it as ready for the trip?",MASCO2020
E9-Q-1488,Exact,6223,622,SKILLED DEEP-SEA FISHERY WORKERS,problem_solving,"While at a deep-sea fishing ground, a gear or vessel condition changes in a way that could affect safe work. How would you respond within your role?",MASCO2020
E9-Q-1489,Exact,6223,622,SKILLED DEEP-SEA FISHERY WORKERS,problem_solving,"A deep-sea fishing operation is changing from one gear task to another, but not all crew members appear to have received the same instruction. What would you do before work continues?",MASCO2020
E9-Q-1490,Exact,6223,622,SKILLED DEEP-SEA FISHERY WORKERS,problem_solving,"Repeated sets are producing much less catch than expected, and the crew is unsure whether the issue is the fishing plan or the condition of the gear. How would you help narrow down the problem?",MASCO2020
E9-Q-1491,Exact,6223,622,SKILLED DEEP-SEA FISHERY WORKERS,debugging,"At the end of an offshore work period, some fishing gear has minor defects and some has already been repaired. What should be captured in the handover before the next crew takes over?",MASCO2020
E9-Q-1492,Exact,6224,622,HUNTERS AND TRAPPERS,problem_solving,"Before a planned hunting or trapping activity, how would you verify that the target species, location and activity are within the permissions and rules that apply?",MASCO2020
E9-Q-1493,Exact,6224,622,HUNTERS AND TRAPPERS,problem_solving,You encounter an animal in the field that you cannot identify with enough confidence to know whether it is an authorised target. What would you do?,MASCO2020
E9-Q-1494,Exact,6224,622,HUNTERS AND TRAPPERS,problem_solving,You find that a planned trapping area has unexpected public activity or signs that non-target animals may be exposed to risk. How would you respond?,MASCO2020
E9-Q-1495,Exact,6224,622,HUNTERS AND TRAPPERS,administrative_accuracy,Your field record of animals taken does not match another team member’s record for the same activity. How would you resolve the discrepancy before reporting or sale?,MASCO2020
E9-Q-1496,Exact,6224,622,HUNTERS AND TRAPPERS,stakeholder_communication,A buyer or another person asks you to obtain a species or quantity that is outside the activity you are authorised to carry out. How would you respond?,MASCO2020
E9-Q-1497,Exact,6311,631,SUBSISTENCE CROP FARMERS,problem_solving,A household depends on the farm for both food and a small cash income. How would you decide which crops to grow and how much land to allocate to each?,MASCO2020
E9-Q-1498,Exact,6311,631,SUBSISTENCE CROP FARMERS,problem_solving,You have enough money to buy only part of the seeds and fertiliser you originally planned. How would you decide what to purchase first?,MASCO2020
E9-Q-1499,Exact,6311,631,SUBSISTENCE CROP FARMERS,problem_solving,Planting has been delayed and you no longer have enough labour to sow every crop at the original time. How would you reprioritise the plan?,MASCO2020
E9-Q-1500,Exact,6311,631,SUBSISTENCE CROP FARMERS,technical_judgement,One field produces much less than expected even though it was planted at the same time as another field. How would you investigate the difference before changing next season’s crop plan?,MASCO2020
E9-Q-1501,Exact,6311,631,SUBSISTENCE CROP FARMERS,problem_solving,"After a weak harvest, the household has less crop output than expected for both consumption and sale. How would you decide what to retain and what, if anything, to sell?",MASCO2020
E9-Q-1502,Exact,6321,632,SUBSISTENCE LIVESTOCK FARMERS,problem_solving,"Your household already keeps several kinds of livestock, but feed and shelter capacity are tight and different animals contribute different products. How would you decide whether to change the herd or flock mix for the next period?",MASCO2020
E9-Q-1503,Exact,6321,632,SUBSISTENCE LIVESTOCK FARMERS,prioritisation,You have limited money to buy either additional animals or a larger reserve of fodder. How would you decide which purchase has priority?,MASCO2020
E9-Q-1504,Exact,6321,632,SUBSISTENCE LIVESTOCK FARMERS,administrative_accuracy,"One animal or group begins producing less than expected, but you do not know whether the cause is a recording issue, feeding difference or a health concern. How would you check?",MASCO2020
E9-Q-1505,Exact,6321,632,SUBSISTENCE LIVESTOCK FARMERS,problem_solving,A fodder shortage develops before the next planned supply is available. How would you manage the situation without making the household’s livestock numbers unsustainable?,MASCO2020
E9-Q-1506,Exact,6321,632,SUBSISTENCE LIVESTOCK FARMERS,technical_judgement,"When buying an animal for the household, the lowest-priced option does not appear as suitable for your intended livestock product as another animal. How would you decide?",MASCO2020
E9-Q-1507,Exact,6331,633,SUBSISTENCE MIXED CROP AND LIVESTOCK FARMERS,problem_solving,"At the start of a growing season, how would you decide the balance between crops to plant and livestock to keep when both must support the household?",MASCO2020
E9-Q-1508,Exact,6331,633,SUBSISTENCE MIXED CROP AND LIVESTOCK FARMERS,problem_solving,"If fodder becomes scarce while crops are also competing for labour and supplies, how would you adjust the farm plan without neglecting either side of the holding?",MASCO2020
E9-Q-1509,Exact,6331,633,SUBSISTENCE MIXED CROP AND LIVESTOCK FARMERS,technical_judgement,"When buying seed, fertiliser and other crop supplies for a mixed subsistence farm, what would you check before accepting them for use?",MASCO2020
E9-Q-1510,Exact,6331,633,SUBSISTENCE MIXED CROP AND LIVESTOCK FARMERS,problem_solving,"How would you organise a week when livestock care, crop planting and purchasing farm supplies all need attention at the same time?",MASCO2020
E9-Q-1511,Exact,6331,633,SUBSISTENCE MIXED CROP AND LIVESTOCK FARMERS,problem_solving,"Suppose one part of the holding produces less than expected this season. How would you decide whether to change next season's crop quantities, livestock numbers, or both?",MASCO2020
E9-Q-1512,Exact,6341,634,"SUBSISTENCE FISHERMEN, HUNTERS, TRAPPERS AND GATHERERS",problem_solving,"When fish, wild plants and other gathered food are all available at different times, how would you decide which activities to prioritise for the household?",MASCO2020
E9-Q-1513,Exact,6341,634,"SUBSISTENCE FISHERMEN, HUNTERS, TRAPPERS AND GATHERERS",problem_solving,"If you find a wild plant that resembles one you normally gather but you are not confident of the identification, what would you do?",MASCO2020
E9-Q-1514,Exact,6341,634,"SUBSISTENCE FISHERMEN, HUNTERS, TRAPPERS AND GATHERERS",problem_solving,"If the expected fish catch is poor for several days, how would you adjust your food-gathering plan using the other activities within this occupation?",MASCO2020
E9-Q-1515,Exact,6341,634,"SUBSISTENCE FISHERMEN, HUNTERS, TRAPPERS AND GATHERERS",problem_solving,"After collecting food and other usable products, how would you decide what should be kept for the household and what, if anything, can be exchanged or sold for minimum cash needs?",MASCO2020
E9-Q-1516,Exact,6341,634,"SUBSISTENCE FISHERMEN, HUNTERS, TRAPPERS AND GATHERERS",technical_judgement,"When a day's collection includes fish, aquatic life and gathered plants, how would you check that what you bring home is usable and suitable for the intended household purpose?",MASCO2020
E9-Q-1517,Exact,7111,711,HOUSE BUILDERS AND CONSTRUCTION WORKERS,technical_judgement,"Before moving from ground preparation to erecting the main structure of a small house, what would you verify about the site and layout?",MASCO2020
E9-Q-1518,Exact,7111,711,HOUSE BUILDERS AND CONSTRUCTION WORKERS,problem_solving,"While erecting a small building, you notice that the supporting structure is not lining up well enough for the planned wall and roof work. How would you handle it?",MASCO2020
E9-Q-1519,Exact,7111,711,HOUSE BUILDERS AND CONSTRUCTION WORKERS,problem_solving,"How would you sequence wall covering, roof-support work and roofing on a small building so one stage does not create rework for the next?",MASCO2020
E9-Q-1520,Exact,7111,711,HOUSE BUILDERS AND CONSTRUCTION WORKERS,technical_judgement,"When repairing an existing small house, how would you decide which damaged parts need replacement and which can remain in service?",MASCO2020
E9-Q-1521,Exact,7111,711,HOUSE BUILDERS AND CONSTRUCTION WORKERS,customer_communication,A client asks for a change to a small building after the ground and part of the frame are already in place. What would you clarify before changing the work?,MASCO2020
E9-Q-1522,Exact,7112,711,BRICKLAYERS AND RELATED WORKERS,technical_judgement,"When laying a long brick wall, how would you keep the courses, alignment and finished face consistent as the work progresses?",MASCO2020
E9-Q-1523,Exact,7112,711,BRICKLAYERS AND RELATED WORKERS,problem_solving,You reach an opening or corner and the planned brick layout would leave an awkward bond or uneven finish. How would you decide what to do next?,MASCO2020
E9-Q-1524,Exact,7112,711,BRICKLAYERS AND RELATED WORKERS,technical_judgement,"Before starting a paved footpath or kerb, what would you check so the finished line, level and layout match the intended work?",MASCO2020
E9-Q-1525,Exact,7112,711,BRICKLAYERS AND RELATED WORKERS,requirements_clarification,"For a decorative garden wall or patio, how would you balance appearance with the practical requirements of the masonry work?",MASCO2020
E9-Q-1526,Exact,7112,711,BRICKLAYERS AND RELATED WORKERS,problem_solving,"If a drawing dimension and the actual wall opening do not agree before you start laying masonry around it, what would you clarify and verify?",MASCO2020
E9-Q-1527,Exact,7113,711,"STONEMASONS, STONE CUTTERS, SPLITTERS AND CARVERS",problem_solving,"When selecting granite, marble or other stone blocks for visible work, what characteristics would you compare before assigning pieces to different parts of the job?",MASCO2020
E9-Q-1528,Exact,7113,711,"STONEMASONS, STONE CUTTERS, SPLITTERS AND CARVERS",technical_judgement,How would you check a shaped stone component before it is installed in a building or monument?,MASCO2020
E9-Q-1529,Exact,7113,711,"STONEMASONS, STONE CUTTERS, SPLITTERS AND CARVERS",debugging,"A stone slab reveals a defect while it is being prepared for a prominent visible position. How would you decide whether to reassign, rework or reject the piece?",MASCO2020
E9-Q-1530,Exact,7113,711,"STONEMASONS, STONE CUTTERS, SPLITTERS AND CARVERS",problem_solving,"For a carved or monumental stone piece, what would you clarify about the design before shaping the final visible surfaces?",MASCO2020
E9-Q-1531,Exact,7113,711,"STONEMASONS, STONE CUTTERS, SPLITTERS AND CARVERS",technical_judgement,"When several cut stone pieces must fit together, how would you verify the set before final placement?",MASCO2020
E9-Q-1532,Exact,7114,711,"CONCRETE PLACERS, CONCRETE FINISHERS AND RELATED WORKERS",technical_judgement,"Before concrete is placed into shuttering or prefabricated forms, what would you verify about the formwork and the area it defines?",MASCO2020
E9-Q-1533,Exact,7114,711,"CONCRETE PLACERS, CONCRETE FINISHERS AND RELATED WORKERS",technical_judgement,"After a concrete surface has been finished, what signs would make you stop and investigate before the work is accepted or covered?",MASCO2020
E9-Q-1534,Exact,7114,711,"CONCRETE PLACERS, CONCRETE FINISHERS AND RELATED WORKERS",problem_solving,"If assembled formwork does not match the required wall or floor dimensions, how would you handle the discrepancy before concrete work continues?",MASCO2020
E9-Q-1535,Exact,7114,711,"CONCRETE PLACERS, CONCRETE FINISHERS AND RELATED WORKERS",problem_solving,"How would you coordinate concrete repair work in an occupied or active area so the damaged surface can be assessed, repaired and handed back without other work interfering?",MASCO2020
E9-Q-1536,Exact,7114,711,"CONCRETE PLACERS, CONCRETE FINISHERS AND RELATED WORKERS",problem_solving,A wall opening to be cemented has unclear finished dimensions. What would you confirm before closing the opening?,MASCO2020
E9-Q-1537,Exact,7115,711,CARPENTERS AND JOINERS,problem_solving,"Before making a door or window frame for an existing opening, what would you measure and clarify to avoid producing a frame that cannot be fitted properly?",MASCO2020
E9-Q-1538,Exact,7115,711,CARPENTERS AND JOINERS,technical_judgement,How would you check an assembled timber fixture before it leaves the bench for installation on site?,MASCO2020
E9-Q-1539,Exact,7115,711,CARPENTERS AND JOINERS,problem_solving,You arrive to fit a timber fixture and find the building opening is noticeably out of square. How would you decide what can be adjusted in the fixture and what needs to be raised as a site issue?,MASCO2020
E9-Q-1540,Exact,7115,711,CARPENTERS AND JOINERS,problem_solving,"For timber work that is partly made at a bench and partly completed on a construction site, how would you organise measurements, fabrication and final fitting to minimise rework?",MASCO2020
E9-Q-1541,Exact,7115,711,CARPENTERS AND JOINERS,problem_solving,"When repairing existing woodwork, how would you decide whether a damaged component should be repaired in place, remade, or replaced as part of the fitting?",MASCO2020
E9-Q-1542,Exact,7119,711,BUILDING FRAME AND RELATED TRADES WORKERS NOT ELSEWHERE,problem_solving,"Before starting an assigned frame-related maintenance, scaffold or demolition task, you find that the site instruction does not match the condition of the structure in front of you. What would you do?",MASCO2020
E9-Q-1543,Exact,7119,711,BUILDING FRAME AND RELATED TRADES WORKERS NOT ELSEWHERE,technical_judgement,Materials or components delivered for a temporary scaffold or structural access job do not match the approved work information. How would you verify whether they can be used?,MASCO2020
E9-Q-1544,Exact,7119,711,BUILDING FRAME AND RELATED TRADES WORKERS NOT ELSEWHERE,problem_solving,"During demolition or building-frame work, you uncover an unexpected structural condition that was not shown in the work information. How would you respond?",MASCO2020
E9-Q-1545,Exact,7119,711,BUILDING FRAME AND RELATED TRADES WORKERS NOT ELSEWHERE,problem_solving,Another trade needs access through the same area where your frame-related or temporary access work is scheduled. How would you coordinate the sequence so that neither team works from conflicting assumptions?,MASCO2020
E9-Q-1546,Exact,7119,711,BUILDING FRAME AND RELATED TRADES WORKERS NOT ELSEWHERE,problem_solving,"You must hand over a partly completed demolition, scaffold or related building-frame task at the end of the shift. What information is essential in the handover?",MASCO2020
E9-Q-1547,Exact,7121,712,ROOFERS,problem_solving,"Before ordering materials for a roof, how would you use the drawings, specifications and actual site conditions to confirm what is required?",MASCO2020
E9-Q-1548,Exact,7121,712,ROOFERS,technical_judgement,"Before roof covering is installed, what would you check about the roof framework and the areas where the covering will be fixed?",MASCO2020
E9-Q-1549,Exact,7121,712,ROOFERS,technical_judgement,"After a section of tiles or slate has been installed on a pitched roof, what would you inspect before moving on to the next section?",MASCO2020
E9-Q-1550,Exact,7121,712,ROOFERS,problem_solving,"If the specified roofing material does not suit an unexpected site detail you discover, how would you handle the issue without improvising a hidden workaround?",MASCO2020
E9-Q-1551,Exact,7121,712,ROOFERS,problem_solving,How would you plan roofing work when other trades still need access to items that pass through or meet the roof?,MASCO2020
E9-Q-1552,Exact,7122,712,FLOOR LAYERS AND TILE SETTERS,technical_judgement,"Before laying tiles or another floor finish, what would you verify about the prepared floor area?",MASCO2020
E9-Q-1553,Exact,7122,712,FLOOR LAYERS AND TILE SETTERS,technical_judgement,How would you keep a tiled floor visually consistent when the room is not perfectly square?,MASCO2020
E9-Q-1554,Exact,7122,712,FLOOR LAYERS AND TILE SETTERS,customer_communication,"A client selects a pattern for wall tiles, but the drawing does not show where the pattern should start or finish. What would you clarify before setting the tiles?",MASCO2020
E9-Q-1555,Exact,7122,712,FLOOR LAYERS AND TILE SETTERS,problem_solving,"During flooring installation, you find the finished height would meet an adjacent surface poorly. How would you resolve the transition before continuing?",MASCO2020
E9-Q-1556,Exact,7122,712,FLOOR LAYERS AND TILE SETTERS,problem_solving,How would you sequence floor and wall tiling in an area with several openings and fixtures so completed finishes are not unnecessarily damaged or reworked?,MASCO2020
E9-Q-1557,Exact,7123,712,PLASTERERS,technical_judgement,"When applying plaster to an interior wall or ceiling, how would you judge whether the surface is ready for final acceptance?",MASCO2020
E9-Q-1558,Exact,7123,712,PLASTERERS,problem_solving,"Before installing ornamental plaster panels or cornices, what would you confirm about the layout so the finished pattern aligns around the room?",MASCO2020
E9-Q-1559,Exact,7123,712,PLASTERERS,problem_solving,"If an existing wall has an uneven area that would show through the planned plaster finish, how would you decide what preparation is needed before applying the final coats?",MASCO2020
E9-Q-1560,Exact,7123,712,PLASTERERS,technical_judgement,"After an exterior plaster or cement covering is applied, what would you inspect before handing the area over to the next trade?",MASCO2020
E9-Q-1561,Exact,7123,712,PLASTERERS,problem_solving,"How would you coordinate plastering around door frames, service openings and other fixed building elements to avoid damaging completed work or leaving poor junctions?",MASCO2020
E9-Q-1562,Exact,7124,712,INSULATION WORKERS,problem_solving,"Before cutting insulation for a wall, floor or ceiling area, what information would you confirm so the pieces match the space and the intended insulation layout?",MASCO2020
E9-Q-1563,Exact,7124,712,INSULATION WORKERS,technical_judgement,"How would you inspect slab or sheet insulation after installation to identify gaps or poor coverage before the wall, floor or ceiling is closed?",MASCO2020
E9-Q-1564,Exact,7124,712,INSULATION WORKERS,problem_solving,"If the space between building elements varies enough that standard insulation pieces no longer fit consistently, how would you adapt the work while keeping the required coverage?",MASCO2020
E9-Q-1565,Exact,7124,712,INSULATION WORKERS,technical_judgement,"When insulation has been placed in a cavity that will soon be concealed, what final checks would you make before allowing it to be closed?",MASCO2020
E9-Q-1566,Exact,7124,712,INSULATION WORKERS,problem_solving,How would you coordinate insulation work in a ceiling or wall when other trades still need access to the same cavities?,MASCO2020
E9-Q-1567,Exact,7125,712,GLAZIERS,problem_solving,"Before cutting a pane for an existing window, door or partition, what would you confirm about the opening and the required glass?",MASCO2020
E9-Q-1568,Exact,7125,712,GLAZIERS,technical_judgement,"After fitting a mirror or flat-glass panel, what would you inspect before considering the installation complete?",MASCO2020
E9-Q-1569,Exact,7125,712,GLAZIERS,problem_solving,A measured opening is slightly different at the top and bottom. How would you decide the final glass size rather than cutting to a single nominal dimension?,MASCO2020
E9-Q-1570,Exact,7125,712,GLAZIERS,technical_judgement,"When several glass panels are being installed in a partition or display area, how would you verify panel identity and orientation before each one is fitted?",MASCO2020
E9-Q-1571,Exact,7125,712,GLAZIERS,stakeholder_communication,"If replacement glass cannot match an existing visible panel closely enough in appearance, how would you explain the issue before installation?",MASCO2020
E9-Q-1572,Exact,7126,712,PLUMBERS AND PIPE FITTERS,technical_judgement,"After repairing a water or drainage pipe run, what would you verify before the area is closed or handed back?",MASCO2020
E9-Q-1573,Exact,7126,712,PLUMBERS AND PIPE FITTERS,problem_solving,A new pipe route shown on the plan conflicts with an existing building element on site. How would you resolve the route before installing the pipe?,MASCO2020
E9-Q-1574,Exact,7126,712,PLUMBERS AND PIPE FITTERS,problem_solving,"Before replacing a sink, toilet or water heater connection, what would you confirm about the existing pipework and the new fixture so the connection can be planned correctly?",MASCO2020
E9-Q-1575,Exact,7126,712,PLUMBERS AND PIPE FITTERS,technical_judgement,"When installing a long pipe run, how would you prevent small alignment or support errors from accumulating along the route?",MASCO2020
E9-Q-1576,Exact,7126,712,PLUMBERS AND PIPE FITTERS,problem_solving,"If you encounter a pipe or appliance connection whose service cannot be confidently identified, what would you do before disconnecting or modifying it?",MASCO2020
E9-Q-1577,Exact,7127,712,AIR CONDITIONING AND REFRIGERATION MECHANICS,problem_solving,"When an air-conditioning or refrigeration drawing does not match the actual equipment location on site, what would you clarify before installing connecting components?",MASCO2020
E9-Q-1578,Exact,7127,712,AIR CONDITIONING AND REFRIGERATION MECHANICS,technical_judgement,"After replacing or repairing an air-conditioning or refrigeration component, what checks would you make before handing the system back for normal use?",MASCO2020
E9-Q-1579,Exact,7127,712,AIR CONDITIONING AND REFRIGERATION MECHANICS,problem_solving,A refrigeration system is not maintaining the expected temperature after a recent component repair. How would you structure your fault-finding without immediately replacing another part?,MASCO2020
E9-Q-1580,Exact,7127,712,AIR CONDITIONING AND REFRIGERATION MECHANICS,technical_judgement,"When assembling several components and pipe connections for an air-conditioning system, how would you keep the installation consistent with the drawing as the work progresses?",MASCO2020
E9-Q-1581,Exact,7127,712,AIR CONDITIONING AND REFRIGERATION MECHANICS,problem_solving,"If you discover a damaged or unidentified connection while servicing refrigeration or air-conditioning equipment, how would you decide whether to continue, isolate the task, or escalate it?",MASCO2020
E9-Q-1582,Exact,7131,713,PAINTERS AND RELATED WORKERS,technical_judgement,"Before painting an existing wall, how would you decide whether the surface preparation is sufficient for the new coating?",MASCO2020
E9-Q-1583,Exact,7131,713,PAINTERS AND RELATED WORKERS,customer_communication,"A client gives you a colour reference but the finish, sheen and exact area to be painted are unclear. What would you confirm before preparing the paint?",MASCO2020
E9-Q-1584,Exact,7131,713,PAINTERS AND RELATED WORKERS,technical_judgement,"After the first area of paint or varnish is applied, what would you inspect before continuing across the rest of the room or structure?",MASCO2020
E9-Q-1585,Exact,7131,713,PAINTERS AND RELATED WORKERS,problem_solving,You find that two adjoining wall areas absorb the coating differently and the finish is becoming visibly uneven. How would you approach the problem?,MASCO2020
E9-Q-1586,Exact,7131,713,PAINTERS AND RELATED WORKERS,problem_solving,"How would you plan painting around newly installed fixtures, frames and other finishes so the final edges are clean and completed work is protected?",MASCO2020
E9-Q-1587,Exact,7132,713,SPRAY PAINTERS AND VARNISHERS,technical_judgement,"Before applying a sprayed coating to a manufactured item or vehicle panel, how would you judge whether the surface preparation is ready for coating?",MASCO2020
E9-Q-1588,Exact,7132,713,SPRAY PAINTERS AND VARNISHERS,technical_judgement,"After a test area has been sprayed, what would you evaluate before coating the rest of the item?",MASCO2020
E9-Q-1589,Exact,7132,713,SPRAY PAINTERS AND VARNISHERS,problem_solving,A coated vehicle panel shows a finish that differs visibly from the adjacent panel after drying. How would you investigate the mismatch before reworking it?,MASCO2020
E9-Q-1590,Exact,7132,713,SPRAY PAINTERS AND VARNISHERS,problem_solving,"When a job requires both decorative colour and a protective varnish or enamel finish, what would you confirm about the required result before starting?",MASCO2020
E9-Q-1591,Exact,7132,713,SPRAY PAINTERS AND VARNISHERS,problem_solving,"If the coating material, surface condition or work area does not match the job information you were given, what would make you stop and seek clarification rather than continue spraying?",MASCO2020
E9-Q-1592,Exact,7133,713,BUILDING STRUCTURE CLEANERS,problem_solving,"Before cleaning a building exterior made from mixed stone, brick and metal surfaces, what would you confirm about the areas to be cleaned and the acceptable finished condition?",MASCO2020
E9-Q-1593,Exact,7133,713,BUILDING STRUCTURE CLEANERS,technical_judgement,"After cleaning a section of a building exterior, how would you judge whether the result is acceptable before continuing across the whole façade?",MASCO2020
E9-Q-1594,Exact,7133,713,BUILDING STRUCTURE CLEANERS,problem_solving,"If an exterior surface starts reacting unexpectedly during cleaning, what would you do before any more of that area is treated?",MASCO2020
E9-Q-1595,Exact,7133,713,BUILDING STRUCTURE CLEANERS,problem_solving,A chimney has been cleaned but the accessible connecting pipe still shows significant soot build-up. How would you decide whether the job can be handed over?,MASCO2020
E9-Q-1596,Exact,7133,713,BUILDING STRUCTURE CLEANERS,problem_solving,"How would you organise exterior building cleaning when access areas overlap with entrances, windows or other work taking place on the building?",MASCO2020
E9-Q-1597,Exact,7221,722,"BLACKSMITHS, HAMMERSMITHS AND FORGING-PRESS WORKERS",technical_judgement,A forged part comes off the power hammer close to shape but is still outside the drawing dimensions. How would you decide whether it can be corrected in the next forging step or should be rejected for rework?,MASCO2020
E9-Q-1598,Exact,7221,722,"BLACKSMITHS, HAMMERSMITHS AND FORGING-PRESS WORKERS",debugging,You are producing a run of similar forgings and notice that the last several pieces are developing the same surface defect after hammering. What would you check before continuing the batch?,MASCO2020
E9-Q-1599,Exact,7221,722,"BLACKSMITHS, HAMMERSMITHS AND FORGING-PRESS WORKERS",technical_judgement,"After repairing a metal tool by forging, what checks would you make before releasing it back for use?",MASCO2020
E9-Q-1600,Exact,7221,722,"BLACKSMITHS, HAMMERSMITHS AND FORGING-PRESS WORKERS",problem_solving,A repair job for a damaged agricultural implement arrives while you are midway through a scheduled batch of forgings. How would you decide whether to interrupt the batch or finish the current work first?,MASCO2020
E9-Q-1601,Exact,7221,722,"BLACKSMITHS, HAMMERSMITHS AND FORGING-PRESS WORKERS",problem_solving,"While preparing to shape heated stock, you notice that the workpiece does not appear to be sitting securely for the planned operation. What would you do?",MASCO2020
E9-Q-1602,Exact,7222,722,TOOLMAKERS AND RELATED WORKERS,problem_solving,"You receive a drawing for a new jig, but one locating dimension conflicts with the mating component you have been given. How would you resolve the discrepancy before machining the jig?",MASCO2020
E9-Q-1603,Exact,7222,722,TOOLMAKERS AND RELATED WORKERS,technical_judgement,"A fixture you made holds the first few components correctly, but later parts begin to sit slightly out of position. How would you investigate the fixture before blaming the production parts?",MASCO2020
E9-Q-1604,Exact,7222,722,TOOLMAKERS AND RELATED WORKERS,technical_judgement,A worn die can either be repaired or remade. What factors would you consider before deciding which route is appropriate?,MASCO2020
E9-Q-1605,Exact,7222,722,TOOLMAKERS AND RELATED WORKERS,technical_judgement,"After assembling a newly made gauge, how would you verify that it is suitable for checking production parts before handing it over?",MASCO2020
E9-Q-1606,Exact,7222,722,TOOLMAKERS AND RELATED WORKERS,problem_solving,"A machined component fits the jig when tested alone, but the full jig assembly binds after all parts are fitted. How would you isolate the cause?",MASCO2020
E9-Q-1607,Exact,7223,722,METAL WORKING MACHINE TOOL SETTERS AND OPERATORS,technical_judgement,You are setting a lathe for a new production part and the first-off piece is oversize on one critical diameter. What would you review before running the rest of the batch?,MASCO2020
E9-Q-1608,Exact,7223,722,METAL WORKING MACHINE TOOL SETTERS AND OPERATORS,technical_judgement,"During a milling run, dimensions that were stable at the start begin drifting toward the tolerance limit. How would you respond?",MASCO2020
E9-Q-1609,Exact,7223,722,METAL WORKING MACHINE TOOL SETTERS AND OPERATORS,problem_solving,A drilling operation starts producing holes that are consistently off position even though the program or setup has not intentionally changed. How would you narrow down the cause?,MASCO2020
E9-Q-1610,Exact,7223,722,METAL WORKING MACHINE TOOL SETTERS AND OPERATORS,technical_judgement,"After changing over a grinding machine to a different part, what evidence would you want before allowing normal production to continue?",MASCO2020
E9-Q-1611,Exact,7223,722,METAL WORKING MACHINE TOOL SETTERS AND OPERATORS,problem_solving,"While monitoring a machine tool, you hear a new vibration and see the finish deteriorate at the same time. What would you do before making any adjustment?",MASCO2020
E9-Q-1612,Exact,7224,722,"METAL POLISHERS, WHEEL GRINDERS AND TOOL SHARPENERS",technical_judgement,You are polishing a visible metal surface and notice that removing one scratch is beginning to change the surrounding finish. How would you decide when to stop and reassess?,MASCO2020
E9-Q-1613,Exact,7224,722,"METAL POLISHERS, WHEEL GRINDERS AND TOOL SHARPENERS",technical_judgement,A cutting tool returns for sharpening with uneven wear along its edge. How would that affect the checks you make before and after sharpening?,MASCO2020
E9-Q-1614,Exact,7224,722,"METAL POLISHERS, WHEEL GRINDERS AND TOOL SHARPENERS",problem_solving,A batch of sharpened tools is being returned because they cut poorly even though the edges look sharp. How would you investigate the problem?,MASCO2020
E9-Q-1615,Exact,7224,722,"METAL POLISHERS, WHEEL GRINDERS AND TOOL SHARPENERS",technical_judgement,"After repairing and sharpening a saw blade, what would you verify before it is returned to production?",MASCO2020
E9-Q-1616,Exact,7224,722,"METAL POLISHERS, WHEEL GRINDERS AND TOOL SHARPENERS",problem_solving,"You have several tools waiting for sharpening, but one production line is stopped because its only spare tool is also dull. How would you reorder the work without losing control of the other jobs?",MASCO2020
E9-Q-1617,Exact,7311,731,PRECISION INSTRUMENT MAKERS AND REPAIRERS,problem_solving,A recurring problem is affecting work carried out by precision instrument makers and repairers. How would you isolate the cause and decide on the next step?,MASCO2020
E9-Q-1618,Exact,7311,731,PRECISION INSTRUMENT MAKERS AND REPAIRERS,stakeholder_communication,A delay affects repairing mechanical watches and clocks to the appropriate authority. How would you explain the impact and agree on the next step with the people involved?,MASCO2020
E9-Q-1619,Exact,7311,731,PRECISION INSTRUMENT MAKERS AND REPAIRERS,technical_judgement,You receive conflicting technical information about work carried out by precision instrument makers and repairers. How would you decide which information is reliable before proceeding?,MASCO2020
E9-Q-1620,Exact,7311,731,PRECISION INSTRUMENT MAKERS AND REPAIRERS,problem_solving,Something in work carried out by precision instrument makers and repairers is not working as expected. What would you check before choosing a solution?,MASCO2020
E9-Q-1621,Exact,7311,731,PRECISION INSTRUMENT MAKERS AND REPAIRERS,learning_reflection,"Tell me about a time you improved how you handled work carried out by precision instrument makers and repairers. What did you change, and what showed you it worked?",MASCO2020
E9-Q-1622,Exact,7312,731,MUSICAL INSTRUMENT MAKERS AND TUNERS,technical_judgement,"You receive conflicting technical information about repairing accordions, stringed and wind instruments. How would you decide which information is reliable before proceeding?",MASCO2020
E9-Q-1623,Exact,7312,731,MUSICAL INSTRUMENT MAKERS AND TUNERS,prioritisation,Two deadlines compete in work carried out by musical instrument makers and tuners. How would you decide what needs attention first?,MASCO2020
E9-Q-1624,Exact,7312,731,MUSICAL INSTRUMENT MAKERS AND TUNERS,customer_communication,A customer request changes the requirements for work carried out by musical instrument makers and tuners. How would you clarify expectations and explain any constraint?,MASCO2020
E9-Q-1625,Exact,7312,731,MUSICAL INSTRUMENT MAKERS AND TUNERS,problem_solving,A recurring problem is affecting work carried out by musical instrument makers and tuners. How would you isolate the cause and decide on the next step?,MASCO2020
E9-Q-1626,Exact,7312,731,MUSICAL INSTRUMENT MAKERS AND TUNERS,quality_control,"An output from repairing accordions, stringed and wind instruments does not meet the expected standard. How would you investigate the cause and confirm the correction?",MASCO2020
E9-Q-1627,Exact,7313,731,JEWELLERY AND PRECIOUS METAL WORKERS,requirements_clarification,The requirements for jewellery and precious metal work are unclear. What would you clarify before work continues?,MASCO2020
E9-Q-1628,Exact,7313,731,JEWELLERY AND PRECIOUS METAL WORKERS,problem_solving,A recurring problem is affecting jewellery and precious metal work. How would you isolate the cause and decide on the next step?,MASCO2020
E9-Q-1629,Exact,7313,731,JEWELLERY AND PRECIOUS METAL WORKERS,customer_communication,A customer request changes the requirements for jewellery and precious metal work. How would you clarify expectations and explain any constraint?,MASCO2020
E9-Q-1630,Exact,7313,731,JEWELLERY AND PRECIOUS METAL WORKERS,problem_solving,Something in jewellery and precious metal work is not working as expected. What would you check before choosing a solution?,MASCO2020
E9-Q-1631,Exact,7313,731,JEWELLERY AND PRECIOUS METAL WORKERS,quality_control,An output from jewellery and precious metal work does not meet the expected standard. How would you investigate the cause and confirm the correction?,MASCO2020
E9-Q-1632,Exact,7314,731,POTTERS AND RELATED WORKERS,technical_judgement,You receive conflicting technical information about potters and related work. How would you decide which information is reliable before proceeding?,MASCO2020
E9-Q-1633,Exact,7314,731,POTTERS AND RELATED WORKERS,problem_solving,A recurring problem is affecting potters and related work. How would you isolate the cause and decide on the next step?,MASCO2020
E9-Q-1634,Exact,7314,731,POTTERS AND RELATED WORKERS,customer_communication,A customer request changes the requirements for potters and related work. How would you clarify expectations and explain any constraint?,MASCO2020
E9-Q-1635,Exact,7314,731,POTTERS AND RELATED WORKERS,problem_solving,Something in potters and related work is not working as expected. What would you check before choosing a solution?,MASCO2020
E9-Q-1636,Exact,7314,731,POTTERS AND RELATED WORKERS,quality_control,An output from potters and related work does not meet the expected standard. How would you investigate the cause and confirm the correction?,MASCO2020
E9-Q-1637,Exact,7315,731,"GLASS MAKERS, CUTTERS, GRINDERS AND FINISHERS",administrative_accuracy,"A record used in work carried out by glass makers, cutters, grinders and finishers does not match another source. How would you verify the discrepancy and leave a clear record of the resolution?",MASCO2020
E9-Q-1638,Exact,7315,731,"GLASS MAKERS, CUTTERS, GRINDERS AND FINISHERS",prioritisation,"Two deadlines compete in work carried out by glass makers, cutters, grinders and finishers. How would you decide what needs attention first?",MASCO2020
E9-Q-1639,Exact,7315,731,"GLASS MAKERS, CUTTERS, GRINDERS AND FINISHERS",customer_communication,"A customer request changes the requirements for work carried out by glass makers, cutters, grinders and finishers. How would you clarify expectations and explain any constraint?",MASCO2020
E9-Q-1640,Exact,7315,731,"GLASS MAKERS, CUTTERS, GRINDERS AND FINISHERS",problem_solving,"A recurring problem is affecting work carried out by glass makers, cutters, grinders and finishers. How would you isolate the cause and decide on the next step?",MASCO2020
E9-Q-1641,Exact,7315,731,"GLASS MAKERS, CUTTERS, GRINDERS AND FINISHERS",quality_control,"An output from work carried out by glass makers, cutters, grinders and finishers does not meet the expected standard. How would you investigate the cause and confirm the correction?",MASCO2020
E9-Q-1642,Exact,7316,731,"SIGN WRITERS, DECORATIVE PAINTERS, ENGRAVERS AND ETCHERS",technical_judgement,"You receive conflicting technical information about work carried out by sign writers, decorative painters, engravers and etchers. How would you decide which information is reliable before proceeding?",MASCO2020
E9-Q-1643,Exact,7316,731,"SIGN WRITERS, DECORATIVE PAINTERS, ENGRAVERS AND ETCHERS",requirements_clarification,"The requirements for work carried out by sign writers, decorative painters, engravers and etchers are unclear. What would you clarify before work continues?",MASCO2020
E9-Q-1644,Exact,7316,731,"SIGN WRITERS, DECORATIVE PAINTERS, ENGRAVERS AND ETCHERS",customer_communication,"A customer request changes the requirements for work carried out by sign writers, decorative painters, engravers and etchers. How would you clarify expectations and explain any constraint?",MASCO2020
E9-Q-1645,Exact,7316,731,"SIGN WRITERS, DECORATIVE PAINTERS, ENGRAVERS AND ETCHERS",problem_solving,"A recurring problem is affecting work carried out by sign writers, decorative painters, engravers and etchers. How would you isolate the cause and decide on the next step?",MASCO2020
E9-Q-1646,Exact,7316,731,"SIGN WRITERS, DECORATIVE PAINTERS, ENGRAVERS AND ETCHERS",quality_control,"An output from work carried out by sign writers, decorative painters, engravers and etchers does not meet the expected standard. How would you investigate the cause and confirm the correction?",MASCO2020
E9-Q-1647,Exact,7317,731,"HANDICRAFT WORKERS OF WOOD, BASKETRY AND RELATED MATERIALS",technical_judgement,"You receive conflicting technical information about work carried out by handicraft workers of wood, basketry and related materials. How would you decide which information is reliable before proceeding?",MASCO2020
E9-Q-1648,Exact,7317,731,"HANDICRAFT WORKERS OF WOOD, BASKETRY AND RELATED MATERIALS",problem_solving,"A recurring problem is affecting assembling, weaving, painting and decorating various articles for personal or household use such. How would you isolate the cause and decide on the next step?",MASCO2020
E9-Q-1649,Exact,7317,731,"HANDICRAFT WORKERS OF WOOD, BASKETRY AND RELATED MATERIALS",customer_communication,"A customer request changes the requirements for work carried out by handicraft workers of wood, basketry and related materials. How would you clarify expectations and explain any constraint?",MASCO2020
E9-Q-1650,Exact,7317,731,"HANDICRAFT WORKERS OF WOOD, BASKETRY AND RELATED MATERIALS",problem_solving,"Something in work carried out by handicraft workers of wood, basketry and related materials is not working as expected. What would you check before choosing a solution?",MASCO2020
E9-Q-1651,Exact,7317,731,"HANDICRAFT WORKERS OF WOOD, BASKETRY AND RELATED MATERIALS",quality_control,"An output from work carried out by handicraft workers of wood, basketry and related materials does not meet the expected standard. How would you investigate the cause and confirm the correction?",MASCO2020
E9-Q-1652,Exact,7318,731,"HANDICRAFT WORKERS OF TEXTILE, LEATHER AND RELATED MATERIALS",administrative_accuracy,"A record used in work carried out by handicraft workers of textile, leather and related materials does not match another source. How would you verify the discrepancy and leave a clear record of the resolution?",MASCO2020
E9-Q-1653,Exact,7318,731,"HANDICRAFT WORKERS OF TEXTILE, LEATHER AND RELATED MATERIALS",administrative_accuracy,"Important information for work carried out by handicraft workers of textile, leather and related materials is incomplete. What would you confirm before the work moves forward?",MASCO2020
E9-Q-1654,Exact,7318,731,"HANDICRAFT WORKERS OF TEXTILE, LEATHER AND RELATED MATERIALS",customer_communication,"A customer request changes the requirements for work carried out by handicraft workers of textile, leather and related materials. How would you clarify expectations and explain any constraint?",MASCO2020
E9-Q-1655,Exact,7318,731,"HANDICRAFT WORKERS OF TEXTILE, LEATHER AND RELATED MATERIALS",problem_solving,"A recurring problem is affecting work carried out by handicraft workers of textile, leather and related materials. How would you isolate the cause and decide on the next step?",MASCO2020
E9-Q-1656,Exact,7318,731,"HANDICRAFT WORKERS OF TEXTILE, LEATHER AND RELATED MATERIALS",quality_control,"An output from work carried out by handicraft workers of textile, leather and related materials does not meet the expected standard. How would you investigate the cause and confirm the correction?",MASCO2020
E9-Q-1657,Exact,7321,732,PRE-PRESS WORKERS,customer_communication,A customer-approved artwork file and the latest job ticket show different page dimensions. What would you do before preparing the final print-ready output?,MASCO2020
E9-Q-1658,Exact,7321,732,PRE-PRESS WORKERS,technical_judgement,"Before releasing a multi-page job to printing, how would you verify that the supplied text and graphics have been converted into a usable final output?",MASCO2020
E9-Q-1659,Exact,7321,732,PRE-PRESS WORKERS,technical_judgement,"A plate or digital output looks correct at first glance, but fine text in one area is noticeably weaker than on the approved proof. How would you handle it?",MASCO2020
E9-Q-1660,Exact,7321,732,PRE-PRESS WORKERS,problem_solving,Two print jobs are due at the same time: one is a simple repeat job and the other needs several artwork corrections before plates or digital output can be prepared. How would you sequence the pre-press work?,MASCO2020
E9-Q-1661,Exact,7321,732,PRE-PRESS WORKERS,customer_communication,"A supplied image is visibly unsuitable for the requested print size, but the customer says it looks fine on screen. How would you explain the issue and move the job forward?",MASCO2020
E9-Q-1662,Exact,7322,732,PRINTERS,technical_judgement,"During a silk-screen print run, the registration between two colours begins to shift gradually. What would you do before continuing the batch?",MASCO2020
E9-Q-1663,Exact,7322,732,PRINTERS,technical_judgement,A job that printed well on paper is now being produced on a different material and the ink coverage is uneven. How would you decide what needs to be reviewed?,MASCO2020
E9-Q-1664,Exact,7322,732,PRINTERS,technical_judgement,You have cut a new stencil for a repeat design. What would you verify before using it for the full production run?,MASCO2020
E9-Q-1665,Exact,7322,732,PRINTERS,debugging,Printed designs from an engraved roller show a repeated defect at the same interval on the material. How would you investigate it?,MASCO2020
E9-Q-1666,Exact,7322,732,PRINTERS,problem_solving,You have a long print run in progress when an urgent short job is added to the schedule. How would you decide whether a changeover is justified?,MASCO2020
E9-Q-1667,Exact,7323,732,PRINT FINISHING AND BINDING WORKERS,technical_judgement,"During binding, you find that several finished books have pages sitting slightly out of square even though the page sequence is correct. What would you inspect before continuing?",MASCO2020
E9-Q-1668,Exact,7323,732,PRINT FINISHING AND BINDING WORKERS,technical_judgement,A new bookbinding machine setup is ready for a different publication size. What would you verify on the first completed copy before normal production?,MASCO2020
E9-Q-1669,Exact,7323,732,PRINT FINISHING AND BINDING WORKERS,technical_judgement,An embossed title is centred correctly but appears inconsistent in depth across the cover. How would you decide whether the issue is acceptable or needs correction?,MASCO2020
E9-Q-1670,Exact,7323,732,PRINT FINISHING AND BINDING WORKERS,problem_solving,A bound periodical opens normally at the front but several signatures near the middle begin separating. How would you investigate the fault?,MASCO2020
E9-Q-1671,Exact,7323,732,PRINT FINISHING AND BINDING WORKERS,customer_communication,"A delivery contains three finishing jobs: one needs only trimming, one needs machine binding, and one needs hand binding with a fixed customer deadline. How would you organise the work?",MASCO2020
E9-Q-1672,Exact,7324,732,PRINTING AND PHOTO ENGRAVERS AND ETCHERS,problem_solving,"You receive artwork for an engraved printing plate, but fine lines in the file are below what the approved reference sample appears to show. How would you proceed before engraving?",MASCO2020
E9-Q-1673,Exact,7324,732,PRINTING AND PHOTO ENGRAVERS AND ETCHERS,testing_verification,"After machine engraving a roller, a proof shows one repeated image area printing lighter than the rest. How would you investigate the engraving before the roller is released?",MASCO2020
E9-Q-1674,Exact,7324,732,PRINTING AND PHOTO ENGRAVERS AND ETCHERS,technical_judgement,What checks would you make after hand-engraving a plate or block before it moves to printing?,MASCO2020
E9-Q-1675,Exact,7324,732,PRINTING AND PHOTO ENGRAVERS AND ETCHERS,debugging,A photographic or film-based image used for plate preparation contains a small defect that appears on every resulting proof. How would you isolate where the defect entered the process?,MASCO2020
E9-Q-1676,Exact,7324,732,PRINTING AND PHOTO ENGRAVERS AND ETCHERS,customer_communication,A customer asks for a worn engraved block to be reused for another print run. What would you assess before accepting it for production?,MASCO2020
E9-Q-1677,Exact,7411,741,BUILDING AND RELATED ELECTRICIANS,quality_control,An output from work carried out by building and related electricians does not meet the expected standard. How would you investigate the cause and confirm the correction?,MASCO2020
E9-Q-1678,Exact,7411,741,BUILDING AND RELATED ELECTRICIANS,administrative_accuracy,A record used in work carried out by building and related electricians does not match another source. How would you verify the discrepancy and leave a clear record of the resolution?,MASCO2020
E9-Q-1679,Exact,7411,741,BUILDING AND RELATED ELECTRICIANS,quality_control,You notice inconsistent results in work carried out by building and related electricians. What would you check to decide whether the problem is isolated or recurring?,MASCO2020
E9-Q-1680,Exact,7411,741,BUILDING AND RELATED ELECTRICIANS,quality_control,"Before accepting or handing over work from work carried out by building and related electricians, what would you verify?",MASCO2020
E9-Q-1681,Exact,7411,741,BUILDING AND RELATED ELECTRICIANS,quality_control,A recurring quality issue is affecting work carried out by building and related electricians. How would you trace the source and check that the fix holds?,MASCO2020
E9-Q-1682,Exact,7412,741,ELECTRICAL MECHANICS AND FITTERS,administrative_accuracy,A record used in work carried out by electrical mechanics and fitters does not match another source. How would you verify the discrepancy and leave a clear record of the resolution?,MASCO2020
E9-Q-1683,Exact,7412,741,ELECTRICAL MECHANICS AND FITTERS,administrative_accuracy,Important information for work carried out by electrical mechanics and fitters is incomplete. What would you confirm before the work moves forward?,MASCO2020
E9-Q-1684,Exact,7412,741,ELECTRICAL MECHANICS AND FITTERS,administrative_accuracy,Two records supporting work carried out by electrical mechanics and fitters show different details. How would you establish which information is current?,MASCO2020
E9-Q-1685,Exact,7412,741,ELECTRICAL MECHANICS AND FITTERS,administrative_accuracy,"A late correction affects information already used in repairing various kinds of electrical machinery and motors, generators. How would you update the record and make the change traceable?",MASCO2020
E9-Q-1686,Exact,7412,741,ELECTRICAL MECHANICS AND FITTERS,administrative_accuracy,A key detail in work carried out by electrical mechanics and fitters was entered differently in two places. How would you correct it without losing traceability?,MASCO2020
E9-Q-1687,Exact,7413,741,ELECTRICAL LINE INSTALLERS AND REPAIRERS,problem_solving,A recurring problem is affecting electrical line installation and repair. How would you isolate the cause and decide on the next step?,MASCO2020
E9-Q-1688,Exact,7413,741,ELECTRICAL LINE INSTALLERS AND REPAIRERS,stakeholder_communication,A delay affects installing and repairing overhead and underground telephone and telegraph lines. How would you explain the impact and agree on the next step with the people involved?,MASCO2020
E9-Q-1689,Exact,7413,741,ELECTRICAL LINE INSTALLERS AND REPAIRERS,technical_judgement,You receive conflicting technical information about electrical line installation and repair. How would you decide which information is reliable before proceeding?,MASCO2020
E9-Q-1690,Exact,7413,741,ELECTRICAL LINE INSTALLERS AND REPAIRERS,problem_solving,Something in electrical line installation and repair is not working as expected. What would you check before choosing a solution?,MASCO2020
E9-Q-1691,Exact,7413,741,ELECTRICAL LINE INSTALLERS AND REPAIRERS,learning_reflection,"Tell me about a time you improved how you handled electrical line installation and repair. What did you change, and what showed you it worked?",MASCO2020
E9-Q-1692,Exact,7421,742,ELECTRONICS MECHANICS AND SERVICES,problem_solving,An office machine has an intermittent fault that does not appear during the first few minutes of testing. How would you investigate it without replacing parts at random?,MASCO2020
E9-Q-1693,Exact,7421,742,ELECTRONICS MECHANICS AND SERVICES,technical_judgement,You have replaced a failed electronic component in a commercial machine and the original symptom has disappeared. What additional checks would you complete before closing the service job?,MASCO2020
E9-Q-1694,Exact,7421,742,ELECTRONICS MECHANICS AND SERVICES,technical_judgement,"A control system is producing an incorrect output, but the electronic components you test individually appear normal. What would you look at next?",MASCO2020
E9-Q-1695,Exact,7421,742,ELECTRONICS MECHANICS AND SERVICES,problem_solving,A user reports that an electronic machine is 'not working properly' but cannot describe the fault clearly. How would you gather enough information before starting the service work?,MASCO2020
E9-Q-1696,Exact,7421,742,ELECTRONICS MECHANICS AND SERVICES,problem_solving,"You have two electronic-equipment service calls: one commercial machine is completely unavailable, while another electronic unit is still operating with a minor non-critical fault. How would you set the order of work?",MASCO2020
E9-Q-1697,Exact,7422,742,INFORMATION AND COMMUNICATIONS TECHNOLOGY INSTALLERS AND,technical_judgement,"You have finished installing a user's computer, peripherals and required connections. How would you prove the workstation is ready for handover rather than relying on a successful power-on?",MASCO2020
E9-Q-1698,Exact,7422,742,INFORMATION AND COMMUNICATIONS TECHNOLOGY INSTALLERS AND,problem_solving,"A newly installed data connection shows link activity, but the user's equipment still cannot communicate with the expected service. How would you isolate whether the issue is in the local hardware, cabling, or another part of the connection?",MASCO2020
E9-Q-1699,Exact,7422,742,INFORMATION AND COMMUNICATIONS TECHNOLOGY INSTALLERS AND,customer_communication,A customer asks you to 'upgrade the computer for better performance' but has not specified the workload or budget. What would you clarify before installing or changing hardware?,MASCO2020
E9-Q-1700,Exact,7422,742,INFORMATION AND COMMUNICATIONS TECHNOLOGY INSTALLERS AND,technical_judgement,"A computer passes basic hardware checks but repeatedly loses connection when a particular peripheral is attached. How would you decide whether the peripheral, interface, or computer requires service?",MASCO2020
E9-Q-1701,Exact,7422,742,INFORMATION AND COMMUNICATIONS TECHNOLOGY INSTALLERS AND,stakeholder_communication,You discover during a telecommunications equipment service visit that the fault is outside the equipment you are authorised to repair. How would you handle the handover?,MASCO2020
E9-Q-1702,Exact,7511,751,MEAT AND FISH PROCESSING WORKERS AND RELATED FOOD PREPARERS,technical_judgement,"While cutting fish for sale, you notice that several pieces from one batch have an unusual texture and appearance compared with the accepted product. What would you do with that batch?",MASCO2020
E9-Q-1703,Exact,7511,751,MEAT AND FISH PROCESSING WORKERS AND RELATED FOOD PREPARERS,customer_communication,"A customer specification calls for meat cuts with a consistent amount of trimming, but the incoming pieces vary considerably in size and shape. How would you keep the finished cuts consistent without creating unnecessary waste?",MASCO2020
E9-Q-1704,Exact,7511,751,MEAT AND FISH PROCESSING WORKERS AND RELATED FOOD PREPARERS,technical_judgement,"Before a prepared meat or fish batch moves to packing or further processing, what would you verify?",MASCO2020
E9-Q-1705,Exact,7511,751,MEAT AND FISH PROCESSING WORKERS AND RELATED FOOD PREPARERS,problem_solving,You have one order that must be prepared for immediate sale and another larger batch intended for later processing. How would you sequence the work?,MASCO2020
E9-Q-1706,Exact,7511,751,MEAT AND FISH PROCESSING WORKERS AND RELATED FOOD PREPARERS,safety_judgement,"At a meat or fish cutting bench, you find that a knife, cutting surface, or other processing item has become damaged in a way that could affect product safety or quality. What would you do?",MASCO2020
E9-Q-1707,Exact,7512,751,"BAKERS, PASTRY, PASTA AND CONFECTIONERY MAKERS",technical_judgement,A bread batch is proofing noticeably differently from the same product made earlier in the week. How would you investigate before baking the whole batch?,MASCO2020
E9-Q-1708,Exact,7512,751,"BAKERS, PASTRY, PASTA AND CONFECTIONERY MAKERS",technical_judgement,Raw materials arrive for a pastry production run and one ingredient looks different from the usual approved supply. What would you verify before using it?,MASCO2020
E9-Q-1709,Exact,7512,751,"BAKERS, PASTRY, PASTA AND CONFECTIONERY MAKERS",problem_solving,A tray of pastries comes out with acceptable colour but inconsistent size and shape across the batch. How would you work out where the variation entered the process?,MASCO2020
E9-Q-1710,Exact,7512,751,"BAKERS, PASTRY, PASTA AND CONFECTIONERY MAKERS",problem_solving,"You need to produce bread, decorated cakes and handmade confectionery for the same dispatch time. How would you plan the sequence?",MASCO2020
E9-Q-1711,Exact,7512,751,"BAKERS, PASTRY, PASTA AND CONFECTIONERY MAKERS",requirements_clarification,A customer requests a cake that looks like a previous design but asks for a different size and serving requirement. What would you clarify before production starts?,MASCO2020
E9-Q-1712,Exact,7513,751,DAIRY-PRODUCT MAKERS,quality_control,"A dairy product looks normal during processing, but a pre-packaging sample falls outside the expected quality range. What would you do next?",MASCO2020
E9-Q-1713,Exact,7513,751,DAIRY-PRODUCT MAKERS,technical_judgement,"While making cheese, the developing product is not reaching the expected texture at the normal stage of the process. How would you decide whether to continue, adjust, or stop the batch?",MASCO2020
E9-Q-1714,Exact,7513,751,DAIRY-PRODUCT MAKERS,technical_judgement,"Before releasing a butter or cream batch for packaging, what evidence would you want to see?",MASCO2020
E9-Q-1715,Exact,7513,751,DAIRY-PRODUCT MAKERS,quality_control,Two consecutive batches of the same dairy product show the same quality drift near the end of processing. How would you investigate the recurring pattern?,MASCO2020
E9-Q-1716,Exact,7513,751,DAIRY-PRODUCT MAKERS,testing_verification,"A batch is ready for packaging, but its final quality check is still pending while another batch needs attention on the processing line. How would you manage both without bypassing release controls?",MASCO2020
E9-Q-1717,Exact,7514,751,"FRUIT, VEGETABLE AND RELATED PRESERVERS",technical_judgement,A delivery of fruit for juice extraction contains noticeably more damaged and overripe material than usual. How would you decide what can enter production?,MASCO2020
E9-Q-1718,Exact,7514,751,"FRUIT, VEGETABLE AND RELATED PRESERVERS",problem_solving,Juice yield drops unexpectedly even though the same quantity of fruit is being processed. How would you investigate the cause?,MASCO2020
E9-Q-1719,Exact,7514,751,"FRUIT, VEGETABLE AND RELATED PRESERVERS",technical_judgement,"A fruit-drying run has finished, but some pieces look different from the rest of the batch. How would you decide whether the product is ready for packing or storage?",MASCO2020
E9-Q-1720,Exact,7514,751,"FRUIT, VEGETABLE AND RELATED PRESERVERS",technical_judgement,An oil-extraction batch from nuts produces an output with a different appearance and yield from the normal product. How would you decide whether the issue is raw-material variation or a processing problem?,MASCO2020
E9-Q-1721,Exact,7514,751,"FRUIT, VEGETABLE AND RELATED PRESERVERS",testing_verification,"You have fresh produce waiting for processing, a drying batch that needs its scheduled check, and a completed preserved batch awaiting release. How would you set priorities?",MASCO2020
E9-Q-1722,Exact,7515,751,FOOD AND BEVERAGE TASTERS AND GRADERS,debugging,"Two samples of the same product are close in quality, but one has a small defect that could move it into a lower grade. How would you make and defend the grading decision?",MASCO2020
E9-Q-1723,Exact,7515,751,FOOD AND BEVERAGE TASTERS AND GRADERS,technical_judgement,You suspect that the sample presented for tasting is not representative of the full lot. What would you do before assigning a grade?,MASCO2020
E9-Q-1724,Exact,7515,751,FOOD AND BEVERAGE TASTERS AND GRADERS,technical_judgement,Your sensory score for a beverage is consistently different from the rest of the grading team on the same set of samples. How would you handle that?,MASCO2020
E9-Q-1725,Exact,7515,751,FOOD AND BEVERAGE TASTERS AND GRADERS,technical_judgement,"After grading several lots, you notice that one sample code on your worksheet does not match the label on the retained sample. How would you resolve it?",MASCO2020
E9-Q-1726,Exact,7515,751,FOOD AND BEVERAGE TASTERS AND GRADERS,stakeholder_communication,A supplier challenges a lower grade and says the product 'looks fine'. How would you explain the decision professionally?,MASCO2020
E9-Q-1727,Exact,7516,751,TOBACCO PREPARERS AND TOBACCO PRODUCT MAKERS,quality_control,"While grading cured tobacco leaves, you find that a single delivery contains a wider mix of quality levels than the supplier label indicates. How would you handle the lot?",MASCO2020
E9-Q-1728,Exact,7516,751,TOBACCO PREPARERS AND TOBACCO PRODUCT MAKERS,problem_solving,A blend instruction references a formula revision that does not match the batch sheet issued on the floor. What would you do before any leaves are combined?,MASCO2020
E9-Q-1729,Exact,7516,751,TOBACCO PREPARERS AND TOBACCO PRODUCT MAKERS,technical_judgement,"A conditioned tobacco-leaf batch is queued for the next process, but the leaves do not all appear to be in the same condition. How would you decide whether the batch is ready to move forward?",MASCO2020
E9-Q-1730,Exact,7516,751,TOBACCO PREPARERS AND TOBACCO PRODUCT MAKERS,problem_solving,A finished blend is showing more variation between samples than previous batches made to the same formula. How would you investigate the source of the inconsistency?,MASCO2020
E9-Q-1731,Exact,7516,751,TOBACCO PREPARERS AND TOBACCO PRODUCT MAKERS,problem_solving,You discover that two tobacco leaf lots with similar appearance have been staged next to each other and one label is damaged. How would you protect traceability before processing continues?,MASCO2020
E9-Q-1732,Exact,7611,761,WOOD TREATERS,stakeholder_communication,A stack of air-dried timber shows noticeably different drying progress between boards from the outside and the centre of the stack. How would you handle the batch before grading or further treatment?,MASCO2020
E9-Q-1733,Exact,7611,761,WOOD TREATERS,testing_verification,The next production team asks you to release a batch of preserved timber. What evidence would you check to confirm that the treatment is complete and the wood is suitable to hand over?,MASCO2020
E9-Q-1734,Exact,7611,761,WOOD TREATERS,debugging,You are grading veneer and find sheets with good overall appearance but local defects near an edge. How would you decide the appropriate grade or use?,MASCO2020
E9-Q-1735,Exact,7611,761,WOOD TREATERS,problem_solving,You are about to start a manual wood-preservation treatment and find that the treatment container or job label is unclear. What would you do?,MASCO2020
E9-Q-1736,Exact,7611,761,WOOD TREATERS,problem_solving,"Several timber batches are waiting for grading, but one batch has already reached the point where further drying may affect its intended use. How would you prioritise the work?",MASCO2020
E9-Q-1737,Exact,7612,761,CABINET-MAKERS AND RELATED WORKERS,problem_solving,"A furniture repair drawing shows one replacement panel size, but the existing cabinet opening measures differently. How would you resolve the mismatch before making the panel?",MASCO2020
E9-Q-1738,Exact,7612,761,CABINET-MAKERS AND RELATED WORKERS,technical_judgement,"A cabinet door you have made is square on the bench but sits unevenly once fitted to the cabinet. How would you work out whether the issue is the door, the cabinet, or the fitting?",MASCO2020
E9-Q-1739,Exact,7612,761,CABINET-MAKERS AND RELATED WORKERS,technical_judgement,You are applying veneer to a visible furniture panel and notice that the grain match looks acceptable from one angle but poor across the full set of panels. What would you do before fixing it permanently?,MASCO2020
E9-Q-1740,Exact,7612,761,CABINET-MAKERS AND RELATED WORKERS,problem_solving,"A repaired wooden chair is structurally stable, but it rocks slightly on a flat surface. How would you diagnose the cause before making another alteration?",MASCO2020
E9-Q-1741,Exact,7612,761,CABINET-MAKERS AND RELATED WORKERS,technical_judgement,"Before handing over a repaired cabinet or other piece of furniture, what would you inspect besides its appearance?",MASCO2020
E9-Q-1742,Exact,7613,761,WOODWORKING-MACHINE TOOL SETTERS AND OPERATORS,technical_judgement,"After setting a woodworking machine for a new furniture component, the first piece is dimensionally correct but shows heavy tear-out along one edge. What would you review before continuing production?",MASCO2020
E9-Q-1743,Exact,7613,761,WOODWORKING-MACHINE TOOL SETTERS AND OPERATORS,technical_judgement,A batch of machined wooden parts starts showing a gradual change in width even though the same setup is being used. How would you respond?,MASCO2020
E9-Q-1744,Exact,7613,761,WOODWORKING-MACHINE TOOL SETTERS AND OPERATORS,technical_judgement,What would you check on the first completed wooden part after changing a machine from one product to another?,MASCO2020
E9-Q-1745,Exact,7613,761,WOODWORKING-MACHINE TOOL SETTERS AND OPERATORS,debugging,"Several wooden components leave the machine with the same small defect in the same position. How would you determine whether the cause is the material, the machine setup, or the tooling?",MASCO2020
E9-Q-1746,Exact,7613,761,WOODWORKING-MACHINE TOOL SETTERS AND OPERATORS,problem_solving,"While monitoring an automatic woodworking machine, you see a part begin feeding inconsistently and hear an abnormal sound. What would you do?",MASCO2020
E9-Q-1747,Exact,7621,762,"TAILORS, DRESSMAKERS, FURRIERS AND HATTERS",customer_communication,A customer asks for a jacket to be taken in but also wants to keep its current balance and ease. How would you clarify the alteration before you mark or sew anything?,MASCO2020
E9-Q-1748,Exact,7621,762,"TAILORS, DRESSMAKERS, FURRIERS AND HATTERS",technical_judgement,"After assembling a made-to-measure garment, the left and right sides hang differently even though the main measurements match. What would you check before calling the garment finished?",MASCO2020
E9-Q-1749,Exact,7621,762,"TAILORS, DRESSMAKERS, FURRIERS AND HATTERS",customer_communication,You are altering a finished garment and discover that the seam allowance is too narrow for the change the customer requested. How would you decide what to do next?,MASCO2020
E9-Q-1750,Exact,7621,762,"TAILORS, DRESSMAKERS, FURRIERS AND HATTERS",problem_solving,"You have one garment awaiting a final fitting, another needing a repair before collection, and a ready-to-wear batch with sewing work due the same day. How would you sequence the work?",MASCO2020
E9-Q-1751,Exact,7621,762,"TAILORS, DRESSMAKERS, FURRIERS AND HATTERS",customer_communication,"At a fitting, a customer wants a much closer fit than the fabric and current garment construction can comfortably support. How would you handle the conversation?",MASCO2020
E9-Q-1752,Exact,7622,762,GARMENT AND RELATED PATTERN-MAKERS AND CUTTERS,technical_judgement,"Before cutting a garment order, how would you verify that the paper pattern, size, seam allowances and material layout all correspond to the job specification?",MASCO2020
E9-Q-1753,Exact,7622,762,GARMENT AND RELATED PATTERN-MAKERS AND CUTTERS,technical_judgement,"While laying out pattern pieces, you find a visible flaw in the cloth exactly where a major garment panel would be cut. What would you do?",MASCO2020
E9-Q-1754,Exact,7622,762,GARMENT AND RELATED PATTERN-MAKERS AND CUTTERS,problem_solving,"Two layouts would both fit the required garment pieces, but one saves more material while placing several pieces in a less suitable orientation. How would you choose between them?",MASCO2020
E9-Q-1755,Exact,7622,762,GARMENT AND RELATED PATTERN-MAKERS AND CUTTERS,problem_solving,A cut set is already prepared when you discover that one pattern piece was traced from the wrong size. How would you contain the error and recover the order?,MASCO2020
E9-Q-1756,Exact,7622,762,GARMENT AND RELATED PATTERN-MAKERS AND CUTTERS,problem_solving,What information would you make sure travels with a bundle of cut garment pieces so the sewing team can assemble it without guessing?,MASCO2020
E9-Q-1757,Exact,7623,762,SHOEMAKERS AND RELATED WORKERS,technical_judgement,"When preparing cut components for a pair of shoes, how would you check that the left and right sets will produce a consistent pair before sewing begins?",MASCO2020
E9-Q-1758,Exact,7623,762,SHOEMAKERS AND RELATED WORKERS,customer_communication,"During a shoe repair, you discover that the visible damage is larger than the customer originally described. How would you decide whether to continue with the planned repair?",MASCO2020
E9-Q-1759,Exact,7623,762,SHOEMAKERS AND RELATED WORKERS,technical_judgement,"After sewing several shoe components together, what would you examine before the assembly moves to the next stage?",MASCO2020
E9-Q-1760,Exact,7623,762,SHOEMAKERS AND RELATED WORKERS,customer_communication,A customer asks for a special pair of footwear but gives only a general description of the look and use. What details would you clarify before making the pattern and cutting components?,MASCO2020
E9-Q-1761,Exact,7623,762,SHOEMAKERS AND RELATED WORKERS,problem_solving,"You have a custom footwear order waiting for component fitting, a repair promised for collection, and several standard items to assemble. How would you organise the day?",MASCO2020
E9-Q-1762,Exact,7624,762,UPHOLSTERERS AND RELATED WORKERS,technical_judgement,"A chair arrives for reupholstery with a worn cover, uneven padding and signs that the underlying support may also be damaged. How would you assess the job before deciding the repair scope?",MASCO2020
E9-Q-1763,Exact,7624,762,UPHOLSTERERS AND RELATED WORKERS,technical_judgement,"After a trial fit, the covering material on a piece of furniture shows uneven alignment and does not sit consistently around the edges. What would you check before completing the job?",MASCO2020
E9-Q-1764,Exact,7624,762,UPHOLSTERERS AND RELATED WORKERS,technical_judgement,"A replacement cover for a vehicle seat does not line up with the seat's existing contours and attachment points during a dry fit. How would you verify whether the problem is the cover, the measurements or the seat condition?",MASCO2020
E9-Q-1765,Exact,7624,762,UPHOLSTERERS AND RELATED WORKERS,requirements_clarification,A customer asks for a mattress or cushion to be 'firmer' but gives no measurable or comparative requirement. How would you turn that request into a workable specification?,MASCO2020
E9-Q-1766,Exact,7624,762,UPHOLSTERERS AND RELATED WORKERS,problem_solving,"You have several upholstery jobs due close together, but one is waiting for a specific covering material while another can be completed with stock already available. How would you schedule the work?",MASCO2020
E9-Q-1767,Exact,7625,762,"PELT DRESSERS, TANNERS AND FELLMONGERS",technical_judgement,"A delivery of hides contains noticeable differences in thickness, surface condition and visible damage. How would you sort and grade the batch before it moves into processing?",MASCO2020
E9-Q-1768,Exact,7625,762,"PELT DRESSERS, TANNERS AND FELLMONGERS",testing_verification,"Before a prepared hide is released to the next stage, how would you verify that flesh, fat or hair removal has been completed to the required standard without damaging the hide?",MASCO2020
E9-Q-1769,Exact,7625,762,"PELT DRESSERS, TANNERS AND FELLMONGERS",problem_solving,You find that one section of a pelt is cleanly prepared while another still has substantial residual tissue. How would you handle that piece and the rest of the batch?,MASCO2020
E9-Q-1770,Exact,7625,762,"PELT DRESSERS, TANNERS AND FELLMONGERS",problem_solving,What would you communicate when handing a graded batch of hides or skins to the next processing stage?,MASCO2020
E9-Q-1771,Exact,7625,762,"PELT DRESSERS, TANNERS AND FELLMONGERS",debugging,"If a hide has a surface defect that does not make the whole piece unusable, how would you decide whether it belongs in a lower grade, needs rework, or should be rejected?",MASCO2020
E9-Q-1772,Exact,7631,763,UNDERWATER DIVERS,administrative_accuracy,"A record used in monitoring dive lengths and depths, and registering with authorities does not match another source. How would you verify the discrepancy and leave a clear record of the resolution?",MASCO2020
E9-Q-1773,Exact,7631,763,UNDERWATER DIVERS,safety_judgement,"A safety concern appears in work carried out by underwater divers. What would you verify, and when would you stop or refer the work?",MASCO2020
E9-Q-1774,Exact,7631,763,UNDERWATER DIVERS,safety_judgement,"You notice a condition in monitoring dive lengths and depths, and registering with authorities that may make the work unsafe. How would you respond without going beyond your authority?",MASCO2020
E9-Q-1775,Exact,7631,763,UNDERWATER DIVERS,safety_judgement,A required safety control in work carried out by underwater divers is unclear. What would you confirm before work continues?,MASCO2020
E9-Q-1776,Exact,7631,763,UNDERWATER DIVERS,safety_judgement,"An unexpected hazard affects monitoring dive lengths and depths, and registering with authorities. How would you make the risk visible and obtain the right decision?",MASCO2020
E9-Q-1777,Exact,7632,763,SHOTFIRERS AND BLASTERS,problem_solving,A recurring problem is affecting work carried out by shotfirers and blasters. How would you isolate the cause and decide on the next step?,MASCO2020
E9-Q-1778,Exact,7632,763,SHOTFIRERS AND BLASTERS,safety_judgement,"A safety concern appears in ensuring safety in the workplace, and procedures and regulations for the handling. What would you verify, and when would you stop or refer the work?",MASCO2020
E9-Q-1779,Exact,7632,763,SHOTFIRERS AND BLASTERS,technical_judgement,You receive conflicting technical information about work carried out by shotfirers and blasters. How would you decide which information is reliable before proceeding?,MASCO2020
E9-Q-1780,Exact,7632,763,SHOTFIRERS AND BLASTERS,safety_judgement,"You notice a condition in ensuring safety in the workplace, and procedures and regulations for the handling that may make the work unsafe. How would you respond without going beyond your authority?",MASCO2020
E9-Q-1781,Exact,7632,763,SHOTFIRERS AND BLASTERS,safety_judgement,A required safety control in work carried out by shotfirers and blasters is unclear. What would you confirm before work continues?,MASCO2020
E9-Q-1782,Exact,7633,763,PRODUCT GRADERS AND TESTERS (EXCLUDING FOODS AND BEVERAGES),administrative_accuracy,A record used in work carried out by product graders and testers (excluding foods and beverages) does not match another source. How would you verify the discrepancy and leave a clear record of the resolution?,MASCO2020
E9-Q-1783,Exact,7633,763,PRODUCT GRADERS AND TESTERS (EXCLUDING FOODS AND BEVERAGES),administrative_accuracy,Important information for work carried out by product graders and testers (excluding foods and beverages) is incomplete. What would you confirm before the work moves forward?,MASCO2020
E9-Q-1784,Exact,7633,763,PRODUCT GRADERS AND TESTERS (EXCLUDING FOODS AND BEVERAGES),customer_communication,A customer request changes the requirements for work carried out by product graders and testers (excluding foods and beverages). How would you clarify expectations and explain any constraint?,MASCO2020
E9-Q-1785,Exact,7633,763,PRODUCT GRADERS AND TESTERS (EXCLUDING FOODS AND BEVERAGES),quality_control,An output from work carried out by product graders and testers (excluding foods and beverages) does not meet the expected standard. How would you investigate the cause and confirm the correction?,MASCO2020
E9-Q-1786,Exact,7633,763,PRODUCT GRADERS AND TESTERS (EXCLUDING FOODS AND BEVERAGES),quality_control,You notice inconsistent results in work carried out by product graders and testers (excluding foods and beverages). What would you check to decide whether the problem is isolated or recurring?,MASCO2020
E9-Q-1787,Exact,7634,763,FUMIGATORS AND PEST AND WEED CONTROLLERS,safety_judgement,"A safety concern appears in work carried out by fumigators and pest and weed controllers. What would you verify, and when would you stop or refer the work?",MASCO2020
E9-Q-1788,Exact,7634,763,FUMIGATORS AND PEST AND WEED CONTROLLERS,safety_judgement,You notice a condition in inspecting buildings or surroundings to the appropriate authority that may make the work unsafe. How would you respond without going beyond your authority?,MASCO2020
E9-Q-1789,Exact,7634,763,FUMIGATORS AND PEST AND WEED CONTROLLERS,technical_judgement,You receive conflicting technical information about work carried out by fumigators and pest and weed controllers. How would you decide which information is reliable before proceeding?,MASCO2020
E9-Q-1790,Exact,7634,763,FUMIGATORS AND PEST AND WEED CONTROLLERS,safety_judgement,A required safety control in inspecting buildings or surroundings remains unclear is unclear. What would you confirm before work continues?,MASCO2020
E9-Q-1791,Exact,7634,763,FUMIGATORS AND PEST AND WEED CONTROLLERS,safety_judgement,An unexpected hazard affects work carried out by fumigators and pest and weed controllers. How would you make the risk visible and obtain the right decision?,MASCO2020
E9-Q-1792,Exact,8111,811,MINERS AND QUARRY WORKERS,administrative_accuracy,A record used in miners and quarry work does not match another source. How would you verify the discrepancy and leave a clear record of the resolution?,MASCO2020
E9-Q-1793,Exact,8111,811,MINERS AND QUARRY WORKERS,stakeholder_communication,A delay affects miners and quarry work. How would you explain the impact and agree on the next step with the people involved?,MASCO2020
E9-Q-1794,Exact,8111,811,MINERS AND QUARRY WORKERS,technical_judgement,You receive conflicting technical information about miners and quarry work. How would you decide which information is reliable before proceeding?,MASCO2020
E9-Q-1795,Exact,8111,811,MINERS AND QUARRY WORKERS,problem_solving,A recurring problem is affecting miners and quarry work. How would you isolate the cause and decide on the next step?,MASCO2020
E9-Q-1796,Exact,8111,811,MINERS AND QUARRY WORKERS,learning_reflection,"Tell me about a time you improved how you handled miners and quarry work. What did you change, and what showed you it worked?",MASCO2020
E9-Q-1797,Exact,8112,811,MINERAL AND STONE PROCESSING PLANT OPERATORS,problem_solving,A recurring problem is affecting mineral and stone processing plant operations. How would you isolate the cause and decide on the next step?,MASCO2020
E9-Q-1798,Exact,8112,811,MINERAL AND STONE PROCESSING PLANT OPERATORS,stakeholder_communication,A delay affects mineral and stone processing plant operations. How would you explain the impact and agree on the next step with the people involved?,MASCO2020
E9-Q-1799,Exact,8112,811,MINERAL AND STONE PROCESSING PLANT OPERATORS,technical_judgement,You receive conflicting technical information about mineral and stone processing plant operations. How would you decide which information is reliable before proceeding?,MASCO2020
E9-Q-1800,Exact,8112,811,MINERAL AND STONE PROCESSING PLANT OPERATORS,problem_solving,Something in mineral and stone processing plant operations is not working as expected. What would you check before choosing a solution?,MASCO2020
E9-Q-1801,Exact,8112,811,MINERAL AND STONE PROCESSING PLANT OPERATORS,learning_reflection,"Tell me about a time you improved how you handled mineral and stone processing plant operations. What did you change, and what showed you it worked?",MASCO2020
E9-Q-1802,Exact,8113,811,WELL DRILLERS AND BORERS AND RELATED WORKERS,quality_control,An output from preparing and operating derrick pipe-handling devices and slush pumps does not meet the expected standard. How would you investigate the cause and confirm the correction?,MASCO2020
E9-Q-1803,Exact,8113,811,WELL DRILLERS AND BORERS AND RELATED WORKERS,administrative_accuracy,A record used in well drillers and borers and related work does not match another source. How would you verify the discrepancy and leave a clear record of the resolution?,MASCO2020
E9-Q-1804,Exact,8113,811,WELL DRILLERS AND BORERS AND RELATED WORKERS,quality_control,You notice inconsistent results in well drillers and borers and related work. What would you check to decide whether the problem is isolated or recurring?,MASCO2020
E9-Q-1805,Exact,8113,811,WELL DRILLERS AND BORERS AND RELATED WORKERS,quality_control,"Before accepting or handing over work from well drillers and borers and related work, what would you verify?",MASCO2020
E9-Q-1806,Exact,8113,811,WELL DRILLERS AND BORERS AND RELATED WORKERS,quality_control,A recurring quality issue is affecting well drillers and borers and related work. How would you trace the source and check that the fix holds?,MASCO2020
E9-Q-1807,Exact,8114,811,"CEMENT, STONE AND OTHER MINERAL PRODUCTS MACHINE OPERATORS",administrative_accuracy,"A record used in operating and monitoring extrusion, moulding does not match another source. How would you verify the discrepancy and leave a clear record of the resolution?",MASCO2020
E9-Q-1808,Exact,8114,811,"CEMENT, STONE AND OTHER MINERAL PRODUCTS MACHINE OPERATORS",administrative_accuracy,"Important information for operating and monitoring extrusion, moulding is incomplete. What would you confirm before the work moves forward?",MASCO2020
E9-Q-1809,Exact,8114,811,"CEMENT, STONE AND OTHER MINERAL PRODUCTS MACHINE OPERATORS",administrative_accuracy,"Two records supporting operating and monitoring extrusion, moulding show different details. How would you establish which information is current?",MASCO2020
E9-Q-1810,Exact,8114,811,"CEMENT, STONE AND OTHER MINERAL PRODUCTS MACHINE OPERATORS",administrative_accuracy,"A late correction affects information already used in cement, stone and other mineral products machine operations. How would you update the record and make the change traceable?",MASCO2020
E9-Q-1811,Exact,8114,811,"CEMENT, STONE AND OTHER MINERAL PRODUCTS MACHINE OPERATORS",administrative_accuracy,"A key detail in operating and monitoring extrusion, moulding was entered differently in two places. How would you correct it without losing traceability?",MASCO2020
E9-Q-1812,Exact,8121,812,METAL PROCESSING PLANT OPERATORS,technical_judgement,You receive conflicting technical information about metal processing plant operations. How would you decide which information is reliable before proceeding?,MASCO2020
E9-Q-1813,Exact,8121,812,METAL PROCESSING PLANT OPERATORS,customer_communication,A customer request changes the requirements for metal processing plant operations. How would you clarify expectations and explain any constraint?,MASCO2020
E9-Q-1814,Exact,8121,812,METAL PROCESSING PLANT OPERATORS,customer_communication,A customer is unhappy with progress in metal processing plant operations. How would you explain the situation and agree on a workable next step?,MASCO2020
E9-Q-1815,Exact,8121,812,METAL PROCESSING PLANT OPERATORS,problem_solving,A recurring problem is affecting metal processing plant operations. How would you isolate the cause and decide on the next step?,MASCO2020
E9-Q-1816,Exact,8121,812,METAL PROCESSING PLANT OPERATORS,quality_control,An output from metal processing plant operations does not meet the expected standard. How would you investigate the cause and confirm the correction?,MASCO2020
E9-Q-1817,Exact,8122,812,"METAL FINISHING, PLATING AND COATING MACHINE OPERATORS",problem_solving,"A recurring problem is affecting operating and monitoring equipment which cleans metal articles in preparation for electroplating, galvanising. How would you isolate the cause and decide on the next step?",MASCO2020
E9-Q-1818,Exact,8122,812,"METAL FINISHING, PLATING AND COATING MACHINE OPERATORS",administrative_accuracy,A record used in operating and monitoring electroplating equipment can proceed does not match another source. How would you verify the discrepancy and leave a clear record of the resolution?,MASCO2020
E9-Q-1819,Exact,8122,812,"METAL FINISHING, PLATING AND COATING MACHINE OPERATORS",technical_judgement,"You receive conflicting technical information about operating and monitoring equipment which cleans metal articles in preparation for electroplating, galvanising. How would you decide which information is reliable before proceeding?",MASCO2020
E9-Q-1820,Exact,8122,812,"METAL FINISHING, PLATING AND COATING MACHINE OPERATORS",problem_solving,"Something in metal finishing, plating and coating machine operations is not working as expected. What would you check before choosing a solution?",MASCO2020
E9-Q-1821,Exact,8122,812,"METAL FINISHING, PLATING AND COATING MACHINE OPERATORS",learning_reflection,"Tell me about a time you improved how you handled operating and monitoring equipment which cleans metal articles in preparation for electroplating, galvanising. What did you change, and what showed you it worked?",MASCO2020
E9-Q-1822,Exact,8131,813,CHEMICAL PRODUCTS PLANT AND MACHINE OPERATORS,safety_judgement,"A concern arises in work carried out by chemical products plant and machine operators. How would you describe the facts, stay within your authority, and obtain the appropriate review?",MASCO2020
E9-Q-1823,Exact,8131,813,CHEMICAL PRODUCTS PLANT AND MACHINE OPERATORS,administrative_accuracy,"A change affects work carried out by chemical products plant and machine operators, but the safe or authorised response is not yet clear. What would you verify before work continues?",MASCO2020
E9-Q-1824,Exact,8131,813,CHEMICAL PRODUCTS PLANT AND MACHINE OPERATORS,quality_control,An unresolved issue affects work carried out by chemical products plant and machine operators. How would you hand over the facts and make sure the responsible person can take the next decision?,MASCO2020
E9-Q-1825,Exact,8131,813,CHEMICAL PRODUCTS PLANT AND MACHINE OPERATORS,safety_judgement,A routine decision in work carried out by chemical products plant and machine operators reaches the limit of your authority. How would you document the facts and route it to the right person?,MASCO2020
E9-Q-1826,Exact,8131,813,CHEMICAL PRODUCTS PLANT AND MACHINE OPERATORS,safety_judgement,You receive conflicting information about work carried out by chemical products plant and machine operators. How would you verify the authoritative requirement and decide whether the work should pause or be referred?,MASCO2020
E9-Q-1827,Exact,8132,813,PHOTOGRAPHIC PRODUCTS MACHINE OPERATORS,administrative_accuracy,A record used in operating and monitoring equipment which makes photographic film and paper does not match another source. How would you verify the discrepancy and leave a clear record of the resolution?,MASCO2020
E9-Q-1828,Exact,8132,813,PHOTOGRAPHIC PRODUCTS MACHINE OPERATORS,administrative_accuracy,Important information for operating and monitoring equipment which makes photographic film and paper is incomplete. What would you confirm before the work moves forward?,MASCO2020
E9-Q-1829,Exact,8132,813,PHOTOGRAPHIC PRODUCTS MACHINE OPERATORS,administrative_accuracy,Two records supporting photographic products machine operations show different details. How would you establish which information is current?,MASCO2020
E9-Q-1830,Exact,8132,813,PHOTOGRAPHIC PRODUCTS MACHINE OPERATORS,administrative_accuracy,"A late correction affects information already used in operating, monitoring and testing photographic processing and printing equipment. How would you update the record and make the change traceable?",MASCO2020
E9-Q-1831,Exact,8132,813,PHOTOGRAPHIC PRODUCTS MACHINE OPERATORS,administrative_accuracy,A key detail in photographic products machine operations was entered differently in two places. How would you correct it without losing traceability?,MASCO2020
E9-Q-1832,Exact,8141,814,RUBBER PRODUCTS MACHINE OPERATORS,problem_solving,"While monitoring a rubber-compounding run, you notice a process indication and material appearance that are both outside what the approved job normally shows. What would you do before continuing the batch?",MASCO2020
E9-Q-1833,Exact,8141,814,RUBBER PRODUCTS MACHINE OPERATORS,technical_judgement,Sheets coming from a rubber rolling process begin to show a repeated thickness or surface inconsistency. How would you handle the affected production and the information needed for follow-up?,MASCO2020
E9-Q-1834,Exact,8141,814,RUBBER PRODUCTS MACHINE OPERATORS,debugging,"A moulded or extruded rubber product develops the same defect across several pieces, while the machine display also shows an unusual trend. How would you decide what evidence to gather before the issue is escalated?",MASCO2020
E9-Q-1835,Exact,8141,814,RUBBER PRODUCTS MACHINE OPERATORS,problem_solving,"At a product changeover, the job sheet and the material label appear to refer to different rubber compounds. What would you do before loading or processing the material?",MASCO2020
E9-Q-1836,Exact,8141,814,RUBBER PRODUCTS MACHINE OPERATORS,quality_control,"You are handing over a rubber-production machine at shift change, and the current batch has a quality check still pending. What information would you make sure the incoming operator receives?",MASCO2020
E9-Q-1837,Exact,8142,814,PLASTIC PRODUCTS MACHINE OPERATORS,debugging,"While a plastics line is running, moulded parts begin showing the same surface defect across several consecutive pieces. What would you do before normal production continues?",MASCO2020
E9-Q-1838,Exact,8142,814,PLASTIC PRODUCTS MACHINE OPERATORS,testing_verification,"After a change from one plastic product to another, how would you verify that the first acceptable pieces really match the new specification before the batch is released?",MASCO2020
E9-Q-1839,Exact,8142,814,PLASTIC PRODUCTS MACHINE OPERATORS,problem_solving,A blended plastic compound appears inconsistent before it reaches the shaping stage. How would you respond without allowing uncertain material into finished product?,MASCO2020
E9-Q-1840,Exact,8142,814,PLASTIC PRODUCTS MACHINE OPERATORS,quality_control,"On a laminated plastic product, you notice intermittent separation between layers. What factors would you check to decide whether this is an isolated piece or a process-wide quality problem?",MASCO2020
E9-Q-1841,Exact,8142,814,PLASTIC PRODUCTS MACHINE OPERATORS,problem_solving,"You are monitoring a plastics line when minor cosmetic rejects are increasing and, at the same time, another product changeover is due. How would you prioritise the two issues?",MASCO2020
E9-Q-1842,Exact,8143,814,PAPER PRODUCTS MACHINE OPERATORS,technical_judgement,A box-making run starts producing blanks with crease lines that are slightly off position. How would you decide whether production can continue?,MASCO2020
E9-Q-1843,Exact,8143,814,PAPER PRODUCTS MACHINE OPERATORS,technical_judgement,A newly adjusted envelope line produces five trial envelopes. What evidence from those pieces would make you comfortable releasing the job into normal production?,MASCO2020
E9-Q-1844,Exact,8143,814,PAPER PRODUCTS MACHINE OPERATORS,problem_solving,Paper bags coming off the line are correctly cut but some seals open under light handling. How would you investigate the problem?,MASCO2020
E9-Q-1845,Exact,8143,814,PAPER PRODUCTS MACHINE OPERATORS,stakeholder_communication,A production order specifies a new paperboard grade but the machine setup sheet appears to be for the previous grade. What would you do before starting the job?,MASCO2020
E9-Q-1846,Exact,8143,814,PAPER PRODUCTS MACHINE OPERATORS,problem_solving,A run of formed paper cups includes a short interval of suspect containers that has been isolated. How would you hand this situation over to the next shift?,MASCO2020
E9-Q-1847,Exact,8151,815,"FIBRE PREPARING, SPINNING AND WINDING MACHINE OPERATORS",technical_judgement,A fibre blend feeding the next stage looks uneven compared with the approved batch. How would you check whether it should continue into sliver production?,MASCO2020
E9-Q-1848,Exact,8151,815,"FIBRE PREPARING, SPINNING AND WINDING MACHINE OPERATORS",problem_solving,Sliver coming from fibre preparation begins varying noticeably in thickness. What would you do to contain the issue and find where it is entering the process?,MASCO2020
E9-Q-1849,Exact,8151,815,"FIBRE PREPARING, SPINNING AND WINDING MACHINE OPERATORS",technical_judgement,"Before a new lot of roving is sent to spinning, what would you verify about the output and its identification?",MASCO2020
E9-Q-1850,Exact,8151,815,"FIBRE PREPARING, SPINNING AND WINDING MACHINE OPERATORS",debugging,"You are monitoring several winding positions when one starts creating repeated package defects while another has stopped completely. Which would you address first, and why?",MASCO2020
E9-Q-1851,Exact,8151,815,"FIBRE PREPARING, SPINNING AND WINDING MACHINE OPERATORS",quality_control,What information should be included when handing over a fibre-preparation or winding line that has been producing an intermittent quality issue?,MASCO2020
E9-Q-1852,Exact,8152,815,WEAVING AND KNITTING MACHINE OPERATORS,debugging,"While weaving a fabric roll, you notice a repeating line defect developing across the cloth. How would you respond before more material is produced?",MASCO2020
E9-Q-1853,Exact,8152,815,WEAVING AND KNITTING MACHINE OPERATORS,technical_judgement,A knitting style change introduces a different stitch structure. How would you judge the first section of fabric before committing to a full roll?,MASCO2020
E9-Q-1854,Exact,8152,815,WEAVING AND KNITTING MACHINE OPERATORS,problem_solving,"A knitted fabric begins showing intermittent dropped or irregular stitches, but only on one machine position. How would you narrow down the cause?",MASCO2020
E9-Q-1855,Exact,8152,815,WEAVING AND KNITTING MACHINE OPERATORS,debugging,"You are responsible for several weaving or knitting machines and two alarms occur at once: one machine has stopped, while another is still running but producing visibly defective fabric. How would you prioritise?",MASCO2020
E9-Q-1856,Exact,8152,815,WEAVING AND KNITTING MACHINE OPERATORS,problem_solving,A fabric roll contains a section that was produced before a weaving fault was corrected. How would you identify and hand over that roll for inspection or downstream processing?,MASCO2020
E9-Q-1857,Exact,8153,815,SEWING MACHINE OPERATORS,technical_judgement,"A seam on a garment looks acceptable from the outside, but the underside shows inconsistent stitches. How would you decide whether the piece can move to the next operation?",MASCO2020
E9-Q-1858,Exact,8153,815,SEWING MACHINE OPERATORS,problem_solving,"A zipper attachment is repeatedly ending slightly out of alignment with the garment opening. How would you work out whether the issue comes from handling, component placement or the sewing setup?",MASCO2020
E9-Q-1859,Exact,8153,815,SEWING MACHINE OPERATORS,technical_judgement,"After replacing a sewing-machine needle, what would you verify on a test piece before returning to production?",MASCO2020
E9-Q-1860,Exact,8153,815,SEWING MACHINE OPERATORS,problem_solving,"A work ticket calls for a fastening to be attached, but the sample garment and written instruction show different positions. What would you do before sewing the batch?",MASCO2020
E9-Q-1861,Exact,8153,815,SEWING MACHINE OPERATORS,debugging,"You are sewing a production batch when a recurring stitch defect appears near the deadline. How would you balance output target, inspection and rework?",MASCO2020
E9-Q-1862,Exact,8154,815,"BLEACHING, DYEING AND FABRIC CLEANING MACHINE OPERATORS",testing_verification,A dyed fabric batch is visibly uneven in shade from one section to another. How would you decide what can be released and what needs to be held?,MASCO2020
E9-Q-1863,Exact,8154,815,"BLEACHING, DYEING AND FABRIC CLEANING MACHINE OPERATORS",problem_solving,"After a fabric-cleaning run, the original soil is reduced but a new mark appears on several items from the same load. How would you investigate?",MASCO2020
E9-Q-1864,Exact,8154,815,"BLEACHING, DYEING AND FABRIC CLEANING MACHINE OPERATORS",technical_judgement,"Before releasing cloth after a shrinkage or fabric-strengthening treatment, what would you verify about the finished material?",MASCO2020
E9-Q-1865,Exact,8154,815,"BLEACHING, DYEING AND FABRIC CLEANING MACHINE OPERATORS",problem_solving,A batch ticket and the attached fabric label indicate different required colour treatments. What would you do before loading the material for processing?,MASCO2020
E9-Q-1866,Exact,8154,815,"BLEACHING, DYEING AND FABRIC CLEANING MACHINE OPERATORS",quality_control,"A dyeing or cleaning machine has completed a batch, but part of the load is on hold for quality review. What would you include in the shift handover?",MASCO2020
E9-Q-1867,Exact,8155,815,FUR AND LEATHER PREPARING MACHINE OPERATORS,technical_judgement,"After machine preparation, a hide still has patches of flesh or hair while other areas are clean. How would you handle the hide before it enters the next stage?",MASCO2020
E9-Q-1868,Exact,8155,815,FUR AND LEATHER PREPARING MACHINE OPERATORS,technical_judgement,What would you check on leather coming out of a finishing or dyeing machine before accepting the batch as consistent?,MASCO2020
E9-Q-1869,Exact,8155,815,FUR AND LEATHER PREPARING MACHINE OPERATORS,problem_solving,A leather batch shows acceptable colour in most areas but repeated lighter bands on multiple hides. How would you determine whether this is a material issue or a machine-process issue?,MASCO2020
E9-Q-1870,Exact,8155,815,FUR AND LEATHER PREPARING MACHINE OPERATORS,problem_solving,A group of hides has been reprocessed after failing an earlier preparation check. How would you keep those hides traceable when handing them to the next operation?,MASCO2020
E9-Q-1871,Exact,8155,815,FUR AND LEATHER PREPARING MACHINE OPERATORS,problem_solving,"If two hides from the same batch react differently during finishing, how would you decide whether to treat them as normal material variation or a nonconformance requiring review?",MASCO2020
E9-Q-1872,Exact,8156,815,SHOEMAKING AND RELATED MACHINE OPERATORS,technical_judgement,"After a machine cuts shoe components from a marked pattern, how would you verify the cut set before it moves to stitching?",MASCO2020
E9-Q-1873,Exact,8156,815,SHOEMAKING AND RELATED MACHINE OPERATORS,technical_judgement,A machine-sewn shoe upper is secure but the decorative line is visibly uneven from one side to the other. How would you judge whether it needs rework?,MASCO2020
E9-Q-1874,Exact,8156,815,SHOEMAKING AND RELATED MACHINE OPERATORS,problem_solving,A polishing or edging operation begins leaving marks on otherwise acceptable footwear components. How would you contain the problem and trace when it started?,MASCO2020
E9-Q-1875,Exact,8156,815,SHOEMAKING AND RELATED MACHINE OPERATORS,problem_solving,"A production order for handbags calls for an ornamental finish, but the reference sample and machine instruction do not match. How would you proceed?",MASCO2020
E9-Q-1876,Exact,8156,815,SHOEMAKING AND RELATED MACHINE OPERATORS,problem_solving,A batch of footwear has passed cutting and sewing but several pieces are waiting for finishing rework. How would you organise the handover so completed and held items are not mixed?,MASCO2020
E9-Q-1877,Exact,8157,815,LAUNDRY MACHINE OPERATORS,customer_communication,"A mixed customer load includes light and dark items, delicate fabrics and garments with special care instructions. How would you sort the load before machine cleaning?",MASCO2020
E9-Q-1878,Exact,8157,815,LAUNDRY MACHINE OPERATORS,customer_communication,A garment comes out of cleaning with the original stain still visible but the fabric otherwise appears unchanged. What would you do before returning it to the customer?,MASCO2020
E9-Q-1879,Exact,8157,815,LAUNDRY MACHINE OPERATORS,problem_solving,Several garments from one machine load develop the same unexpected mark. How would you handle the affected items and the machine before processing the next load?,MASCO2020
E9-Q-1880,Exact,8157,815,LAUNDRY MACHINE OPERATORS,stakeholder_communication,During inspection you find a loose button and a small tear on a garment that arrived for cleaning. How would you handle the item and communicate about the repair?,MASCO2020
E9-Q-1881,Exact,8157,815,LAUNDRY MACHINE OPERATORS,problem_solving,Near closing time you have a large standard laundry load ready to run and a smaller order promised for same-day collection that still needs inspection and pressing. How would you prioritise?,MASCO2020
E9-Q-1882,Exact,8159,815,"TEXTILE, FUR AND LEATHER PRODUCTS MACHINE OPERATORS NOT",problem_solving,"A production order for hats, mattresses, trimmings or another textile product calls for a different material or size from the batch currently at the machine. What would you verify before starting the order?",MASCO2020
E9-Q-1883,Exact,8159,815,"TEXTILE, FUR AND LEATHER PRODUCTS MACHINE OPERATORS NOT",technical_judgement,"While monitoring a run, you see a repeated change in the shape, edge or finish of the textile product even though the machine is still producing. How would you handle the affected output?",MASCO2020
E9-Q-1884,Exact,8159,815,"TEXTILE, FUR AND LEATHER PRODUCTS MACHINE OPERATORS NOT",technical_judgement,"You are changing from one textile-product batch to another. How would you prevent material, labels or product specifications from the previous run being carried into the new batch?",MASCO2020
E9-Q-1885,Exact,8159,815,"TEXTILE, FUR AND LEATHER PRODUCTS MACHINE OPERATORS NOT",technical_judgement,"The machine is running at its normal pace, but the number of rejected textile items is increasing. What information would you use to decide whether the run should continue or be escalated?",MASCO2020
E9-Q-1886,Exact,8159,815,"TEXTILE, FUR AND LEATHER PRODUCTS MACHINE OPERATORS NOT",quality_control,"At shift change, a textile-machine batch is only partly complete and a quality issue has not yet been fully resolved. What would you hand over to the next operator?",MASCO2020
E9-Q-1887,Exact,8161,816,FOOD AND RELATED PRODUCTS MACHINE OPERATORS,testing_verification,"During a food-processing run, the product coming off the machine begins to differ from the approved appearance or consistency for that batch. How would you respond before more product is released?",MASCO2020
E9-Q-1888,Exact,8161,816,FOOD AND RELATED PRODUCTS MACHINE OPERATORS,administrative_accuracy,"Before a processed food batch moves to the next production stage, what would you verify about the batch, machine output and records?",MASCO2020
E9-Q-1889,Exact,8161,816,FOOD AND RELATED PRODUCTS MACHINE OPERATORS,problem_solving,"A food-production machine is running normally, but rejects suddenly increase after a new raw-material lot is introduced. How would you determine whether the issue is linked to the material or the process?",MASCO2020
E9-Q-1890,Exact,8161,816,FOOD AND RELATED PRODUCTS MACHINE OPERATORS,problem_solving,"The production schedule names one food product, but the material labels at the machine correspond to a different batch. What would you do before starting?",MASCO2020
E9-Q-1891,Exact,8161,816,FOOD AND RELATED PRODUCTS MACHINE OPERATORS,problem_solving,A food-processing line has produced a short quantity that is on hold because an in-process check was inconclusive. What would you communicate at shift handover?,MASCO2020
E9-Q-1892,Exact,8171,817,PULP AND PAPERMAKING PLANT OPERATORS,technical_judgement,Pulp from a processing stage begins showing more visible contaminants or unprocessed material than the normal output. How would you handle the affected stock?,MASCO2020
E9-Q-1893,Exact,8171,817,PULP AND PAPERMAKING PLANT OPERATORS,quality_control,A pulping line receives a new batch of recovered paper and the stock quality becomes less consistent. How would you work out whether the feed material is driving the change?,MASCO2020
E9-Q-1894,Exact,8171,817,PULP AND PAPERMAKING PLANT OPERATORS,technical_judgement,"Before bleached pulp is transferred for papermaking, what would you verify about the stock and its batch status?",MASCO2020
E9-Q-1895,Exact,8171,817,PULP AND PAPERMAKING PLANT OPERATORS,quality_control,An intermittent pulp-quality issue was observed during your shift but did not recur after the line was stabilised. What details would you leave for the incoming operator?,MASCO2020
E9-Q-1896,Exact,8171,817,PULP AND PAPERMAKING PLANT OPERATORS,quality_control,You notice a minor quality drift in pulp stock while an upstream feed interruption is also developing. How would you prioritise your response?,MASCO2020
E9-Q-1897,Exact,8172,817,WOOD PROCESSING PLANT OPERATORS,problem_solving,Logs are arriving unevenly on the in-feed system and the saw line can no longer receive them consistently. How would you respond without creating a downstream pile-up?,MASCO2020
E9-Q-1898,Exact,8172,817,WOOD PROCESSING PLANT OPERATORS,technical_judgement,Sawn timber begins showing a repeated rough edge on one side of each piece. How would you determine whether the output should be held?,MASCO2020
E9-Q-1899,Exact,8172,817,WOOD PROCESSING PLANT OPERATORS,technical_judgement,The saw line switches to a different log size and finished timber specification. What would you confirm on the early pieces before normal throughput resumes?,MASCO2020
E9-Q-1900,Exact,8172,817,WOOD PROCESSING PLANT OPERATORS,problem_solving,A veneer-cutting machine is producing sheets with acceptable overall dimensions but repeated tears along one edge. How would you judge whether the issue is material-related or process-related?,MASCO2020
E9-Q-1901,Exact,8172,817,WOOD PROCESSING PLANT OPERATORS,testing_verification,A batch of timber has been sawn but a section is awaiting dimensional recheck. How would you hand it over so it is not mixed with released material?,MASCO2020
E9-Q-1902,Exact,8173,817,WOOD PRODUCTS MACHINE OPERATORS,technical_judgement,You have prepared a woodworking machine to repeat a new part. What must the first machined piece prove before you let the rest of the batch run?,MASCO2020
E9-Q-1903,Exact,8173,817,WOOD PRODUCTS MACHINE OPERATORS,technical_judgement,"A batch of machined wood parts is still within overall size, but the surface finish is becoming progressively rougher. How would you handle the run?",MASCO2020
E9-Q-1904,Exact,8173,817,WOOD PRODUCTS MACHINE OPERATORS,debugging,Bored holes are consistently in the correct location but some have chipped edges. How would you narrow down the source of the defect?,MASCO2020
E9-Q-1905,Exact,8173,817,WOOD PRODUCTS MACHINE OPERATORS,problem_solving,A production drawing and the physical reference sample disagree on the depth of a machined feature. What would you do before setting up the batch?,MASCO2020
E9-Q-1906,Exact,8173,817,WOOD PRODUCTS MACHINE OPERATORS,problem_solving,"You are operating two woodworking machines: one is stopped awaiting attention, while the other is still producing parts with a small but worsening dimensional drift. Which issue would you address first?",MASCO2020
E9-Q-1907,Exact,8181,818,GLASS AND CERAMICS PLANT OPERATORS,debugging,A run of moulded glass containers begins showing the same visible shape defect on successive pieces. How would you contain the issue and decide what output is affected?,MASCO2020
E9-Q-1908,Exact,8181,818,GLASS AND CERAMICS PLANT OPERATORS,technical_judgement,The glass-forming line has just changed to a different container mould. What would you look for in the first group of containers before accepting the changeover?,MASCO2020
E9-Q-1909,Exact,8181,818,GLASS AND CERAMICS PLANT OPERATORS,problem_solving,A surface coating on glassware appears uneven across part of the production stream. How would you determine whether the issue is isolated or linked to the coating equipment?,MASCO2020
E9-Q-1910,Exact,8181,818,GLASS AND CERAMICS PLANT OPERATORS,quality_control,"A furnace or kiln process has completed, but a portion of the glass or ceramic batch is waiting for quality confirmation. What information should go into the handover?",MASCO2020
E9-Q-1911,Exact,8181,818,GLASS AND CERAMICS PLANT OPERATORS,problem_solving,Ceramic pieces leaving a firing stage show a small increase in warping across several consecutive items. How would you decide whether this is normal variation or a process issue that needs escalation?,MASCO2020
E9-Q-1912,Exact,8182,818,STEAM ENGINE AND BOILER OPERATORS,problem_solving,"During operation of a boiler or steam-utility system, a reading moves outside the site's approved normal range and you cannot immediately explain why. How would you respond?",MASCO2020
E9-Q-1913,Exact,8182,818,STEAM ENGINE AND BOILER OPERATORS,problem_solving,"At shift handover, the outgoing operator reports an unresolved issue affecting a boiler, turbine or auxiliary system, but the log entry is incomplete. How would you take over the shift?",MASCO2020
E9-Q-1914,Exact,8182,818,STEAM ENGINE AND BOILER OPERATORS,technical_judgement,An alarm history indicates a plant condition that is not consistent with the current local indication. How would you verify the discrepancy without bypassing protection or guessing which indication is correct?,MASCO2020
E9-Q-1915,Exact,8182,818,STEAM ENGINE AND BOILER OPERATORS,problem_solving,"Operations asks for a change in steam or utility output, but the request does not clearly state the required demand, timing or authorisation. What would you clarify before acting?",MASCO2020
E9-Q-1916,Exact,8182,818,STEAM ENGINE AND BOILER OPERATORS,problem_solving,Utility performance has been drifting over several shifts without a single clear fault. How would you build a useful case for maintenance or engineering review?,MASCO2020
E9-Q-1917,Exact,8183,818,"PACKING, BOTTLING AND LABELLING MACHINE OPERATORS",technical_judgement,"A bottling line is running at normal speed, but several containers are leaving with crooked or partially detached labels. How would you handle the line and the affected product?",MASCO2020
E9-Q-1918,Exact,8183,818,"PACKING, BOTTLING AND LABELLING MACHINE OPERATORS",technical_judgement,A packing machine has been changed from a smaller format to a larger one. What must the first finished packs demonstrate before you return to full-speed production?,MASCO2020
E9-Q-1919,Exact,8183,818,"PACKING, BOTTLING AND LABELLING MACHINE OPERATORS",problem_solving,"Finished packs are sealed correctly, but a growing number are being rejected for damaged appearance. How would you trace where the damage is occurring?",MASCO2020
E9-Q-1920,Exact,8183,818,"PACKING, BOTTLING AND LABELLING MACHINE OPERATORS",technical_judgement,The product code on the production order does not match the labels staged beside the labelling machine. What would you do before the run starts?,MASCO2020
E9-Q-1921,Exact,8183,818,"PACKING, BOTTLING AND LABELLING MACHINE OPERATORS",debugging,"During a busy packing run, the inspection station finds a small number of cosmetic defects while the labelling station begins applying the wrong position consistently. Which issue would you address first?",MASCO2020
E9-Q-1922,Exact,8189,818,STATIONARY PLANT AND MACHINE OPERATORS NOT ELSEWHERE,technical_judgement,A finished part from the stationary plant or machine has the correct general form but its finish or physical appearance does not meet the manufacturer's standard. How would you handle that part and the next output?,MASCO2020
E9-Q-1923,Exact,8189,818,STATIONARY PLANT AND MACHINE OPERATORS NOT ELSEWHERE,debugging,Several finished parts begin showing the same surface or appearance defect. What evidence would you gather before asking for a process or equipment adjustment?,MASCO2020
E9-Q-1924,Exact,8189,818,STATIONARY PLANT AND MACHINE OPERATORS NOT ELSEWHERE,technical_judgement,Two product variants are being produced on the same shift but have different finish or appearance standards. How would you prevent the wrong acceptance criteria being used?,MASCO2020
E9-Q-1925,Exact,8189,818,STATIONARY PLANT AND MACHINE OPERATORS NOT ELSEWHERE,technical_judgement,"A machine condition or operating indicator changes, but the latest finished parts still appear acceptable. How would you decide whether to continue normal production?",MASCO2020
E9-Q-1926,Exact,8189,818,STATIONARY PLANT AND MACHINE OPERATORS NOT ELSEWHERE,quality_control,"At handover, your line has accepted parts, rejected parts and an unresolved equipment or quality observation. What would you communicate to the incoming operator?",MASCO2020
E9-Q-1927,Exact,8211,821,MECHANICAL MACHINERY ASSEMBLERS,problem_solving,A recurring problem is affecting mechanical machinery assembly work. How would you isolate the cause and decide on the next step?,MASCO2020
E9-Q-1928,Exact,8211,821,MECHANICAL MACHINERY ASSEMBLERS,stakeholder_communication,A delay affects mechanical machinery assembly work. How would you explain the impact and agree on the next step with the people involved?,MASCO2020
E9-Q-1929,Exact,8211,821,MECHANICAL MACHINERY ASSEMBLERS,technical_judgement,You receive conflicting technical information about mechanical machinery assembly work. How would you decide which information is reliable before proceeding?,MASCO2020
E9-Q-1930,Exact,8211,821,MECHANICAL MACHINERY ASSEMBLERS,problem_solving,Something in mechanical machinery assembly work is not working as expected. What would you check before choosing a solution?,MASCO2020
E9-Q-1931,Exact,8211,821,MECHANICAL MACHINERY ASSEMBLERS,learning_reflection,"Tell me about a time you improved how you handled mechanical machinery assembly work. What did you change, and what showed you it worked?",MASCO2020
E9-Q-1932,Exact,8212,821,ELECTRICAL AND ELECTRONIC EQUIPMENT ASSEMBLERS,quality_control,An output from assembling the components or parts of electrical and electronic equipment according to specifications; does not meet the expected standard. How would you investigate the cause and confirm the correction?,MASCO2020
E9-Q-1933,Exact,8212,821,ELECTRICAL AND ELECTRONIC EQUIPMENT ASSEMBLERS,administrative_accuracy,A record used in inspecting and testing completed components and assemblies; and can proceed does not match another source. How would you verify the discrepancy and leave a clear record of the resolution?,MASCO2020
E9-Q-1934,Exact,8212,821,ELECTRICAL AND ELECTRONIC EQUIPMENT ASSEMBLERS,quality_control,You notice inconsistent results in electrical and electronic equipment assembly work. What would you check to decide whether the problem is isolated or recurring?,MASCO2020
E9-Q-1935,Exact,8212,821,ELECTRICAL AND ELECTRONIC EQUIPMENT ASSEMBLERS,quality_control,"Before accepting or handing over work from electrical and electronic equipment assembly work, what would you verify?",MASCO2020
E9-Q-1936,Exact,8212,821,ELECTRICAL AND ELECTRONIC EQUIPMENT ASSEMBLERS,quality_control,A recurring quality issue is affecting electrical and electronic equipment assembly work. How would you trace the source and check that the fix holds?,MASCO2020
E9-Q-1937,Exact,8213,821,"LEATHER, METAL, RUBBER AND PLASTIC PRODUCTS ASSEMBLERS",administrative_accuracy,"A record used in leather, metal, rubber and plastic products assembly work does not match another source. How would you verify the discrepancy and leave a clear record of the resolution?",MASCO2020
E9-Q-1938,Exact,8213,821,"LEATHER, METAL, RUBBER AND PLASTIC PRODUCTS ASSEMBLERS",administrative_accuracy,"Important information for leather, metal, rubber and plastic products assembly work is incomplete. What would you confirm before the work moves forward?",MASCO2020
E9-Q-1939,Exact,8213,821,"LEATHER, METAL, RUBBER AND PLASTIC PRODUCTS ASSEMBLERS",administrative_accuracy,"Two records supporting leather, metal, rubber and plastic products assembly work show different details. How would you establish which information is current?",MASCO2020
E9-Q-1940,Exact,8213,821,"LEATHER, METAL, RUBBER AND PLASTIC PRODUCTS ASSEMBLERS",administrative_accuracy,"A late correction affects information already used in leather, metal, rubber and plastic products assembly work. How would you update the record and make the change traceable?",MASCO2020
E9-Q-1941,Exact,8213,821,"LEATHER, METAL, RUBBER AND PLASTIC PRODUCTS ASSEMBLERS",administrative_accuracy,"A key detail in leather, metal, rubber and plastic products assembly work was entered differently in two places. How would you correct it without losing traceability?",MASCO2020
E9-Q-1942,Exact,8221,822,MACHINE-TOOL SETTER-OPERATORS,technical_judgement,You have completed a machine-tool setup for a new high-tolerance production series. What evidence from the first-off component would you require before releasing the batch?,MASCO2020
E9-Q-1943,Exact,8221,822,MACHINE-TOOL SETTER-OPERATORS,technical_judgement,"Parts from a machining run remain within tolerance, but one critical dimension is drifting steadily toward its limit. How would you decide when to intervene?",MASCO2020
E9-Q-1944,Exact,8221,822,MACHINE-TOOL SETTER-OPERATORS,problem_solving,"A milled feature measures differently depending on which inspection check is used. How would you determine whether the problem is the part, the measurement method or the setup?",MASCO2020
E9-Q-1945,Exact,8221,822,MACHINE-TOOL SETTER-OPERATORS,problem_solving,"A job traveller specifies one tolerance, while the latest drawing at the machine shows a different tolerance for the same feature. What would you do before producing the series?",MASCO2020
E9-Q-1946,Exact,8221,822,MACHINE-TOOL SETTER-OPERATORS,technical_judgement,A machining operation produces parts that meet dimensions but develops chatter marks or a worsening surface finish. How would you handle the batch?,MASCO2020
E9-Q-1947,Exact,8311,831,LOCOMOTIVE ENGINE DRIVERS,quality_control,An output from operating and maintaining passenger trains does not meet the expected standard. How would you investigate the cause and confirm the correction?,MASCO2020
E9-Q-1948,Exact,8311,831,LOCOMOTIVE ENGINE DRIVERS,administrative_accuracy,"A record used in assisting in driving a steam, electric or diesel-electric locomotive engine can proceed does not match another source. How would you verify the discrepancy and leave a clear record of the resolution?",MASCO2020
E9-Q-1949,Exact,8311,831,LOCOMOTIVE ENGINE DRIVERS,quality_control,You notice inconsistent results in locomotive engine driving work. What would you check to decide whether the problem is isolated or recurring?,MASCO2020
E9-Q-1950,Exact,8311,831,LOCOMOTIVE ENGINE DRIVERS,quality_control,"Before accepting or handing over work from locomotive engine driving work, what would you verify?",MASCO2020
E9-Q-1951,Exact,8311,831,LOCOMOTIVE ENGINE DRIVERS,quality_control,A recurring quality issue is affecting locomotive engine driving work. How would you trace the source and check that the fix holds?,MASCO2020
E9-Q-1952,Exact,8312,831,"RAILWAY BRAKE, SIGNAL AND SWITCH OPERATORS",administrative_accuracy,"A routine decision in work carried out by railway brake, signal and switch operators reaches the limit of your authority. How would you document the facts and route it to the right person?",MASCO2020
E9-Q-1953,Exact,8312,831,"RAILWAY BRAKE, SIGNAL AND SWITCH OPERATORS",administrative_accuracy,"You receive conflicting information about work carried out by railway brake, signal and switch operators. How would you verify the authoritative requirement and decide whether the work should pause or be referred?",MASCO2020
E9-Q-1954,Exact,8312,831,"RAILWAY BRAKE, SIGNAL AND SWITCH OPERATORS",administrative_accuracy,"A concern arises in work carried out by railway brake, signal and switch operators. How would you describe the facts, stay within your authority, and obtain the appropriate review?",MASCO2020
E9-Q-1955,Exact,8312,831,"RAILWAY BRAKE, SIGNAL AND SWITCH OPERATORS",administrative_accuracy,"A change affects work carried out by railway brake, signal and switch operators, but the safe or authorised response is not yet clear. What would you verify before work continues?",MASCO2020
E9-Q-1956,Exact,8312,831,"RAILWAY BRAKE, SIGNAL AND SWITCH OPERATORS",administrative_accuracy,"An unresolved issue affects work carried out by railway brake, signal and switch operators. How would you hand over the facts and make sure the responsible person can take the next decision?",MASCO2020
E9-Q-1957,Exact,8331,833,BUS AND TRAM DRIVERS,problem_solving,"You are ready to leave a stop, but the door indication does not clearly confirm that all passenger doors are secure. What would you do before moving the bus or tram?",MASCO2020
E9-Q-1958,Exact,8331,833,BUS AND TRAM DRIVERS,stakeholder_communication,A service is running late and passengers at several stops are asking whether they will still make their connections. How would you manage the driving task and passenger communication at the same time?,MASCO2020
E9-Q-1959,Exact,8331,833,BUS AND TRAM DRIVERS,administrative_accuracy,During a pre-service check you notice a vehicle condition that was not recorded on the previous handover. How would you decide whether the bus or tram is ready for service?,MASCO2020
E9-Q-1960,Exact,8331,833,BUS AND TRAM DRIVERS,stakeholder_communication,"At a busy stop, boarding is taking longer than scheduled because several passengers need extra time to get on or off. How would you balance the timetable with safe passenger movement?",MASCO2020
E9-Q-1961,Exact,8331,833,BUS AND TRAM DRIVERS,problem_solving,A temporary route or track disruption means the normal stopping pattern cannot be followed. What information would you verify before continuing the service?,MASCO2020
E9-Q-1962,Exact,8332,833,HEAVY TRUCK AND LORRY DRIVERS,technical_judgement,"Before departure, you find that part of a load is not secured or covered in the way shown on the transport instructions. What would you do?",MASCO2020
E9-Q-1963,Exact,8332,833,HEAVY TRUCK AND LORRY DRIVERS,problem_solving,"You have two possible routes for a delivery: one is shorter but has current access restrictions for heavy vehicles, while the other is longer but authorised. How would you choose?",MASCO2020
E9-Q-1964,Exact,8332,833,HEAVY TRUCK AND LORRY DRIVERS,problem_solving,"At delivery, the quantity or description on the paperwork does not match what appears to be on the vehicle. How would you handle the handover?",MASCO2020
E9-Q-1965,Exact,8332,833,HEAVY TRUCK AND LORRY DRIVERS,problem_solving,"During a vehicle check you notice wear or damage that could affect the truck’s roadworthiness, but the delivery is time-critical. What would you do?",MASCO2020
E9-Q-1966,Exact,8332,833,HEAVY TRUCK AND LORRY DRIVERS,requirements_clarification,A road closure occurs after departure and the planned delivery route is no longer available. How would you coordinate the change without losing control of the delivery requirements?,MASCO2020
E9-Q-1967,Exact,8341,834,MOBILE FARM AND FORESTRY PLANT OPERATORS,technical_judgement,"While operating farm machinery on a field task, you notice that the result is becoming uneven compared with the agreed pattern for the job. How would you respond?",MASCO2020
E9-Q-1968,Exact,8341,834,MOBILE FARM AND FORESTRY PLANT OPERATORS,problem_solving,"The previous shift has handed over a tractor or mobile farm/forestry machine as ready, but you find fresh damage during your own inspection. How would you handle the handover discrepancy?",MASCO2020
E9-Q-1969,Exact,8341,834,MOBILE FARM AND FORESTRY PLANT OPERATORS,problem_solving,"You are assigned a different field operation from the previous shift, but the work instruction does not clearly state which implement or output standard is required. What would you clarify before starting?",MASCO2020
E9-Q-1970,Exact,8341,834,MOBILE FARM AND FORESTRY PLANT OPERATORS,technical_judgement,A machine develops a minor fault during work. How would you decide whether it is an operator-level minor repair or something that must be handed to maintenance?,MASCO2020
E9-Q-1971,Exact,8341,834,MOBILE FARM AND FORESTRY PLANT OPERATORS,problem_solving,You finish a farm or forestry machinery task but the next operator will continue in the same area. What would you include in the handover?,MASCO2020
E9-Q-1972,Exact,8342,834,EARTH-MOVING AND RELATED PLANT OPERATORS,problem_solving,The excavation or grading mark on site does not match the latest work instruction you were given. What would you do before moving earth in that area?,MASCO2020
E9-Q-1973,Exact,8342,834,EARTH-MOVING AND RELATED PLANT OPERATORS,technical_judgement,"After completing part of a grading job, the surface is not matching the specified level or finish. How would you handle it?",MASCO2020
E9-Q-1974,Exact,8342,834,EARTH-MOVING AND RELATED PLANT OPERATORS,problem_solving,"While preparing to excavate, you find that service or utility information for the work area is unclear. What would you do?",MASCO2020
E9-Q-1975,Exact,8342,834,EARTH-MOVING AND RELATED PLANT OPERATORS,technical_judgement,"During operation, a machine warning or condition changes in a way you cannot confidently classify as normal. How would you decide whether to continue the earth-moving task?",MASCO2020
E9-Q-1976,Exact,8342,834,EARTH-MOVING AND RELATED PLANT OPERATORS,problem_solving,Your earth-moving machine is working near another crew whose activity changes the access to your assigned area. How would you coordinate the work?,MASCO2020
E9-Q-1977,Exact,8343,834,"CRANE, HOIST AND RELATED PLANT OPERATORS",problem_solving,The load information you receive does not match the information on the approved lifting or hoisting instruction. What would you do before any movement begins?,MASCO2020
E9-Q-1978,Exact,8343,834,"CRANE, HOIST AND RELATED PLANT OPERATORS",stakeholder_communication,"During a lift, the communication or signalling from the designated person becomes unclear. How would you respond?",MASCO2020
E9-Q-1979,Exact,8343,834,"CRANE, HOIST AND RELATED PLANT OPERATORS",debugging,"The crane handover log shows no defect, but your own pre-use inspection reveals visible wear on part of the hoisting equipment. How would you resolve that conflict before accepting the crane for work?",MASCO2020
E9-Q-1980,Exact,8343,834,"CRANE, HOIST AND RELATED PLANT OPERATORS",problem_solving,The planned landing area for a load is not ready when the lift is due to start. How would you handle the situation?,MASCO2020
E9-Q-1981,Exact,8343,834,"CRANE, HOIST AND RELATED PLANT OPERATORS",problem_solving,"Site conditions change after a lifting task has been planned, and you are not sure whether the original plan still applies. What would you do?",MASCO2020
E9-Q-1982,Exact,8344,834,LIFTING TRUCK OPERATORS,technical_judgement,"You are asked to move a pallet, but you notice damaged packaging and the load no longer appears stable as presented. What would you do before transporting it?",MASCO2020
E9-Q-1983,Exact,8344,834,LIFTING TRUCK OPERATORS,problem_solving,A normal lifting-truck travel path becomes crowded with pedestrians or other activity. How would you handle the task?,MASCO2020
E9-Q-1984,Exact,8344,834,LIFTING TRUCK OPERATORS,problem_solving,The pallet location on the movement instruction does not match the rack or fixed-area label in front of you. What would you do?,MASCO2020
E9-Q-1985,Exact,8344,834,LIFTING TRUCK OPERATORS,technical_judgement,During an equipment inspection you identify wear or damage on the lifting truck. How would you decide whether it can be used?,MASCO2020
E9-Q-1986,Exact,8344,834,LIFTING TRUCK OPERATORS,problem_solving,A receiving area is full when you arrive with a pallet that was scheduled to be stacked there. How would you complete the movement without creating an unapproved storage location?,MASCO2020
E9-Q-1987,Exact,8351,835,SHIPS DECK CREWS AND RELATED WORKERS,administrative_accuracy,A record used in ships deck crews and related work does not match another source. How would you verify the discrepancy and leave a clear record of the resolution?,MASCO2020
E9-Q-1988,Exact,8351,835,SHIPS DECK CREWS AND RELATED WORKERS,stakeholder_communication,A delay affects ships deck crews and related work. How would you explain the impact and agree on the next step with the people involved?,MASCO2020
E9-Q-1989,Exact,8351,835,SHIPS DECK CREWS AND RELATED WORKERS,stakeholder_communication,Different stakeholders want different outcomes from ships deck crews and related work. How would you clarify priorities and keep expectations realistic?,MASCO2020
E9-Q-1990,Exact,8351,835,SHIPS DECK CREWS AND RELATED WORKERS,stakeholder_communication,You need to brief a colleague on an unresolved issue in ships deck crews and related work. What would you include so they can act on it confidently?,MASCO2020
E9-Q-1991,Exact,8351,835,SHIPS DECK CREWS AND RELATED WORKERS,learning_reflection,"Tell me about a time you improved how you handled ships deck crews and related work. What did you change, and what showed you it worked?",MASCO2020
E9-Q-1992,Exact,9111,911,DOMESTIC CLEANERS AND HELPERS,technical_judgement,"You receive conflicting technical information about cleaning, polishing and washing floors and furniture, or washing windows and other fixtures. How would you decide which information is reliable before proceeding?",MASCO2020
E9-Q-1993,Exact,9111,911,DOMESTIC CLEANERS AND HELPERS,customer_communication,A customer request changes the requirements for cleaning linen and other textiles is settled. How would you clarify expectations and explain any constraint?,MASCO2020
E9-Q-1994,Exact,9111,911,DOMESTIC CLEANERS AND HELPERS,customer_communication,A customer is unhappy with progress in work carried out by domestic cleaners and helpers. How would you explain the situation and agree on a workable next step?,MASCO2020
E9-Q-1995,Exact,9111,911,DOMESTIC CLEANERS AND HELPERS,problem_solving,A recurring problem is affecting work carried out by domestic cleaners and helpers. How would you isolate the cause and decide on the next step?,MASCO2020
E9-Q-1996,Exact,9111,911,DOMESTIC CLEANERS AND HELPERS,quality_control,"An output from cleaning, polishing and washing floors and furniture, or washing windows and other fixtures does not meet the expected standard. How would you investigate the cause and confirm the correction?",MASCO2020
E9-Q-1997,Exact,9112,911,"CLEANERS AND HELPERS IN OFFICES, HOTELS AND OTHER",problem_solving,"A recurring problem is affecting work carried out by cleaners and helpers in offices, hotels and other. How would you isolate the cause and decide on the next step?",MASCO2020
E9-Q-1998,Exact,9112,911,"CLEANERS AND HELPERS IN OFFICES, HOTELS AND OTHER",administrative_accuracy,"A record used in cleaning bathrooms, supplying towels, soap and related items can proceed does not match another source. How would you verify the discrepancy and leave a clear record of the resolution?",MASCO2020
E9-Q-1999,Exact,9112,911,"CLEANERS AND HELPERS IN OFFICES, HOTELS AND OTHER",technical_judgement,"You receive conflicting technical information about work carried out by cleaners and helpers in offices, hotels and other. How would you decide which information is reliable before proceeding?",MASCO2020
E9-Q-2000,Exact,9112,911,"CLEANERS AND HELPERS IN OFFICES, HOTELS AND OTHER",problem_solving,"Something in work carried out by cleaners and helpers in offices, hotels and other is not working as expected. What would you check before choosing a solution?",MASCO2020
E9-Q-2001,Exact,9112,911,"CLEANERS AND HELPERS IN OFFICES, HOTELS AND OTHER",learning_reflection,"Tell me about a time you improved how you handled work carried out by cleaners and helpers in offices, hotels and other. What did you change, and what showed you it worked?",MASCO2020
E9-Q-2002,Exact,9121,912,HAND LAUNDERERS AND IRONERS,problem_solving,"A garment arrives for hand cleaning, but its fabric or care information is unclear. How would you decide what to do before cleaning or ironing it?",MASCO2020
E9-Q-2003,Exact,9121,912,HAND LAUNDERERS AND IRONERS,technical_judgement,"After hand cleaning an item, a stain is still visible even though the approved cleaning process has been completed. What would you do next?",MASCO2020
E9-Q-2004,Exact,9121,912,HAND LAUNDERERS AND IRONERS,customer_communication,"Several customers' garments are being hand-laundered at the same time. How would you prevent cleaned items, repair notes and customer orders from being mixed up?",MASCO2020
E9-Q-2005,Exact,9121,912,HAND LAUNDERERS AND IRONERS,technical_judgement,"While ironing a finished item, you notice a loose button or small seam issue that falls within the shop's minor-repair service. How would you handle it?",MASCO2020
E9-Q-2006,Exact,9121,912,HAND LAUNDERERS AND IRONERS,customer_communication,"Before returning a hand-laundered and ironed order, what would you check to confirm it is complete and ready for the customer?",MASCO2020
E9-Q-2007,Exact,9122,912,VEHICLE CLEANERS,technical_judgement,"Before cleaning a vehicle interior, you find personal belongings and an area of existing damage. What would you do before starting?",MASCO2020
E9-Q-2008,Exact,9122,912,VEHICLE CLEANERS,problem_solving,"You are asked to remove a stain from vehicle upholstery, but you are not certain what material the trim is made from. How would you proceed?",MASCO2020
E9-Q-2009,Exact,9122,912,VEHICLE CLEANERS,technical_judgement,"After washing and polishing a vehicle, you notice streaking and missed areas under different lighting. How would you decide what needs rework before handover?",MASCO2020
E9-Q-2010,Exact,9122,912,VEHICLE CLEANERS,customer_communication,"A fleet customer has several vehicles due back at different times, and one vehicle needs more interior cleaning than expected. How would you organise the work?",MASCO2020
E9-Q-2011,Exact,9122,912,VEHICLE CLEANERS,customer_communication,"While cleaning a vehicle, you discover a mark or body/interior damage that was not listed on the job sheet and does not appear to be caused by the cleaning work. How would you handle the customer handover?",MASCO2020
E9-Q-2012,Exact,9123,912,SURFACE AND WINDOW CLEANERS,problem_solving,"You have to clean several surfaces in the same area, including glass and a non-glass finished surface. How would you decide which approved cleaning or polishing method to use for each?",MASCO2020
E9-Q-2013,Exact,9123,912,SURFACE AND WINDOW CLEANERS,problem_solving,"You arrive to clean high windows, but the access equipment provided has a condition you are not confident is serviceable. What would you do?",MASCO2020
E9-Q-2014,Exact,9123,912,SURFACE AND WINDOW CLEANERS,problem_solving,A public or occupied area remains busy during a scheduled surface-cleaning job. How would you coordinate the work so the area can be cleaned without creating avoidable conflict?,MASCO2020
E9-Q-2015,Exact,9123,912,SURFACE AND WINDOW CLEANERS,technical_judgement,"After a window has dried, you can see streaks or residue that were not visible while it was wet. How would you handle the finish?",MASCO2020
E9-Q-2016,Exact,9123,912,SURFACE AND WINDOW CLEANERS,problem_solving,"The job sheet says to 'polish the surface,' but it does not identify the surface finish or the expected appearance. What would you clarify before starting?",MASCO2020
E9-Q-2017,Exact,9129,912,OTHER CLEANING WORKERS NOT ELSEWHERE CLASSIFIED,problem_solving,"You are assigned to remove a stain from a surface, but the material is not clearly identified and the usual cleaning agent could damage some finishes. What would you verify before applying anything?",MASCO2020
E9-Q-2018,Exact,9129,912,OTHER CLEANING WORKERS NOT ELSEWHERE CLASSIFIED,technical_judgement,"A carpet, wall or other cleaned surface still shows part of the stain after the approved cleaning treatment. How would you decide what to do next?",MASCO2020
E9-Q-2019,Exact,9129,912,OTHER CLEANING WORKERS NOT ELSEWHERE CLASSIFIED,problem_solving,"You are scheduled to use high-pressure cleaning equipment on an exterior surface, but people are still passing close to the work area and adjacent material could be affected. What would you do before starting?",MASCO2020
E9-Q-2020,Exact,9129,912,OTHER CLEANING WORKERS NOT ELSEWHERE CLASSIFIED,problem_solving,"You have several cleaning jobs due in the same period: a public-facing area that reopens soon, a carpet that needs time before use, and a less urgent wall-cleaning task. How would you sequence the work?",MASCO2020
E9-Q-2021,Exact,9129,912,OTHER CLEANING WORKERS NOT ELSEWHERE CLASSIFIED,administrative_accuracy,"Before handing a cleaned area back to the client or site team, what would you check and record if a stain, mark or pre-existing surface defect is still visible?",MASCO2020
E9-Q-2022,Exact,9211,921,CROP FARM LABOURERS,technical_judgement,"While loading harvested crops, you notice that some containers are damaged and could allow produce to be lost or crushed. What would you do?",MASCO2020
E9-Q-2023,Exact,9211,921,CROP FARM LABOURERS,problem_solving,"You have been assigned both ditch-cleaning and crop-loading work, but a vehicle is waiting for the crop while the ditch task is only partly complete. How would you decide what to do first?",MASCO2020
E9-Q-2024,Exact,9211,921,CROP FARM LABOURERS,problem_solving,"You are told to stack hay in a new area, but the boundary of the stacking area is not clear. What would you clarify before starting?",MASCO2020
E9-Q-2025,Exact,9211,921,CROP FARM LABOURERS,problem_solving,"While cleaning a field ditch, you reach a section that cannot be cleared with the normal hand task because of an unexpected obstruction. What would you do?",MASCO2020
E9-Q-2026,Exact,9211,921,CROP FARM LABOURERS,problem_solving,"At shift handover, part of a crop-loading job and part of a hay-stacking job are still unfinished. What information would you pass to the next worker or supervisor?",MASCO2020
E9-Q-2027,Exact,9212,921,LIVESTOCK FARM LABOURERS,problem_solving,"While doing routine livestock-farm work, you notice an animal behaving in an unusual way near the area where you have been assigned to work. What would you do?",MASCO2020
E9-Q-2028,Exact,9212,921,LIVESTOCK FARM LABOURERS,problem_solving,You are partway through stacking hay when the supervisor redirects the team to a time-sensitive livestock-area task. How would you switch tasks without losing track of the unfinished work?,MASCO2020
E9-Q-2029,Exact,9212,921,LIVESTOCK FARM LABOURERS,problem_solving,"While cleaning a ditch on the livestock farm, you find a blockage that is outside the normal hand-clearing work you were assigned. How would you respond?",MASCO2020
E9-Q-2030,Exact,9212,921,LIVESTOCK FARM LABOURERS,problem_solving,The livestock team needs a passage kept clear while you are stacking hay nearby. How would you organise your assigned hay work around that livestock movement?,MASCO2020
E9-Q-2031,Exact,9212,921,LIVESTOCK FARM LABOURERS,technical_judgement,You are watering and weeding an area on the livestock farm and notice that part of the assigned section was missed on the previous shift. How would you handle it?,MASCO2020
E9-Q-2032,Exact,9213,921,MIXED CROP AND LIVESTOCK FARM LABOURERS,problem_solving,A crop delivery vehicle is waiting to be loaded at the same time that you have an unfinished routine task in the livestock area. How would you decide which task to do first?,MASCO2020
E9-Q-2033,Exact,9213,921,MIXED CROP AND LIVESTOCK FARM LABOURERS,problem_solving,You need to move crops through an area that is temporarily being used for livestock movement. How would you coordinate the job?,MASCO2020
E9-Q-2034,Exact,9213,921,MIXED CROP AND LIVESTOCK FARM LABOURERS,technical_judgement,"While stacking hay for later farm use, you find that part of the material has been mixed with damaged or unsuitable material from another task. What would you do?",MASCO2020
E9-Q-2035,Exact,9213,921,MIXED CROP AND LIVESTOCK FARM LABOURERS,problem_solving,A ditch that serves the mixed farm cannot be fully cleaned because a section is blocked beyond the normal hand task you were assigned. What would you do?,MASCO2020
E9-Q-2036,Exact,9213,921,MIXED CROP AND LIVESTOCK FARM LABOURERS,problem_solving,"At the end of the shift, both crop-loading work and livestock-area work are incomplete. How would you make the handover useful to the next team?",MASCO2020
E9-Q-2037,Exact,9214,921,GARDEN AND HORTICULTURAL LABOURERS,problem_solving,"You are told to plant shrubs in a prepared bed, but the spacing or layout marking is inconsistent with the job instruction. What would you do before planting?",MASCO2020
E9-Q-2038,Exact,9214,921,GARDEN AND HORTICULTURAL LABOURERS,technical_judgement,"After edging around a path and flower bed, you notice the line is uneven and does not match the finished sections. How would you handle it?",MASCO2020
E9-Q-2039,Exact,9214,921,GARDEN AND HORTICULTURAL LABOURERS,problem_solving,"A shrub is marked for pruning, but its current shape does not match the example or instruction you were given. What would you do before cutting it?",MASCO2020
E9-Q-2040,Exact,9214,921,GARDEN AND HORTICULTURAL LABOURERS,problem_solving,"You have soil preparation, planting and edging tasks in the same garden area, but another crew needs access later in the day. How would you organise your work?",MASCO2020
E9-Q-2041,Exact,9214,921,GARDEN AND HORTICULTURAL LABOURERS,technical_judgement,"Before leaving a newly planted area, what would you check to make sure your part of the garden work is complete?",MASCO2020
E9-Q-2042,Exact,9215,921,FORESTRY LABOURERS,problem_solving,You are digging planting holes in a forestry area and the marked locations are unclear or missing in one section. What would you do?,MASCO2020
E9-Q-2043,Exact,9215,921,FORESTRY LABOURERS,technical_judgement,"While stacking logs or timber, you notice that material from two different designated piles has been mixed. How would you handle it?",MASCO2020
E9-Q-2044,Exact,9215,921,FORESTRY LABOURERS,problem_solving,"While clearing undergrowth, you reach an area where the work boundary is not clear and there are marked trees or features nearby. What would you do?",MASCO2020
E9-Q-2045,Exact,9215,921,FORESTRY LABOURERS,problem_solving,Tree-planting preparation and timber-stacking work are both behind schedule after weather interrupts the shift. How would you decide what to resume first?,MASCO2020
E9-Q-2046,Exact,9215,921,FORESTRY LABOURERS,problem_solving,Your shift ends with part of an undergrowth-clearing area unfinished and a timber stack still being built. What would you hand over?,MASCO2020
E9-Q-2047,Exact,9216,921,FISHERY AND AQUACULTURE LABOURERS,problem_solving,"You are assigned to feed cultivated fish or molluscs, but the current work instruction does not match the schedule or area you were given at handover. What would you do before feeding?",MASCO2020
E9-Q-2048,Exact,9216,921,FISHERY AND AQUACULTURE LABOURERS,technical_judgement,"While collecting seaweed, clams or other molluscs, you find material that is damaged or clearly different from what the team has been instructed to collect. How would you handle it?",MASCO2020
E9-Q-2049,Exact,9216,921,FISHERY AND AQUACULTURE LABOURERS,problem_solving,"During seabed or ocean-floor cleaning, you encounter unexpected debris or an object that is outside the normal cleaning task. What would you do?",MASCO2020
E9-Q-2050,Exact,9216,921,FISHERY AND AQUACULTURE LABOURERS,problem_solving,A feeding task and a collection task are scheduled in the same aquaculture area at overlapping times. How would you coordinate your work with the rest of the team?,MASCO2020
E9-Q-2051,Exact,9216,921,FISHERY AND AQUACULTURE LABOURERS,technical_judgement,"At the end of a fishery or aquaculture shift, how would you verify that the assigned feeding, cleaning and collection work has been properly handed over?",MASCO2020
E9-Q-2052,Exact,9219,921,"AGRICULTURAL, FORESTRY, FARMING AND FISHERY LABOURERS",problem_solving,"You are assigned to clean or maintain an animal shed or cage, but the occupancy or access status is not clear. What would you do before entering the work area?",MASCO2020
E9-Q-2053,Exact,9219,921,"AGRICULTURAL, FORESTRY, FARMING AND FISHERY LABOURERS",problem_solving,"While tending or cleaning a cage, you notice damage to a latch, barrier or enclosure surface. How would you respond within your role?",MASCO2020
E9-Q-2054,Exact,9219,921,"AGRICULTURAL, FORESTRY, FARMING AND FISHERY LABOURERS",problem_solving,"Several sheds or cages need routine tending and cleaning, but one area has a time-sensitive sanitation issue. How would you organise the work?",MASCO2020
E9-Q-2055,Exact,9219,921,"AGRICULTURAL, FORESTRY, FARMING AND FISHERY LABOURERS",problem_solving,"At the end of your shift, one shed or cage still needs follow-up after cleaning or maintenance. What would you tell the next labourer or supervisor?",MASCO2020
E9-Q-2056,Exact,9219,921,"AGRICULTURAL, FORESTRY, FARMING AND FISHERY LABOURERS",technical_judgement,"After cleaning a shed or cage, you find that waste or blocked drainage is still preventing the area from meeting the expected condition. How would you close out the task?",MASCO2020
E9-Q-2057,Exact,9311,931,MINING AND QUARRYING LABOURERS,administrative_accuracy,A record used in maintaining or constructing underground installations does not match another source. How would you verify the discrepancy and leave a clear record of the resolution?,MASCO2020
E9-Q-2058,Exact,9311,931,MINING AND QUARRYING LABOURERS,administrative_accuracy,Important information for maintaining or constructing underground installations is incomplete. What would you confirm before the work moves forward?,MASCO2020
E9-Q-2059,Exact,9311,931,MINING AND QUARRYING LABOURERS,administrative_accuracy,Two records supporting mining and quarrying labouring work show different details. How would you establish which information is current?,MASCO2020
E9-Q-2060,Exact,9311,931,MINING AND QUARRYING LABOURERS,administrative_accuracy,A late correction affects information already used in mining and quarrying labouring work. How would you update the record and make the change traceable?,MASCO2020
E9-Q-2061,Exact,9311,931,MINING AND QUARRYING LABOURERS,administrative_accuracy,A key detail in mining and quarrying labouring work was entered differently in two places. How would you correct it without losing traceability?,MASCO2020
E9-Q-2062,Exact,9312,931,CIVIL ENGINEERING LABOURERS,problem_solving,A recurring problem is affecting civil engineering labouring work. How would you isolate the cause and decide on the next step?,MASCO2020
E9-Q-2063,Exact,9312,931,CIVIL ENGINEERING LABOURERS,stakeholder_communication,A delay affects civil engineering labouring work. How would you explain the impact and agree on the next step with the people involved?,MASCO2020
E9-Q-2064,Exact,9312,931,CIVIL ENGINEERING LABOURERS,technical_judgement,You receive conflicting technical information about civil engineering labouring work. How would you decide which information is reliable before proceeding?,MASCO2020
E9-Q-2065,Exact,9312,931,CIVIL ENGINEERING LABOURERS,problem_solving,Something in civil engineering labouring work is not working as expected. What would you check before choosing a solution?,MASCO2020
E9-Q-2066,Exact,9312,931,CIVIL ENGINEERING LABOURERS,learning_reflection,"Tell me about a time you improved how you handled civil engineering labouring work. What did you change, and what showed you it worked?",MASCO2020
E9-Q-2067,Exact,9313,931,BUILDING CONSTRUCTION LABOURERS,problem_solving,A recurring problem is affecting cleaning used building bricks and doing other simple work on demolition sites. How would you isolate the cause and decide on the next step?,MASCO2020
E9-Q-2068,Exact,9313,931,BUILDING CONSTRUCTION LABOURERS,stakeholder_communication,A delay affects cleaning used building bricks and doing other simple work on demolition sites. How would you explain the impact and agree on the next step with the people involved?,MASCO2020
E9-Q-2069,Exact,9313,931,BUILDING CONSTRUCTION LABOURERS,technical_judgement,You receive conflicting technical information about building construction labouring work. How would you decide which information is reliable before proceeding?,MASCO2020
E9-Q-2070,Exact,9313,931,BUILDING CONSTRUCTION LABOURERS,problem_solving,Something in cleaning used building bricks and doing other simple work on demolition sites remains unclear is not working as expected. What would you check before choosing a solution?,MASCO2020
E9-Q-2071,Exact,9313,931,BUILDING CONSTRUCTION LABOURERS,learning_reflection,"Tell me about a time you improved how you handled building construction labouring work. What did you change, and what showed you it worked?",MASCO2020
E9-Q-2072,Exact,9321,932,MANUFACTURING LABOURERS,technical_judgement,"While hand-packing a product, you notice that filled containers from the same batch do not appear consistent in quantity. What would you do?",MASCO2020
E9-Q-2073,Exact,9321,932,MANUFACTURING LABOURERS,problem_solving,You discover that the label at your packing station does not match the product or container you are currently filling. How would you handle it?,MASCO2020
E9-Q-2074,Exact,9321,932,MANUFACTURING LABOURERS,technical_judgement,"Before closing a manually packed batch, what checks would you make to confirm the products, containers and labels are consistent with the work order?",MASCO2020
E9-Q-2075,Exact,9321,932,MANUFACTURING LABOURERS,problem_solving,"A box, bag or bottle specified for the job runs out partway through manual packing, and a similar-looking alternative is nearby. What would you do?",MASCO2020
E9-Q-2076,Exact,9321,932,MANUFACTURING LABOURERS,testing_verification,"Two manual packing jobs are due at similar times, but one requires relabelling of a small number of held units before it can be released. How would you organise the work?",MASCO2020
E9-Q-2077,Exact,9329,932,MANUFACTURING LABOURERS NOT ELSEWHERE CLASSIFIED,problem_solving,"You are asked to sort a mixed group of products or components, but the acceptable and reject criteria on the work instruction are unclear for one item type. What would you do?",MASCO2020
E9-Q-2078,Exact,9329,932,MANUFACTURING LABOURERS NOT ELSEWHERE CLASSIFIED,technical_judgement,"While unloading raw materials, you find damaged packaging and the received quantity does not match the accompanying count. How would you handle the delivery before it enters production?",MASCO2020
E9-Q-2079,Exact,9329,932,MANUFACTURING LABOURERS NOT ELSEWHERE CLASSIFIED,technical_judgement,"After washing raw material or product as part of the manufacturing process, you notice visible residue or contamination is still present. What would you do before passing it to the next stage?",MASCO2020
E9-Q-2080,Exact,9329,932,MANUFACTURING LABOURERS NOT ELSEWHERE CLASSIFIED,problem_solving,Production priorities change while you have a partly sorted or partly moved batch in progress. How would you switch tasks without losing the status of the first batch?,MASCO2020
E9-Q-2081,Exact,9329,932,MANUFACTURING LABOURERS NOT ELSEWHERE CLASSIFIED,problem_solving,You notice that products are repeatedly being scratched or damaged during manual moving or staging between manufacturing steps. How would you respond?,MASCO2020
E9-Q-2082,Exact,9331,933,HAND OR PEDAL VEHICLE DRIVERS,technical_judgement,"Before starting a trip with a hand- or pedal-powered vehicle, you notice wear or damage on a component. How would you decide whether the vehicle should be used?",MASCO2020
E9-Q-2083,Exact,9331,933,HAND OR PEDAL VEHICLE DRIVERS,problem_solving,"A passenger or load is ready to go, but the route ahead has traffic conditions that make the planned movement unsuitable. What would you do?",MASCO2020
E9-Q-2084,Exact,9331,933,HAND OR PEDAL VEHICLE DRIVERS,stakeholder_communication,A passenger wants to get on or off at a place that would interfere with traffic or is not suitable for a safe stop. How would you handle the request?,MASCO2020
E9-Q-2085,Exact,9331,933,HAND OR PEDAL VEHICLE DRIVERS,technical_judgement,You are loading goods onto a hand- or pedal-powered vehicle and the load does not appear secure or suitable for the trip. What would you do before setting off?,MASCO2020
E9-Q-2086,Exact,9331,933,HAND OR PEDAL VEHICLE DRIVERS,problem_solving,Your normal route becomes blocked after you have collected a passenger or goods. How would you choose an alternative?,MASCO2020
E9-Q-2087,Exact,9332,933,ANIMAL-DRAWN MACHINERY AND VEHICLE DRIVERS,technical_judgement,"Before a trip or farm task, you notice a problem with the harness or hitching arrangement that you are not confident is correct. What would you do?",MASCO2020
E9-Q-2088,Exact,9332,933,ANIMAL-DRAWN MACHINERY AND VEHICLE DRIVERS,problem_solving,The animal becomes unusually unsettled before entering a busier traffic area. How would you decide whether to continue?,MASCO2020
E9-Q-2089,Exact,9332,933,ANIMAL-DRAWN MACHINERY AND VEHICLE DRIVERS,technical_judgement,"Goods are loaded for an animal-drawn trip, but the load condition does not match the transport instruction. What would you do before departure?",MASCO2020
E9-Q-2090,Exact,9332,933,ANIMAL-DRAWN MACHINERY AND VEHICLE DRIVERS,stakeholder_communication,A passenger asks to board or alight at a point where stopping the animal-drawn vehicle would conflict with traffic conditions. How would you respond?,MASCO2020
E9-Q-2091,Exact,9332,933,ANIMAL-DRAWN MACHINERY AND VEHICLE DRIVERS,problem_solving,"An animal-drawn vehicle is used for both transport and farm work, and the next task has changed from the original plan. What would you verify with the supervisor before starting the new task?",MASCO2020
E9-Q-2092,Exact,9333,933,TRANSPORT AND STORAGE LABOURERS,problem_solving,"You are assigned to pack a machine or household item for transport, but the job sheet does not show whether any parts require separate protection or handling. What would you clarify before packing it?",MASCO2020
E9-Q-2093,Exact,9333,933,TRANSPORT AND STORAGE LABOURERS,technical_judgement,The freight count on a loading list does not match the number of packages physically staged for loading. What would you do before the load is moved?,MASCO2020
E9-Q-2094,Exact,9333,933,TRANSPORT AND STORAGE LABOURERS,problem_solving,"Several consignments need to be moved through the same storage area, but space is limited and one shipment has an earlier dispatch time. How would you sequence the work without creating confusion between loads?",MASCO2020
E9-Q-2095,Exact,9333,933,TRANSPORT AND STORAGE LABOURERS,problem_solving,"You are asked to assist with securing and covering a load, but the load has shifted from the condition described in the handover. How would you respond before transport continues?",MASCO2020
E9-Q-2096,Exact,9333,933,TRANSPORT AND STORAGE LABOURERS,problem_solving,"During a warehouse transfer, you discover that one package is damaged and its destination label is partly unreadable. How would you hand the issue over so the item is not sent to the wrong place?",MASCO2020
E9-Q-2097,Exact,9334,933,SHELF FILLERS,technical_judgement,"While filling a shelf, you find newer stock already placed in front of items with earlier use-by dates. What would you do?",MASCO2020
E9-Q-2098,Exact,9334,933,SHELF FILLERS,technical_judgement,You find an item on the shelf whose use-by date has already passed. What would you do with it and the rest of that shelf section?,MASCO2020
E9-Q-2099,Exact,9334,933,SHELF FILLERS,problem_solving,A delivery contains more of a bulky product than the assigned floor or rack space can hold neatly. How would you handle the excess stock?,MASCO2020
E9-Q-2100,Exact,9334,933,SHELF FILLERS,problem_solving,"The product in your replenishment stock looks similar to the item on the shelf, but the variant or pack size is different. What would you do before filling the shelf?",MASCO2020
E9-Q-2101,Exact,9334,933,SHELF FILLERS,problem_solving,"You have several shelves to replenish, and one section contains products close to their use-by dates while another section is simply low on stock. How would you prioritise the work?",MASCO2020
E9-Q-2102,Exact,9411,941,FAST FOOD PREPARERS,problem_solving,"During a busy service period, you have several burger, sandwich and drink orders due at the same time, with different preparation times. How would you sequence the work so orders go out accurately and without unnecessary delay?",MASCO2020
E9-Q-2103,Exact,9411,941,FAST FOOD PREPARERS,technical_judgement,"You notice that a prepared burger does not match the order ticket just before it is served. What would you do, and how would you prevent the corrected item from being mixed up with another order?",MASCO2020
E9-Q-2104,Exact,9411,941,FAST FOOD PREPARERS,technical_judgement,"When you are preparing several simple cooked items on a grill or fryer station, how do you verify that each batch is ready and belongs to the correct order before it leaves your station?",MASCO2020
E9-Q-2105,Exact,9411,941,FAST FOOD PREPARERS,customer_communication,A customer changes part of an order after preparation has already started. How would you handle the change so the kitchen and counter do not produce or serve the wrong items?,MASCO2020
E9-Q-2106,Exact,9411,941,FAST FOOD PREPARERS,problem_solving,Your preparation station is running low on a key ingredient while the order queue is building. How would you coordinate a restock without losing track of active orders?,MASCO2020
E9-Q-2107,Exact,9412,941,KITCHEN HELPERS,problem_solving,A cook asks you to prepare a batch of vegetables but the required cut size and quantity are not clear. What would you do before starting?,MASCO2020
E9-Q-2108,Exact,9412,941,KITCHEN HELPERS,problem_solving,You are midway through ingredient preparation when dirty utensils begin piling up and a cook needs a clean work area for the next batch. How would you decide what to do first?,MASCO2020
E9-Q-2109,Exact,9412,941,KITCHEN HELPERS,technical_judgement,"While washing and cutting ingredients, you find several pieces that look damaged or unsuitable compared with the rest of the batch. How would you handle them before the ingredients reach the cook?",MASCO2020
E9-Q-2110,Exact,9412,941,KITCHEN HELPERS,technical_judgement,"When assembling plates or simple dishes for service, what checks would you make before passing them to the cook or service area?",MASCO2020
E9-Q-2111,Exact,9412,941,KITCHEN HELPERS,problem_solving,You have prepared several ingredient batches for different dishes at the same time. How would you hand them over so cooks can use them without confusing one batch for another?,MASCO2020
E9-Q-2112,Exact,9511,951,STREET AND RELATED SERVICE WORKERS,customer_communication,"Before providing an on-the-spot street service, a customer asks for something that could mean two different jobs with different materials and prices. How would you confirm what they want before you begin?",MASCO2020
E9-Q-2113,Exact,9511,951,STREET AND RELATED SERVICE WORKERS,customer_communication,You are serving one customer when several other people approach at once and your stock of service materials is limited. How would you manage the queue and decide what to use first?,MASCO2020
E9-Q-2114,Exact,9511,951,STREET AND RELATED SERVICE WORKERS,customer_communication,"After finishing a small street service such as shoe cleaning or car-window cleaning, how would you check the work before asking the customer to accept it?",MASCO2020
E9-Q-2115,Exact,9511,951,STREET AND RELATED SERVICE WORKERS,customer_communication,"As part of a street-based service, you are temporarily looking after a customer's property while they step away. How would you make sure you return the correct item to the correct person?",MASCO2020
E9-Q-2116,Exact,9511,951,STREET AND RELATED SERVICE WORKERS,problem_solving,Your usual public spot becomes unsuitable because access is blocked or you would interfere with pedestrian movement. How would you decide whether and where to continue working?,MASCO2020
E9-Q-2117,Exact,9521,952,STREET VENDORS (EXCLUDING FOOD),problem_solving,You have limited space on a street stand and a mix of fast-selling and slow-selling non-food items. How would you decide what to display prominently and what to keep in reserve?,MASCO2020
E9-Q-2118,Exact,9521,952,STREET VENDORS (EXCLUDING FOOD),customer_communication,A customer pays cash for several items and later says the change was wrong. How would you handle the complaint and check the transaction?,MASCO2020
E9-Q-2119,Exact,9521,952,STREET VENDORS (EXCLUDING FOOD),problem_solving,"Stock on your barrow or kiosk is almost full, but one item is selling much faster than expected. How would you decide what to reorder and how much to carry?",MASCO2020
E9-Q-2120,Exact,9521,952,STREET VENDORS (EXCLUDING FOOD),customer_communication,A customer asks for a product you do not have and wants you to promise that a similar item is 'the same'. How would you respond?,MASCO2020
E9-Q-2121,Exact,9521,952,STREET VENDORS (EXCLUDING FOOD),technical_judgement,"At the end of a busy selling period, how would you check whether the remaining merchandise and cash are consistent with what you sold?",MASCO2020
E9-Q-2122,Exact,9611,961,GARBAGE COLLECTORS,problem_solving,"At a collection point, the crew finds refuse that appears unsafe to handle or clearly outside the normal collection. What should you do before anyone loads it?",MASCO2020
E9-Q-2123,Exact,9611,961,GARBAGE COLLECTORS,problem_solving,A refuse container on the route cannot be reached because the normal access point is blocked. How would you handle the stop without creating an unsafe shortcut?,MASCO2020
E9-Q-2124,Exact,9611,961,GARBAGE COLLECTORS,problem_solving,Your crew is running behind schedule and several collection points remain. How would you help recover time without rushing the loading process unsafely or skipping required stops without approval?,MASCO2020
E9-Q-2125,Exact,9611,961,GARBAGE COLLECTORS,problem_solving,"A resident says their refuse was missed, but you are not sure whether the property was on your completed section. How would you verify the complaint before promising a return visit?",MASCO2020
E9-Q-2126,Exact,9611,961,GARBAGE COLLECTORS,problem_solving,"At shift handover, part of the route is unfinished and the truck or collection equipment has an issue the next crew needs to know about. What information would you pass on?",MASCO2020
E9-Q-2127,Exact,9612,961,REFUSE AND RECYCLABLE WASTE SORTERS,technical_judgement,"You find a bag containing several recyclable materials mixed together. How would you sort it while preventing paper, glass, plastic or aluminium from being placed in the wrong compartment?",MASCO2020
E9-Q-2128,Exact,9612,961,REFUSE AND RECYCLABLE WASTE SORTERS,problem_solving,"While sorting recyclables, you come across an item you cannot identify and that may not be safe for normal sorting. What would you do?",MASCO2020
E9-Q-2129,Exact,9612,961,REFUSE AND RECYCLABLE WASTE SORTERS,quality_control,A large volume of mixed recyclables arrives at once and the sorting area is starting to back up. How would you keep material moving without sacrificing separation quality?,MASCO2020
E9-Q-2130,Exact,9612,961,REFUSE AND RECYCLABLE WASTE SORTERS,technical_judgement,A designated compartment has just been emptied and put back into service. How would you verify it is ready before filling it with the next recyclable material?,MASCO2020
E9-Q-2131,Exact,9612,961,REFUSE AND RECYCLABLE WASTE SORTERS,stakeholder_communication,You notice the same type of non-recyclable material repeatedly arriving in a recycling stream and causing sorting delays. How would you report the pattern so it can be acted on?,MASCO2020
E9-Q-2132,Exact,9613,961,SWEEPERS AND RELATED LABOURERS,problem_solving,"You are assigned to clean a station area where one section has heavy litter, another is a high-traffic entrance, and both must be completed during the shift. How would you plan the order of work?",MASCO2020
E9-Q-2133,Exact,9613,961,SWEEPERS AND RELATED LABOURERS,problem_solving,"While sweeping a public area, you find broken material or debris that should not be handled as ordinary litter. What would you do?",MASCO2020
E9-Q-2134,Exact,9613,961,SWEEPERS AND RELATED LABOURERS,technical_judgement,"When operating a mechanical suction sweeper, you encounter an obstruction that prevents the planned cleaning pass. How would you decide whether to continue, change the route or stop and report it?",MASCO2020
E9-Q-2135,Exact,9613,961,SWEEPERS AND RELATED LABOURERS,technical_judgement,"After sweeping a street, park or station zone, how would you decide whether the area is actually complete before moving to the next zone?",MASCO2020
E9-Q-2136,Exact,9613,961,SWEEPERS AND RELATED LABOURERS,problem_solving,Your shift ends before one cleaning zone is finished. What would you include in the handover to the next sweeper or supervisor?,MASCO2020
E9-Q-2137,Exact,9621,962,"MESSENGERS, PACKAGE DELIVERERS AND LUGGAGE PORTERS",administrative_accuracy,"You are given several letters and files to deliver internally, and some require registration or proof of receipt. How would you organise the run so none are lost or recorded against the wrong recipient?",MASCO2020
E9-Q-2138,Exact,9621,962,"MESSENGERS, PACKAGE DELIVERERS AND LUGGAGE PORTERS",prioritisation,Two packages must be delivered in different directions: one has a firm deadline and the other is marked urgent but has no time stated. How would you decide the delivery order?,MASCO2020
E9-Q-2139,Exact,9621,962,"MESSENGERS, PACKAGE DELIVERERS AND LUGGAGE PORTERS",problem_solving,You arrive with a package but the named recipient is unavailable and the item should not simply be left unattended. What would you do?,MASCO2020
E9-Q-2140,Exact,9621,962,"MESSENGERS, PACKAGE DELIVERERS AND LUGGAGE PORTERS",technical_judgement,"Before leaving on a delivery run, you notice that a package label and the delivery list do not match. How would you resolve it?",MASCO2020
E9-Q-2141,Exact,9621,962,"MESSENGERS, PACKAGE DELIVERERS AND LUGGAGE PORTERS",technical_judgement,"As a luggage porter, you are handling several similar-looking bags for different guests or passengers. How would you prevent a bag from being delivered to the wrong person or location?",MASCO2020
E9-Q-2142,Exact,9622,962,ODD-JOB PERSONS,problem_solving,You receive a request to 'fix the door' but there is no description of what is wrong. What would you clarify before starting a simple repair?,MASCO2020
E9-Q-2143,Exact,9622,962,ODD-JOB PERSONS,problem_solving,"While checking a small maintenance request, you realise the fault is more complex than a routine repair you are authorised to perform. What would you do?",MASCO2020
E9-Q-2144,Exact,9622,962,ODD-JOB PERSONS,stakeholder_communication,"You have several jobs at once: a broken cupboard door, a failed light in a frequently used area, and a request to repaint a minor scuff. How would you decide what to do first?",MASCO2020
E9-Q-2145,Exact,9622,962,ODD-JOB PERSONS,debugging,"After completing a simple repair or replacing a defective item such as a light bulb, how would you check the job before closing the request?",MASCO2020
E9-Q-2146,Exact,9622,962,ODD-JOB PERSONS,problem_solving,You finish part of a repair but need another person or a later visit to complete it. What information should you leave in the handover?,MASCO2020
E9-Q-2147,Exact,9623,962,METER READERS AND VENDING-MACHINE COLLECTORS,administrative_accuracy,A meter reading is much higher or lower than you expected from previous visits. How would you verify and record it without changing the figure just because it looks unusual?,MASCO2020
E9-Q-2148,Exact,9623,962,METER READERS AND VENDING-MACHINE COLLECTORS,problem_solving,You reach a meter that cannot be read because access is blocked or the display is not visible. What would you do instead of estimating a reading?,MASCO2020
E9-Q-2149,Exact,9623,962,METER READERS AND VENDING-MACHINE COLLECTORS,administrative_accuracy,"When refilling a vending machine and collecting its cash in the same visit, how would you organise the work so stock and money records do not get mixed together?",MASCO2020
E9-Q-2150,Exact,9623,962,METER READERS AND VENDING-MACHINE COLLECTORS,technical_judgement,"After refilling a vending machine, what would you verify before leaving the site?",MASCO2020
E9-Q-2151,Exact,9623,962,METER READERS AND VENDING-MACHINE COLLECTORS,administrative_accuracy,The cash collected from a vending machine does not match the amount shown in the collection record. How would you investigate the discrepancy before handing in the money?,MASCO2020
E9-Q-2152,Exact,9624,962,WATER AND FIREWOOD COLLECTORS,technical_judgement,"Before delivering collected water, you notice that one container is visibly dirty or has been mixed up with containers from another collection. How would you decide whether that water should be delivered?",MASCO2020
E9-Q-2153,Exact,9624,962,WATER AND FIREWOOD COLLECTORS,customer_communication,"A customer or work site expects a certain number of water containers, but your collection count and delivery note do not match. How would you reconcile the difference before handover?",MASCO2020
E9-Q-2154,Exact,9624,962,WATER AND FIREWOOD COLLECTORS,problem_solving,"You are asked to collect firewood from an area, but the instruction does not clearly identify the approved collection boundary or who authorised the work. What would you do before collecting wood?",MASCO2020
E9-Q-2155,Exact,9624,962,WATER AND FIREWOOD COLLECTORS,problem_solving,"You have both water and firewood deliveries due, but transport capacity is not enough to complete all trips at the originally requested times. How would you decide the order of work?",MASCO2020
E9-Q-2156,Exact,9624,962,WATER AND FIREWOOD COLLECTORS,administrative_accuracy,A water container begins leaking during delivery and the remaining quantity may no longer match what the recipient expects. How would you handle the delivery and record the loss?,MASCO2020
E9-Q-2157,Exact,9625,962,ATTENDANTS,problem_solving,"While attending in a hospital ward, a patient asks you to do something that appears to require clinical judgement rather than routine assistance. How would you respond?",MASCO2020
E9-Q-2158,Exact,9625,962,ATTENDANTS,problem_solving,"You are asked to clean a piece of laboratory equipment, but the cleaning instruction or equipment status is unclear. What would you do before touching it?",MASCO2020
E9-Q-2159,Exact,9625,962,ATTENDANTS,problem_solving,You are operating a lift in a building when passengers are waiting on several floors and a scheduled goods movement also needs the lift. How would you manage the competing requests?,MASCO2020
E9-Q-2160,Exact,9625,962,ATTENDANTS,technical_judgement,"After completing a ward or facility cleaning task, how would you verify the area is ready to hand back for use?",MASCO2020
E9-Q-2161,Exact,9625,962,ATTENDANTS,problem_solving,"At the end of your shift, there are still service requests or facility tasks in progress. What would you include in a handover to the next attendant?",MASCO2020
E9-Q-2162,Exact,1212,121,HUMAN RESOURCE MANAGERS,problem_solving,A recurring problem is affecting human resource management. How would you isolate the cause and decide on the next step?,MASCO2020
E9-Q-2163,Exact,1212,121,HUMAN RESOURCE MANAGERS,stakeholder_communication,A delay affects human resource management. How would you explain the impact and agree on the next step with the people involved?,MASCO2020
E9-Q-2164,Exact,1213,121,POLICY AND PLANNING MANAGERS,technical_judgement,"You receive conflicting technical information about developing, directing, administering and participating in policy research and analysis. How would you decide which information is reliable before proceeding?",MASCO2020
E9-Q-2165,Exact,1213,121,POLICY AND PLANNING MANAGERS,problem_solving,"A recurring problem is affecting developing, directing, administering and participating in policy research and analysis. How would you isolate the cause and decide on the next step?",MASCO2020
E9-Q-2166,Exact,1215,121,ADMINISTRATIVE MANAGERS,coordination,Several people need to contribute to administrative management. How would you keep responsibilities and hand-offs clear?,MASCO2020
E9-Q-2167,Exact,1215,121,ADMINISTRATIVE MANAGERS,coordination,Work in administrative management is being delayed by a dependency on another team. How would you coordinate the next steps?,MASCO2020
E9-Q-2168,Exact,1216,121,QUALITY MANAGERS,quality_control,An output from quality management does not meet the expected standard. How would you investigate the cause and confirm the correction?,MASCO2020
E9-Q-2169,Exact,1216,121,QUALITY MANAGERS,quality_control,You notice inconsistent results in quality management. What would you check to decide whether the problem is isolated or recurring?,MASCO2020
E9-Q-2170,Exact,1219,121,BUSINESS SERVICES AND ADMINISTRATION MANAGERS NOT ELSEWHERE,financial_analysis,A figure used in providing information and support for the preparation of financial reports and budgets does not reconcile with the supporting information. How would you investigate it before reporting or deciding?,MASCO2020
E9-Q-2171,Exact,1219,121,BUSINESS SERVICES AND ADMINISTRATION MANAGERS NOT ELSEWHERE,financial_analysis,Two financial assumptions lead to different conclusions in work carried out by business services and administration managers not elsewhere. How would you test which one is more defensible?,MASCO2020
E9-Q-2172,Exact,1222,122,ADVERTISING AND PUBLIC RELATIONS MANAGERS,technical_judgement,"You receive conflicting technical information about negotiating advertising contracts with officials of newspapers, radio and television stations. How would you decide which information is reliable before proceeding?",MASCO2020
E9-Q-2173,Exact,1222,122,ADVERTISING AND PUBLIC RELATIONS MANAGERS,problem_solving,"A recurring problem is affecting negotiating advertising contracts with officials of newspapers, radio and television stations. How would you isolate the cause and decide on the next step?",MASCO2020
E9-Q-2174,Exact,1223,122,RESEARCH AND DEVELOPMENT MANAGERS,administrative_accuracy,A record used in research and development management does not match another source. How would you verify the discrepancy and leave a clear record of the resolution?,MASCO2020
E9-Q-2175,Exact,1223,122,RESEARCH AND DEVELOPMENT MANAGERS,prioritisation,Two deadlines compete in planning the overall research and development programme of the enterprise or organisation. How would you decide what needs attention first?,MASCO2020
E9-Q-2176,Exact,1322,132,MINING MANAGERS,problem_solving,"A recurring problem is affecting planning, directing and coordinating activities concerning the extraction of minerals, oil and gas. How would you isolate the cause and decide on the next step?",MASCO2020
E9-Q-2177,Exact,1322,132,MINING MANAGERS,stakeholder_communication,A delay affects conferring with other managers to set production quotas and plan extraction sites. How would you explain the impact and agree on the next step with the people involved?,MASCO2020
E9-Q-2178,Exact,1323,132,CONSTRUCTION MANAGERS,administrative_accuracy,A record used in construction management does not match another source. How would you verify the discrepancy and leave a clear record of the resolution?,MASCO2020
E9-Q-2179,Exact,1323,132,CONSTRUCTION MANAGERS,stakeholder_communication,A delay affects construction management. How would you explain the impact and agree on the next step with the people involved?,MASCO2020
E9-Q-2180,Exact,1324,132,"SUPPLY, DISTRIBUTION AND RELATED MANAGERS",problem_solving,"A recurring problem is affecting supply, distribution and related management. How would you isolate the cause and decide on the next step?",MASCO2020
E9-Q-2181,Exact,1324,132,"SUPPLY, DISTRIBUTION AND RELATED MANAGERS",stakeholder_communication,A delay affects preparing and implementing plans to maintain required stock levels at minimum cost. How would you explain the impact and agree on the next step with the people involved?,MASCO2020
E9-Q-2182,Exact,2142,214,CIVIL ENGINEERS,technical_judgement,You receive conflicting technical information about civil engineering. How would you decide which information is reliable before proceeding?,MASCO2020
E9-Q-2183,Exact,2142,214,CIVIL ENGINEERS,requirements_clarification,The requirements for civil engineering are unclear. What would you clarify before work continues?,MASCO2020
E9-Q-2184,Exact,2143,214,ENVIRONMENTAL ENGINEERS,technical_judgement,You receive conflicting technical information about studying the environmental impact of proposed construction projects. How would you decide which information is reliable before proceeding?,MASCO2020
E9-Q-2185,Exact,2143,214,ENVIRONMENTAL ENGINEERS,problem_solving,A recurring problem is affecting environmental engineering. How would you isolate the cause and decide on the next step?,MASCO2020
E9-Q-2186,Exact,2145,214,CHEMICAL ENGINEERS,problem_solving,An unresolved issue affects work carried out by chemical engineers. How would you hand over the facts and make sure the responsible person can take the next decision?,MASCO2020
E9-Q-2187,Exact,2145,214,CHEMICAL ENGINEERS,stakeholder_communication,A routine decision in work carried out by chemical engineers reaches the limit of your authority. How would you document the facts and route it to the right person?,MASCO2020
E9-Q-2188,Exact,2146,214,"MINING ENGINEERS, METALLURGISTS AND RELATED PROFESSIONALS",problem_solving,"A recurring problem is affecting mining engineers, metallurgists and related professional work. How would you isolate the cause and decide on the next step?",MASCO2020
E9-Q-2189,Exact,2146,214,"MINING ENGINEERS, METALLURGISTS AND RELATED PROFESSIONALS",administrative_accuracy,"A record used in mining engineers, metallurgists and related professional work does not match another source. How would you verify the discrepancy and leave a clear record of the resolution?",MASCO2020
E9-Q-2190,Exact,2149,214,ENGINEERING PROFESSIONALS (EXCLUDING,problem_solving,A recurring problem is affecting work carried out by engineering professionals (excluding. How would you isolate the cause and decide on the next step?,MASCO2020
E9-Q-2191,Exact,2149,214,ENGINEERING PROFESSIONALS (EXCLUDING,stakeholder_communication,A delay affects work carried out by engineering professionals (excluding. How would you explain the impact and agree on the next step with the people involved?,MASCO2020
E9-Q-2192,Exact,2181,218,MINING PROFESSIONALS,problem_solving,A recurring problem is affecting mining professional work. How would you isolate the cause and decide on the next step?,MASCO2020
E9-Q-2193,Exact,2181,218,MINING PROFESSIONALS,stakeholder_communication,A delay affects mining professional work. How would you explain the impact and agree on the next step with the people involved?,MASCO2020
E9-Q-2194,Exact,2183,218,CONSTRUCTION PROFESSIONALS,requirements_clarification,The requirements for construction professional work are unclear. What would you clarify before work continues?,MASCO2020
E9-Q-2195,Exact,2183,218,CONSTRUCTION PROFESSIONALS,requirements_clarification,Two people give different instructions for construction professional work. How would you establish the agreed requirement?,MASCO2020
E9-Q-2196,Exact,2222,222,MIDWIFERY PROFESSIONALS,problem_solving,"A change affects work carried out by midwifery professionals, but the safe or authorised response is not yet clear. What would you verify before work continues?",MASCO2020
E9-Q-2197,Exact,2222,222,MIDWIFERY PROFESSIONALS,stakeholder_communication,An unresolved issue affects work carried out by midwifery professionals. How would you hand over the facts and make sure the responsible person can take the next decision?,MASCO2020
E9-Q-2198,Exact,2261,226,DENTISTS,administrative_accuracy,A record used in work carried out by dentists does not match another source. How would you verify the discrepancy and leave a clear record of the resolution?,MASCO2020
E9-Q-2199,Exact,2261,226,DENTISTS,stakeholder_communication,A delay affects work carried out by dentists. How would you explain the impact and agree on the next step with the people involved?,MASCO2020
E9-Q-2200,Exact,2263,226,ENVIRONMENTAL AND OCCUPATIONAL HEALTH AND HYGIENE,problem_solving,An unresolved issue affects work carried out by environmental and occupational health and hygiene. How would you hand over the facts and make sure the responsible person can take the next decision?,MASCO2020
E9-Q-2201,Exact,2263,226,ENVIRONMENTAL AND OCCUPATIONAL HEALTH AND HYGIENE,administrative_accuracy,A routine decision in work carried out by environmental and occupational health and hygiene reaches the limit of your authority. How would you document the facts and route it to the right person?,MASCO2020
E9-Q-2202,Exact,2265,226,DIETICIANS AND NUTRITIONISTS,problem_solving,A recurring problem is affecting performing tasks related to the management and monitoring of clinical dietetics and community services. How would you isolate the cause and decide on the next step?,MASCO2020
E9-Q-2203,Exact,2265,226,DIETICIANS AND NUTRITIONISTS,stakeholder_communication,"A delay affects providing nutrition assessments, education, research and training. How would you explain the impact and agree on the next step with the people involved?",MASCO2020
E9-Q-2204,Exact,2266,226,AUDIOLOGISTS AND SPEECH THERAPISTS,financial_analysis,A figure used in work carried out by audiologists and speech therapists does not reconcile with the supporting information. How would you investigate it before reporting or deciding?,MASCO2020
E9-Q-2205,Exact,2266,226,AUDIOLOGISTS AND SPEECH THERAPISTS,financial_analysis,Two financial assumptions lead to different conclusions in work carried out by audiologists and speech therapists. How would you test which one is more defensible?,MASCO2020
E9-Q-2206,Exact,2267,226,OPTOMETRISTS AND OPHTHALMIC OPTICIANS,administrative_accuracy,A record used in carrying out eye examinations to detect visual function anomalies does not match another source. How would you verify the discrepancy and leave a clear record of the resolution?,MASCO2020
E9-Q-2207,Exact,2267,226,OPTOMETRISTS AND OPHTHALMIC OPTICIANS,stakeholder_communication,A delay affects work carried out by optometrists and ophthalmic opticians. How would you explain the impact and agree on the next step with the people involved?,MASCO2020
E9-Q-2208,Exact,2268,226,OCCUPATIONAL THERAPISTS,problem_solving,A recurring problem is affecting work carried out by occupational therapists. How would you isolate the cause and decide on the next step?,MASCO2020
E9-Q-2209,Exact,2268,226,OCCUPATIONAL THERAPISTS,stakeholder_communication,A delay affects work carried out by occupational therapists. How would you explain the impact and agree on the next step with the people involved?,MASCO2020
E9-Q-2210,Exact,2269,226,HEALTH PROFESSIONALS NOT ELSEWHERE CLASSIFIED,administrative_accuracy,An unresolved issue affects work carried out by health professionals not elsewhere classified. How would you hand over the facts and make sure the responsible person can take the next decision?,MASCO2020
E9-Q-2211,Exact,2269,226,HEALTH PROFESSIONALS NOT ELSEWHERE CLASSIFIED,stakeholder_communication,A routine decision in work carried out by health professionals not elsewhere classified reaches the limit of your authority. How would you document the facts and route it to the right person?,MASCO2020
E9-Q-2212,Exact,2342,234,EARLY CHILDHOOD EDUCATORS,administrative_accuracy,A record used in early childhood teaching does not match another source. How would you verify the discrepancy and leave a clear record of the resolution?,MASCO2020
E9-Q-2213,Exact,2342,234,EARLY CHILDHOOD EDUCATORS,administrative_accuracy,Important information for early childhood teaching is incomplete. What would you confirm before the work moves forward?,MASCO2020
E9-Q-2214,Exact,2412,241,FINANCIAL AND INVESTMENT ADVISERS,financial_analysis,A figure used in work carried out by financial and investment advisers does not reconcile with the supporting information. How would you investigate it before reporting or deciding?,MASCO2020
E9-Q-2215,Exact,2412,241,FINANCIAL AND INVESTMENT ADVISERS,financial_analysis,Two financial assumptions lead to different conclusions in analysing the financial profile of companies for the purpose of making investment recommendations. How would you test which one is more defensible?,MASCO2020
E9-Q-2216,Exact,2413,241,FINANCIAL ANALYSTS,financial_analysis,A figure used in analysing company financial profile for investment planning does not reconcile with the supporting information. How would you investigate it before reporting or deciding?,MASCO2020
E9-Q-2217,Exact,2413,241,FINANCIAL ANALYSTS,financial_analysis,"Two financial assumptions lead to different conclusions in monitoring economic, industrial and corporate developments through analysis of available information. How would you test which one is more defensible?",MASCO2020
E9-Q-2218,Exact,2422,242,POLICY ADMINISTRATION PROFESSIONALS,problem_solving,A recurring problem is affecting policy administration professional work. How would you isolate the cause and decide on the next step?,MASCO2020
E9-Q-2219,Exact,2422,242,POLICY ADMINISTRATION PROFESSIONALS,stakeholder_communication,A delay affects reviewing existing policies and regulations to identify anomalies and inappropriate allocations. How would you explain the impact and agree on the next step with the people involved?,MASCO2020
E9-Q-2220,Exact,2423,242,PERSONNEL AND CAREER PROFESSIONALS,administrative_accuracy,A record used in personnel and career professional work does not match another source. How would you verify the discrepancy and leave a clear record of the resolution?,MASCO2020
E9-Q-2221,Exact,2423,242,PERSONNEL AND CAREER PROFESSIONALS,administrative_accuracy,Important information for personnel and career professional work is incomplete. What would you confirm before the work moves forward?,MASCO2020
E9-Q-2222,Exact,2424,242,TRAINING AND STAFF DEVELOPMENT PROFESSIONALS,requirements_clarification,The requirements for training needs and requirements of individuals and organisations are unclear. What would you clarify before work continues?,MASCO2020
E9-Q-2223,Exact,2424,242,TRAINING AND STAFF DEVELOPMENT PROFESSIONALS,requirements_clarification,Two people give different instructions for setting human resource development objectives and evaluating learning outcomes is settled. How would you establish the agreed requirement?,MASCO2020
E9-Q-2224,Exact,2425,242,ADMINISTRATIVE PROFESSIONALS,technical_judgement,"You receive conflicting technical information about planning, formulating and implementing public policies. How would you decide which information is reliable before proceeding?",MASCO2020
E9-Q-2225,Exact,2425,242,ADMINISTRATIVE PROFESSIONALS,prioritisation,Two deadlines compete in administrative professional work. How would you decide what needs attention first?,MASCO2020
E9-Q-2226,Exact,2426,242,RESEARCH AND DEVELOPMENT PROFESSIONALS,requirements_clarification,The requirements for research and development professional work are unclear. What would you clarify before work continues?,MASCO2020
E9-Q-2227,Exact,2426,242,RESEARCH AND DEVELOPMENT PROFESSIONALS,quality_control,An output from conducting research to improve the quality of existing inventions does not meet the expected standard. How would you investigate the cause and confirm the correction?,MASCO2020
E9-Q-2228,Exact,2432,243,PUBLIC RELATIONS PROFESSIONALS,administrative_accuracy,A record used in public relations professional work does not match another source. How would you verify the discrepancy and leave a clear record of the resolution?,MASCO2020
E9-Q-2229,Exact,2432,243,PUBLIC RELATIONS PROFESSIONALS,administrative_accuracy,Important information for public relations professional work is incomplete. What would you confirm before the work moves forward?,MASCO2020
E9-Q-2230,Exact,2433,243,TECHNICAL AND MEDICAL SALES PROFESSIONALS (EXCLUDING ICT),customer_communication,An unresolved issue affects work carried out by technical and medical sales professionals (excluding ict). How would you hand over the facts and make sure the responsible person can take the next decision?,MASCO2020
E9-Q-2231,Exact,2433,243,TECHNICAL AND MEDICAL SALES PROFESSIONALS (EXCLUDING ICT),customer_communication,A routine decision in work carried out by technical and medical sales professionals (excluding ict) reaches the limit of your authority. How would you document the facts and route it to the right person?,MASCO2020
E9-Q-2232,Exact,2434,243,INFORMATION AND COMMUNICATIONS TECHNOLOGY (ICT) SALES,technical_judgement,"You receive conflicting technical information about selling goods to retail, industrial, wholesale and other establishments. How would you decide which information is reliable before proceeding?",MASCO2020
E9-Q-2233,Exact,2434,243,INFORMATION AND COMMUNICATIONS TECHNOLOGY (ICT) SALES,prioritisation,Two deadlines compete in information and communications technology (ict) sales work. How would you decide what needs attention first?,MASCO2020
E9-Q-2234,Exact,2513,251,WEB AND MULTIMEDIA DEVELOPERS,administrative_accuracy,A record used in web and multimedia development work does not match another source. How would you verify the discrepancy and leave a clear record of the resolution?,MASCO2020
E9-Q-2235,Exact,2513,251,WEB AND MULTIMEDIA DEVELOPERS,administrative_accuracy,Important information for web and multimedia development work is incomplete. What would you confirm before the work moves forward?,MASCO2020
E9-Q-2236,Exact,2514,251,APPLICATION PROGRAMMERS,technical_judgement,You receive conflicting technical information about work carried out by application programmers. How would you decide which information is reliable before proceeding?,MASCO2020
E9-Q-2237,Exact,2514,251,APPLICATION PROGRAMMERS,technical_judgement,An assumption used in repairing or expanding existing programs to increase operating efficiency or adapt to new requireme no longer looks valid. What would you verify before changing the work?,MASCO2020
E9-Q-2238,Exact,2519,251,SOFTWARE AND APPLICATION DEVELOPERS AND ANALYSTS NOT,technical_judgement,You receive conflicting technical information about work carried out by software and application developers and analysts not. How would you decide which information is reliable before proceeding?,MASCO2020
E9-Q-2239,Exact,2519,251,SOFTWARE AND APPLICATION DEVELOPERS AND ANALYSTS NOT,requirements_clarification,The requirements for developing and documenting software testing plans are unclear. What would you clarify before work continues?,MASCO2020
E9-Q-2240,Exact,2521,252,DATABASE DESIGNERS AND ADMINISTRATORS,problem_solving,A recurring problem is affecting designing and developing database architecture and structures for information system projects. How would you isolate the cause and decide on the next step?,MASCO2020
E9-Q-2241,Exact,2521,252,DATABASE DESIGNERS AND ADMINISTRATORS,stakeholder_communication,A delay affects work carried out by database designers and administrators. How would you explain the impact and agree on the next step with the people involved?,MASCO2020
E9-Q-2242,Exact,2523,252,COMPUTER NETWORK PROFESSIONALS,technical_judgement,"You receive conflicting technical information about analysing, developing, interpreting and evaluating complex system designs and architectural specifications. How would you decide which information is reliable before proceeding?",MASCO2020
E9-Q-2243,Exact,2523,252,COMPUTER NETWORK PROFESSIONALS,customer_communication,"A customer request changes the requirements for investigating, analysing, evaluating and monitoring the network infrastructure to ensure networks are configu. How would you clarify expectations and explain any constraint?",MASCO2020
E9-Q-2244,Exact,2524,252,DATA PROFESSIONALS,technical_judgement,"You receive conflicting technical information about preparing documentation to outline data sources, models and algorithms used and developed. How would you decide which information is reliable before proceeding?",MASCO2020
E9-Q-2245,Exact,2524,252,DATA PROFESSIONALS,prioritisation,Two deadlines compete in data professional work. How would you decide what needs attention first?,MASCO2020
E9-Q-2246,Exact,3112,311,CIVIL ENGINEERING TECHNICIANS,technical_judgement,You receive conflicting technical information about performing or assisting in field and laboratory tests of soils and construction materials. How would you decide which information is reliable before proceeding?,MASCO2020
E9-Q-2247,Exact,3112,311,CIVIL ENGINEERING TECHNICIANS,problem_solving,A recurring problem is affecting performing or assisting in field and laboratory tests of soils and construction materials. How would you isolate the cause and decide on the next step?,MASCO2020
E9-Q-2248,Exact,3113,311,ELECTRICAL ENGINEERING TECHNICIANS,problem_solving,A recurring problem is affecting electrical engineering technical work. How would you isolate the cause and decide on the next step?,MASCO2020
E9-Q-2249,Exact,3113,311,ELECTRICAL ENGINEERING TECHNICIANS,stakeholder_communication,A delay affects assisting in design and layout of electrical installations and circuitry. How would you explain the impact and agree on the next step with the people involved?,MASCO2020
E9-Q-2250,Exact,3114,311,ELECTRONICS ENGINEERING TECHNICIANS,technical_judgement,You receive conflicting technical information about electronics engineering technical work. How would you decide which information is reliable before proceeding?,MASCO2020
E9-Q-2251,Exact,3114,311,ELECTRONICS ENGINEERING TECHNICIANS,requirements_clarification,"The requirements for providing technical assistance in research and development of electronic equipment, or testing prototypes are unclear. What would you clarify before work continues?",MASCO2020
E9-Q-2252,Exact,3116,311,CHEMICAL ENGINEERING TECHNICIANS,administrative_accuracy,An unresolved issue affects work carried out by chemical engineering technicians. How would you hand over the facts and make sure the responsible person can take the next decision?,MASCO2020
E9-Q-2253,Exact,3116,311,CHEMICAL ENGINEERING TECHNICIANS,stakeholder_communication,A routine decision in work carried out by chemical engineering technicians reaches the limit of your authority. How would you document the facts and route it to the right person?,MASCO2020
E9-Q-2254,Exact,3117,311,MINING AND METALLURGICAL TECHNICIANS,problem_solving,A recurring problem is affecting mining and metallurgical technical work. How would you isolate the cause and decide on the next step?,MASCO2020
E9-Q-2255,Exact,3117,311,MINING AND METALLURGICAL TECHNICIANS,stakeholder_communication,A delay affects mining and metallurgical technical work. How would you explain the impact and agree on the next step with the people involved?,MASCO2020
E9-Q-2256,Exact,3119,311,INDUSTRIAL AND PRODUCTION TECHNICIANS,requirements_clarification,The requirements for industrial and production technical work are unclear. What would you clarify before work continues?,MASCO2020
E9-Q-2257,Exact,3119,311,INDUSTRIAL AND PRODUCTION TECHNICIANS,safety_judgement,"A safety concern appears in industrial and production technical work. What would you verify, and when would you stop or refer the work?",MASCO2020
E9-Q-2258,Exact,3312,331,CREDIT AND LOAN OFFICERS,technical_judgement,You receive conflicting technical information about credit and loan officer duties. How would you decide which information is reliable before proceeding?,MASCO2020
E9-Q-2259,Exact,3312,331,CREDIT AND LOAN OFFICERS,requirements_clarification,The requirements for credit and loan officer duties are unclear. What would you clarify before work continues?,MASCO2020
E9-Q-2260,Exact,3313,331,ACCOUNTING AND AUDITING ASSOCIATE PROFESSIONALS,administrative_accuracy,A record used in performing financial and accounting tasks does not match another source. How would you verify the discrepancy and leave a clear record of the resolution?,MASCO2020
E9-Q-2261,Exact,3313,331,ACCOUNTING AND AUDITING ASSOCIATE PROFESSIONALS,administrative_accuracy,Important information for maintaining complete records of all financial transactions of an undertaking according to general accounting is incomplete. What would you confirm before the work moves forward?,MASCO2020
E9-Q-2262,Exact,3314,331,"STATISTICAL, MATHEMATICAL AND ACTUARIAL ASSOCIATE PROFESSIONALS",administrative_accuracy,"A record used in statistical, mathematical and actuarial associate professional work does not match another source. How would you verify the discrepancy and leave a clear record of the resolution?",MASCO2020
E9-Q-2263,Exact,3314,331,"STATISTICAL, MATHEMATICAL AND ACTUARIAL ASSOCIATE PROFESSIONALS",administrative_accuracy,"Important information for statistical, mathematical and actuarial associate professional work is incomplete. What would you confirm before the work moves forward?",MASCO2020
E9-Q-2264,Exact,3315,331,VALUERS AND LOSS ASSESSORS,technical_judgement,You receive conflicting technical information about work carried out by valuers and loss assessors. How would you decide which information is reliable before proceeding?,MASCO2020
E9-Q-2265,Exact,3315,331,VALUERS AND LOSS ASSESSORS,customer_communication,A customer request changes the requirements for work carried out by valuers and loss assessors. How would you clarify expectations and explain any constraint?,MASCO2020
E9-Q-2266,Exact,3342,334,LEGAL SECRETARIES,problem_solving,A recurring problem is affecting work carried out by legal secretaries. How would you isolate the cause and decide on the next step?,MASCO2020
E9-Q-2267,Exact,3342,334,LEGAL SECRETARIES,stakeholder_communication,A delay affects work carried out by legal secretaries. How would you explain the impact and agree on the next step with the people involved?,MASCO2020
E9-Q-2268,Exact,3343,334,ADMINISTRATIVE AND EXECUTIVE SECRETARIES,prioritisation,Two deadlines compete in drafting correspondence and minutes. How would you decide what needs attention first?,MASCO2020
E9-Q-2269,Exact,3343,334,ADMINISTRATIVE AND EXECUTIVE SECRETARIES,prioritisation,"A new urgent request affects drafting correspondence and minutes and obtaining, proposing and monitoring deadlines and follow-up dates. How would you judge what can move, what must be protected, and who needs an update?",MASCO2020
E9-Q-2270,Exact,3344,334,MEDICAL SECRETARIES,administrative_accuracy,A routine decision in work carried out by medical secretaries reaches the limit of your authority. How would you document the facts and route it to the right person?,MASCO2020
E9-Q-2271,Exact,3344,334,MEDICAL SECRETARIES,administrative_accuracy,You receive conflicting information about work carried out by medical secretaries. How would you verify the authoritative requirement and decide whether the work should pause or be referred?,MASCO2020
E9-Q-2272,Exact,4221,422,TRAVEL CONSULTANTS AND RELATED CLERKS,requirements_clarification,"The requirements for preparing itineraries, including the source you would confirm and the person you would update? are unclear. What would you clarify before work continues?",MASCO2020
E9-Q-2273,Exact,4221,422,TRAVEL CONSULTANTS AND RELATED CLERKS,requirements_clarification,Two people give different instructions for preparing itineraries to explain your sequence and manage expectations?. How would you establish the agreed requirement?,MASCO2020
E9-Q-2274,Exact,4223,422,TELEPHONE OPERATORS,stakeholder_communication,A delay affects telephone operations. How would you explain the impact and agree on the next step with the people involved?,MASCO2020
E9-Q-2275,Exact,4223,422,TELEPHONE OPERATORS,stakeholder_communication,Different stakeholders want different outcomes from telephone operations. How would you clarify priorities and keep expectations realistic?,MASCO2020
E9-Q-2276,Exact,4224,422,RECEPTIONISTS,customer_communication,"A customer request changes the requirements for receiving and welcoming visitors, guests, clients or patients. How would you clarify expectations and explain any constraint?",MASCO2020
E9-Q-2277,Exact,4224,422,RECEPTIONISTS,customer_communication,"A customer is unhappy with progress in receiving and welcoming visitors, guests, clients or patients. How would you explain the situation and agree on a workable next step?",MASCO2020
E9-Q-2278,Exact,4225,422,ENQUIRY CLERKS,customer_communication,A customer request changes the requirements for handling telephone calls efficiently. How would you clarify expectations and explain any constraint?,MASCO2020
E9-Q-2279,Exact,4225,422,ENQUIRY CLERKS,customer_communication,A customer is unhappy with progress in handling telephone calls efficiently and providing information about the services offered by the agency. How would you explain the situation and agree on a workable next step?,MASCO2020
E9-Q-2280,Exact,4226,422,SURVEY AND MARKET RESEARCH INTERVIEWERS,requirements_clarification,The requirements for work carried out by survey and market research interviewers are unclear. What would you clarify before work continues?,MASCO2020
E9-Q-2281,Exact,4226,422,SURVEY AND MARKET RESEARCH INTERVIEWERS,problem_solving,A recurring problem is affecting work carried out by survey and market research interviewers. How would you isolate the cause and decide on the next step?,MASCO2020
E9-Q-2282,Exact,4229,422,CLIENT INFORMATION WORKERS NOT ELSEWHERE CLASSIFIED,technical_judgement,You receive conflicting technical information about client information work. How would you decide which information is reliable before proceeding?,MASCO2020
E9-Q-2283,Exact,4229,422,CLIENT INFORMATION WORKERS NOT ELSEWHERE CLASSIFIED,requirements_clarification,The requirements for client information work are unclear. What would you clarify before work continues?,MASCO2020
E9-Q-2284,Exact,6112,611,SHRUB CROP GROWERS,technical_judgement,You receive conflicting technical information about determining the kinds and amounts of crops to be grown. How would you decide which information is reliable before proceeding?,MASCO2020
E9-Q-2285,Exact,6112,611,SHRUB CROP GROWERS,problem_solving,"A recurring problem is affecting purchasing seeds, fertiliser and other supplies. How would you isolate the cause and decide on the next step?",MASCO2020
E9-Q-2286,Exact,6113,611,"GARDENERS, HORTICULTURAL AND NURSERY GROWERS",administrative_accuracy,"A record used in determining the kinds and amounts of vegetables, horticultural and nursery products to be grown does not match another source. How would you verify the discrepancy and leave a clear record of the resolution?",MASCO2020
E9-Q-2287,Exact,6113,611,"GARDENERS, HORTICULTURAL AND NURSERY GROWERS",stakeholder_communication,"A delay affects determining the kinds and amounts of vegetables, horticultural and nursery products to be grown. How would you explain the impact and agree on the next step with the people involved?",MASCO2020
E9-Q-2288,Exact,6114,611,MIXED CROP GROWERS,problem_solving,A recurring problem is affecting mixed crop production work. How would you isolate the cause and decide on the next step?,MASCO2020
E9-Q-2289,Exact,6114,611,MIXED CROP GROWERS,stakeholder_communication,A delay affects determining kinds and amounts of crops to be grown to the appropriate authority. How would you explain the impact and agree on the next step with the people involved?,MASCO2020
E9-Q-2290,Exact,6115,611,VEGETABLE GROWERS,technical_judgement,You receive conflicting technical information about determining the types and amounts of crops to be grown. How would you decide which information is reliable before proceeding?,MASCO2020
E9-Q-2291,Exact,6115,611,VEGETABLE GROWERS,prioritisation,Two deadlines compete in vegetable production work. How would you decide what needs attention first?,MASCO2020
E9-Q-2292,Exact,7211,721,METAL MOULDERS AND COREMAKERS,administrative_accuracy,A record used in work carried out by metal moulders and coremakers does not match another source. How would you verify the discrepancy and leave a clear record of the resolution?,MASCO2020
E9-Q-2293,Exact,7211,721,METAL MOULDERS AND COREMAKERS,administrative_accuracy,Important information for work carried out by metal moulders and coremakers is incomplete. What would you confirm before the work moves forward?,MASCO2020
E9-Q-2294,Exact,7213,721,SHEET-METAL WORKERS,technical_judgement,"You receive conflicting technical information about repairing household utensils and other articles in tin, copper and light alloys. How would you decide which information is reliable before proceeding?",MASCO2020
E9-Q-2295,Exact,7213,721,SHEET-METAL WORKERS,prioritisation,"Two deadlines compete in repairing household utensils and other articles in tin, copper and light alloys. How would you decide what needs attention first?",MASCO2020
E9-Q-2296,Exact,7214,721,STRUCTURAL-METAL PREPARERS AND ERECTORS,requirements_clarification,The requirements for work carried out by structural-metal preparers and erectors are unclear. What would you clarify before work continues?,MASCO2020
E9-Q-2297,Exact,7214,721,STRUCTURAL-METAL PREPARERS AND ERECTORS,problem_solving,A recurring problem is affecting work carried out by structural-metal preparers and erectors. How would you isolate the cause and decide on the next step?,MASCO2020
E9-Q-2298,Exact,7215,721,RIGGERS AND CABLE SPLICERS,technical_judgement,You receive conflicting technical information about work carried out by riggers and cable splicers. How would you decide which information is reliable before proceeding?,MASCO2020
E9-Q-2299,Exact,7215,721,RIGGERS AND CABLE SPLICERS,problem_solving,A recurring problem is affecting work carried out by riggers and cable splicers. How would you isolate the cause and decide on the next step?,MASCO2020
E9-Q-2300,Exact,7232,723,AIRCRAFT ENGINE MECHANICS AND REPAIRERS,debugging,You receive conflicting information about work carried out by aircraft engine mechanics and repairers. How would you verify the authoritative requirement and decide whether the work should pause or be referred?,MASCO2020
E9-Q-2301,Exact,7232,723,AIRCRAFT ENGINE MECHANICS AND REPAIRERS,debugging,"A concern arises in work carried out by aircraft engine mechanics and repairers. How would you describe the facts, stay within your authority, and obtain the appropriate review?",MASCO2020
E9-Q-2302,Exact,7233,723,AGRICULTURAL AND INDUSTRIAL MACHINERY MECHANICS AND REPAIRERS,technical_judgement,"You receive conflicting technical information about examining, testing and servicing engines, agricultural or industrial machinery and mechanical equipment. How would you decide which information is reliable before proceeding?",MASCO2020
E9-Q-2303,Exact,7233,723,AGRICULTURAL AND INDUSTRIAL MACHINERY MECHANICS AND REPAIRERS,problem_solving,"A recurring problem is affecting examining, testing and servicing engines, agricultural or industrial machinery and mechanical equipment. How would you isolate the cause and decide on the next step?",MASCO2020
E9-Q-2304,Exact,7234,723,BICYCLE AND RELATED REPAIRERS,administrative_accuracy,A record used in work carried out by bicycle and related repairers does not match another source. How would you verify the discrepancy and leave a clear record of the resolution?,MASCO2020
E9-Q-2305,Exact,7234,723,BICYCLE AND RELATED REPAIRERS,prioritisation,Two deadlines compete in work carried out by bicycle and related repairers. How would you decide what needs attention first?,MASCO2020
E9-Q-2306,Exact,7239,723,MACHINERY MECHANICS AND REPAIRERS NOT ELSEWHERE CLASSIFIED,technical_judgement,"You receive conflicting technical information about installing, repairing and replacing equipment or accessories in marine vessels, trains and the like;. How would you decide which information is reliable before proceeding?",MASCO2020
E9-Q-2307,Exact,7239,723,MACHINERY MECHANICS AND REPAIRERS NOT ELSEWHERE CLASSIFIED,prioritisation,Two deadlines compete in work carried out by machinery mechanics and repairers not elsewhere classified. How would you decide what needs attention first?,MASCO2020
E9-Q-2308,Exact,8321,832,MOTORCYCLE RIDERS (DRIVERS),requirements_clarification,The requirements for work carried out by motorcycle riders (drivers) are unclear. What would you clarify before work continues?,MASCO2020
E9-Q-2309,Exact,8321,832,MOTORCYCLE RIDERS (DRIVERS),problem_solving,A recurring problem is affecting work carried out by motorcycle riders (drivers). How would you isolate the cause and decide on the next step?,MASCO2020
E9-Q-2310,Exact,0121,012,GENERAL DUTY OFFICERS (MA),requirements_clarification,"For general duty officers (ma), an assigned task has unclear requirements. How would you confirm the scope before work continues?",MASCO2020
E9-Q-2311,Exact,0121,012,GENERAL DUTY OFFICERS (MA),problem_solving,"For general duty officers (ma), an unexpected change affects an assigned task. How would you assess the impact and decide what needs adjustment or referral?",MASCO2020
E9-Q-2312,Exact,0121,012,GENERAL DUTY OFFICERS (MA),technical_judgement,"Before handing over work completed by general duty officers (ma), what would you check so the next person can rely on it?",MASCO2020
E9-Q-2313,Exact,0121,012,GENERAL DUTY OFFICERS (MA),stakeholder_communication,A request conflicts with the confirmed responsibilities of general duty officers (ma). How would you make the boundary clear and obtain the right decision?,MASCO2020
E9-Q-2314,Exact,0121,012,GENERAL DUTY OFFICERS (MA),learning_reflection,"Tell me about a time you improved consistency in work carried out by general duty officers (ma). What changed, and what evidence showed the improvement worked?",MASCO2020
E9-Q-2315,Exact,0131,013,PERSONNEL OF OTHER RANKS (MA),requirements_clarification,"For personnel of other ranks (ma), an assigned task has unclear requirements. How would you confirm the scope before work continues?",MASCO2020
E9-Q-2316,Exact,0131,013,PERSONNEL OF OTHER RANKS (MA),problem_solving,"For personnel of other ranks (ma), an unexpected change affects an assigned task. How would you assess the impact and decide what needs adjustment or referral?",MASCO2020
E9-Q-2317,Exact,0131,013,PERSONNEL OF OTHER RANKS (MA),technical_judgement,"Before handing over work completed by personnel of other ranks (ma), what would you check so the next person can rely on it?",MASCO2020
E9-Q-2318,Exact,0131,013,PERSONNEL OF OTHER RANKS (MA),stakeholder_communication,A request conflicts with the confirmed responsibilities of personnel of other ranks (ma). How would you make the boundary clear and obtain the right decision?,MASCO2020
E9-Q-2319,Exact,0131,013,PERSONNEL OF OTHER RANKS (MA),learning_reflection,"Tell me about a time you improved consistency in work carried out by personnel of other ranks (ma). What changed, and what evidence showed the improvement worked?",MASCO2020
E9-Q-2320,Exact,0211,021,GENERAL DUTY OFFICERS (RMN),requirements_clarification,"For general duty officers (rmn), an assigned task has unclear requirements. How would you confirm the scope before work continues?",MASCO2020
E9-Q-2321,Exact,0211,021,GENERAL DUTY OFFICERS (RMN),problem_solving,"For general duty officers (rmn), an unexpected change affects an assigned task. How would you assess the impact and decide what needs adjustment or referral?",MASCO2020
E9-Q-2322,Exact,0211,021,GENERAL DUTY OFFICERS (RMN),technical_judgement,"Before handing over work completed by general duty officers (rmn), what would you check so the next person can rely on it?",MASCO2020
E9-Q-2323,Exact,0211,021,GENERAL DUTY OFFICERS (RMN),prioritisation,A request conflicts with the confirmed responsibilities of general duty officers (rmn). How would you make the boundary clear and obtain the right decision?,MASCO2020
E9-Q-2324,Exact,0211,021,GENERAL DUTY OFFICERS (RMN),learning_reflection,"Tell me about a time you improved consistency in work carried out by general duty officers (rmn). What changed, and what evidence showed the improvement worked?",MASCO2020
E9-Q-2325,Exact,0221,022,PERSONNEL OF OTHER RANKS (RMN),administrative_accuracy,"For personnel of other ranks (rmn), an assigned task has unclear requirements. How would you confirm the scope before work continues?",MASCO2020
E9-Q-2326,Exact,0221,022,PERSONNEL OF OTHER RANKS (RMN),administrative_accuracy,"For personnel of other ranks (rmn), an unexpected change affects an assigned task. How would you assess the impact and decide what needs adjustment or referral?",MASCO2020
E9-Q-2327,Exact,0221,022,PERSONNEL OF OTHER RANKS (RMN),administrative_accuracy,"Before handing over work completed by personnel of other ranks (rmn), what would you check so the next person can rely on it?",MASCO2020
E9-Q-2328,Exact,0221,022,PERSONNEL OF OTHER RANKS (RMN),administrative_accuracy,A request conflicts with the confirmed responsibilities of personnel of other ranks (rmn). How would you make the boundary clear and obtain the right decision?,MASCO2020
E9-Q-2329,Exact,0221,022,PERSONNEL OF OTHER RANKS (RMN),administrative_accuracy,"Tell me about a time you improved consistency in work carried out by personnel of other ranks (rmn). What changed, and what evidence showed the improvement worked?",MASCO2020
E9-Q-2330,Exact,0311,031,GENERAL DUTY OFFICERS (RMAF),requirements_clarification,"For general duty officers (rmaf), an assigned task has unclear requirements. How would you confirm the scope before work continues?",MASCO2020
E9-Q-2331,Exact,0311,031,GENERAL DUTY OFFICERS (RMAF),problem_solving,"For general duty officers (rmaf), an unexpected change affects an assigned task. How would you assess the impact and decide what needs adjustment or referral?",MASCO2020
E9-Q-2332,Exact,0311,031,GENERAL DUTY OFFICERS (RMAF),technical_judgement,"Before handing over work completed by general duty officers (rmaf), what would you check so the next person can rely on it?",MASCO2020
E9-Q-2333,Exact,0311,031,GENERAL DUTY OFFICERS (RMAF),requirements_clarification,A request conflicts with the confirmed responsibilities of general duty officers (rmaf). How would you make the boundary clear and obtain the right decision?,MASCO2020
E9-Q-2334,Exact,0311,031,GENERAL DUTY OFFICERS (RMAF),learning_reflection,"Tell me about a time you improved consistency in work carried out by general duty officers (rmaf). What changed, and what evidence showed the improvement worked?",MASCO2020
E9-Q-2335,Exact,0321,032,PERSONNEL OF OTHER RANKS (RMAF),requirements_clarification,"For personnel of other ranks (rmaf), an assigned task has unclear requirements. How would you confirm the scope before work continues?",MASCO2020
E9-Q-2336,Exact,0321,032,PERSONNEL OF OTHER RANKS (RMAF),problem_solving,"For personnel of other ranks (rmaf), an unexpected change affects an assigned task. How would you assess the impact and decide what needs adjustment or referral?",MASCO2020
E9-Q-2337,Exact,0321,032,PERSONNEL OF OTHER RANKS (RMAF),technical_judgement,"Before handing over work completed by personnel of other ranks (rmaf), what would you check so the next person can rely on it?",MASCO2020
E9-Q-2338,Exact,0321,032,PERSONNEL OF OTHER RANKS (RMAF),stakeholder_communication,A request conflicts with the confirmed responsibilities of personnel of other ranks (rmaf). How would you make the boundary clear and obtain the right decision?,MASCO2020
E9-Q-2339,Exact,0321,032,PERSONNEL OF OTHER RANKS (RMAF),learning_reflection,"Tell me about a time you improved consistency in work carried out by personnel of other ranks (rmaf). What changed, and what evidence showed the improvement worked?",MASCO2020
E9-Q-2340,Exact,1619,161,PROFESSIONAL SERVICES MANAGERS NOT ELSEWHERE CLASSIFIED,requirements_clarification,"For professional services managers not elsewhere classified, an assigned task has unclear requirements. How would you confirm the scope before work continues?",MASCO2020
E9-Q-2341,Exact,1619,161,PROFESSIONAL SERVICES MANAGERS NOT ELSEWHERE CLASSIFIED,customer_communication,"For professional services managers not elsewhere classified, an unexpected change affects an assigned task. How would you assess the impact and decide what needs adjustment or referral?",MASCO2020
E9-Q-2342,Exact,1619,161,PROFESSIONAL SERVICES MANAGERS NOT ELSEWHERE CLASSIFIED,customer_communication,"Before handing over work completed by professional services managers not elsewhere classified, what would you check so the next person can rely on it?",MASCO2020
E9-Q-2343,Exact,1619,161,PROFESSIONAL SERVICES MANAGERS NOT ELSEWHERE CLASSIFIED,customer_communication,A request conflicts with the confirmed responsibilities of professional services managers not elsewhere classified. How would you make the boundary clear and obtain the right decision?,MASCO2020
E9-Q-2344,Exact,1619,161,PROFESSIONAL SERVICES MANAGERS NOT ELSEWHERE CLASSIFIED,customer_communication,"Tell me about a time you improved consistency in work carried out by professional services managers not elsewhere classified. What changed, and what evidence showed the improvement worked?",MASCO2020
E9-Q-2345,Exact,2179,217,TRANSPORT CONTROLLERS NOT ELSEWHERE CLASSIFIED,requirements_clarification,"For transport controllers not elsewhere classified, an assigned task has unclear requirements. How would you confirm the scope before work continues?",MASCO2020
E9-Q-2346,Exact,2179,217,TRANSPORT CONTROLLERS NOT ELSEWHERE CLASSIFIED,problem_solving,"For transport controllers not elsewhere classified, an unexpected change affects an assigned task. How would you assess the impact and decide what needs adjustment or referral?",MASCO2020
E9-Q-2347,Exact,2179,217,TRANSPORT CONTROLLERS NOT ELSEWHERE CLASSIFIED,technical_judgement,"Before handing over work completed by transport controllers not elsewhere classified, what would you check so the next person can rely on it?",MASCO2020
E9-Q-2348,Exact,2179,217,TRANSPORT CONTROLLERS NOT ELSEWHERE CLASSIFIED,customer_communication,A request conflicts with the confirmed responsibilities of transport controllers not elsewhere classified. How would you make the boundary clear and obtain the right decision?,MASCO2020
E9-Q-2349,Exact,2179,217,TRANSPORT CONTROLLERS NOT ELSEWHERE CLASSIFIED,learning_reflection,"Tell me about a time you improved consistency in work carried out by transport controllers not elsewhere classified. What changed, and what evidence showed the improvement worked?",MASCO2020
E9-Q-2350,Exact,2619,261,LEGAL PROFESSIONALS NOT ELSEWHERE CLASSIFIED,requirements_clarification,"For legal professionals not elsewhere classified, an assigned task has unclear requirements. How would you confirm the scope before work continues?",MASCO2020
E9-Q-2351,Exact,2619,261,LEGAL PROFESSIONALS NOT ELSEWHERE CLASSIFIED,customer_communication,"For legal professionals not elsewhere classified, an unexpected change affects an assigned task. How would you assess the impact and decide what needs adjustment or referral?",MASCO2020
E9-Q-2352,Exact,2619,261,LEGAL PROFESSIONALS NOT ELSEWHERE CLASSIFIED,customer_communication,"Before handing over work completed by legal professionals not elsewhere classified, what would you check so the next person can rely on it?",MASCO2020
E9-Q-2353,Exact,2619,261,LEGAL PROFESSIONALS NOT ELSEWHERE CLASSIFIED,customer_communication,A request conflicts with the confirmed responsibilities of legal professionals not elsewhere classified. How would you make the boundary clear and obtain the right decision?,MASCO2020
E9-Q-2354,Exact,2619,261,LEGAL PROFESSIONALS NOT ELSEWHERE CLASSIFIED,customer_communication,"Tell me about a time you improved consistency in work carried out by legal professionals not elsewhere classified. What changed, and what evidence showed the improvement worked?",MASCO2020
E9-Q-2355,Exact,2919,291,REGULATORY GOVERNMENT PROFESSIONALS NOT ELSEWHERE CLASSIFIED,requirements_clarification,"For regulatory government professionals not elsewhere classified, an assigned task has unclear requirements. How would you confirm the scope before work continues?",MASCO2020
E9-Q-2356,Exact,2919,291,REGULATORY GOVERNMENT PROFESSIONALS NOT ELSEWHERE CLASSIFIED,problem_solving,"For regulatory government professionals not elsewhere classified, an unexpected change affects an assigned task. How would you assess the impact and decide what needs adjustment or referral?",MASCO2020
E9-Q-2357,Exact,2919,291,REGULATORY GOVERNMENT PROFESSIONALS NOT ELSEWHERE CLASSIFIED,technical_judgement,"Before handing over work completed by regulatory government professionals not elsewhere classified, what would you check so the next person can rely on it?",MASCO2020
E9-Q-2358,Exact,2919,291,REGULATORY GOVERNMENT PROFESSIONALS NOT ELSEWHERE CLASSIFIED,customer_communication,A request conflicts with the confirmed responsibilities of regulatory government professionals not elsewhere classified. How would you make the boundary clear and obtain the right decision?,MASCO2020
E9-Q-2359,Exact,2919,291,REGULATORY GOVERNMENT PROFESSIONALS NOT ELSEWHERE CLASSIFIED,learning_reflection,"Tell me about a time you improved consistency in work carried out by regulatory government professionals not elsewhere classified. What changed, and what evidence showed the improvement worked?",MASCO2020
E9-Q-2360,Exact,3129,312,OTHER SUPERVISORS NOT ELSEWHERE CLASSIFIED,administrative_accuracy,"For other supervisors not elsewhere classified, an assigned task has unclear requirements. How would you confirm the scope before work continues?",MASCO2020
E9-Q-2361,Exact,3129,312,OTHER SUPERVISORS NOT ELSEWHERE CLASSIFIED,administrative_accuracy,"For other supervisors not elsewhere classified, an unexpected change affects an assigned task. How would you assess the impact and decide what needs adjustment or referral?",MASCO2020
E9-Q-2362,Exact,3129,312,OTHER SUPERVISORS NOT ELSEWHERE CLASSIFIED,administrative_accuracy,"Before handing over work completed by other supervisors not elsewhere classified, what would you check so the next person can rely on it?",MASCO2020
E9-Q-2363,Exact,3129,312,OTHER SUPERVISORS NOT ELSEWHERE CLASSIFIED,requirements_clarification,A request conflicts with the confirmed responsibilities of other supervisors not elsewhere classified. How would you make the boundary clear and obtain the right decision?,MASCO2020
E9-Q-2364,Exact,3129,312,OTHER SUPERVISORS NOT ELSEWHERE CLASSIFIED,administrative_accuracy,"Tell me about a time you improved consistency in work carried out by other supervisors not elsewhere classified. What changed, and what evidence showed the improvement worked?",MASCO2020
E9-Q-2365,Exact,3139,313,PROCESS CONTROL TECHNICIANS NOT ELSEWHERE CLASSIFIED,administrative_accuracy,"For process control technicians not elsewhere classified, an assigned task has unclear requirements. How would you confirm the scope before work continues?",MASCO2020
E9-Q-2366,Exact,3139,313,PROCESS CONTROL TECHNICIANS NOT ELSEWHERE CLASSIFIED,administrative_accuracy,"For process control technicians not elsewhere classified, an unexpected change affects an assigned task. How would you assess the impact and decide what needs adjustment or referral?",MASCO2020
E9-Q-2367,Exact,3139,313,PROCESS CONTROL TECHNICIANS NOT ELSEWHERE CLASSIFIED,administrative_accuracy,"Before handing over work completed by process control technicians not elsewhere classified, what would you check so the next person can rely on it?",MASCO2020
E9-Q-2368,Exact,3139,313,PROCESS CONTROL TECHNICIANS NOT ELSEWHERE CLASSIFIED,customer_communication,A request conflicts with the confirmed responsibilities of process control technicians not elsewhere classified. How would you make the boundary clear and obtain the right decision?,MASCO2020
E9-Q-2369,Exact,3139,313,PROCESS CONTROL TECHNICIANS NOT ELSEWHERE CLASSIFIED,administrative_accuracy,"Tell me about a time you improved consistency in work carried out by process control technicians not elsewhere classified. What changed, and what evidence showed the improvement worked?",MASCO2020
E9-Q-2370,Exact,3159,315,TRANSPORT TECHNICIANS NOT ELSEWHERE CLASSIFIED,administrative_accuracy,"For transport technicians not elsewhere classified, an assigned task has unclear requirements. How would you confirm the scope before work continues?",MASCO2020
E9-Q-2371,Exact,3159,315,TRANSPORT TECHNICIANS NOT ELSEWHERE CLASSIFIED,administrative_accuracy,"For transport technicians not elsewhere classified, an unexpected change affects an assigned task. How would you assess the impact and decide what needs adjustment or referral?",MASCO2020
E9-Q-2372,Exact,3159,315,TRANSPORT TECHNICIANS NOT ELSEWHERE CLASSIFIED,administrative_accuracy,"Before handing over work completed by transport technicians not elsewhere classified, what would you check so the next person can rely on it?",MASCO2020
E9-Q-2373,Exact,3159,315,TRANSPORT TECHNICIANS NOT ELSEWHERE CLASSIFIED,administrative_accuracy,A request conflicts with the confirmed responsibilities of transport technicians not elsewhere classified. How would you make the boundary clear and obtain the right decision?,MASCO2020
E9-Q-2374,Exact,3159,315,TRANSPORT TECHNICIANS NOT ELSEWHERE CLASSIFIED,administrative_accuracy,"Tell me about a time you improved consistency in work carried out by transport technicians not elsewhere classified. What changed, and what evidence showed the improvement worked?",MASCO2020
E9-Q-2375,Exact,3719,371,REGULATORY GOVERNMENT ASSOCIATE PROFESSIONALS NOT ELSEWHERE,administrative_accuracy,"For regulatory government associate professionals not elsewhere, an assigned task has unclear requirements. How would you confirm the scope before work continues?",MASCO2020
E9-Q-2376,Exact,3719,371,REGULATORY GOVERNMENT ASSOCIATE PROFESSIONALS NOT ELSEWHERE,administrative_accuracy,"For regulatory government associate professionals not elsewhere, an unexpected change affects an assigned task. How would you assess the impact and decide what needs adjustment or referral?",MASCO2020
E9-Q-2377,Exact,3719,371,REGULATORY GOVERNMENT ASSOCIATE PROFESSIONALS NOT ELSEWHERE,administrative_accuracy,"Before handing over work completed by regulatory government associate professionals not elsewhere, what would you check so the next person can rely on it?",MASCO2020
E9-Q-2378,Exact,3719,371,REGULATORY GOVERNMENT ASSOCIATE PROFESSIONALS NOT ELSEWHERE,administrative_accuracy,A request conflicts with the confirmed responsibilities of regulatory government associate professionals not elsewhere. How would you make the boundary clear and obtain the right decision?,MASCO2020
E9-Q-2379,Exact,3719,371,REGULATORY GOVERNMENT ASSOCIATE PROFESSIONALS NOT ELSEWHERE,administrative_accuracy,"Tell me about a time you improved consistency in work carried out by regulatory government associate professionals not elsewhere. What changed, and what evidence showed the improvement worked?",MASCO2020
E9-Q-2380,Exact,5329,532,PERSONAL CARE WORKERS IN HEALTH SERVICES NOT ELSEWHERE,administrative_accuracy,"For personal care workers in health services not elsewhere, an assigned task has unclear requirements. How would you confirm the scope before work continues?",MASCO2020
E9-Q-2381,Exact,5329,532,PERSONAL CARE WORKERS IN HEALTH SERVICES NOT ELSEWHERE,administrative_accuracy,"For personal care workers in health services not elsewhere, an unexpected change affects an assigned task. How would you assess the impact and decide what needs adjustment or referral?",MASCO2020
E9-Q-2382,Exact,5329,532,PERSONAL CARE WORKERS IN HEALTH SERVICES NOT ELSEWHERE,administrative_accuracy,"Before handing over work completed by personal care workers in health services not elsewhere, what would you check so the next person can rely on it?",MASCO2020
E9-Q-2383,Exact,5329,532,PERSONAL CARE WORKERS IN HEALTH SERVICES NOT ELSEWHERE,administrative_accuracy,A request conflicts with the confirmed responsibilities of personal care workers in health services not elsewhere. How would you make the boundary clear and obtain the right decision?,MASCO2020
E9-Q-2384,Exact,5329,532,PERSONAL CARE WORKERS IN HEALTH SERVICES NOT ELSEWHERE,administrative_accuracy,"Tell me about a time you improved consistency in work carried out by personal care workers in health services not elsewhere. What changed, and what evidence showed the improvement worked?",MASCO2020
E9-Q-2385,Exact,5419,541,PROTECTIVE SERVICES WORKERS NOT ELSEWHERE CLASSIFIED,administrative_accuracy,"For protective services workers not elsewhere classified, an assigned task has unclear requirements. How would you confirm the scope before work continues?",MASCO2020
E9-Q-2386,Exact,5419,541,PROTECTIVE SERVICES WORKERS NOT ELSEWHERE CLASSIFIED,administrative_accuracy,"For protective services workers not elsewhere classified, an unexpected change affects an assigned task. How would you assess the impact and decide what needs adjustment or referral?",MASCO2020
E9-Q-2387,Exact,5419,541,PROTECTIVE SERVICES WORKERS NOT ELSEWHERE CLASSIFIED,administrative_accuracy,"Before handing over work completed by protective services workers not elsewhere classified, what would you check so the next person can rely on it?",MASCO2020
E9-Q-2388,Exact,5419,541,PROTECTIVE SERVICES WORKERS NOT ELSEWHERE CLASSIFIED,administrative_accuracy,A request conflicts with the confirmed responsibilities of protective services workers not elsewhere classified. How would you make the boundary clear and obtain the right decision?,MASCO2020
E9-Q-2389,Exact,5419,541,PROTECTIVE SERVICES WORKERS NOT ELSEWHERE CLASSIFIED,administrative_accuracy,"Tell me about a time you improved consistency in work carried out by protective services workers not elsewhere classified. What changed, and what evidence showed the improvement worked?",MASCO2020
E9-Q-2390,Exact,7319,731,HANDICRAFT WORKERS NOT ELSEWHERE CLASSIFIED,requirements_clarification,"For handicraft workers not elsewhere classified, an assigned task has unclear requirements. How would you confirm the scope before work continues?",MASCO2020
E9-Q-2391,Exact,7319,731,HANDICRAFT WORKERS NOT ELSEWHERE CLASSIFIED,requirements_clarification,"For handicraft workers not elsewhere classified, an unexpected change affects an assigned task. How would you assess the impact and decide what needs adjustment or referral?",MASCO2020
E9-Q-2392,Exact,7319,731,HANDICRAFT WORKERS NOT ELSEWHERE CLASSIFIED,requirements_clarification,"Before handing over work completed by handicraft workers not elsewhere classified, what would you check so the next person can rely on it?",MASCO2020
E9-Q-2393,Exact,7319,731,HANDICRAFT WORKERS NOT ELSEWHERE CLASSIFIED,requirements_clarification,A request conflicts with the confirmed responsibilities of handicraft workers not elsewhere classified. How would you make the boundary clear and obtain the right decision?,MASCO2020
E9-Q-2394,Exact,7319,731,HANDICRAFT WORKERS NOT ELSEWHERE CLASSIFIED,requirements_clarification,"Tell me about a time you improved consistency in work carried out by handicraft workers not elsewhere classified. What changed, and what evidence showed the improvement worked?",MASCO2020
E9-Q-2395,Exact,7639,763,OTHER RELATED CRAFT WORKERS NOT ELSEWHERE CLASSIFIED,requirements_clarification,"For other related craft workers not elsewhere classified, an assigned task has unclear requirements. How would you confirm the scope before work continues?",MASCO2020
E9-Q-2396,Exact,7639,763,OTHER RELATED CRAFT WORKERS NOT ELSEWHERE CLASSIFIED,customer_communication,"For other related craft workers not elsewhere classified, an unexpected change affects an assigned task. How would you assess the impact and decide what needs adjustment or referral?",MASCO2020
E9-Q-2397,Exact,7639,763,OTHER RELATED CRAFT WORKERS NOT ELSEWHERE CLASSIFIED,customer_communication,"Before handing over work completed by other related craft workers not elsewhere classified, what would you check so the next person can rely on it?",MASCO2020
E9-Q-2398,Exact,7639,763,OTHER RELATED CRAFT WORKERS NOT ELSEWHERE CLASSIFIED,customer_communication,A request conflicts with the confirmed responsibilities of other related craft workers not elsewhere classified. How would you make the boundary clear and obtain the right decision?,MASCO2020
E9-Q-2399,Exact,7639,763,OTHER RELATED CRAFT WORKERS NOT ELSEWHERE CLASSIFIED,customer_communication,"Tell me about a time you improved consistency in work carried out by other related craft workers not elsewhere classified. What changed, and what evidence showed the improvement worked?",MASCO2020
E9-Q-2400,Exact,8219,821,ASSEMBLERS NOT ELSEWHERE CLASSIFIED,requirements_clarification,"For assemblers not elsewhere classified, an assigned task has unclear requirements. How would you confirm the scope before work continues?",MASCO2020
E9-Q-2401,Exact,8219,821,ASSEMBLERS NOT ELSEWHERE CLASSIFIED,requirements_clarification,"For assemblers not elsewhere classified, an unexpected change affects an assigned task. How would you assess the impact and decide what needs adjustment or referral?",MASCO2020
E9-Q-2402,Exact,8219,821,ASSEMBLERS NOT ELSEWHERE CLASSIFIED,requirements_clarification,"Before handing over work completed by assemblers not elsewhere classified, what would you check so the next person can rely on it?",MASCO2020
E9-Q-2403,Exact,8219,821,ASSEMBLERS NOT ELSEWHERE CLASSIFIED,requirements_clarification,A request conflicts with the confirmed responsibilities of assemblers not elsewhere classified. How would you make the boundary clear and obtain the right decision?,MASCO2020
E9-Q-2404,Exact,8219,821,ASSEMBLERS NOT ELSEWHERE CLASSIFIED,requirements_clarification,"Tell me about a time you improved consistency in work carried out by assemblers not elsewhere classified. What changed, and what evidence showed the improvement worked?",MASCO2020
E9-Q-2405,Exact,9629,962,ELEMENTARY WORKERS NOT ELSEWHERE CLASSIFIED,requirements_clarification,"For elementary workers not elsewhere classified, an assigned task has unclear requirements. How would you confirm the scope before work continues?",MASCO2020
E9-Q-2406,Exact,9629,962,ELEMENTARY WORKERS NOT ELSEWHERE CLASSIFIED,requirements_clarification,"For elementary workers not elsewhere classified, an unexpected change affects an assigned task. How would you assess the impact and decide what needs adjustment or referral?",MASCO2020
E9-Q-2407,Exact,9629,962,ELEMENTARY WORKERS NOT ELSEWHERE CLASSIFIED,requirements_clarification,"Before handing over work completed by elementary workers not elsewhere classified, what would you check so the next person can rely on it?",MASCO2020
E9-Q-2408,Exact,9629,962,ELEMENTARY WORKERS NOT ELSEWHERE CLASSIFIED,requirements_clarification,A request conflicts with the confirmed responsibilities of elementary workers not elsewhere classified. How would you make the boundary clear and obtain the right decision?,MASCO2020
E9-Q-2409,Exact,9629,962,ELEMENTARY WORKERS NOT ELSEWHERE CLASSIFIED,requirements_clarification,"Tell me about a time you improved consistency in work carried out by elementary workers not elsewhere classified. What changed, and what evidence showed the improvement worked?",MASCO2020
E9-Q-2410,Common,,,All occupations,prioritisation,Tell me about a time you adapted when a work priority changed.,MASCO2020;DOSM_JMI_2025Q2
E9-Q-2411,Common,,,All occupations,role_motivation,What interests you about this role and its day-to-day responsibilities?,MASCO2020;DOSM_JMI_2025Q2
E9-Q-2412,Common,,,All occupations,stakeholder_communication,How do you make sure important information is understood by the person receiving it?,MASCO2020;DOSM_JMI_2025Q2
E9-Q-2413,Common,,,All occupations,problem_solving,Tell me about a difficult problem you broke into manageable steps.,MASCO2020;DOSM_JMI_2025Q2
E9-Q-2414,Common,,,All occupations,problem_solving,Two urgent requests arrive at once. How would you decide what to do first?,MASCO2020;DOSM_JMI_2025Q2
E9-Q-2415,Common,,,All occupations,learning_reflection,Describe an achievement that required steady effort over time.,MASCO2020;DOSM_JMI_2025Q2
E9-Q-2416,Common,,,All occupations,problem_solving,How would you start a task when the instructions are incomplete?,MASCO2020;DOSM_JMI_2025Q2
E9-Q-2417,Common,,,All occupations,stakeholder_communication,Tell me about a time you explained a complex issue in simple language.,MASCO2020;DOSM_JMI_2025Q2
E9-Q-2418,Common,,,All occupations,learning_reflection,Describe feedback that changed how you worked.,MASCO2020;DOSM_JMI_2025Q2
E9-Q-2419,Common,,,All occupations,problem_solving,How do you check that a proposed solution addresses the underlying problem?,MASCO2020;DOSM_JMI_2025Q2
E9-Q-2420,Common,,,All occupations,prioritisation,"A deadline is at risk. What would you communicate, and to whom?",MASCO2020;DOSM_JMI_2025Q2
E9-Q-2421,Common,,,All occupations,learning_reflection,Tell me about a mistake you made and what you changed afterwards.,MASCO2020;DOSM_JMI_2025Q2
E9-Q-2422,Common,,,All occupations,learning_reflection,Tell me about a time you worked through a disagreement with a colleague.,MASCO2020;DOSM_JMI_2025Q2
E9-Q-2423,Common,,,All occupations,role_motivation,What would you want to learn in your first months in this role?,MASCO2020;DOSM_JMI_2025Q2
E9-Q-2424,Common,,,All occupations,learning_reflection,Tell me about a time you learned a new process quickly.,MASCO2020;DOSM_JMI_2025Q2
E9-Q-2425,Common,,,All occupations,stakeholder_communication,When do you ask for clarification instead of making an assumption?,MASCO2020;DOSM_JMI_2025Q2
E9-Q-2426,Common,,,All occupations,problem_solving,What would you do if your work did not meet the expected standard?,MASCO2020;DOSM_JMI_2025Q2
E9-Q-2427,Common,,,All occupations,learning_reflection,Describe a time you remained calm in a demanding situation.,MASCO2020;DOSM_JMI_2025Q2
E9-Q-2428,Common,,,All occupations,problem_solving,What information do you gather before making an important work decision?,MASCO2020;DOSM_JMI_2025Q2
E9-Q-2429,Common,,,All occupations,role_motivation,"Which strengths would you bring to this role, and how would you use them?",MASCO2020;DOSM_JMI_2025Q2
E9-Q-2430,Common,,,All occupations,learning_reflection,Tell me about a time you organised your work without close supervision.,MASCO2020;DOSM_JMI_2025Q2
E9-Q-2431,Common,,,All occupations,requirements_clarification,A stakeholder changes a requirement late in the process. How would you respond?,MASCO2020;DOSM_JMI_2025Q2
E9-Q-2432,Common,,,All occupations,stakeholder_communication,How do you build trust with someone you have only recently met?,MASCO2020;DOSM_JMI_2025Q2
E9-Q-2433,Common,,,All occupations,learning_reflection,Tell me about a time you improved accuracy or consistency in your work.,MASCO2020;DOSM_JMI_2025Q2
E9-Q-2434,Common,,,All occupations,safety_judgement,You notice a safety or quality concern outside your immediate task. What do you do?,MASCO2020;DOSM_JMI_2025Q2
E9-Q-2435,Common,,,All occupations,learning_reflection,Describe a time you helped a colleague succeed.,MASCO2020;DOSM_JMI_2025Q2
E9-Q-2436,Common,,,All occupations,role_motivation,What does doing responsible work mean to you?,MASCO2020;DOSM_JMI_2025Q2
E9-Q-2437,Common,,,All occupations,stakeholder_communication,How do you give an update when progress is slower than expected?,MASCO2020;DOSM_JMI_2025Q2
E9-Q-2438,Common,,,All occupations,learning_reflection,Tell me about a time you balanced speed with care in your work.,MASCO2020;DOSM_JMI_2025Q2
E9-Q-2439,Common,,,All occupations,problem_solving,How do you decide whether to solve an issue yourself or seek help?,MASCO2020;DOSM_JMI_2025Q2
E9-Q-2440,Common,,,All occupations,problem_solving,How do you check whether information from a digital tool is reliable enough to use?,MASCO2020;DOSM_JMI_2025Q2
