occupation_code,question_id,scope,display_order
1121,E9-Q-0001,Exact,1
1121,E9-Q-0010,Exact,2
1121,E9-Q-0002,Exact,3
1121,E9-Q-0003,Exact,4
1121,E9-Q-0004,Exact,5
1121,E9-Q-0005,Exact,6
1121,E9-Q-0006,Exact,7
1121,E9-Q-0007,Exact,8
1121,E9-Q-0008,Exact,9
1121,E9-Q-0009,Exact,10
1121,E9-Q-0336,Family,11
1121,E9-Q-0337,Family,12
1121,E9-Q-0338,Family,13
1121,E9-Q-0339,Family,14
1121,E9-Q-0340,Family,15
1121,E9-Q-2410,Common,16
1121,E9-Q-2411,Common,17
1121,E9-Q-2412,Common,18
1121,E9-Q-2413,Common,19
1121,E9-Q-2414,Common,20
1121,E9-Q-2415,Common,21
1121,E9-Q-2416,Common,22
1121,E9-Q-2417,Common,23
1121,E9-Q-2418,Common,24
1121,E9-Q-2419,Common,25
1121,E9-Q-2420,Common,26
1121,E9-Q-2421,Common,27
1121,E9-Q-2422,Common,28
1121,E9-Q-2423,Common,29
1121,E9-Q-2424,Common,30
1121,E9-Q-2425,Common,31
1121,E9-Q-2426,Common,32
1121,E9-Q-2427,Common,33
1121,E9-Q-2428,Common,34
1121,E9-Q-2429,Common,35
1121,E9-Q-2430,Common,36
1121,E9-Q-2431,Common,37
1121,E9-Q-2432,Common,38
1121,E9-Q-2433,Common,39
1121,E9-Q-2434,Common,40
1121,E9-Q-2435,Common,41
1121,E9-Q-2436,Common,42
1121,E9-Q-2437,Common,43
1121,E9-Q-2438,Common,44
1121,E9-Q-2439,Common,45
1121,E9-Q-2440,Common,46
1211,E9-Q-0011,Exact,1
1211,E9-Q-0020,Exact,2
1211,E9-Q-0021,Exact,3
1211,E9-Q-0022,Exact,4
1211,E9-Q-0012,Exact,5
1211,E9-Q-0013,Exact,6
1211,E9-Q-0014,Exact,7
1211,E9-Q-0015,Exact,8
1211,E9-Q-0016,Exact,9
1211,E9-Q-0017,Exact,10
1211,E9-Q-0018,Exact,11
1211,E9-Q-0019,Exact,12
1211,E9-Q-0341,Family,13
1211,E9-Q-0342,Family,14
1211,E9-Q-0343,Family,15
1211,E9-Q-0344,Family,16
1211,E9-Q-0345,Family,17
1211,E9-Q-2410,Common,18
1211,E9-Q-2411,Common,19
1211,E9-Q-2412,Common,20
1211,E9-Q-2413,Common,21
1211,E9-Q-2414,Common,22
1211,E9-Q-2415,Common,23
1211,E9-Q-2416,Common,24
1211,E9-Q-2417,Common,25
1211,E9-Q-2418,Common,26
1211,E9-Q-2419,Common,27
1211,E9-Q-2420,Common,28
1211,E9-Q-2421,Common,29
1211,E9-Q-2422,Common,30
1211,E9-Q-2423,Common,31
1211,E9-Q-2424,Common,32
1211,E9-Q-2425,Common,33
1211,E9-Q-2426,Common,34
1211,E9-Q-2427,Common,35
1211,E9-Q-2428,Common,36
1211,E9-Q-2429,Common,37
1211,E9-Q-2430,Common,38
1211,E9-Q-2431,Common,39
1211,E9-Q-2432,Common,40
1211,E9-Q-2433,Common,41
1211,E9-Q-2434,Common,42
1211,E9-Q-2435,Common,43
1211,E9-Q-2436,Common,44
1211,E9-Q-2437,Common,45
1211,E9-Q-2438,Common,46
1211,E9-Q-2439,Common,47
1211,E9-Q-2440,Common,48
1214,E9-Q-0023,Exact,1
1214,E9-Q-0032,Exact,2
1214,E9-Q-0033,Exact,3
1214,E9-Q-0034,Exact,4
1214,E9-Q-0024,Exact,5
1214,E9-Q-0025,Exact,6
1214,E9-Q-0026,Exact,7
1214,E9-Q-0027,Exact,8
1214,E9-Q-0028,Exact,9
1214,E9-Q-0029,Exact,10
1214,E9-Q-0030,Exact,11
1214,E9-Q-0031,Exact,12
1214,E9-Q-0341,Family,13
1214,E9-Q-0342,Family,14
1214,E9-Q-0343,Family,15
1214,E9-Q-0344,Family,16
1214,E9-Q-0345,Family,17
1214,E9-Q-2410,Common,18
1214,E9-Q-2411,Common,19
1214,E9-Q-2412,Common,20
1214,E9-Q-2413,Common,21
1214,E9-Q-2414,Common,22
1214,E9-Q-2415,Common,23
1214,E9-Q-2416,Common,24
1214,E9-Q-2417,Common,25
1214,E9-Q-2418,Common,26
1214,E9-Q-2419,Common,27
1214,E9-Q-2420,Common,28
1214,E9-Q-2421,Common,29
1214,E9-Q-2422,Common,30
1214,E9-Q-2423,Common,31
1214,E9-Q-2424,Common,32
1214,E9-Q-2425,Common,33
1214,E9-Q-2426,Common,34
1214,E9-Q-2427,Common,35
1214,E9-Q-2428,Common,36
1214,E9-Q-2429,Common,37
1214,E9-Q-2430,Common,38
1214,E9-Q-2431,Common,39
1214,E9-Q-2432,Common,40
1214,E9-Q-2433,Common,41
1214,E9-Q-2434,Common,42
1214,E9-Q-2435,Common,43
1214,E9-Q-2436,Common,44
1214,E9-Q-2437,Common,45
1214,E9-Q-2438,Common,46
1214,E9-Q-2439,Common,47
1214,E9-Q-2440,Common,48
1221,E9-Q-0035,Exact,1
1221,E9-Q-0036,Exact,2
1221,E9-Q-0037,Exact,3
1221,E9-Q-0038,Exact,4
1221,E9-Q-0346,Family,5
1221,E9-Q-0347,Family,6
1221,E9-Q-0348,Family,7
1221,E9-Q-0349,Family,8
1221,E9-Q-0350,Family,9
1221,E9-Q-2410,Common,10
1221,E9-Q-2411,Common,11
1221,E9-Q-2412,Common,12
1221,E9-Q-2413,Common,13
1221,E9-Q-2414,Common,14
1221,E9-Q-2415,Common,15
1221,E9-Q-2416,Common,16
1221,E9-Q-2417,Common,17
1221,E9-Q-2418,Common,18
1221,E9-Q-2419,Common,19
1221,E9-Q-2420,Common,20
1221,E9-Q-2421,Common,21
1221,E9-Q-2422,Common,22
1221,E9-Q-2423,Common,23
1221,E9-Q-2424,Common,24
1221,E9-Q-2425,Common,25
1221,E9-Q-2426,Common,26
1221,E9-Q-2427,Common,27
1221,E9-Q-2428,Common,28
1221,E9-Q-2429,Common,29
1221,E9-Q-2430,Common,30
1221,E9-Q-2431,Common,31
1221,E9-Q-2432,Common,32
1221,E9-Q-2433,Common,33
1221,E9-Q-2434,Common,34
1221,E9-Q-2435,Common,35
1221,E9-Q-2436,Common,36
1221,E9-Q-2437,Common,37
1221,E9-Q-2438,Common,38
1221,E9-Q-2439,Common,39
1221,E9-Q-2440,Common,40
1321,E9-Q-0039,Exact,1
1321,E9-Q-0040,Exact,2
1321,E9-Q-0041,Exact,3
1321,E9-Q-0042,Exact,4
1321,E9-Q-0351,Family,5
1321,E9-Q-0352,Family,6
1321,E9-Q-0353,Family,7
1321,E9-Q-0354,Family,8
1321,E9-Q-0355,Family,9
1321,E9-Q-2410,Common,10
1321,E9-Q-2411,Common,11
1321,E9-Q-2412,Common,12
1321,E9-Q-2413,Common,13
1321,E9-Q-2414,Common,14
1321,E9-Q-2415,Common,15
1321,E9-Q-2416,Common,16
1321,E9-Q-2417,Common,17
1321,E9-Q-2418,Common,18
1321,E9-Q-2419,Common,19
1321,E9-Q-2420,Common,20
1321,E9-Q-2421,Common,21
1321,E9-Q-2422,Common,22
1321,E9-Q-2423,Common,23
1321,E9-Q-2424,Common,24
1321,E9-Q-2425,Common,25
1321,E9-Q-2426,Common,26
1321,E9-Q-2427,Common,27
1321,E9-Q-2428,Common,28
1321,E9-Q-2429,Common,29
1321,E9-Q-2430,Common,30
1321,E9-Q-2431,Common,31
1321,E9-Q-2432,Common,32
1321,E9-Q-2433,Common,33
1321,E9-Q-2434,Common,34
1321,E9-Q-2435,Common,35
1321,E9-Q-2436,Common,36
1321,E9-Q-2437,Common,37
1321,E9-Q-2438,Common,38
1321,E9-Q-2439,Common,39
1321,E9-Q-2440,Common,40
1511,E9-Q-0043,Exact,1
1511,E9-Q-0052,Exact,2
1511,E9-Q-0053,Exact,3
1511,E9-Q-0054,Exact,4
1511,E9-Q-0044,Exact,5
1511,E9-Q-0045,Exact,6
1511,E9-Q-0046,Exact,7
1511,E9-Q-0047,Exact,8
1511,E9-Q-0048,Exact,9
1511,E9-Q-0049,Exact,10
1511,E9-Q-0050,Exact,11
1511,E9-Q-0051,Exact,12
1511,E9-Q-0356,Family,13
1511,E9-Q-0357,Family,14
1511,E9-Q-0358,Family,15
1511,E9-Q-2410,Common,16
1511,E9-Q-2411,Common,17
1511,E9-Q-2412,Common,18
1511,E9-Q-2413,Common,19
1511,E9-Q-2414,Common,20
1511,E9-Q-2415,Common,21
1511,E9-Q-2416,Common,22
1511,E9-Q-2417,Common,23
1511,E9-Q-2418,Common,24
1511,E9-Q-2419,Common,25
1511,E9-Q-2420,Common,26
1511,E9-Q-2421,Common,27
1511,E9-Q-2422,Common,28
1511,E9-Q-2423,Common,29
1511,E9-Q-2424,Common,30
1511,E9-Q-2425,Common,31
1511,E9-Q-2426,Common,32
1511,E9-Q-2427,Common,33
1511,E9-Q-2428,Common,34
1511,E9-Q-2429,Common,35
1511,E9-Q-2430,Common,36
1511,E9-Q-2431,Common,37
1511,E9-Q-2432,Common,38
1511,E9-Q-2433,Common,39
1511,E9-Q-2434,Common,40
1511,E9-Q-2435,Common,41
1511,E9-Q-2436,Common,42
1511,E9-Q-2437,Common,43
1511,E9-Q-2438,Common,44
1511,E9-Q-2439,Common,45
1511,E9-Q-2440,Common,46
2141,E9-Q-0055,Exact,1
2141,E9-Q-0064,Exact,2
2141,E9-Q-0065,Exact,3
2141,E9-Q-0066,Exact,4
2141,E9-Q-0056,Exact,5
2141,E9-Q-0057,Exact,6
2141,E9-Q-0058,Exact,7
2141,E9-Q-0059,Exact,8
2141,E9-Q-0060,Exact,9
2141,E9-Q-0061,Exact,10
2141,E9-Q-0062,Exact,11
2141,E9-Q-0063,Exact,12
2141,E9-Q-0359,Family,13
2141,E9-Q-0360,Family,14
2141,E9-Q-0361,Family,15
2141,E9-Q-0362,Family,16
2141,E9-Q-0363,Family,17
2141,E9-Q-2410,Common,18
2141,E9-Q-2411,Common,19
2141,E9-Q-2412,Common,20
2141,E9-Q-2413,Common,21
2141,E9-Q-2414,Common,22
2141,E9-Q-2415,Common,23
2141,E9-Q-2416,Common,24
2141,E9-Q-2417,Common,25
2141,E9-Q-2418,Common,26
2141,E9-Q-2419,Common,27
2141,E9-Q-2420,Common,28
2141,E9-Q-2421,Common,29
2141,E9-Q-2422,Common,30
2141,E9-Q-2423,Common,31
2141,E9-Q-2424,Common,32
2141,E9-Q-2425,Common,33
2141,E9-Q-2426,Common,34
2141,E9-Q-2427,Common,35
2141,E9-Q-2428,Common,36
2141,E9-Q-2429,Common,37
2141,E9-Q-2430,Common,38
2141,E9-Q-2431,Common,39
2141,E9-Q-2432,Common,40
2141,E9-Q-2433,Common,41
2141,E9-Q-2434,Common,42
2141,E9-Q-2435,Common,43
2141,E9-Q-2436,Common,44
2141,E9-Q-2437,Common,45
2141,E9-Q-2438,Common,46
2141,E9-Q-2439,Common,47
2141,E9-Q-2440,Common,48
2144,E9-Q-0067,Exact,1
2144,E9-Q-0076,Exact,2
2144,E9-Q-0077,Exact,3
2144,E9-Q-0078,Exact,4
2144,E9-Q-0068,Exact,5
2144,E9-Q-0069,Exact,6
2144,E9-Q-0070,Exact,7
2144,E9-Q-0071,Exact,8
2144,E9-Q-0072,Exact,9
2144,E9-Q-0073,Exact,10
2144,E9-Q-0074,Exact,11
2144,E9-Q-0075,Exact,12
2144,E9-Q-0359,Family,13
2144,E9-Q-0360,Family,14
2144,E9-Q-0361,Family,15
2144,E9-Q-0362,Family,16
2144,E9-Q-0363,Family,17
2144,E9-Q-2410,Common,18
2144,E9-Q-2411,Common,19
2144,E9-Q-2412,Common,20
2144,E9-Q-2413,Common,21
2144,E9-Q-2414,Common,22
2144,E9-Q-2415,Common,23
2144,E9-Q-2416,Common,24
2144,E9-Q-2417,Common,25
2144,E9-Q-2418,Common,26
2144,E9-Q-2419,Common,27
2144,E9-Q-2420,Common,28
2144,E9-Q-2421,Common,29
2144,E9-Q-2422,Common,30
2144,E9-Q-2423,Common,31
2144,E9-Q-2424,Common,32
2144,E9-Q-2425,Common,33
2144,E9-Q-2426,Common,34
2144,E9-Q-2427,Common,35
2144,E9-Q-2428,Common,36
2144,E9-Q-2429,Common,37
2144,E9-Q-2430,Common,38
2144,E9-Q-2431,Common,39
2144,E9-Q-2432,Common,40
2144,E9-Q-2433,Common,41
2144,E9-Q-2434,Common,42
2144,E9-Q-2435,Common,43
2144,E9-Q-2436,Common,44
2144,E9-Q-2437,Common,45
2144,E9-Q-2438,Common,46
2144,E9-Q-2439,Common,47
2144,E9-Q-2440,Common,48
2182,E9-Q-0079,Exact,1
2182,E9-Q-0088,Exact,2
2182,E9-Q-0080,Exact,3
2182,E9-Q-0081,Exact,4
2182,E9-Q-0082,Exact,5
2182,E9-Q-0083,Exact,6
2182,E9-Q-0084,Exact,7
2182,E9-Q-0085,Exact,8
2182,E9-Q-0086,Exact,9
2182,E9-Q-0087,Exact,10
2182,E9-Q-0364,Family,11
2182,E9-Q-0365,Family,12
2182,E9-Q-0366,Family,13
2182,E9-Q-0367,Family,14
2182,E9-Q-0368,Family,15
2182,E9-Q-2410,Common,16
2182,E9-Q-2411,Common,17
2182,E9-Q-2412,Common,18
2182,E9-Q-2413,Common,19
2182,E9-Q-2414,Common,20
2182,E9-Q-2415,Common,21
2182,E9-Q-2416,Common,22
2182,E9-Q-2417,Common,23
2182,E9-Q-2418,Common,24
2182,E9-Q-2419,Common,25
2182,E9-Q-2420,Common,26
2182,E9-Q-2421,Common,27
2182,E9-Q-2422,Common,28
2182,E9-Q-2423,Common,29
2182,E9-Q-2424,Common,30
2182,E9-Q-2425,Common,31
2182,E9-Q-2426,Common,32
2182,E9-Q-2427,Common,33
2182,E9-Q-2428,Common,34
2182,E9-Q-2429,Common,35
2182,E9-Q-2430,Common,36
2182,E9-Q-2431,Common,37
2182,E9-Q-2432,Common,38
2182,E9-Q-2433,Common,39
2182,E9-Q-2434,Common,40
2182,E9-Q-2435,Common,41
2182,E9-Q-2436,Common,42
2182,E9-Q-2437,Common,43
2182,E9-Q-2438,Common,44
2182,E9-Q-2439,Common,45
2182,E9-Q-2440,Common,46
2211,E9-Q-0089,Exact,1
2211,E9-Q-0090,Exact,2
2211,E9-Q-0091,Exact,3
2211,E9-Q-0092,Exact,4
2211,E9-Q-0369,Family,5
2211,E9-Q-2410,Common,6
2211,E9-Q-2411,Common,7
2211,E9-Q-2412,Common,8
2211,E9-Q-2413,Common,9
2211,E9-Q-2414,Common,10
2211,E9-Q-2415,Common,11
2211,E9-Q-2416,Common,12
2211,E9-Q-2417,Common,13
2211,E9-Q-2418,Common,14
2211,E9-Q-2419,Common,15
2211,E9-Q-2420,Common,16
2211,E9-Q-2421,Common,17
2211,E9-Q-2422,Common,18
2211,E9-Q-2423,Common,19
2211,E9-Q-2424,Common,20
2211,E9-Q-2425,Common,21
2211,E9-Q-2426,Common,22
2211,E9-Q-2427,Common,23
2211,E9-Q-2428,Common,24
2211,E9-Q-2429,Common,25
2211,E9-Q-2430,Common,26
2211,E9-Q-2431,Common,27
2211,E9-Q-2432,Common,28
2211,E9-Q-2433,Common,29
2211,E9-Q-2434,Common,30
2211,E9-Q-2435,Common,31
2211,E9-Q-2436,Common,32
2211,E9-Q-2437,Common,33
2211,E9-Q-2438,Common,34
2211,E9-Q-2439,Common,35
2211,E9-Q-2440,Common,36
2212,E9-Q-0093,Exact,1
2212,E9-Q-0094,Exact,2
2212,E9-Q-0095,Exact,3
2212,E9-Q-0096,Exact,4
2212,E9-Q-0369,Family,5
2212,E9-Q-2410,Common,6
2212,E9-Q-2411,Common,7
2212,E9-Q-2412,Common,8
2212,E9-Q-2413,Common,9
2212,E9-Q-2414,Common,10
2212,E9-Q-2415,Common,11
2212,E9-Q-2416,Common,12
2212,E9-Q-2417,Common,13
2212,E9-Q-2418,Common,14
2212,E9-Q-2419,Common,15
2212,E9-Q-2420,Common,16
2212,E9-Q-2421,Common,17
2212,E9-Q-2422,Common,18
2212,E9-Q-2423,Common,19
2212,E9-Q-2424,Common,20
2212,E9-Q-2425,Common,21
2212,E9-Q-2426,Common,22
2212,E9-Q-2427,Common,23
2212,E9-Q-2428,Common,24
2212,E9-Q-2429,Common,25
2212,E9-Q-2430,Common,26
2212,E9-Q-2431,Common,27
2212,E9-Q-2432,Common,28
2212,E9-Q-2433,Common,29
2212,E9-Q-2434,Common,30
2212,E9-Q-2435,Common,31
2212,E9-Q-2436,Common,32
2212,E9-Q-2437,Common,33
2212,E9-Q-2438,Common,34
2212,E9-Q-2439,Common,35
2212,E9-Q-2440,Common,36
2221,E9-Q-0097,Exact,1
2221,E9-Q-0098,Exact,2
2221,E9-Q-0099,Exact,3
2221,E9-Q-0100,Exact,4
2221,E9-Q-0370,Family,5
2221,E9-Q-0371,Family,6
2221,E9-Q-0372,Family,7
2221,E9-Q-0373,Family,8
2221,E9-Q-0374,Family,9
2221,E9-Q-2410,Common,10
2221,E9-Q-2411,Common,11
2221,E9-Q-2412,Common,12
2221,E9-Q-2413,Common,13
2221,E9-Q-2414,Common,14
2221,E9-Q-2415,Common,15
2221,E9-Q-2416,Common,16
2221,E9-Q-2417,Common,17
2221,E9-Q-2418,Common,18
2221,E9-Q-2419,Common,19
2221,E9-Q-2420,Common,20
2221,E9-Q-2421,Common,21
2221,E9-Q-2422,Common,22
2221,E9-Q-2423,Common,23
2221,E9-Q-2424,Common,24
2221,E9-Q-2425,Common,25
2221,E9-Q-2426,Common,26
2221,E9-Q-2427,Common,27
2221,E9-Q-2428,Common,28
2221,E9-Q-2429,Common,29
2221,E9-Q-2430,Common,30
2221,E9-Q-2431,Common,31
2221,E9-Q-2432,Common,32
2221,E9-Q-2433,Common,33
2221,E9-Q-2434,Common,34
2221,E9-Q-2435,Common,35
2221,E9-Q-2436,Common,36
2221,E9-Q-2437,Common,37
2221,E9-Q-2438,Common,38
2221,E9-Q-2439,Common,39
2221,E9-Q-2440,Common,40
2262,E9-Q-0101,Exact,1
2262,E9-Q-0110,Exact,2
2262,E9-Q-0102,Exact,3
2262,E9-Q-0103,Exact,4
2262,E9-Q-0104,Exact,5
2262,E9-Q-0105,Exact,6
2262,E9-Q-0106,Exact,7
2262,E9-Q-0107,Exact,8
2262,E9-Q-0108,Exact,9
2262,E9-Q-0109,Exact,10
2262,E9-Q-0375,Family,11
2262,E9-Q-0376,Family,12
2262,E9-Q-0377,Family,13
2262,E9-Q-0378,Family,14
2262,E9-Q-0379,Family,15
2262,E9-Q-2410,Common,16
2262,E9-Q-2411,Common,17
2262,E9-Q-2412,Common,18
2262,E9-Q-2413,Common,19
2262,E9-Q-2414,Common,20
2262,E9-Q-2415,Common,21
2262,E9-Q-2416,Common,22
2262,E9-Q-2417,Common,23
2262,E9-Q-2418,Common,24
2262,E9-Q-2419,Common,25
2262,E9-Q-2420,Common,26
2262,E9-Q-2421,Common,27
2262,E9-Q-2422,Common,28
2262,E9-Q-2423,Common,29
2262,E9-Q-2424,Common,30
2262,E9-Q-2425,Common,31
2262,E9-Q-2426,Common,32
2262,E9-Q-2427,Common,33
2262,E9-Q-2428,Common,34
2262,E9-Q-2429,Common,35
2262,E9-Q-2430,Common,36
2262,E9-Q-2431,Common,37
2262,E9-Q-2432,Common,38
2262,E9-Q-2433,Common,39
2262,E9-Q-2434,Common,40
2262,E9-Q-2435,Common,41
2262,E9-Q-2436,Common,42
2262,E9-Q-2437,Common,43
2262,E9-Q-2438,Common,44
2262,E9-Q-2439,Common,45
2262,E9-Q-2440,Common,46
2264,E9-Q-0111,Exact,1
2264,E9-Q-0120,Exact,2
2264,E9-Q-0112,Exact,3
2264,E9-Q-0113,Exact,4
2264,E9-Q-0114,Exact,5
2264,E9-Q-0115,Exact,6
2264,E9-Q-0116,Exact,7
2264,E9-Q-0117,Exact,8
2264,E9-Q-0118,Exact,9
2264,E9-Q-0119,Exact,10
2264,E9-Q-0375,Family,11
2264,E9-Q-0376,Family,12
2264,E9-Q-0377,Family,13
2264,E9-Q-0378,Family,14
2264,E9-Q-0379,Family,15
2264,E9-Q-2410,Common,16
2264,E9-Q-2411,Common,17
2264,E9-Q-2412,Common,18
2264,E9-Q-2413,Common,19
2264,E9-Q-2414,Common,20
2264,E9-Q-2415,Common,21
2264,E9-Q-2416,Common,22
2264,E9-Q-2417,Common,23
2264,E9-Q-2418,Common,24
2264,E9-Q-2419,Common,25
2264,E9-Q-2420,Common,26
2264,E9-Q-2421,Common,27
2264,E9-Q-2422,Common,28
2264,E9-Q-2423,Common,29
2264,E9-Q-2424,Common,30
2264,E9-Q-2425,Common,31
2264,E9-Q-2426,Common,32
2264,E9-Q-2427,Common,33
2264,E9-Q-2428,Common,34
2264,E9-Q-2429,Common,35
2264,E9-Q-2430,Common,36
2264,E9-Q-2431,Common,37
2264,E9-Q-2432,Common,38
2264,E9-Q-2433,Common,39
2264,E9-Q-2434,Common,40
2264,E9-Q-2435,Common,41
2264,E9-Q-2436,Common,42
2264,E9-Q-2437,Common,43
2264,E9-Q-2438,Common,44
2264,E9-Q-2439,Common,45
2264,E9-Q-2440,Common,46
2341,E9-Q-0121,Exact,1
2341,E9-Q-0122,Exact,2
2341,E9-Q-0123,Exact,3
2341,E9-Q-0124,Exact,4
2341,E9-Q-0380,Family,5
2341,E9-Q-0381,Family,6
2341,E9-Q-0382,Family,7
2341,E9-Q-0383,Family,8
2341,E9-Q-0384,Family,9
2341,E9-Q-2410,Common,10
2341,E9-Q-2411,Common,11
2341,E9-Q-2412,Common,12
2341,E9-Q-2413,Common,13
2341,E9-Q-2414,Common,14
2341,E9-Q-2415,Common,15
2341,E9-Q-2416,Common,16
2341,E9-Q-2417,Common,17
2341,E9-Q-2418,Common,18
2341,E9-Q-2419,Common,19
2341,E9-Q-2420,Common,20
2341,E9-Q-2421,Common,21
2341,E9-Q-2422,Common,22
2341,E9-Q-2423,Common,23
2341,E9-Q-2424,Common,24
2341,E9-Q-2425,Common,25
2341,E9-Q-2426,Common,26
2341,E9-Q-2427,Common,27
2341,E9-Q-2428,Common,28
2341,E9-Q-2429,Common,29
2341,E9-Q-2430,Common,30
2341,E9-Q-2431,Common,31
2341,E9-Q-2432,Common,32
2341,E9-Q-2433,Common,33
2341,E9-Q-2434,Common,34
2341,E9-Q-2435,Common,35
2341,E9-Q-2436,Common,36
2341,E9-Q-2437,Common,37
2341,E9-Q-2438,Common,38
2341,E9-Q-2439,Common,39
2341,E9-Q-2440,Common,40
2411,E9-Q-0125,Exact,1
2411,E9-Q-0134,Exact,2
2411,E9-Q-0126,Exact,3
2411,E9-Q-0127,Exact,4
2411,E9-Q-0128,Exact,5
2411,E9-Q-0129,Exact,6
2411,E9-Q-0130,Exact,7
2411,E9-Q-0131,Exact,8
2411,E9-Q-0132,Exact,9
2411,E9-Q-0133,Exact,10
2411,E9-Q-0385,Family,11
2411,E9-Q-0386,Family,12
2411,E9-Q-0387,Family,13
2411,E9-Q-0388,Family,14
2411,E9-Q-0389,Family,15
2411,E9-Q-2410,Common,16
2411,E9-Q-2411,Common,17
2411,E9-Q-2412,Common,18
2411,E9-Q-2413,Common,19
2411,E9-Q-2414,Common,20
2411,E9-Q-2415,Common,21
2411,E9-Q-2416,Common,22
2411,E9-Q-2417,Common,23
2411,E9-Q-2418,Common,24
2411,E9-Q-2419,Common,25
2411,E9-Q-2420,Common,26
2411,E9-Q-2421,Common,27
2411,E9-Q-2422,Common,28
2411,E9-Q-2423,Common,29
2411,E9-Q-2424,Common,30
2411,E9-Q-2425,Common,31
2411,E9-Q-2426,Common,32
2411,E9-Q-2427,Common,33
2411,E9-Q-2428,Common,34
2411,E9-Q-2429,Common,35
2411,E9-Q-2430,Common,36
2411,E9-Q-2431,Common,37
2411,E9-Q-2432,Common,38
2411,E9-Q-2433,Common,39
2411,E9-Q-2434,Common,40
2411,E9-Q-2435,Common,41
2411,E9-Q-2436,Common,42
2411,E9-Q-2437,Common,43
2411,E9-Q-2438,Common,44
2411,E9-Q-2439,Common,45
2411,E9-Q-2440,Common,46
2421,E9-Q-0135,Exact,1
2421,E9-Q-0136,Exact,2
2421,E9-Q-0137,Exact,3
2421,E9-Q-0138,Exact,4
2421,E9-Q-0390,Family,5
2421,E9-Q-0391,Family,6
2421,E9-Q-0392,Family,7
2421,E9-Q-0393,Family,8
2421,E9-Q-0394,Family,9
2421,E9-Q-2410,Common,10
2421,E9-Q-2411,Common,11
2421,E9-Q-2412,Common,12
2421,E9-Q-2413,Common,13
2421,E9-Q-2414,Common,14
2421,E9-Q-2415,Common,15
2421,E9-Q-2416,Common,16
2421,E9-Q-2417,Common,17
2421,E9-Q-2418,Common,18
2421,E9-Q-2419,Common,19
2421,E9-Q-2420,Common,20
2421,E9-Q-2421,Common,21
2421,E9-Q-2422,Common,22
2421,E9-Q-2423,Common,23
2421,E9-Q-2424,Common,24
2421,E9-Q-2425,Common,25
2421,E9-Q-2426,Common,26
2421,E9-Q-2427,Common,27
2421,E9-Q-2428,Common,28
2421,E9-Q-2429,Common,29
2421,E9-Q-2430,Common,30
2421,E9-Q-2431,Common,31
2421,E9-Q-2432,Common,32
2421,E9-Q-2433,Common,33
2421,E9-Q-2434,Common,34
2421,E9-Q-2435,Common,35
2421,E9-Q-2436,Common,36
2421,E9-Q-2437,Common,37
2421,E9-Q-2438,Common,38
2421,E9-Q-2439,Common,39
2421,E9-Q-2440,Common,40
2431,E9-Q-0139,Exact,1
2431,E9-Q-0148,Exact,2
2431,E9-Q-0140,Exact,3
2431,E9-Q-0141,Exact,4
2431,E9-Q-0142,Exact,5
2431,E9-Q-0143,Exact,6
2431,E9-Q-0144,Exact,7
2431,E9-Q-0145,Exact,8
2431,E9-Q-0146,Exact,9
2431,E9-Q-0147,Exact,10
2431,E9-Q-0395,Family,11
2431,E9-Q-0396,Family,12
2431,E9-Q-0397,Family,13
2431,E9-Q-0398,Family,14
2431,E9-Q-0399,Family,15
2431,E9-Q-2410,Common,16
2431,E9-Q-2411,Common,17
2431,E9-Q-2412,Common,18
2431,E9-Q-2413,Common,19
2431,E9-Q-2414,Common,20
2431,E9-Q-2415,Common,21
2431,E9-Q-2416,Common,22
2431,E9-Q-2417,Common,23
2431,E9-Q-2418,Common,24
2431,E9-Q-2419,Common,25
2431,E9-Q-2420,Common,26
2431,E9-Q-2421,Common,27
2431,E9-Q-2422,Common,28
2431,E9-Q-2423,Common,29
2431,E9-Q-2424,Common,30
2431,E9-Q-2425,Common,31
2431,E9-Q-2426,Common,32
2431,E9-Q-2427,Common,33
2431,E9-Q-2428,Common,34
2431,E9-Q-2429,Common,35
2431,E9-Q-2430,Common,36
2431,E9-Q-2431,Common,37
2431,E9-Q-2432,Common,38
2431,E9-Q-2433,Common,39
2431,E9-Q-2434,Common,40
2431,E9-Q-2435,Common,41
2431,E9-Q-2436,Common,42
2431,E9-Q-2437,Common,43
2431,E9-Q-2438,Common,44
2431,E9-Q-2439,Common,45
2431,E9-Q-2440,Common,46
2511,E9-Q-0149,Exact,1
2511,E9-Q-0150,Exact,2
2511,E9-Q-0151,Exact,3
2511,E9-Q-0152,Exact,4
2511,E9-Q-0400,Family,5
2511,E9-Q-0401,Family,6
2511,E9-Q-0402,Family,7
2511,E9-Q-0403,Family,8
2511,E9-Q-0404,Family,9
2511,E9-Q-2410,Common,10
2511,E9-Q-2411,Common,11
2511,E9-Q-2412,Common,12
2511,E9-Q-2413,Common,13
2511,E9-Q-2414,Common,14
2511,E9-Q-2415,Common,15
2511,E9-Q-2416,Common,16
2511,E9-Q-2417,Common,17
2511,E9-Q-2418,Common,18
2511,E9-Q-2419,Common,19
2511,E9-Q-2420,Common,20
2511,E9-Q-2421,Common,21
2511,E9-Q-2422,Common,22
2511,E9-Q-2423,Common,23
2511,E9-Q-2424,Common,24
2511,E9-Q-2425,Common,25
2511,E9-Q-2426,Common,26
2511,E9-Q-2427,Common,27
2511,E9-Q-2428,Common,28
2511,E9-Q-2429,Common,29
2511,E9-Q-2430,Common,30
2511,E9-Q-2431,Common,31
2511,E9-Q-2432,Common,32
2511,E9-Q-2433,Common,33
2511,E9-Q-2434,Common,34
2511,E9-Q-2435,Common,35
2511,E9-Q-2436,Common,36
2511,E9-Q-2437,Common,37
2511,E9-Q-2438,Common,38
2511,E9-Q-2439,Common,39
2511,E9-Q-2440,Common,40
2512,E9-Q-0153,Exact,1
2512,E9-Q-0162,Exact,2
2512,E9-Q-0154,Exact,3
2512,E9-Q-0155,Exact,4
2512,E9-Q-0156,Exact,5
2512,E9-Q-0157,Exact,6
2512,E9-Q-0158,Exact,7
2512,E9-Q-0159,Exact,8
2512,E9-Q-0160,Exact,9
2512,E9-Q-0161,Exact,10
2512,E9-Q-0400,Family,11
2512,E9-Q-0401,Family,12
2512,E9-Q-0402,Family,13
2512,E9-Q-0403,Family,14
2512,E9-Q-0404,Family,15
2512,E9-Q-2410,Common,16
2512,E9-Q-2411,Common,17
2512,E9-Q-2412,Common,18
2512,E9-Q-2413,Common,19
2512,E9-Q-2414,Common,20
2512,E9-Q-2415,Common,21
2512,E9-Q-2416,Common,22
2512,E9-Q-2417,Common,23
2512,E9-Q-2418,Common,24
2512,E9-Q-2419,Common,25
2512,E9-Q-2420,Common,26
2512,E9-Q-2421,Common,27
2512,E9-Q-2422,Common,28
2512,E9-Q-2423,Common,29
2512,E9-Q-2424,Common,30
2512,E9-Q-2425,Common,31
2512,E9-Q-2426,Common,32
2512,E9-Q-2427,Common,33
2512,E9-Q-2428,Common,34
2512,E9-Q-2429,Common,35
2512,E9-Q-2430,Common,36
2512,E9-Q-2431,Common,37
2512,E9-Q-2432,Common,38
2512,E9-Q-2433,Common,39
2512,E9-Q-2434,Common,40
2512,E9-Q-2435,Common,41
2512,E9-Q-2436,Common,42
2512,E9-Q-2437,Common,43
2512,E9-Q-2438,Common,44
2512,E9-Q-2439,Common,45
2512,E9-Q-2440,Common,46
2522,E9-Q-0163,Exact,1
2522,E9-Q-0172,Exact,2
2522,E9-Q-0173,Exact,3
2522,E9-Q-0174,Exact,4
2522,E9-Q-0175,Exact,5
2522,E9-Q-0176,Exact,6
2522,E9-Q-0177,Exact,7
2522,E9-Q-0178,Exact,8
2522,E9-Q-0164,Exact,9
2522,E9-Q-0165,Exact,10
2522,E9-Q-0166,Exact,11
2522,E9-Q-0167,Exact,12
2522,E9-Q-0168,Exact,13
2522,E9-Q-0169,Exact,14
2522,E9-Q-0170,Exact,15
2522,E9-Q-0171,Exact,16
2522,E9-Q-0405,Family,17
2522,E9-Q-0406,Family,18
2522,E9-Q-0407,Family,19
2522,E9-Q-0408,Family,20
2522,E9-Q-0409,Family,21
2522,E9-Q-2410,Common,22
2522,E9-Q-2411,Common,23
2522,E9-Q-2412,Common,24
2522,E9-Q-2413,Common,25
2522,E9-Q-2414,Common,26
2522,E9-Q-2415,Common,27
2522,E9-Q-2416,Common,28
2522,E9-Q-2417,Common,29
2522,E9-Q-2418,Common,30
2522,E9-Q-2419,Common,31
2522,E9-Q-2420,Common,32
2522,E9-Q-2421,Common,33
2522,E9-Q-2422,Common,34
2522,E9-Q-2423,Common,35
2522,E9-Q-2424,Common,36
2522,E9-Q-2425,Common,37
2522,E9-Q-2426,Common,38
2522,E9-Q-2427,Common,39
2522,E9-Q-2428,Common,40
2522,E9-Q-2429,Common,41
2522,E9-Q-2430,Common,42
2522,E9-Q-2431,Common,43
2522,E9-Q-2432,Common,44
2522,E9-Q-2433,Common,45
2522,E9-Q-2434,Common,46
2522,E9-Q-2435,Common,47
2522,E9-Q-2436,Common,48
2522,E9-Q-2437,Common,49
2522,E9-Q-2438,Common,50
2522,E9-Q-2439,Common,51
2522,E9-Q-2440,Common,52
2531,E9-Q-0179,Exact,1
2531,E9-Q-0180,Exact,2
2531,E9-Q-0181,Exact,3
2531,E9-Q-0182,Exact,4
2531,E9-Q-0183,Exact,5
2531,E9-Q-2410,Common,6
2531,E9-Q-2411,Common,7
2531,E9-Q-2412,Common,8
2531,E9-Q-2413,Common,9
2531,E9-Q-2414,Common,10
2531,E9-Q-2415,Common,11
2531,E9-Q-2416,Common,12
2531,E9-Q-2417,Common,13
2531,E9-Q-2418,Common,14
2531,E9-Q-2419,Common,15
2531,E9-Q-2420,Common,16
2531,E9-Q-2421,Common,17
2531,E9-Q-2422,Common,18
2531,E9-Q-2423,Common,19
2531,E9-Q-2424,Common,20
2531,E9-Q-2425,Common,21
2531,E9-Q-2426,Common,22
2531,E9-Q-2427,Common,23
2531,E9-Q-2428,Common,24
2531,E9-Q-2429,Common,25
2531,E9-Q-2430,Common,26
2531,E9-Q-2431,Common,27
2531,E9-Q-2432,Common,28
2531,E9-Q-2433,Common,29
2531,E9-Q-2434,Common,30
2531,E9-Q-2435,Common,31
2531,E9-Q-2436,Common,32
2531,E9-Q-2437,Common,33
2531,E9-Q-2438,Common,34
2531,E9-Q-2439,Common,35
2531,E9-Q-2440,Common,36
2911,E9-Q-0184,Exact,1
2911,E9-Q-0185,Exact,2
2911,E9-Q-0186,Exact,3
2911,E9-Q-0410,Family,4
2911,E9-Q-0411,Family,5
2911,E9-Q-2410,Common,6
2911,E9-Q-2411,Common,7
2911,E9-Q-2412,Common,8
2911,E9-Q-2413,Common,9
2911,E9-Q-2414,Common,10
2911,E9-Q-2415,Common,11
2911,E9-Q-2416,Common,12
2911,E9-Q-2417,Common,13
2911,E9-Q-2418,Common,14
2911,E9-Q-2419,Common,15
2911,E9-Q-2420,Common,16
2911,E9-Q-2421,Common,17
2911,E9-Q-2422,Common,18
2911,E9-Q-2423,Common,19
2911,E9-Q-2424,Common,20
2911,E9-Q-2425,Common,21
2911,E9-Q-2426,Common,22
2911,E9-Q-2427,Common,23
2911,E9-Q-2428,Common,24
2911,E9-Q-2429,Common,25
2911,E9-Q-2430,Common,26
2911,E9-Q-2431,Common,27
2911,E9-Q-2432,Common,28
2911,E9-Q-2433,Common,29
2911,E9-Q-2434,Common,30
2911,E9-Q-2435,Common,31
2911,E9-Q-2436,Common,32
2911,E9-Q-2437,Common,33
2911,E9-Q-2438,Common,34
2911,E9-Q-2439,Common,35
2911,E9-Q-2440,Common,36
2912,E9-Q-0187,Exact,1
2912,E9-Q-0188,Exact,2
2912,E9-Q-0189,Exact,3
2912,E9-Q-0410,Family,4
2912,E9-Q-0411,Family,5
2912,E9-Q-2410,Common,6
2912,E9-Q-2411,Common,7
2912,E9-Q-2412,Common,8
2912,E9-Q-2413,Common,9
2912,E9-Q-2414,Common,10
2912,E9-Q-2415,Common,11
2912,E9-Q-2416,Common,12
2912,E9-Q-2417,Common,13
2912,E9-Q-2418,Common,14
2912,E9-Q-2419,Common,15
2912,E9-Q-2420,Common,16
2912,E9-Q-2421,Common,17
2912,E9-Q-2422,Common,18
2912,E9-Q-2423,Common,19
2912,E9-Q-2424,Common,20
2912,E9-Q-2425,Common,21
2912,E9-Q-2426,Common,22
2912,E9-Q-2427,Common,23
2912,E9-Q-2428,Common,24
2912,E9-Q-2429,Common,25
2912,E9-Q-2430,Common,26
2912,E9-Q-2431,Common,27
2912,E9-Q-2432,Common,28
2912,E9-Q-2433,Common,29
2912,E9-Q-2434,Common,30
2912,E9-Q-2435,Common,31
2912,E9-Q-2436,Common,32
2912,E9-Q-2437,Common,33
2912,E9-Q-2438,Common,34
2912,E9-Q-2439,Common,35
2912,E9-Q-2440,Common,36
2913,E9-Q-0190,Exact,1
2913,E9-Q-0191,Exact,2
2913,E9-Q-0192,Exact,3
2913,E9-Q-0410,Family,4
2913,E9-Q-0411,Family,5
2913,E9-Q-2410,Common,6
2913,E9-Q-2411,Common,7
2913,E9-Q-2412,Common,8
2913,E9-Q-2413,Common,9
2913,E9-Q-2414,Common,10
2913,E9-Q-2415,Common,11
2913,E9-Q-2416,Common,12
2913,E9-Q-2417,Common,13
2913,E9-Q-2418,Common,14
2913,E9-Q-2419,Common,15
2913,E9-Q-2420,Common,16
2913,E9-Q-2421,Common,17
2913,E9-Q-2422,Common,18
2913,E9-Q-2423,Common,19
2913,E9-Q-2424,Common,20
2913,E9-Q-2425,Common,21
2913,E9-Q-2426,Common,22
2913,E9-Q-2427,Common,23
2913,E9-Q-2428,Common,24
2913,E9-Q-2429,Common,25
2913,E9-Q-2430,Common,26
2913,E9-Q-2431,Common,27
2913,E9-Q-2432,Common,28
2913,E9-Q-2433,Common,29
2913,E9-Q-2434,Common,30
2913,E9-Q-2435,Common,31
2913,E9-Q-2436,Common,32
2913,E9-Q-2437,Common,33
2913,E9-Q-2438,Common,34
2913,E9-Q-2439,Common,35
2913,E9-Q-2440,Common,36
2914,E9-Q-0193,Exact,1
2914,E9-Q-0194,Exact,2
2914,E9-Q-0195,Exact,3
2914,E9-Q-0410,Family,4
2914,E9-Q-0411,Family,5
2914,E9-Q-2410,Common,6
2914,E9-Q-2411,Common,7
2914,E9-Q-2412,Common,8
2914,E9-Q-2413,Common,9
2914,E9-Q-2414,Common,10
2914,E9-Q-2415,Common,11
2914,E9-Q-2416,Common,12
2914,E9-Q-2417,Common,13
2914,E9-Q-2418,Common,14
2914,E9-Q-2419,Common,15
2914,E9-Q-2420,Common,16
2914,E9-Q-2421,Common,17
2914,E9-Q-2422,Common,18
2914,E9-Q-2423,Common,19
2914,E9-Q-2424,Common,20
2914,E9-Q-2425,Common,21
2914,E9-Q-2426,Common,22
2914,E9-Q-2427,Common,23
2914,E9-Q-2428,Common,24
2914,E9-Q-2429,Common,25
2914,E9-Q-2430,Common,26
2914,E9-Q-2431,Common,27
2914,E9-Q-2432,Common,28
2914,E9-Q-2433,Common,29
2914,E9-Q-2434,Common,30
2914,E9-Q-2435,Common,31
2914,E9-Q-2436,Common,32
2914,E9-Q-2437,Common,33
2914,E9-Q-2438,Common,34
2914,E9-Q-2439,Common,35
2914,E9-Q-2440,Common,36
2915,E9-Q-0196,Exact,1
2915,E9-Q-0197,Exact,2
2915,E9-Q-0198,Exact,3
2915,E9-Q-0410,Family,4
2915,E9-Q-0411,Family,5
2915,E9-Q-2410,Common,6
2915,E9-Q-2411,Common,7
2915,E9-Q-2412,Common,8
2915,E9-Q-2413,Common,9
2915,E9-Q-2414,Common,10
2915,E9-Q-2415,Common,11
2915,E9-Q-2416,Common,12
2915,E9-Q-2417,Common,13
2915,E9-Q-2418,Common,14
2915,E9-Q-2419,Common,15
2915,E9-Q-2420,Common,16
2915,E9-Q-2421,Common,17
2915,E9-Q-2422,Common,18
2915,E9-Q-2423,Common,19
2915,E9-Q-2424,Common,20
2915,E9-Q-2425,Common,21
2915,E9-Q-2426,Common,22
2915,E9-Q-2427,Common,23
2915,E9-Q-2428,Common,24
2915,E9-Q-2429,Common,25
2915,E9-Q-2430,Common,26
2915,E9-Q-2431,Common,27
2915,E9-Q-2432,Common,28
2915,E9-Q-2433,Common,29
2915,E9-Q-2434,Common,30
2915,E9-Q-2435,Common,31
2915,E9-Q-2436,Common,32
2915,E9-Q-2437,Common,33
2915,E9-Q-2438,Common,34
2915,E9-Q-2439,Common,35
2915,E9-Q-2440,Common,36
2916,E9-Q-0199,Exact,1
2916,E9-Q-0200,Exact,2
2916,E9-Q-0201,Exact,3
2916,E9-Q-0410,Family,4
2916,E9-Q-0411,Family,5
2916,E9-Q-2410,Common,6
2916,E9-Q-2411,Common,7
2916,E9-Q-2412,Common,8
2916,E9-Q-2413,Common,9
2916,E9-Q-2414,Common,10
2916,E9-Q-2415,Common,11
2916,E9-Q-2416,Common,12
2916,E9-Q-2417,Common,13
2916,E9-Q-2418,Common,14
2916,E9-Q-2419,Common,15
2916,E9-Q-2420,Common,16
2916,E9-Q-2421,Common,17
2916,E9-Q-2422,Common,18
2916,E9-Q-2423,Common,19
2916,E9-Q-2424,Common,20
2916,E9-Q-2425,Common,21
2916,E9-Q-2426,Common,22
2916,E9-Q-2427,Common,23
2916,E9-Q-2428,Common,24
2916,E9-Q-2429,Common,25
2916,E9-Q-2430,Common,26
2916,E9-Q-2431,Common,27
2916,E9-Q-2432,Common,28
2916,E9-Q-2433,Common,29
2916,E9-Q-2434,Common,30
2916,E9-Q-2435,Common,31
2916,E9-Q-2436,Common,32
2916,E9-Q-2437,Common,33
2916,E9-Q-2438,Common,34
2916,E9-Q-2439,Common,35
2916,E9-Q-2440,Common,36
3111,E9-Q-0202,Exact,1
3111,E9-Q-0211,Exact,2
3111,E9-Q-0203,Exact,3
3111,E9-Q-0204,Exact,4
3111,E9-Q-0205,Exact,5
3111,E9-Q-0206,Exact,6
3111,E9-Q-0207,Exact,7
3111,E9-Q-0208,Exact,8
3111,E9-Q-0209,Exact,9
3111,E9-Q-0210,Exact,10
3111,E9-Q-0412,Family,11
3111,E9-Q-0413,Family,12
3111,E9-Q-0414,Family,13
3111,E9-Q-0415,Family,14
3111,E9-Q-0416,Family,15
3111,E9-Q-2410,Common,16
3111,E9-Q-2411,Common,17
3111,E9-Q-2412,Common,18
3111,E9-Q-2413,Common,19
3111,E9-Q-2414,Common,20
3111,E9-Q-2415,Common,21
3111,E9-Q-2416,Common,22
3111,E9-Q-2417,Common,23
3111,E9-Q-2418,Common,24
3111,E9-Q-2419,Common,25
3111,E9-Q-2420,Common,26
3111,E9-Q-2421,Common,27
3111,E9-Q-2422,Common,28
3111,E9-Q-2423,Common,29
3111,E9-Q-2424,Common,30
3111,E9-Q-2425,Common,31
3111,E9-Q-2426,Common,32
3111,E9-Q-2427,Common,33
3111,E9-Q-2428,Common,34
3111,E9-Q-2429,Common,35
3111,E9-Q-2430,Common,36
3111,E9-Q-2431,Common,37
3111,E9-Q-2432,Common,38
3111,E9-Q-2433,Common,39
3111,E9-Q-2434,Common,40
3111,E9-Q-2435,Common,41
3111,E9-Q-2436,Common,42
3111,E9-Q-2437,Common,43
3111,E9-Q-2438,Common,44
3111,E9-Q-2439,Common,45
3111,E9-Q-2440,Common,46
3115,E9-Q-0212,Exact,1
3115,E9-Q-0221,Exact,2
3115,E9-Q-0222,Exact,3
3115,E9-Q-0223,Exact,4
3115,E9-Q-0213,Exact,5
3115,E9-Q-0214,Exact,6
3115,E9-Q-0215,Exact,7
3115,E9-Q-0216,Exact,8
3115,E9-Q-0217,Exact,9
3115,E9-Q-0218,Exact,10
3115,E9-Q-0219,Exact,11
3115,E9-Q-0220,Exact,12
3115,E9-Q-0412,Family,13
3115,E9-Q-0413,Family,14
3115,E9-Q-0414,Family,15
3115,E9-Q-0415,Family,16
3115,E9-Q-0416,Family,17
3115,E9-Q-2410,Common,18
3115,E9-Q-2411,Common,19
3115,E9-Q-2412,Common,20
3115,E9-Q-2413,Common,21
3115,E9-Q-2414,Common,22
3115,E9-Q-2415,Common,23
3115,E9-Q-2416,Common,24
3115,E9-Q-2417,Common,25
3115,E9-Q-2418,Common,26
3115,E9-Q-2419,Common,27
3115,E9-Q-2420,Common,28
3115,E9-Q-2421,Common,29
3115,E9-Q-2422,Common,30
3115,E9-Q-2423,Common,31
3115,E9-Q-2424,Common,32
3115,E9-Q-2425,Common,33
3115,E9-Q-2426,Common,34
3115,E9-Q-2427,Common,35
3115,E9-Q-2428,Common,36
3115,E9-Q-2429,Common,37
3115,E9-Q-2430,Common,38
3115,E9-Q-2431,Common,39
3115,E9-Q-2432,Common,40
3115,E9-Q-2433,Common,41
3115,E9-Q-2434,Common,42
3115,E9-Q-2435,Common,43
3115,E9-Q-2436,Common,44
3115,E9-Q-2437,Common,45
3115,E9-Q-2438,Common,46
3115,E9-Q-2439,Common,47
3115,E9-Q-2440,Common,48
3118,E9-Q-0224,Exact,1
3118,E9-Q-0233,Exact,2
3118,E9-Q-0225,Exact,3
3118,E9-Q-0226,Exact,4
3118,E9-Q-0227,Exact,5
3118,E9-Q-0228,Exact,6
3118,E9-Q-0229,Exact,7
3118,E9-Q-0230,Exact,8
3118,E9-Q-0231,Exact,9
3118,E9-Q-0232,Exact,10
3118,E9-Q-0412,Family,11
3118,E9-Q-0413,Family,12
3118,E9-Q-0414,Family,13
3118,E9-Q-0415,Family,14
3118,E9-Q-0416,Family,15
3118,E9-Q-2410,Common,16
3118,E9-Q-2411,Common,17
3118,E9-Q-2412,Common,18
3118,E9-Q-2413,Common,19
3118,E9-Q-2414,Common,20
3118,E9-Q-2415,Common,21
3118,E9-Q-2416,Common,22
3118,E9-Q-2417,Common,23
3118,E9-Q-2418,Common,24
3118,E9-Q-2419,Common,25
3118,E9-Q-2420,Common,26
3118,E9-Q-2421,Common,27
3118,E9-Q-2422,Common,28
3118,E9-Q-2423,Common,29
3118,E9-Q-2424,Common,30
3118,E9-Q-2425,Common,31
3118,E9-Q-2426,Common,32
3118,E9-Q-2427,Common,33
3118,E9-Q-2428,Common,34
3118,E9-Q-2429,Common,35
3118,E9-Q-2430,Common,36
3118,E9-Q-2431,Common,37
3118,E9-Q-2432,Common,38
3118,E9-Q-2433,Common,39
3118,E9-Q-2434,Common,40
3118,E9-Q-2435,Common,41
3118,E9-Q-2436,Common,42
3118,E9-Q-2437,Common,43
3118,E9-Q-2438,Common,44
3118,E9-Q-2439,Common,45
3118,E9-Q-2440,Common,46
3211,E9-Q-0234,Exact,1
3211,E9-Q-0235,Exact,2
3211,E9-Q-0236,Exact,3
3211,E9-Q-0417,Family,4
3211,E9-Q-0418,Family,5
3211,E9-Q-2410,Common,6
3211,E9-Q-2411,Common,7
3211,E9-Q-2412,Common,8
3211,E9-Q-2413,Common,9
3211,E9-Q-2414,Common,10
3211,E9-Q-2415,Common,11
3211,E9-Q-2416,Common,12
3211,E9-Q-2417,Common,13
3211,E9-Q-2418,Common,14
3211,E9-Q-2419,Common,15
3211,E9-Q-2420,Common,16
3211,E9-Q-2421,Common,17
3211,E9-Q-2422,Common,18
3211,E9-Q-2423,Common,19
3211,E9-Q-2424,Common,20
3211,E9-Q-2425,Common,21
3211,E9-Q-2426,Common,22
3211,E9-Q-2427,Common,23
3211,E9-Q-2428,Common,24
3211,E9-Q-2429,Common,25
3211,E9-Q-2430,Common,26
3211,E9-Q-2431,Common,27
3211,E9-Q-2432,Common,28
3211,E9-Q-2433,Common,29
3211,E9-Q-2434,Common,30
3211,E9-Q-2435,Common,31
3211,E9-Q-2436,Common,32
3211,E9-Q-2437,Common,33
3211,E9-Q-2438,Common,34
3211,E9-Q-2439,Common,35
3211,E9-Q-2440,Common,36
3212,E9-Q-0237,Exact,1
3212,E9-Q-0238,Exact,2
3212,E9-Q-0239,Exact,3
3212,E9-Q-0417,Family,4
3212,E9-Q-0418,Family,5
3212,E9-Q-2410,Common,6
3212,E9-Q-2411,Common,7
3212,E9-Q-2412,Common,8
3212,E9-Q-2413,Common,9
3212,E9-Q-2414,Common,10
3212,E9-Q-2415,Common,11
3212,E9-Q-2416,Common,12
3212,E9-Q-2417,Common,13
3212,E9-Q-2418,Common,14
3212,E9-Q-2419,Common,15
3212,E9-Q-2420,Common,16
3212,E9-Q-2421,Common,17
3212,E9-Q-2422,Common,18
3212,E9-Q-2423,Common,19
3212,E9-Q-2424,Common,20
3212,E9-Q-2425,Common,21
3212,E9-Q-2426,Common,22
3212,E9-Q-2427,Common,23
3212,E9-Q-2428,Common,24
3212,E9-Q-2429,Common,25
3212,E9-Q-2430,Common,26
3212,E9-Q-2431,Common,27
3212,E9-Q-2432,Common,28
3212,E9-Q-2433,Common,29
3212,E9-Q-2434,Common,30
3212,E9-Q-2435,Common,31
3212,E9-Q-2436,Common,32
3212,E9-Q-2437,Common,33
3212,E9-Q-2438,Common,34
3212,E9-Q-2439,Common,35
3212,E9-Q-2440,Common,36
3213,E9-Q-0240,Exact,1
3213,E9-Q-0241,Exact,2
3213,E9-Q-0242,Exact,3
3213,E9-Q-0417,Family,4
3213,E9-Q-0418,Family,5
3213,E9-Q-2410,Common,6
3213,E9-Q-2411,Common,7
3213,E9-Q-2412,Common,8
3213,E9-Q-2413,Common,9
3213,E9-Q-2414,Common,10
3213,E9-Q-2415,Common,11
3213,E9-Q-2416,Common,12
3213,E9-Q-2417,Common,13
3213,E9-Q-2418,Common,14
3213,E9-Q-2419,Common,15
3213,E9-Q-2420,Common,16
3213,E9-Q-2421,Common,17
3213,E9-Q-2422,Common,18
3213,E9-Q-2423,Common,19
3213,E9-Q-2424,Common,20
3213,E9-Q-2425,Common,21
3213,E9-Q-2426,Common,22
3213,E9-Q-2427,Common,23
3213,E9-Q-2428,Common,24
3213,E9-Q-2429,Common,25
3213,E9-Q-2430,Common,26
3213,E9-Q-2431,Common,27
3213,E9-Q-2432,Common,28
3213,E9-Q-2433,Common,29
3213,E9-Q-2434,Common,30
3213,E9-Q-2435,Common,31
3213,E9-Q-2436,Common,32
3213,E9-Q-2437,Common,33
3213,E9-Q-2438,Common,34
3213,E9-Q-2439,Common,35
3213,E9-Q-2440,Common,36
3214,E9-Q-0243,Exact,1
3214,E9-Q-0244,Exact,2
3214,E9-Q-0245,Exact,3
3214,E9-Q-0417,Family,4
3214,E9-Q-0418,Family,5
3214,E9-Q-2410,Common,6
3214,E9-Q-2411,Common,7
3214,E9-Q-2412,Common,8
3214,E9-Q-2413,Common,9
3214,E9-Q-2414,Common,10
3214,E9-Q-2415,Common,11
3214,E9-Q-2416,Common,12
3214,E9-Q-2417,Common,13
3214,E9-Q-2418,Common,14
3214,E9-Q-2419,Common,15
3214,E9-Q-2420,Common,16
3214,E9-Q-2421,Common,17
3214,E9-Q-2422,Common,18
3214,E9-Q-2423,Common,19
3214,E9-Q-2424,Common,20
3214,E9-Q-2425,Common,21
3214,E9-Q-2426,Common,22
3214,E9-Q-2427,Common,23
3214,E9-Q-2428,Common,24
3214,E9-Q-2429,Common,25
3214,E9-Q-2430,Common,26
3214,E9-Q-2431,Common,27
3214,E9-Q-2432,Common,28
3214,E9-Q-2433,Common,29
3214,E9-Q-2434,Common,30
3214,E9-Q-2435,Common,31
3214,E9-Q-2436,Common,32
3214,E9-Q-2437,Common,33
3214,E9-Q-2438,Common,34
3214,E9-Q-2439,Common,35
3214,E9-Q-2440,Common,36
3215,E9-Q-0246,Exact,1
3215,E9-Q-0247,Exact,2
3215,E9-Q-0248,Exact,3
3215,E9-Q-0417,Family,4
3215,E9-Q-0418,Family,5
3215,E9-Q-2410,Common,6
3215,E9-Q-2411,Common,7
3215,E9-Q-2412,Common,8
3215,E9-Q-2413,Common,9
3215,E9-Q-2414,Common,10
3215,E9-Q-2415,Common,11
3215,E9-Q-2416,Common,12
3215,E9-Q-2417,Common,13
3215,E9-Q-2418,Common,14
3215,E9-Q-2419,Common,15
3215,E9-Q-2420,Common,16
3215,E9-Q-2421,Common,17
3215,E9-Q-2422,Common,18
3215,E9-Q-2423,Common,19
3215,E9-Q-2424,Common,20
3215,E9-Q-2425,Common,21
3215,E9-Q-2426,Common,22
3215,E9-Q-2427,Common,23
3215,E9-Q-2428,Common,24
3215,E9-Q-2429,Common,25
3215,E9-Q-2430,Common,26
3215,E9-Q-2431,Common,27
3215,E9-Q-2432,Common,28
3215,E9-Q-2433,Common,29
3215,E9-Q-2434,Common,30
3215,E9-Q-2435,Common,31
3215,E9-Q-2436,Common,32
3215,E9-Q-2437,Common,33
3215,E9-Q-2438,Common,34
3215,E9-Q-2439,Common,35
3215,E9-Q-2440,Common,36
3221,E9-Q-0249,Exact,1
3221,E9-Q-0250,Exact,2
3221,E9-Q-0251,Exact,3
3221,E9-Q-0252,Exact,4
3221,E9-Q-0419,Family,5
3221,E9-Q-2410,Common,6
3221,E9-Q-2411,Common,7
3221,E9-Q-2412,Common,8
3221,E9-Q-2413,Common,9
3221,E9-Q-2414,Common,10
3221,E9-Q-2415,Common,11
3221,E9-Q-2416,Common,12
3221,E9-Q-2417,Common,13
3221,E9-Q-2418,Common,14
3221,E9-Q-2419,Common,15
3221,E9-Q-2420,Common,16
3221,E9-Q-2421,Common,17
3221,E9-Q-2422,Common,18
3221,E9-Q-2423,Common,19
3221,E9-Q-2424,Common,20
3221,E9-Q-2425,Common,21
3221,E9-Q-2426,Common,22
3221,E9-Q-2427,Common,23
3221,E9-Q-2428,Common,24
3221,E9-Q-2429,Common,25
3221,E9-Q-2430,Common,26
3221,E9-Q-2431,Common,27
3221,E9-Q-2432,Common,28
3221,E9-Q-2433,Common,29
3221,E9-Q-2434,Common,30
3221,E9-Q-2435,Common,31
3221,E9-Q-2436,Common,32
3221,E9-Q-2437,Common,33
3221,E9-Q-2438,Common,34
3221,E9-Q-2439,Common,35
3221,E9-Q-2440,Common,36
3222,E9-Q-0253,Exact,1
3222,E9-Q-0254,Exact,2
3222,E9-Q-0255,Exact,3
3222,E9-Q-0256,Exact,4
3222,E9-Q-0419,Family,5
3222,E9-Q-2410,Common,6
3222,E9-Q-2411,Common,7
3222,E9-Q-2412,Common,8
3222,E9-Q-2413,Common,9
3222,E9-Q-2414,Common,10
3222,E9-Q-2415,Common,11
3222,E9-Q-2416,Common,12
3222,E9-Q-2417,Common,13
3222,E9-Q-2418,Common,14
3222,E9-Q-2419,Common,15
3222,E9-Q-2420,Common,16
3222,E9-Q-2421,Common,17
3222,E9-Q-2422,Common,18
3222,E9-Q-2423,Common,19
3222,E9-Q-2424,Common,20
3222,E9-Q-2425,Common,21
3222,E9-Q-2426,Common,22
3222,E9-Q-2427,Common,23
3222,E9-Q-2428,Common,24
3222,E9-Q-2429,Common,25
3222,E9-Q-2430,Common,26
3222,E9-Q-2431,Common,27
3222,E9-Q-2432,Common,28
3222,E9-Q-2433,Common,29
3222,E9-Q-2434,Common,30
3222,E9-Q-2435,Common,31
3222,E9-Q-2436,Common,32
3222,E9-Q-2437,Common,33
3222,E9-Q-2438,Common,34
3222,E9-Q-2439,Common,35
3222,E9-Q-2440,Common,36
3251,E9-Q-0257,Exact,1
3251,E9-Q-0258,Exact,2
3251,E9-Q-0259,Exact,3
3251,E9-Q-0420,Family,4
3251,E9-Q-0421,Family,5
3251,E9-Q-2410,Common,6
3251,E9-Q-2411,Common,7
3251,E9-Q-2412,Common,8
3251,E9-Q-2413,Common,9
3251,E9-Q-2414,Common,10
3251,E9-Q-2415,Common,11
3251,E9-Q-2416,Common,12
3251,E9-Q-2417,Common,13
3251,E9-Q-2418,Common,14
3251,E9-Q-2419,Common,15
3251,E9-Q-2420,Common,16
3251,E9-Q-2421,Common,17
3251,E9-Q-2422,Common,18
3251,E9-Q-2423,Common,19
3251,E9-Q-2424,Common,20
3251,E9-Q-2425,Common,21
3251,E9-Q-2426,Common,22
3251,E9-Q-2427,Common,23
3251,E9-Q-2428,Common,24
3251,E9-Q-2429,Common,25
3251,E9-Q-2430,Common,26
3251,E9-Q-2431,Common,27
3251,E9-Q-2432,Common,28
3251,E9-Q-2433,Common,29
3251,E9-Q-2434,Common,30
3251,E9-Q-2435,Common,31
3251,E9-Q-2436,Common,32
3251,E9-Q-2437,Common,33
3251,E9-Q-2438,Common,34
3251,E9-Q-2439,Common,35
3251,E9-Q-2440,Common,36
3252,E9-Q-0260,Exact,1
3252,E9-Q-0261,Exact,2
3252,E9-Q-0262,Exact,3
3252,E9-Q-0420,Family,4
3252,E9-Q-0421,Family,5
3252,E9-Q-2410,Common,6
3252,E9-Q-2411,Common,7
3252,E9-Q-2412,Common,8
3252,E9-Q-2413,Common,9
3252,E9-Q-2414,Common,10
3252,E9-Q-2415,Common,11
3252,E9-Q-2416,Common,12
3252,E9-Q-2417,Common,13
3252,E9-Q-2418,Common,14
3252,E9-Q-2419,Common,15
3252,E9-Q-2420,Common,16
3252,E9-Q-2421,Common,17
3252,E9-Q-2422,Common,18
3252,E9-Q-2423,Common,19
3252,E9-Q-2424,Common,20
3252,E9-Q-2425,Common,21
3252,E9-Q-2426,Common,22
3252,E9-Q-2427,Common,23
3252,E9-Q-2428,Common,24
3252,E9-Q-2429,Common,25
3252,E9-Q-2430,Common,26
3252,E9-Q-2431,Common,27
3252,E9-Q-2432,Common,28
3252,E9-Q-2433,Common,29
3252,E9-Q-2434,Common,30
3252,E9-Q-2435,Common,31
3252,E9-Q-2436,Common,32
3252,E9-Q-2437,Common,33
3252,E9-Q-2438,Common,34
3252,E9-Q-2439,Common,35
3252,E9-Q-2440,Common,36
3253,E9-Q-0263,Exact,1
3253,E9-Q-0264,Exact,2
3253,E9-Q-0265,Exact,3
3253,E9-Q-0420,Family,4
3253,E9-Q-0421,Family,5
3253,E9-Q-2410,Common,6
3253,E9-Q-2411,Common,7
3253,E9-Q-2412,Common,8
3253,E9-Q-2413,Common,9
3253,E9-Q-2414,Common,10
3253,E9-Q-2415,Common,11
3253,E9-Q-2416,Common,12
3253,E9-Q-2417,Common,13
3253,E9-Q-2418,Common,14
3253,E9-Q-2419,Common,15
3253,E9-Q-2420,Common,16
3253,E9-Q-2421,Common,17
3253,E9-Q-2422,Common,18
3253,E9-Q-2423,Common,19
3253,E9-Q-2424,Common,20
3253,E9-Q-2425,Common,21
3253,E9-Q-2426,Common,22
3253,E9-Q-2427,Common,23
3253,E9-Q-2428,Common,24
3253,E9-Q-2429,Common,25
3253,E9-Q-2430,Common,26
3253,E9-Q-2431,Common,27
3253,E9-Q-2432,Common,28
3253,E9-Q-2433,Common,29
3253,E9-Q-2434,Common,30
3253,E9-Q-2435,Common,31
3253,E9-Q-2436,Common,32
3253,E9-Q-2437,Common,33
3253,E9-Q-2438,Common,34
3253,E9-Q-2439,Common,35
3253,E9-Q-2440,Common,36
3254,E9-Q-0266,Exact,1
3254,E9-Q-0267,Exact,2
3254,E9-Q-0268,Exact,3
3254,E9-Q-0420,Family,4
3254,E9-Q-0421,Family,5
3254,E9-Q-2410,Common,6
3254,E9-Q-2411,Common,7
3254,E9-Q-2412,Common,8
3254,E9-Q-2413,Common,9
3254,E9-Q-2414,Common,10
3254,E9-Q-2415,Common,11
3254,E9-Q-2416,Common,12
3254,E9-Q-2417,Common,13
3254,E9-Q-2418,Common,14
3254,E9-Q-2419,Common,15
3254,E9-Q-2420,Common,16
3254,E9-Q-2421,Common,17
3254,E9-Q-2422,Common,18
3254,E9-Q-2423,Common,19
3254,E9-Q-2424,Common,20
3254,E9-Q-2425,Common,21
3254,E9-Q-2426,Common,22
3254,E9-Q-2427,Common,23
3254,E9-Q-2428,Common,24
3254,E9-Q-2429,Common,25
3254,E9-Q-2430,Common,26
3254,E9-Q-2431,Common,27
3254,E9-Q-2432,Common,28
3254,E9-Q-2433,Common,29
3254,E9-Q-2434,Common,30
3254,E9-Q-2435,Common,31
3254,E9-Q-2436,Common,32
3254,E9-Q-2437,Common,33
3254,E9-Q-2438,Common,34
3254,E9-Q-2439,Common,35
3254,E9-Q-2440,Common,36
3255,E9-Q-0269,Exact,1
3255,E9-Q-0270,Exact,2
3255,E9-Q-0271,Exact,3
3255,E9-Q-0420,Family,4
3255,E9-Q-0421,Family,5
3255,E9-Q-2410,Common,6
3255,E9-Q-2411,Common,7
3255,E9-Q-2412,Common,8
3255,E9-Q-2413,Common,9
3255,E9-Q-2414,Common,10
3255,E9-Q-2415,Common,11
3255,E9-Q-2416,Common,12
3255,E9-Q-2417,Common,13
3255,E9-Q-2418,Common,14
3255,E9-Q-2419,Common,15
3255,E9-Q-2420,Common,16
3255,E9-Q-2421,Common,17
3255,E9-Q-2422,Common,18
3255,E9-Q-2423,Common,19
3255,E9-Q-2424,Common,20
3255,E9-Q-2425,Common,21
3255,E9-Q-2426,Common,22
3255,E9-Q-2427,Common,23
3255,E9-Q-2428,Common,24
3255,E9-Q-2429,Common,25
3255,E9-Q-2430,Common,26
3255,E9-Q-2431,Common,27
3255,E9-Q-2432,Common,28
3255,E9-Q-2433,Common,29
3255,E9-Q-2434,Common,30
3255,E9-Q-2435,Common,31
3255,E9-Q-2436,Common,32
3255,E9-Q-2437,Common,33
3255,E9-Q-2438,Common,34
3255,E9-Q-2439,Common,35
3255,E9-Q-2440,Common,36
3256,E9-Q-0272,Exact,1
3256,E9-Q-0273,Exact,2
3256,E9-Q-0274,Exact,3
3256,E9-Q-0420,Family,4
3256,E9-Q-0421,Family,5
3256,E9-Q-2410,Common,6
3256,E9-Q-2411,Common,7
3256,E9-Q-2412,Common,8
3256,E9-Q-2413,Common,9
3256,E9-Q-2414,Common,10
3256,E9-Q-2415,Common,11
3256,E9-Q-2416,Common,12
3256,E9-Q-2417,Common,13
3256,E9-Q-2418,Common,14
3256,E9-Q-2419,Common,15
3256,E9-Q-2420,Common,16
3256,E9-Q-2421,Common,17
3256,E9-Q-2422,Common,18
3256,E9-Q-2423,Common,19
3256,E9-Q-2424,Common,20
3256,E9-Q-2425,Common,21
3256,E9-Q-2426,Common,22
3256,E9-Q-2427,Common,23
3256,E9-Q-2428,Common,24
3256,E9-Q-2429,Common,25
3256,E9-Q-2430,Common,26
3256,E9-Q-2431,Common,27
3256,E9-Q-2432,Common,28
3256,E9-Q-2433,Common,29
3256,E9-Q-2434,Common,30
3256,E9-Q-2435,Common,31
3256,E9-Q-2436,Common,32
3256,E9-Q-2437,Common,33
3256,E9-Q-2438,Common,34
3256,E9-Q-2439,Common,35
3256,E9-Q-2440,Common,36
3257,E9-Q-0275,Exact,1
3257,E9-Q-0276,Exact,2
3257,E9-Q-0277,Exact,3
3257,E9-Q-0420,Family,4
3257,E9-Q-0421,Family,5
3257,E9-Q-2410,Common,6
3257,E9-Q-2411,Common,7
3257,E9-Q-2412,Common,8
3257,E9-Q-2413,Common,9
3257,E9-Q-2414,Common,10
3257,E9-Q-2415,Common,11
3257,E9-Q-2416,Common,12
3257,E9-Q-2417,Common,13
3257,E9-Q-2418,Common,14
3257,E9-Q-2419,Common,15
3257,E9-Q-2420,Common,16
3257,E9-Q-2421,Common,17
3257,E9-Q-2422,Common,18
3257,E9-Q-2423,Common,19
3257,E9-Q-2424,Common,20
3257,E9-Q-2425,Common,21
3257,E9-Q-2426,Common,22
3257,E9-Q-2427,Common,23
3257,E9-Q-2428,Common,24
3257,E9-Q-2429,Common,25
3257,E9-Q-2430,Common,26
3257,E9-Q-2431,Common,27
3257,E9-Q-2432,Common,28
3257,E9-Q-2433,Common,29
3257,E9-Q-2434,Common,30
3257,E9-Q-2435,Common,31
3257,E9-Q-2436,Common,32
3257,E9-Q-2437,Common,33
3257,E9-Q-2438,Common,34
3257,E9-Q-2439,Common,35
3257,E9-Q-2440,Common,36
3258,E9-Q-0278,Exact,1
3258,E9-Q-0279,Exact,2
3258,E9-Q-0280,Exact,3
3258,E9-Q-0420,Family,4
3258,E9-Q-0421,Family,5
3258,E9-Q-2410,Common,6
3258,E9-Q-2411,Common,7
3258,E9-Q-2412,Common,8
3258,E9-Q-2413,Common,9
3258,E9-Q-2414,Common,10
3258,E9-Q-2415,Common,11
3258,E9-Q-2416,Common,12
3258,E9-Q-2417,Common,13
3258,E9-Q-2418,Common,14
3258,E9-Q-2419,Common,15
3258,E9-Q-2420,Common,16
3258,E9-Q-2421,Common,17
3258,E9-Q-2422,Common,18
3258,E9-Q-2423,Common,19
3258,E9-Q-2424,Common,20
3258,E9-Q-2425,Common,21
3258,E9-Q-2426,Common,22
3258,E9-Q-2427,Common,23
3258,E9-Q-2428,Common,24
3258,E9-Q-2429,Common,25
3258,E9-Q-2430,Common,26
3258,E9-Q-2431,Common,27
3258,E9-Q-2432,Common,28
3258,E9-Q-2433,Common,29
3258,E9-Q-2434,Common,30
3258,E9-Q-2435,Common,31
3258,E9-Q-2436,Common,32
3258,E9-Q-2437,Common,33
3258,E9-Q-2438,Common,34
3258,E9-Q-2439,Common,35
3258,E9-Q-2440,Common,36
3259,E9-Q-0281,Exact,1
3259,E9-Q-0282,Exact,2
3259,E9-Q-0283,Exact,3
3259,E9-Q-0420,Family,4
3259,E9-Q-0421,Family,5
3259,E9-Q-2410,Common,6
3259,E9-Q-2411,Common,7
3259,E9-Q-2412,Common,8
3259,E9-Q-2413,Common,9
3259,E9-Q-2414,Common,10
3259,E9-Q-2415,Common,11
3259,E9-Q-2416,Common,12
3259,E9-Q-2417,Common,13
3259,E9-Q-2418,Common,14
3259,E9-Q-2419,Common,15
3259,E9-Q-2420,Common,16
3259,E9-Q-2421,Common,17
3259,E9-Q-2422,Common,18
3259,E9-Q-2423,Common,19
3259,E9-Q-2424,Common,20
3259,E9-Q-2425,Common,21
3259,E9-Q-2426,Common,22
3259,E9-Q-2427,Common,23
3259,E9-Q-2428,Common,24
3259,E9-Q-2429,Common,25
3259,E9-Q-2430,Common,26
3259,E9-Q-2431,Common,27
3259,E9-Q-2432,Common,28
3259,E9-Q-2433,Common,29
3259,E9-Q-2434,Common,30
3259,E9-Q-2435,Common,31
3259,E9-Q-2436,Common,32
3259,E9-Q-2437,Common,33
3259,E9-Q-2438,Common,34
3259,E9-Q-2439,Common,35
3259,E9-Q-2440,Common,36
3311,E9-Q-0284,Exact,1
3311,E9-Q-0285,Exact,2
3311,E9-Q-0286,Exact,3
3311,E9-Q-0287,Exact,4
3311,E9-Q-0422,Family,5
3311,E9-Q-0423,Family,6
3311,E9-Q-0424,Family,7
3311,E9-Q-0425,Family,8
3311,E9-Q-0426,Family,9
3311,E9-Q-2410,Common,10
3311,E9-Q-2411,Common,11
3311,E9-Q-2412,Common,12
3311,E9-Q-2413,Common,13
3311,E9-Q-2414,Common,14
3311,E9-Q-2415,Common,15
3311,E9-Q-2416,Common,16
3311,E9-Q-2417,Common,17
3311,E9-Q-2418,Common,18
3311,E9-Q-2419,Common,19
3311,E9-Q-2420,Common,20
3311,E9-Q-2421,Common,21
3311,E9-Q-2422,Common,22
3311,E9-Q-2423,Common,23
3311,E9-Q-2424,Common,24
3311,E9-Q-2425,Common,25
3311,E9-Q-2426,Common,26
3311,E9-Q-2427,Common,27
3311,E9-Q-2428,Common,28
3311,E9-Q-2429,Common,29
3311,E9-Q-2430,Common,30
3311,E9-Q-2431,Common,31
3311,E9-Q-2432,Common,32
3311,E9-Q-2433,Common,33
3311,E9-Q-2434,Common,34
3311,E9-Q-2435,Common,35
3311,E9-Q-2436,Common,36
3311,E9-Q-2437,Common,37
3311,E9-Q-2438,Common,38
3311,E9-Q-2439,Common,39
3311,E9-Q-2440,Common,40
3341,E9-Q-0288,Exact,1
3341,E9-Q-0297,Exact,2
3341,E9-Q-0289,Exact,3
3341,E9-Q-0290,Exact,4
3341,E9-Q-0291,Exact,5
3341,E9-Q-0292,Exact,6
3341,E9-Q-0293,Exact,7
3341,E9-Q-0294,Exact,8
3341,E9-Q-0295,Exact,9
3341,E9-Q-0296,Exact,10
3341,E9-Q-0427,Family,11
3341,E9-Q-0428,Family,12
3341,E9-Q-0429,Family,13
3341,E9-Q-0430,Family,14
3341,E9-Q-0431,Family,15
3341,E9-Q-2410,Common,16
3341,E9-Q-2411,Common,17
3341,E9-Q-2412,Common,18
3341,E9-Q-2413,Common,19
3341,E9-Q-2414,Common,20
3341,E9-Q-2415,Common,21
3341,E9-Q-2416,Common,22
3341,E9-Q-2417,Common,23
3341,E9-Q-2418,Common,24
3341,E9-Q-2419,Common,25
3341,E9-Q-2420,Common,26
3341,E9-Q-2421,Common,27
3341,E9-Q-2422,Common,28
3341,E9-Q-2423,Common,29
3341,E9-Q-2424,Common,30
3341,E9-Q-2425,Common,31
3341,E9-Q-2426,Common,32
3341,E9-Q-2427,Common,33
3341,E9-Q-2428,Common,34
3341,E9-Q-2429,Common,35
3341,E9-Q-2430,Common,36
3341,E9-Q-2431,Common,37
3341,E9-Q-2432,Common,38
3341,E9-Q-2433,Common,39
3341,E9-Q-2434,Common,40
3341,E9-Q-2435,Common,41
3341,E9-Q-2436,Common,42
3341,E9-Q-2437,Common,43
3341,E9-Q-2438,Common,44
3341,E9-Q-2439,Common,45
3341,E9-Q-2440,Common,46
4222,E9-Q-0298,Exact,1
4222,E9-Q-0299,Exact,2
4222,E9-Q-0300,Exact,3
4222,E9-Q-0301,Exact,4
4222,E9-Q-0432,Family,5
4222,E9-Q-0433,Family,6
4222,E9-Q-0434,Family,7
4222,E9-Q-0435,Family,8
4222,E9-Q-0436,Family,9
4222,E9-Q-2410,Common,10
4222,E9-Q-2411,Common,11
4222,E9-Q-2412,Common,12
4222,E9-Q-2413,Common,13
4222,E9-Q-2414,Common,14
4222,E9-Q-2415,Common,15
4222,E9-Q-2416,Common,16
4222,E9-Q-2417,Common,17
4222,E9-Q-2418,Common,18
4222,E9-Q-2419,Common,19
4222,E9-Q-2420,Common,20
4222,E9-Q-2421,Common,21
4222,E9-Q-2422,Common,22
4222,E9-Q-2423,Common,23
4222,E9-Q-2424,Common,24
4222,E9-Q-2425,Common,25
4222,E9-Q-2426,Common,26
4222,E9-Q-2427,Common,27
4222,E9-Q-2428,Common,28
4222,E9-Q-2429,Common,29
4222,E9-Q-2430,Common,30
4222,E9-Q-2431,Common,31
4222,E9-Q-2432,Common,32
4222,E9-Q-2433,Common,33
4222,E9-Q-2434,Common,34
4222,E9-Q-2435,Common,35
4222,E9-Q-2436,Common,36
4222,E9-Q-2437,Common,37
4222,E9-Q-2438,Common,38
4222,E9-Q-2439,Common,39
4222,E9-Q-2440,Common,40
5221,E9-Q-0302,Exact,1
5221,E9-Q-0303,Exact,2
5221,E9-Q-0304,Exact,3
5221,E9-Q-0305,Exact,4
5221,E9-Q-0437,Family,5
5221,E9-Q-0438,Family,6
5221,E9-Q-0439,Family,7
5221,E9-Q-0440,Family,8
5221,E9-Q-0441,Family,9
5221,E9-Q-2410,Common,10
5221,E9-Q-2411,Common,11
5221,E9-Q-2412,Common,12
5221,E9-Q-2413,Common,13
5221,E9-Q-2414,Common,14
5221,E9-Q-2415,Common,15
5221,E9-Q-2416,Common,16
5221,E9-Q-2417,Common,17
5221,E9-Q-2418,Common,18
5221,E9-Q-2419,Common,19
5221,E9-Q-2420,Common,20
5221,E9-Q-2421,Common,21
5221,E9-Q-2422,Common,22
5221,E9-Q-2423,Common,23
5221,E9-Q-2424,Common,24
5221,E9-Q-2425,Common,25
5221,E9-Q-2426,Common,26
5221,E9-Q-2427,Common,27
5221,E9-Q-2428,Common,28
5221,E9-Q-2429,Common,29
5221,E9-Q-2430,Common,30
5221,E9-Q-2431,Common,31
5221,E9-Q-2432,Common,32
5221,E9-Q-2433,Common,33
5221,E9-Q-2434,Common,34
5221,E9-Q-2435,Common,35
5221,E9-Q-2436,Common,36
5221,E9-Q-2437,Common,37
5221,E9-Q-2438,Common,38
5221,E9-Q-2439,Common,39
5221,E9-Q-2440,Common,40
5222,E9-Q-0306,Exact,1
5222,E9-Q-0307,Exact,2
5222,E9-Q-0308,Exact,3
5222,E9-Q-0309,Exact,4
5222,E9-Q-0437,Family,5
5222,E9-Q-0438,Family,6
5222,E9-Q-0439,Family,7
5222,E9-Q-0440,Family,8
5222,E9-Q-0441,Family,9
5222,E9-Q-2410,Common,10
5222,E9-Q-2411,Common,11
5222,E9-Q-2412,Common,12
5222,E9-Q-2413,Common,13
5222,E9-Q-2414,Common,14
5222,E9-Q-2415,Common,15
5222,E9-Q-2416,Common,16
5222,E9-Q-2417,Common,17
5222,E9-Q-2418,Common,18
5222,E9-Q-2419,Common,19
5222,E9-Q-2420,Common,20
5222,E9-Q-2421,Common,21
5222,E9-Q-2422,Common,22
5222,E9-Q-2423,Common,23
5222,E9-Q-2424,Common,24
5222,E9-Q-2425,Common,25
5222,E9-Q-2426,Common,26
5222,E9-Q-2427,Common,27
5222,E9-Q-2428,Common,28
5222,E9-Q-2429,Common,29
5222,E9-Q-2430,Common,30
5222,E9-Q-2431,Common,31
5222,E9-Q-2432,Common,32
5222,E9-Q-2433,Common,33
5222,E9-Q-2434,Common,34
5222,E9-Q-2435,Common,35
5222,E9-Q-2436,Common,36
5222,E9-Q-2437,Common,37
5222,E9-Q-2438,Common,38
5222,E9-Q-2439,Common,39
5222,E9-Q-2440,Common,40
5223,E9-Q-0310,Exact,1
5223,E9-Q-0311,Exact,2
5223,E9-Q-0312,Exact,3
5223,E9-Q-0313,Exact,4
5223,E9-Q-0437,Family,5
5223,E9-Q-0438,Family,6
5223,E9-Q-0439,Family,7
5223,E9-Q-0440,Family,8
5223,E9-Q-0441,Family,9
5223,E9-Q-2410,Common,10
5223,E9-Q-2411,Common,11
5223,E9-Q-2412,Common,12
5223,E9-Q-2413,Common,13
5223,E9-Q-2414,Common,14
5223,E9-Q-2415,Common,15
5223,E9-Q-2416,Common,16
5223,E9-Q-2417,Common,17
5223,E9-Q-2418,Common,18
5223,E9-Q-2419,Common,19
5223,E9-Q-2420,Common,20
5223,E9-Q-2421,Common,21
5223,E9-Q-2422,Common,22
5223,E9-Q-2423,Common,23
5223,E9-Q-2424,Common,24
5223,E9-Q-2425,Common,25
5223,E9-Q-2426,Common,26
5223,E9-Q-2427,Common,27
5223,E9-Q-2428,Common,28
5223,E9-Q-2429,Common,29
5223,E9-Q-2430,Common,30
5223,E9-Q-2431,Common,31
5223,E9-Q-2432,Common,32
5223,E9-Q-2433,Common,33
5223,E9-Q-2434,Common,34
5223,E9-Q-2435,Common,35
5223,E9-Q-2436,Common,36
5223,E9-Q-2437,Common,37
5223,E9-Q-2438,Common,38
5223,E9-Q-2439,Common,39
5223,E9-Q-2440,Common,40
6111,E9-Q-0314,Exact,1
6111,E9-Q-0315,Exact,2
6111,E9-Q-0316,Exact,3
6111,E9-Q-0317,Exact,4
6111,E9-Q-0442,Family,5
6111,E9-Q-0443,Family,6
6111,E9-Q-0444,Family,7
6111,E9-Q-0445,Family,8
6111,E9-Q-0446,Family,9
6111,E9-Q-2410,Common,10
6111,E9-Q-2411,Common,11
6111,E9-Q-2412,Common,12
6111,E9-Q-2413,Common,13
6111,E9-Q-2414,Common,14
6111,E9-Q-2415,Common,15
6111,E9-Q-2416,Common,16
6111,E9-Q-2417,Common,17
6111,E9-Q-2418,Common,18
6111,E9-Q-2419,Common,19
6111,E9-Q-2420,Common,20
6111,E9-Q-2421,Common,21
6111,E9-Q-2422,Common,22
6111,E9-Q-2423,Common,23
6111,E9-Q-2424,Common,24
6111,E9-Q-2425,Common,25
6111,E9-Q-2426,Common,26
6111,E9-Q-2427,Common,27
6111,E9-Q-2428,Common,28
6111,E9-Q-2429,Common,29
6111,E9-Q-2430,Common,30
6111,E9-Q-2431,Common,31
6111,E9-Q-2432,Common,32
6111,E9-Q-2433,Common,33
6111,E9-Q-2434,Common,34
6111,E9-Q-2435,Common,35
6111,E9-Q-2436,Common,36
6111,E9-Q-2437,Common,37
6111,E9-Q-2438,Common,38
6111,E9-Q-2439,Common,39
6111,E9-Q-2440,Common,40
7212,E9-Q-0318,Exact,1
7212,E9-Q-0319,Exact,2
7212,E9-Q-0320,Exact,3
7212,E9-Q-0321,Exact,4
7212,E9-Q-0447,Family,5
7212,E9-Q-0448,Family,6
7212,E9-Q-0449,Family,7
7212,E9-Q-0450,Family,8
7212,E9-Q-0451,Family,9
7212,E9-Q-2410,Common,10
7212,E9-Q-2411,Common,11
7212,E9-Q-2412,Common,12
7212,E9-Q-2413,Common,13
7212,E9-Q-2414,Common,14
7212,E9-Q-2415,Common,15
7212,E9-Q-2416,Common,16
7212,E9-Q-2417,Common,17
7212,E9-Q-2418,Common,18
7212,E9-Q-2419,Common,19
7212,E9-Q-2420,Common,20
7212,E9-Q-2421,Common,21
7212,E9-Q-2422,Common,22
7212,E9-Q-2423,Common,23
7212,E9-Q-2424,Common,24
7212,E9-Q-2425,Common,25
7212,E9-Q-2426,Common,26
7212,E9-Q-2427,Common,27
7212,E9-Q-2428,Common,28
7212,E9-Q-2429,Common,29
7212,E9-Q-2430,Common,30
7212,E9-Q-2431,Common,31
7212,E9-Q-2432,Common,32
7212,E9-Q-2433,Common,33
7212,E9-Q-2434,Common,34
7212,E9-Q-2435,Common,35
7212,E9-Q-2436,Common,36
7212,E9-Q-2437,Common,37
7212,E9-Q-2438,Common,38
7212,E9-Q-2439,Common,39
7212,E9-Q-2440,Common,40
7231,E9-Q-0322,Exact,1
7231,E9-Q-0331,Exact,2
7231,E9-Q-0323,Exact,3
7231,E9-Q-0324,Exact,4
7231,E9-Q-0325,Exact,5
7231,E9-Q-0326,Exact,6
7231,E9-Q-0327,Exact,7
7231,E9-Q-0328,Exact,8
7231,E9-Q-0329,Exact,9
7231,E9-Q-0330,Exact,10
7231,E9-Q-0452,Family,11
7231,E9-Q-0453,Family,12
7231,E9-Q-0454,Family,13
7231,E9-Q-0455,Family,14
7231,E9-Q-0456,Family,15
7231,E9-Q-2410,Common,16
7231,E9-Q-2411,Common,17
7231,E9-Q-2412,Common,18
7231,E9-Q-2413,Common,19
7231,E9-Q-2414,Common,20
7231,E9-Q-2415,Common,21
7231,E9-Q-2416,Common,22
7231,E9-Q-2417,Common,23
7231,E9-Q-2418,Common,24
7231,E9-Q-2419,Common,25
7231,E9-Q-2420,Common,26
7231,E9-Q-2421,Common,27
7231,E9-Q-2422,Common,28
7231,E9-Q-2423,Common,29
7231,E9-Q-2424,Common,30
7231,E9-Q-2425,Common,31
7231,E9-Q-2426,Common,32
7231,E9-Q-2427,Common,33
7231,E9-Q-2428,Common,34
7231,E9-Q-2429,Common,35
7231,E9-Q-2430,Common,36
7231,E9-Q-2431,Common,37
7231,E9-Q-2432,Common,38
7231,E9-Q-2433,Common,39
7231,E9-Q-2434,Common,40
7231,E9-Q-2435,Common,41
7231,E9-Q-2436,Common,42
7231,E9-Q-2437,Common,43
7231,E9-Q-2438,Common,44
7231,E9-Q-2439,Common,45
7231,E9-Q-2440,Common,46
8322,E9-Q-0332,Exact,1
8322,E9-Q-0333,Exact,2
8322,E9-Q-0334,Exact,3
8322,E9-Q-0335,Exact,4
8322,E9-Q-0457,Family,5
8322,E9-Q-0458,Family,6
8322,E9-Q-0459,Family,7
8322,E9-Q-0460,Family,8
8322,E9-Q-0461,Family,9
8322,E9-Q-2410,Common,10
8322,E9-Q-2411,Common,11
8322,E9-Q-2412,Common,12
8322,E9-Q-2413,Common,13
8322,E9-Q-2414,Common,14
8322,E9-Q-2415,Common,15
8322,E9-Q-2416,Common,16
8322,E9-Q-2417,Common,17
8322,E9-Q-2418,Common,18
8322,E9-Q-2419,Common,19
8322,E9-Q-2420,Common,20
8322,E9-Q-2421,Common,21
8322,E9-Q-2422,Common,22
8322,E9-Q-2423,Common,23
8322,E9-Q-2424,Common,24
8322,E9-Q-2425,Common,25
8322,E9-Q-2426,Common,26
8322,E9-Q-2427,Common,27
8322,E9-Q-2428,Common,28
8322,E9-Q-2429,Common,29
8322,E9-Q-2430,Common,30
8322,E9-Q-2431,Common,31
8322,E9-Q-2432,Common,32
8322,E9-Q-2433,Common,33
8322,E9-Q-2434,Common,34
8322,E9-Q-2435,Common,35
8322,E9-Q-2436,Common,36
8322,E9-Q-2437,Common,37
8322,E9-Q-2438,Common,38
8322,E9-Q-2439,Common,39
8322,E9-Q-2440,Common,40
0111,E9-Q-0462,Exact,1
0111,E9-Q-0463,Exact,2
0111,E9-Q-0464,Exact,3
0111,E9-Q-0465,Exact,4
0111,E9-Q-0466,Exact,5
0111,E9-Q-2410,Common,6
0111,E9-Q-2411,Common,7
0111,E9-Q-2412,Common,8
0111,E9-Q-2413,Common,9
0111,E9-Q-2414,Common,10
0111,E9-Q-2415,Common,11
0111,E9-Q-2416,Common,12
0111,E9-Q-2417,Common,13
0111,E9-Q-2418,Common,14
0111,E9-Q-2419,Common,15
0111,E9-Q-2420,Common,16
0111,E9-Q-2421,Common,17
0111,E9-Q-2422,Common,18
0111,E9-Q-2423,Common,19
0111,E9-Q-2424,Common,20
0111,E9-Q-2425,Common,21
0111,E9-Q-2426,Common,22
0111,E9-Q-2427,Common,23
0111,E9-Q-2428,Common,24
0111,E9-Q-2429,Common,25
0111,E9-Q-2430,Common,26
0111,E9-Q-2431,Common,27
0111,E9-Q-2432,Common,28
0111,E9-Q-2433,Common,29
0111,E9-Q-2434,Common,30
0111,E9-Q-2435,Common,31
0111,E9-Q-2436,Common,32
0111,E9-Q-2437,Common,33
0111,E9-Q-2438,Common,34
0111,E9-Q-2439,Common,35
0111,E9-Q-2440,Common,36
1111,E9-Q-0467,Exact,1
1111,E9-Q-0468,Exact,2
1111,E9-Q-0469,Exact,3
1111,E9-Q-0470,Exact,4
1111,E9-Q-0471,Exact,5
1111,E9-Q-2410,Common,6
1111,E9-Q-2411,Common,7
1111,E9-Q-2412,Common,8
1111,E9-Q-2413,Common,9
1111,E9-Q-2414,Common,10
1111,E9-Q-2415,Common,11
1111,E9-Q-2416,Common,12
1111,E9-Q-2417,Common,13
1111,E9-Q-2418,Common,14
1111,E9-Q-2419,Common,15
1111,E9-Q-2420,Common,16
1111,E9-Q-2421,Common,17
1111,E9-Q-2422,Common,18
1111,E9-Q-2423,Common,19
1111,E9-Q-2424,Common,20
1111,E9-Q-2425,Common,21
1111,E9-Q-2426,Common,22
1111,E9-Q-2427,Common,23
1111,E9-Q-2428,Common,24
1111,E9-Q-2429,Common,25
1111,E9-Q-2430,Common,26
1111,E9-Q-2431,Common,27
1111,E9-Q-2432,Common,28
1111,E9-Q-2433,Common,29
1111,E9-Q-2434,Common,30
1111,E9-Q-2435,Common,31
1111,E9-Q-2436,Common,32
1111,E9-Q-2437,Common,33
1111,E9-Q-2438,Common,34
1111,E9-Q-2439,Common,35
1111,E9-Q-2440,Common,36
1112,E9-Q-0472,Exact,1
1112,E9-Q-0473,Exact,2
1112,E9-Q-0474,Exact,3
1112,E9-Q-0475,Exact,4
1112,E9-Q-0476,Exact,5
1112,E9-Q-2410,Common,6
1112,E9-Q-2411,Common,7
1112,E9-Q-2412,Common,8
1112,E9-Q-2413,Common,9
1112,E9-Q-2414,Common,10
1112,E9-Q-2415,Common,11
1112,E9-Q-2416,Common,12
1112,E9-Q-2417,Common,13
1112,E9-Q-2418,Common,14
1112,E9-Q-2419,Common,15
1112,E9-Q-2420,Common,16
1112,E9-Q-2421,Common,17
1112,E9-Q-2422,Common,18
1112,E9-Q-2423,Common,19
1112,E9-Q-2424,Common,20
1112,E9-Q-2425,Common,21
1112,E9-Q-2426,Common,22
1112,E9-Q-2427,Common,23
1112,E9-Q-2428,Common,24
1112,E9-Q-2429,Common,25
1112,E9-Q-2430,Common,26
1112,E9-Q-2431,Common,27
1112,E9-Q-2432,Common,28
1112,E9-Q-2433,Common,29
1112,E9-Q-2434,Common,30
1112,E9-Q-2435,Common,31
1112,E9-Q-2436,Common,32
1112,E9-Q-2437,Common,33
1112,E9-Q-2438,Common,34
1112,E9-Q-2439,Common,35
1112,E9-Q-2440,Common,36
1113,E9-Q-0477,Exact,1
1113,E9-Q-0478,Exact,2
1113,E9-Q-0479,Exact,3
1113,E9-Q-0480,Exact,4
1113,E9-Q-0481,Exact,5
1113,E9-Q-2410,Common,6
1113,E9-Q-2411,Common,7
1113,E9-Q-2412,Common,8
1113,E9-Q-2413,Common,9
1113,E9-Q-2414,Common,10
1113,E9-Q-2415,Common,11
1113,E9-Q-2416,Common,12
1113,E9-Q-2417,Common,13
1113,E9-Q-2418,Common,14
1113,E9-Q-2419,Common,15
1113,E9-Q-2420,Common,16
1113,E9-Q-2421,Common,17
1113,E9-Q-2422,Common,18
1113,E9-Q-2423,Common,19
1113,E9-Q-2424,Common,20
1113,E9-Q-2425,Common,21
1113,E9-Q-2426,Common,22
1113,E9-Q-2427,Common,23
1113,E9-Q-2428,Common,24
1113,E9-Q-2429,Common,25
1113,E9-Q-2430,Common,26
1113,E9-Q-2431,Common,27
1113,E9-Q-2432,Common,28
1113,E9-Q-2433,Common,29
1113,E9-Q-2434,Common,30
1113,E9-Q-2435,Common,31
1113,E9-Q-2436,Common,32
1113,E9-Q-2437,Common,33
1113,E9-Q-2438,Common,34
1113,E9-Q-2439,Common,35
1113,E9-Q-2440,Common,36
1114,E9-Q-0482,Exact,1
1114,E9-Q-0483,Exact,2
1114,E9-Q-0484,Exact,3
1114,E9-Q-0485,Exact,4
1114,E9-Q-0486,Exact,5
1114,E9-Q-2410,Common,6
1114,E9-Q-2411,Common,7
1114,E9-Q-2412,Common,8
1114,E9-Q-2413,Common,9
1114,E9-Q-2414,Common,10
1114,E9-Q-2415,Common,11
1114,E9-Q-2416,Common,12
1114,E9-Q-2417,Common,13
1114,E9-Q-2418,Common,14
1114,E9-Q-2419,Common,15
1114,E9-Q-2420,Common,16
1114,E9-Q-2421,Common,17
1114,E9-Q-2422,Common,18
1114,E9-Q-2423,Common,19
1114,E9-Q-2424,Common,20
1114,E9-Q-2425,Common,21
1114,E9-Q-2426,Common,22
1114,E9-Q-2427,Common,23
1114,E9-Q-2428,Common,24
1114,E9-Q-2429,Common,25
1114,E9-Q-2430,Common,26
1114,E9-Q-2431,Common,27
1114,E9-Q-2432,Common,28
1114,E9-Q-2433,Common,29
1114,E9-Q-2434,Common,30
1114,E9-Q-2435,Common,31
1114,E9-Q-2436,Common,32
1114,E9-Q-2437,Common,33
1114,E9-Q-2438,Common,34
1114,E9-Q-2439,Common,35
1114,E9-Q-2440,Common,36
1311,E9-Q-0487,Exact,1
1311,E9-Q-0488,Exact,2
1311,E9-Q-0489,Exact,3
1311,E9-Q-0490,Exact,4
1311,E9-Q-0491,Exact,5
1311,E9-Q-2410,Common,6
1311,E9-Q-2411,Common,7
1311,E9-Q-2412,Common,8
1311,E9-Q-2413,Common,9
1311,E9-Q-2414,Common,10
1311,E9-Q-2415,Common,11
1311,E9-Q-2416,Common,12
1311,E9-Q-2417,Common,13
1311,E9-Q-2418,Common,14
1311,E9-Q-2419,Common,15
1311,E9-Q-2420,Common,16
1311,E9-Q-2421,Common,17
1311,E9-Q-2422,Common,18
1311,E9-Q-2423,Common,19
1311,E9-Q-2424,Common,20
1311,E9-Q-2425,Common,21
1311,E9-Q-2426,Common,22
1311,E9-Q-2427,Common,23
1311,E9-Q-2428,Common,24
1311,E9-Q-2429,Common,25
1311,E9-Q-2430,Common,26
1311,E9-Q-2431,Common,27
1311,E9-Q-2432,Common,28
1311,E9-Q-2433,Common,29
1311,E9-Q-2434,Common,30
1311,E9-Q-2435,Common,31
1311,E9-Q-2436,Common,32
1311,E9-Q-2437,Common,33
1311,E9-Q-2438,Common,34
1311,E9-Q-2439,Common,35
1311,E9-Q-2440,Common,36
1312,E9-Q-0492,Exact,1
1312,E9-Q-0493,Exact,2
1312,E9-Q-0494,Exact,3
1312,E9-Q-0495,Exact,4
1312,E9-Q-0496,Exact,5
1312,E9-Q-2410,Common,6
1312,E9-Q-2411,Common,7
1312,E9-Q-2412,Common,8
1312,E9-Q-2413,Common,9
1312,E9-Q-2414,Common,10
1312,E9-Q-2415,Common,11
1312,E9-Q-2416,Common,12
1312,E9-Q-2417,Common,13
1312,E9-Q-2418,Common,14
1312,E9-Q-2419,Common,15
1312,E9-Q-2420,Common,16
1312,E9-Q-2421,Common,17
1312,E9-Q-2422,Common,18
1312,E9-Q-2423,Common,19
1312,E9-Q-2424,Common,20
1312,E9-Q-2425,Common,21
1312,E9-Q-2426,Common,22
1312,E9-Q-2427,Common,23
1312,E9-Q-2428,Common,24
1312,E9-Q-2429,Common,25
1312,E9-Q-2430,Common,26
1312,E9-Q-2431,Common,27
1312,E9-Q-2432,Common,28
1312,E9-Q-2433,Common,29
1312,E9-Q-2434,Common,30
1312,E9-Q-2435,Common,31
1312,E9-Q-2436,Common,32
1312,E9-Q-2437,Common,33
1312,E9-Q-2438,Common,34
1312,E9-Q-2439,Common,35
1312,E9-Q-2440,Common,36
1411,E9-Q-0497,Exact,1
1411,E9-Q-0498,Exact,2
1411,E9-Q-0499,Exact,3
1411,E9-Q-0500,Exact,4
1411,E9-Q-0501,Exact,5
1411,E9-Q-2410,Common,6
1411,E9-Q-2411,Common,7
1411,E9-Q-2412,Common,8
1411,E9-Q-2413,Common,9
1411,E9-Q-2414,Common,10
1411,E9-Q-2415,Common,11
1411,E9-Q-2416,Common,12
1411,E9-Q-2417,Common,13
1411,E9-Q-2418,Common,14
1411,E9-Q-2419,Common,15
1411,E9-Q-2420,Common,16
1411,E9-Q-2421,Common,17
1411,E9-Q-2422,Common,18
1411,E9-Q-2423,Common,19
1411,E9-Q-2424,Common,20
1411,E9-Q-2425,Common,21
1411,E9-Q-2426,Common,22
1411,E9-Q-2427,Common,23
1411,E9-Q-2428,Common,24
1411,E9-Q-2429,Common,25
1411,E9-Q-2430,Common,26
1411,E9-Q-2431,Common,27
1411,E9-Q-2432,Common,28
1411,E9-Q-2433,Common,29
1411,E9-Q-2434,Common,30
1411,E9-Q-2435,Common,31
1411,E9-Q-2436,Common,32
1411,E9-Q-2437,Common,33
1411,E9-Q-2438,Common,34
1411,E9-Q-2439,Common,35
1411,E9-Q-2440,Common,36
1412,E9-Q-0502,Exact,1
1412,E9-Q-0503,Exact,2
1412,E9-Q-0504,Exact,3
1412,E9-Q-0505,Exact,4
1412,E9-Q-0506,Exact,5
1412,E9-Q-2410,Common,6
1412,E9-Q-2411,Common,7
1412,E9-Q-2412,Common,8
1412,E9-Q-2413,Common,9
1412,E9-Q-2414,Common,10
1412,E9-Q-2415,Common,11
1412,E9-Q-2416,Common,12
1412,E9-Q-2417,Common,13
1412,E9-Q-2418,Common,14
1412,E9-Q-2419,Common,15
1412,E9-Q-2420,Common,16
1412,E9-Q-2421,Common,17
1412,E9-Q-2422,Common,18
1412,E9-Q-2423,Common,19
1412,E9-Q-2424,Common,20
1412,E9-Q-2425,Common,21
1412,E9-Q-2426,Common,22
1412,E9-Q-2427,Common,23
1412,E9-Q-2428,Common,24
1412,E9-Q-2429,Common,25
1412,E9-Q-2430,Common,26
1412,E9-Q-2431,Common,27
1412,E9-Q-2432,Common,28
1412,E9-Q-2433,Common,29
1412,E9-Q-2434,Common,30
1412,E9-Q-2435,Common,31
1412,E9-Q-2436,Common,32
1412,E9-Q-2437,Common,33
1412,E9-Q-2438,Common,34
1412,E9-Q-2439,Common,35
1412,E9-Q-2440,Common,36
1421,E9-Q-0507,Exact,1
1421,E9-Q-0508,Exact,2
1421,E9-Q-0509,Exact,3
1421,E9-Q-0510,Exact,4
1421,E9-Q-0511,Exact,5
1421,E9-Q-2410,Common,6
1421,E9-Q-2411,Common,7
1421,E9-Q-2412,Common,8
1421,E9-Q-2413,Common,9
1421,E9-Q-2414,Common,10
1421,E9-Q-2415,Common,11
1421,E9-Q-2416,Common,12
1421,E9-Q-2417,Common,13
1421,E9-Q-2418,Common,14
1421,E9-Q-2419,Common,15
1421,E9-Q-2420,Common,16
1421,E9-Q-2421,Common,17
1421,E9-Q-2422,Common,18
1421,E9-Q-2423,Common,19
1421,E9-Q-2424,Common,20
1421,E9-Q-2425,Common,21
1421,E9-Q-2426,Common,22
1421,E9-Q-2427,Common,23
1421,E9-Q-2428,Common,24
1421,E9-Q-2429,Common,25
1421,E9-Q-2430,Common,26
1421,E9-Q-2431,Common,27
1421,E9-Q-2432,Common,28
1421,E9-Q-2433,Common,29
1421,E9-Q-2434,Common,30
1421,E9-Q-2435,Common,31
1421,E9-Q-2436,Common,32
1421,E9-Q-2437,Common,33
1421,E9-Q-2438,Common,34
1421,E9-Q-2439,Common,35
1421,E9-Q-2440,Common,36
1611,E9-Q-0512,Exact,1
1611,E9-Q-0513,Exact,2
1611,E9-Q-0514,Exact,3
1611,E9-Q-0515,Exact,4
1611,E9-Q-0516,Exact,5
1611,E9-Q-2410,Common,6
1611,E9-Q-2411,Common,7
1611,E9-Q-2412,Common,8
1611,E9-Q-2413,Common,9
1611,E9-Q-2414,Common,10
1611,E9-Q-2415,Common,11
1611,E9-Q-2416,Common,12
1611,E9-Q-2417,Common,13
1611,E9-Q-2418,Common,14
1611,E9-Q-2419,Common,15
1611,E9-Q-2420,Common,16
1611,E9-Q-2421,Common,17
1611,E9-Q-2422,Common,18
1611,E9-Q-2423,Common,19
1611,E9-Q-2424,Common,20
1611,E9-Q-2425,Common,21
1611,E9-Q-2426,Common,22
1611,E9-Q-2427,Common,23
1611,E9-Q-2428,Common,24
1611,E9-Q-2429,Common,25
1611,E9-Q-2430,Common,26
1611,E9-Q-2431,Common,27
1611,E9-Q-2432,Common,28
1611,E9-Q-2433,Common,29
1611,E9-Q-2434,Common,30
1611,E9-Q-2435,Common,31
1611,E9-Q-2436,Common,32
1611,E9-Q-2437,Common,33
1611,E9-Q-2438,Common,34
1611,E9-Q-2439,Common,35
1611,E9-Q-2440,Common,36
1612,E9-Q-0517,Exact,1
1612,E9-Q-0518,Exact,2
1612,E9-Q-0519,Exact,3
1612,E9-Q-0520,Exact,4
1612,E9-Q-0521,Exact,5
1612,E9-Q-2410,Common,6
1612,E9-Q-2411,Common,7
1612,E9-Q-2412,Common,8
1612,E9-Q-2413,Common,9
1612,E9-Q-2414,Common,10
1612,E9-Q-2415,Common,11
1612,E9-Q-2416,Common,12
1612,E9-Q-2417,Common,13
1612,E9-Q-2418,Common,14
1612,E9-Q-2419,Common,15
1612,E9-Q-2420,Common,16
1612,E9-Q-2421,Common,17
1612,E9-Q-2422,Common,18
1612,E9-Q-2423,Common,19
1612,E9-Q-2424,Common,20
1612,E9-Q-2425,Common,21
1612,E9-Q-2426,Common,22
1612,E9-Q-2427,Common,23
1612,E9-Q-2428,Common,24
1612,E9-Q-2429,Common,25
1612,E9-Q-2430,Common,26
1612,E9-Q-2431,Common,27
1612,E9-Q-2432,Common,28
1612,E9-Q-2433,Common,29
1612,E9-Q-2434,Common,30
1612,E9-Q-2435,Common,31
1612,E9-Q-2436,Common,32
1612,E9-Q-2437,Common,33
1612,E9-Q-2438,Common,34
1612,E9-Q-2439,Common,35
1612,E9-Q-2440,Common,36
1613,E9-Q-0522,Exact,1
1613,E9-Q-0523,Exact,2
1613,E9-Q-0524,Exact,3
1613,E9-Q-0525,Exact,4
1613,E9-Q-0526,Exact,5
1613,E9-Q-2410,Common,6
1613,E9-Q-2411,Common,7
1613,E9-Q-2412,Common,8
1613,E9-Q-2413,Common,9
1613,E9-Q-2414,Common,10
1613,E9-Q-2415,Common,11
1613,E9-Q-2416,Common,12
1613,E9-Q-2417,Common,13
1613,E9-Q-2418,Common,14
1613,E9-Q-2419,Common,15
1613,E9-Q-2420,Common,16
1613,E9-Q-2421,Common,17
1613,E9-Q-2422,Common,18
1613,E9-Q-2423,Common,19
1613,E9-Q-2424,Common,20
1613,E9-Q-2425,Common,21
1613,E9-Q-2426,Common,22
1613,E9-Q-2427,Common,23
1613,E9-Q-2428,Common,24
1613,E9-Q-2429,Common,25
1613,E9-Q-2430,Common,26
1613,E9-Q-2431,Common,27
1613,E9-Q-2432,Common,28
1613,E9-Q-2433,Common,29
1613,E9-Q-2434,Common,30
1613,E9-Q-2435,Common,31
1613,E9-Q-2436,Common,32
1613,E9-Q-2437,Common,33
1613,E9-Q-2438,Common,34
1613,E9-Q-2439,Common,35
1613,E9-Q-2440,Common,36
1614,E9-Q-0527,Exact,1
1614,E9-Q-0528,Exact,2
1614,E9-Q-0529,Exact,3
1614,E9-Q-0530,Exact,4
1614,E9-Q-0531,Exact,5
1614,E9-Q-2410,Common,6
1614,E9-Q-2411,Common,7
1614,E9-Q-2412,Common,8
1614,E9-Q-2413,Common,9
1614,E9-Q-2414,Common,10
1614,E9-Q-2415,Common,11
1614,E9-Q-2416,Common,12
1614,E9-Q-2417,Common,13
1614,E9-Q-2418,Common,14
1614,E9-Q-2419,Common,15
1614,E9-Q-2420,Common,16
1614,E9-Q-2421,Common,17
1614,E9-Q-2422,Common,18
1614,E9-Q-2423,Common,19
1614,E9-Q-2424,Common,20
1614,E9-Q-2425,Common,21
1614,E9-Q-2426,Common,22
1614,E9-Q-2427,Common,23
1614,E9-Q-2428,Common,24
1614,E9-Q-2429,Common,25
1614,E9-Q-2430,Common,26
1614,E9-Q-2431,Common,27
1614,E9-Q-2432,Common,28
1614,E9-Q-2433,Common,29
1614,E9-Q-2434,Common,30
1614,E9-Q-2435,Common,31
1614,E9-Q-2436,Common,32
1614,E9-Q-2437,Common,33
1614,E9-Q-2438,Common,34
1614,E9-Q-2439,Common,35
1614,E9-Q-2440,Common,36
1615,E9-Q-0532,Exact,1
1615,E9-Q-0533,Exact,2
1615,E9-Q-0534,Exact,3
1615,E9-Q-0535,Exact,4
1615,E9-Q-0536,Exact,5
1615,E9-Q-2410,Common,6
1615,E9-Q-2411,Common,7
1615,E9-Q-2412,Common,8
1615,E9-Q-2413,Common,9
1615,E9-Q-2414,Common,10
1615,E9-Q-2415,Common,11
1615,E9-Q-2416,Common,12
1615,E9-Q-2417,Common,13
1615,E9-Q-2418,Common,14
1615,E9-Q-2419,Common,15
1615,E9-Q-2420,Common,16
1615,E9-Q-2421,Common,17
1615,E9-Q-2422,Common,18
1615,E9-Q-2423,Common,19
1615,E9-Q-2424,Common,20
1615,E9-Q-2425,Common,21
1615,E9-Q-2426,Common,22
1615,E9-Q-2427,Common,23
1615,E9-Q-2428,Common,24
1615,E9-Q-2429,Common,25
1615,E9-Q-2430,Common,26
1615,E9-Q-2431,Common,27
1615,E9-Q-2432,Common,28
1615,E9-Q-2433,Common,29
1615,E9-Q-2434,Common,30
1615,E9-Q-2435,Common,31
1615,E9-Q-2436,Common,32
1615,E9-Q-2437,Common,33
1615,E9-Q-2438,Common,34
1615,E9-Q-2439,Common,35
1615,E9-Q-2440,Common,36
1616,E9-Q-0537,Exact,1
1616,E9-Q-0538,Exact,2
1616,E9-Q-0539,Exact,3
1616,E9-Q-0540,Exact,4
1616,E9-Q-0541,Exact,5
1616,E9-Q-2410,Common,6
1616,E9-Q-2411,Common,7
1616,E9-Q-2412,Common,8
1616,E9-Q-2413,Common,9
1616,E9-Q-2414,Common,10
1616,E9-Q-2415,Common,11
1616,E9-Q-2416,Common,12
1616,E9-Q-2417,Common,13
1616,E9-Q-2418,Common,14
1616,E9-Q-2419,Common,15
1616,E9-Q-2420,Common,16
1616,E9-Q-2421,Common,17
1616,E9-Q-2422,Common,18
1616,E9-Q-2423,Common,19
1616,E9-Q-2424,Common,20
1616,E9-Q-2425,Common,21
1616,E9-Q-2426,Common,22
1616,E9-Q-2427,Common,23
1616,E9-Q-2428,Common,24
1616,E9-Q-2429,Common,25
1616,E9-Q-2430,Common,26
1616,E9-Q-2431,Common,27
1616,E9-Q-2432,Common,28
1616,E9-Q-2433,Common,29
1616,E9-Q-2434,Common,30
1616,E9-Q-2435,Common,31
1616,E9-Q-2436,Common,32
1616,E9-Q-2437,Common,33
1616,E9-Q-2438,Common,34
1616,E9-Q-2439,Common,35
1616,E9-Q-2440,Common,36
1617,E9-Q-0542,Exact,1
1617,E9-Q-0543,Exact,2
1617,E9-Q-0544,Exact,3
1617,E9-Q-0545,Exact,4
1617,E9-Q-0546,Exact,5
1617,E9-Q-2410,Common,6
1617,E9-Q-2411,Common,7
1617,E9-Q-2412,Common,8
1617,E9-Q-2413,Common,9
1617,E9-Q-2414,Common,10
1617,E9-Q-2415,Common,11
1617,E9-Q-2416,Common,12
1617,E9-Q-2417,Common,13
1617,E9-Q-2418,Common,14
1617,E9-Q-2419,Common,15
1617,E9-Q-2420,Common,16
1617,E9-Q-2421,Common,17
1617,E9-Q-2422,Common,18
1617,E9-Q-2423,Common,19
1617,E9-Q-2424,Common,20
1617,E9-Q-2425,Common,21
1617,E9-Q-2426,Common,22
1617,E9-Q-2427,Common,23
1617,E9-Q-2428,Common,24
1617,E9-Q-2429,Common,25
1617,E9-Q-2430,Common,26
1617,E9-Q-2431,Common,27
1617,E9-Q-2432,Common,28
1617,E9-Q-2433,Common,29
1617,E9-Q-2434,Common,30
1617,E9-Q-2435,Common,31
1617,E9-Q-2436,Common,32
1617,E9-Q-2437,Common,33
1617,E9-Q-2438,Common,34
1617,E9-Q-2439,Common,35
1617,E9-Q-2440,Common,36
1618,E9-Q-0547,Exact,1
1618,E9-Q-0548,Exact,2
1618,E9-Q-0549,Exact,3
1618,E9-Q-0550,Exact,4
1618,E9-Q-0551,Exact,5
1618,E9-Q-2410,Common,6
1618,E9-Q-2411,Common,7
1618,E9-Q-2412,Common,8
1618,E9-Q-2413,Common,9
1618,E9-Q-2414,Common,10
1618,E9-Q-2415,Common,11
1618,E9-Q-2416,Common,12
1618,E9-Q-2417,Common,13
1618,E9-Q-2418,Common,14
1618,E9-Q-2419,Common,15
1618,E9-Q-2420,Common,16
1618,E9-Q-2421,Common,17
1618,E9-Q-2422,Common,18
1618,E9-Q-2423,Common,19
1618,E9-Q-2424,Common,20
1618,E9-Q-2425,Common,21
1618,E9-Q-2426,Common,22
1618,E9-Q-2427,Common,23
1618,E9-Q-2428,Common,24
1618,E9-Q-2429,Common,25
1618,E9-Q-2430,Common,26
1618,E9-Q-2431,Common,27
1618,E9-Q-2432,Common,28
1618,E9-Q-2433,Common,29
1618,E9-Q-2434,Common,30
1618,E9-Q-2435,Common,31
1618,E9-Q-2436,Common,32
1618,E9-Q-2437,Common,33
1618,E9-Q-2438,Common,34
1618,E9-Q-2439,Common,35
1618,E9-Q-2440,Common,36
1621,E9-Q-0552,Exact,1
1621,E9-Q-0553,Exact,2
1621,E9-Q-0554,Exact,3
1621,E9-Q-0555,Exact,4
1621,E9-Q-0556,Exact,5
1621,E9-Q-2410,Common,6
1621,E9-Q-2411,Common,7
1621,E9-Q-2412,Common,8
1621,E9-Q-2413,Common,9
1621,E9-Q-2414,Common,10
1621,E9-Q-2415,Common,11
1621,E9-Q-2416,Common,12
1621,E9-Q-2417,Common,13
1621,E9-Q-2418,Common,14
1621,E9-Q-2419,Common,15
1621,E9-Q-2420,Common,16
1621,E9-Q-2421,Common,17
1621,E9-Q-2422,Common,18
1621,E9-Q-2423,Common,19
1621,E9-Q-2424,Common,20
1621,E9-Q-2425,Common,21
1621,E9-Q-2426,Common,22
1621,E9-Q-2427,Common,23
1621,E9-Q-2428,Common,24
1621,E9-Q-2429,Common,25
1621,E9-Q-2430,Common,26
1621,E9-Q-2431,Common,27
1621,E9-Q-2432,Common,28
1621,E9-Q-2433,Common,29
1621,E9-Q-2434,Common,30
1621,E9-Q-2435,Common,31
1621,E9-Q-2436,Common,32
1621,E9-Q-2437,Common,33
1621,E9-Q-2438,Common,34
1621,E9-Q-2439,Common,35
1621,E9-Q-2440,Common,36
1622,E9-Q-0557,Exact,1
1622,E9-Q-0558,Exact,2
1622,E9-Q-0559,Exact,3
1622,E9-Q-0560,Exact,4
1622,E9-Q-0561,Exact,5
1622,E9-Q-2410,Common,6
1622,E9-Q-2411,Common,7
1622,E9-Q-2412,Common,8
1622,E9-Q-2413,Common,9
1622,E9-Q-2414,Common,10
1622,E9-Q-2415,Common,11
1622,E9-Q-2416,Common,12
1622,E9-Q-2417,Common,13
1622,E9-Q-2418,Common,14
1622,E9-Q-2419,Common,15
1622,E9-Q-2420,Common,16
1622,E9-Q-2421,Common,17
1622,E9-Q-2422,Common,18
1622,E9-Q-2423,Common,19
1622,E9-Q-2424,Common,20
1622,E9-Q-2425,Common,21
1622,E9-Q-2426,Common,22
1622,E9-Q-2427,Common,23
1622,E9-Q-2428,Common,24
1622,E9-Q-2429,Common,25
1622,E9-Q-2430,Common,26
1622,E9-Q-2431,Common,27
1622,E9-Q-2432,Common,28
1622,E9-Q-2433,Common,29
1622,E9-Q-2434,Common,30
1622,E9-Q-2435,Common,31
1622,E9-Q-2436,Common,32
1622,E9-Q-2437,Common,33
1622,E9-Q-2438,Common,34
1622,E9-Q-2439,Common,35
1622,E9-Q-2440,Common,36
1623,E9-Q-0562,Exact,1
1623,E9-Q-0563,Exact,2
1623,E9-Q-0564,Exact,3
1623,E9-Q-0565,Exact,4
1623,E9-Q-0566,Exact,5
1623,E9-Q-2410,Common,6
1623,E9-Q-2411,Common,7
1623,E9-Q-2412,Common,8
1623,E9-Q-2413,Common,9
1623,E9-Q-2414,Common,10
1623,E9-Q-2415,Common,11
1623,E9-Q-2416,Common,12
1623,E9-Q-2417,Common,13
1623,E9-Q-2418,Common,14
1623,E9-Q-2419,Common,15
1623,E9-Q-2420,Common,16
1623,E9-Q-2421,Common,17
1623,E9-Q-2422,Common,18
1623,E9-Q-2423,Common,19
1623,E9-Q-2424,Common,20
1623,E9-Q-2425,Common,21
1623,E9-Q-2426,Common,22
1623,E9-Q-2427,Common,23
1623,E9-Q-2428,Common,24
1623,E9-Q-2429,Common,25
1623,E9-Q-2430,Common,26
1623,E9-Q-2431,Common,27
1623,E9-Q-2432,Common,28
1623,E9-Q-2433,Common,29
1623,E9-Q-2434,Common,30
1623,E9-Q-2435,Common,31
1623,E9-Q-2436,Common,32
1623,E9-Q-2437,Common,33
1623,E9-Q-2438,Common,34
1623,E9-Q-2439,Common,35
1623,E9-Q-2440,Common,36
1624,E9-Q-0567,Exact,1
1624,E9-Q-0568,Exact,2
1624,E9-Q-0569,Exact,3
1624,E9-Q-0570,Exact,4
1624,E9-Q-0571,Exact,5
1624,E9-Q-2410,Common,6
1624,E9-Q-2411,Common,7
1624,E9-Q-2412,Common,8
1624,E9-Q-2413,Common,9
1624,E9-Q-2414,Common,10
1624,E9-Q-2415,Common,11
1624,E9-Q-2416,Common,12
1624,E9-Q-2417,Common,13
1624,E9-Q-2418,Common,14
1624,E9-Q-2419,Common,15
1624,E9-Q-2420,Common,16
1624,E9-Q-2421,Common,17
1624,E9-Q-2422,Common,18
1624,E9-Q-2423,Common,19
1624,E9-Q-2424,Common,20
1624,E9-Q-2425,Common,21
1624,E9-Q-2426,Common,22
1624,E9-Q-2427,Common,23
1624,E9-Q-2428,Common,24
1624,E9-Q-2429,Common,25
1624,E9-Q-2430,Common,26
1624,E9-Q-2431,Common,27
1624,E9-Q-2432,Common,28
1624,E9-Q-2433,Common,29
1624,E9-Q-2434,Common,30
1624,E9-Q-2435,Common,31
1624,E9-Q-2436,Common,32
1624,E9-Q-2437,Common,33
1624,E9-Q-2438,Common,34
1624,E9-Q-2439,Common,35
1624,E9-Q-2440,Common,36
1629,E9-Q-0572,Exact,1
1629,E9-Q-0573,Exact,2
1629,E9-Q-0574,Exact,3
1629,E9-Q-0575,Exact,4
1629,E9-Q-0576,Exact,5
1629,E9-Q-2410,Common,6
1629,E9-Q-2411,Common,7
1629,E9-Q-2412,Common,8
1629,E9-Q-2413,Common,9
1629,E9-Q-2414,Common,10
1629,E9-Q-2415,Common,11
1629,E9-Q-2416,Common,12
1629,E9-Q-2417,Common,13
1629,E9-Q-2418,Common,14
1629,E9-Q-2419,Common,15
1629,E9-Q-2420,Common,16
1629,E9-Q-2421,Common,17
1629,E9-Q-2422,Common,18
1629,E9-Q-2423,Common,19
1629,E9-Q-2424,Common,20
1629,E9-Q-2425,Common,21
1629,E9-Q-2426,Common,22
1629,E9-Q-2427,Common,23
1629,E9-Q-2428,Common,24
1629,E9-Q-2429,Common,25
1629,E9-Q-2430,Common,26
1629,E9-Q-2431,Common,27
1629,E9-Q-2432,Common,28
1629,E9-Q-2433,Common,29
1629,E9-Q-2434,Common,30
1629,E9-Q-2435,Common,31
1629,E9-Q-2436,Common,32
1629,E9-Q-2437,Common,33
1629,E9-Q-2438,Common,34
1629,E9-Q-2439,Common,35
1629,E9-Q-2440,Common,36
2111,E9-Q-0577,Exact,1
2111,E9-Q-0578,Exact,2
2111,E9-Q-0579,Exact,3
2111,E9-Q-0580,Exact,4
2111,E9-Q-0581,Exact,5
2111,E9-Q-2410,Common,6
2111,E9-Q-2411,Common,7
2111,E9-Q-2412,Common,8
2111,E9-Q-2413,Common,9
2111,E9-Q-2414,Common,10
2111,E9-Q-2415,Common,11
2111,E9-Q-2416,Common,12
2111,E9-Q-2417,Common,13
2111,E9-Q-2418,Common,14
2111,E9-Q-2419,Common,15
2111,E9-Q-2420,Common,16
2111,E9-Q-2421,Common,17
2111,E9-Q-2422,Common,18
2111,E9-Q-2423,Common,19
2111,E9-Q-2424,Common,20
2111,E9-Q-2425,Common,21
2111,E9-Q-2426,Common,22
2111,E9-Q-2427,Common,23
2111,E9-Q-2428,Common,24
2111,E9-Q-2429,Common,25
2111,E9-Q-2430,Common,26
2111,E9-Q-2431,Common,27
2111,E9-Q-2432,Common,28
2111,E9-Q-2433,Common,29
2111,E9-Q-2434,Common,30
2111,E9-Q-2435,Common,31
2111,E9-Q-2436,Common,32
2111,E9-Q-2437,Common,33
2111,E9-Q-2438,Common,34
2111,E9-Q-2439,Common,35
2111,E9-Q-2440,Common,36
2112,E9-Q-0582,Exact,1
2112,E9-Q-0583,Exact,2
2112,E9-Q-0584,Exact,3
2112,E9-Q-0585,Exact,4
2112,E9-Q-0586,Exact,5
2112,E9-Q-2410,Common,6
2112,E9-Q-2411,Common,7
2112,E9-Q-2412,Common,8
2112,E9-Q-2413,Common,9
2112,E9-Q-2414,Common,10
2112,E9-Q-2415,Common,11
2112,E9-Q-2416,Common,12
2112,E9-Q-2417,Common,13
2112,E9-Q-2418,Common,14
2112,E9-Q-2419,Common,15
2112,E9-Q-2420,Common,16
2112,E9-Q-2421,Common,17
2112,E9-Q-2422,Common,18
2112,E9-Q-2423,Common,19
2112,E9-Q-2424,Common,20
2112,E9-Q-2425,Common,21
2112,E9-Q-2426,Common,22
2112,E9-Q-2427,Common,23
2112,E9-Q-2428,Common,24
2112,E9-Q-2429,Common,25
2112,E9-Q-2430,Common,26
2112,E9-Q-2431,Common,27
2112,E9-Q-2432,Common,28
2112,E9-Q-2433,Common,29
2112,E9-Q-2434,Common,30
2112,E9-Q-2435,Common,31
2112,E9-Q-2436,Common,32
2112,E9-Q-2437,Common,33
2112,E9-Q-2438,Common,34
2112,E9-Q-2439,Common,35
2112,E9-Q-2440,Common,36
2113,E9-Q-0587,Exact,1
2113,E9-Q-0588,Exact,2
2113,E9-Q-0589,Exact,3
2113,E9-Q-0590,Exact,4
2113,E9-Q-0591,Exact,5
2113,E9-Q-2410,Common,6
2113,E9-Q-2411,Common,7
2113,E9-Q-2412,Common,8
2113,E9-Q-2413,Common,9
2113,E9-Q-2414,Common,10
2113,E9-Q-2415,Common,11
2113,E9-Q-2416,Common,12
2113,E9-Q-2417,Common,13
2113,E9-Q-2418,Common,14
2113,E9-Q-2419,Common,15
2113,E9-Q-2420,Common,16
2113,E9-Q-2421,Common,17
2113,E9-Q-2422,Common,18
2113,E9-Q-2423,Common,19
2113,E9-Q-2424,Common,20
2113,E9-Q-2425,Common,21
2113,E9-Q-2426,Common,22
2113,E9-Q-2427,Common,23
2113,E9-Q-2428,Common,24
2113,E9-Q-2429,Common,25
2113,E9-Q-2430,Common,26
2113,E9-Q-2431,Common,27
2113,E9-Q-2432,Common,28
2113,E9-Q-2433,Common,29
2113,E9-Q-2434,Common,30
2113,E9-Q-2435,Common,31
2113,E9-Q-2436,Common,32
2113,E9-Q-2437,Common,33
2113,E9-Q-2438,Common,34
2113,E9-Q-2439,Common,35
2113,E9-Q-2440,Common,36
2114,E9-Q-0592,Exact,1
2114,E9-Q-0593,Exact,2
2114,E9-Q-0594,Exact,3
2114,E9-Q-0595,Exact,4
2114,E9-Q-0596,Exact,5
2114,E9-Q-2410,Common,6
2114,E9-Q-2411,Common,7
2114,E9-Q-2412,Common,8
2114,E9-Q-2413,Common,9
2114,E9-Q-2414,Common,10
2114,E9-Q-2415,Common,11
2114,E9-Q-2416,Common,12
2114,E9-Q-2417,Common,13
2114,E9-Q-2418,Common,14
2114,E9-Q-2419,Common,15
2114,E9-Q-2420,Common,16
2114,E9-Q-2421,Common,17
2114,E9-Q-2422,Common,18
2114,E9-Q-2423,Common,19
2114,E9-Q-2424,Common,20
2114,E9-Q-2425,Common,21
2114,E9-Q-2426,Common,22
2114,E9-Q-2427,Common,23
2114,E9-Q-2428,Common,24
2114,E9-Q-2429,Common,25
2114,E9-Q-2430,Common,26
2114,E9-Q-2431,Common,27
2114,E9-Q-2432,Common,28
2114,E9-Q-2433,Common,29
2114,E9-Q-2434,Common,30
2114,E9-Q-2435,Common,31
2114,E9-Q-2436,Common,32
2114,E9-Q-2437,Common,33
2114,E9-Q-2438,Common,34
2114,E9-Q-2439,Common,35
2114,E9-Q-2440,Common,36
2121,E9-Q-0597,Exact,1
2121,E9-Q-0598,Exact,2
2121,E9-Q-0599,Exact,3
2121,E9-Q-0600,Exact,4
2121,E9-Q-0601,Exact,5
2121,E9-Q-2410,Common,6
2121,E9-Q-2411,Common,7
2121,E9-Q-2412,Common,8
2121,E9-Q-2413,Common,9
2121,E9-Q-2414,Common,10
2121,E9-Q-2415,Common,11
2121,E9-Q-2416,Common,12
2121,E9-Q-2417,Common,13
2121,E9-Q-2418,Common,14
2121,E9-Q-2419,Common,15
2121,E9-Q-2420,Common,16
2121,E9-Q-2421,Common,17
2121,E9-Q-2422,Common,18
2121,E9-Q-2423,Common,19
2121,E9-Q-2424,Common,20
2121,E9-Q-2425,Common,21
2121,E9-Q-2426,Common,22
2121,E9-Q-2427,Common,23
2121,E9-Q-2428,Common,24
2121,E9-Q-2429,Common,25
2121,E9-Q-2430,Common,26
2121,E9-Q-2431,Common,27
2121,E9-Q-2432,Common,28
2121,E9-Q-2433,Common,29
2121,E9-Q-2434,Common,30
2121,E9-Q-2435,Common,31
2121,E9-Q-2436,Common,32
2121,E9-Q-2437,Common,33
2121,E9-Q-2438,Common,34
2121,E9-Q-2439,Common,35
2121,E9-Q-2440,Common,36
2131,E9-Q-0602,Exact,1
2131,E9-Q-0603,Exact,2
2131,E9-Q-0604,Exact,3
2131,E9-Q-0605,Exact,4
2131,E9-Q-0606,Exact,5
2131,E9-Q-2410,Common,6
2131,E9-Q-2411,Common,7
2131,E9-Q-2412,Common,8
2131,E9-Q-2413,Common,9
2131,E9-Q-2414,Common,10
2131,E9-Q-2415,Common,11
2131,E9-Q-2416,Common,12
2131,E9-Q-2417,Common,13
2131,E9-Q-2418,Common,14
2131,E9-Q-2419,Common,15
2131,E9-Q-2420,Common,16
2131,E9-Q-2421,Common,17
2131,E9-Q-2422,Common,18
2131,E9-Q-2423,Common,19
2131,E9-Q-2424,Common,20
2131,E9-Q-2425,Common,21
2131,E9-Q-2426,Common,22
2131,E9-Q-2427,Common,23
2131,E9-Q-2428,Common,24
2131,E9-Q-2429,Common,25
2131,E9-Q-2430,Common,26
2131,E9-Q-2431,Common,27
2131,E9-Q-2432,Common,28
2131,E9-Q-2433,Common,29
2131,E9-Q-2434,Common,30
2131,E9-Q-2435,Common,31
2131,E9-Q-2436,Common,32
2131,E9-Q-2437,Common,33
2131,E9-Q-2438,Common,34
2131,E9-Q-2439,Common,35
2131,E9-Q-2440,Common,36
2132,E9-Q-0607,Exact,1
2132,E9-Q-0608,Exact,2
2132,E9-Q-0609,Exact,3
2132,E9-Q-0610,Exact,4
2132,E9-Q-0611,Exact,5
2132,E9-Q-2410,Common,6
2132,E9-Q-2411,Common,7
2132,E9-Q-2412,Common,8
2132,E9-Q-2413,Common,9
2132,E9-Q-2414,Common,10
2132,E9-Q-2415,Common,11
2132,E9-Q-2416,Common,12
2132,E9-Q-2417,Common,13
2132,E9-Q-2418,Common,14
2132,E9-Q-2419,Common,15
2132,E9-Q-2420,Common,16
2132,E9-Q-2421,Common,17
2132,E9-Q-2422,Common,18
2132,E9-Q-2423,Common,19
2132,E9-Q-2424,Common,20
2132,E9-Q-2425,Common,21
2132,E9-Q-2426,Common,22
2132,E9-Q-2427,Common,23
2132,E9-Q-2428,Common,24
2132,E9-Q-2429,Common,25
2132,E9-Q-2430,Common,26
2132,E9-Q-2431,Common,27
2132,E9-Q-2432,Common,28
2132,E9-Q-2433,Common,29
2132,E9-Q-2434,Common,30
2132,E9-Q-2435,Common,31
2132,E9-Q-2436,Common,32
2132,E9-Q-2437,Common,33
2132,E9-Q-2438,Common,34
2132,E9-Q-2439,Common,35
2132,E9-Q-2440,Common,36
2133,E9-Q-0612,Exact,1
2133,E9-Q-0613,Exact,2
2133,E9-Q-0614,Exact,3
2133,E9-Q-0615,Exact,4
2133,E9-Q-0616,Exact,5
2133,E9-Q-2410,Common,6
2133,E9-Q-2411,Common,7
2133,E9-Q-2412,Common,8
2133,E9-Q-2413,Common,9
2133,E9-Q-2414,Common,10
2133,E9-Q-2415,Common,11
2133,E9-Q-2416,Common,12
2133,E9-Q-2417,Common,13
2133,E9-Q-2418,Common,14
2133,E9-Q-2419,Common,15
2133,E9-Q-2420,Common,16
2133,E9-Q-2421,Common,17
2133,E9-Q-2422,Common,18
2133,E9-Q-2423,Common,19
2133,E9-Q-2424,Common,20
2133,E9-Q-2425,Common,21
2133,E9-Q-2426,Common,22
2133,E9-Q-2427,Common,23
2133,E9-Q-2428,Common,24
2133,E9-Q-2429,Common,25
2133,E9-Q-2430,Common,26
2133,E9-Q-2431,Common,27
2133,E9-Q-2432,Common,28
2133,E9-Q-2433,Common,29
2133,E9-Q-2434,Common,30
2133,E9-Q-2435,Common,31
2133,E9-Q-2436,Common,32
2133,E9-Q-2437,Common,33
2133,E9-Q-2438,Common,34
2133,E9-Q-2439,Common,35
2133,E9-Q-2440,Common,36
2134,E9-Q-0617,Exact,1
2134,E9-Q-0618,Exact,2
2134,E9-Q-0619,Exact,3
2134,E9-Q-0620,Exact,4
2134,E9-Q-0621,Exact,5
2134,E9-Q-2410,Common,6
2134,E9-Q-2411,Common,7
2134,E9-Q-2412,Common,8
2134,E9-Q-2413,Common,9
2134,E9-Q-2414,Common,10
2134,E9-Q-2415,Common,11
2134,E9-Q-2416,Common,12
2134,E9-Q-2417,Common,13
2134,E9-Q-2418,Common,14
2134,E9-Q-2419,Common,15
2134,E9-Q-2420,Common,16
2134,E9-Q-2421,Common,17
2134,E9-Q-2422,Common,18
2134,E9-Q-2423,Common,19
2134,E9-Q-2424,Common,20
2134,E9-Q-2425,Common,21
2134,E9-Q-2426,Common,22
2134,E9-Q-2427,Common,23
2134,E9-Q-2428,Common,24
2134,E9-Q-2429,Common,25
2134,E9-Q-2430,Common,26
2134,E9-Q-2431,Common,27
2134,E9-Q-2432,Common,28
2134,E9-Q-2433,Common,29
2134,E9-Q-2434,Common,30
2134,E9-Q-2435,Common,31
2134,E9-Q-2436,Common,32
2134,E9-Q-2437,Common,33
2134,E9-Q-2438,Common,34
2134,E9-Q-2439,Common,35
2134,E9-Q-2440,Common,36
2151,E9-Q-0622,Exact,1
2151,E9-Q-0623,Exact,2
2151,E9-Q-0624,Exact,3
2151,E9-Q-0625,Exact,4
2151,E9-Q-0626,Exact,5
2151,E9-Q-2410,Common,6
2151,E9-Q-2411,Common,7
2151,E9-Q-2412,Common,8
2151,E9-Q-2413,Common,9
2151,E9-Q-2414,Common,10
2151,E9-Q-2415,Common,11
2151,E9-Q-2416,Common,12
2151,E9-Q-2417,Common,13
2151,E9-Q-2418,Common,14
2151,E9-Q-2419,Common,15
2151,E9-Q-2420,Common,16
2151,E9-Q-2421,Common,17
2151,E9-Q-2422,Common,18
2151,E9-Q-2423,Common,19
2151,E9-Q-2424,Common,20
2151,E9-Q-2425,Common,21
2151,E9-Q-2426,Common,22
2151,E9-Q-2427,Common,23
2151,E9-Q-2428,Common,24
2151,E9-Q-2429,Common,25
2151,E9-Q-2430,Common,26
2151,E9-Q-2431,Common,27
2151,E9-Q-2432,Common,28
2151,E9-Q-2433,Common,29
2151,E9-Q-2434,Common,30
2151,E9-Q-2435,Common,31
2151,E9-Q-2436,Common,32
2151,E9-Q-2437,Common,33
2151,E9-Q-2438,Common,34
2151,E9-Q-2439,Common,35
2151,E9-Q-2440,Common,36
2152,E9-Q-0627,Exact,1
2152,E9-Q-0628,Exact,2
2152,E9-Q-0629,Exact,3
2152,E9-Q-0630,Exact,4
2152,E9-Q-0631,Exact,5
2152,E9-Q-2410,Common,6
2152,E9-Q-2411,Common,7
2152,E9-Q-2412,Common,8
2152,E9-Q-2413,Common,9
2152,E9-Q-2414,Common,10
2152,E9-Q-2415,Common,11
2152,E9-Q-2416,Common,12
2152,E9-Q-2417,Common,13
2152,E9-Q-2418,Common,14
2152,E9-Q-2419,Common,15
2152,E9-Q-2420,Common,16
2152,E9-Q-2421,Common,17
2152,E9-Q-2422,Common,18
2152,E9-Q-2423,Common,19
2152,E9-Q-2424,Common,20
2152,E9-Q-2425,Common,21
2152,E9-Q-2426,Common,22
2152,E9-Q-2427,Common,23
2152,E9-Q-2428,Common,24
2152,E9-Q-2429,Common,25
2152,E9-Q-2430,Common,26
2152,E9-Q-2431,Common,27
2152,E9-Q-2432,Common,28
2152,E9-Q-2433,Common,29
2152,E9-Q-2434,Common,30
2152,E9-Q-2435,Common,31
2152,E9-Q-2436,Common,32
2152,E9-Q-2437,Common,33
2152,E9-Q-2438,Common,34
2152,E9-Q-2439,Common,35
2152,E9-Q-2440,Common,36
2153,E9-Q-0632,Exact,1
2153,E9-Q-0633,Exact,2
2153,E9-Q-0634,Exact,3
2153,E9-Q-0635,Exact,4
2153,E9-Q-0636,Exact,5
2153,E9-Q-2410,Common,6
2153,E9-Q-2411,Common,7
2153,E9-Q-2412,Common,8
2153,E9-Q-2413,Common,9
2153,E9-Q-2414,Common,10
2153,E9-Q-2415,Common,11
2153,E9-Q-2416,Common,12
2153,E9-Q-2417,Common,13
2153,E9-Q-2418,Common,14
2153,E9-Q-2419,Common,15
2153,E9-Q-2420,Common,16
2153,E9-Q-2421,Common,17
2153,E9-Q-2422,Common,18
2153,E9-Q-2423,Common,19
2153,E9-Q-2424,Common,20
2153,E9-Q-2425,Common,21
2153,E9-Q-2426,Common,22
2153,E9-Q-2427,Common,23
2153,E9-Q-2428,Common,24
2153,E9-Q-2429,Common,25
2153,E9-Q-2430,Common,26
2153,E9-Q-2431,Common,27
2153,E9-Q-2432,Common,28
2153,E9-Q-2433,Common,29
2153,E9-Q-2434,Common,30
2153,E9-Q-2435,Common,31
2153,E9-Q-2436,Common,32
2153,E9-Q-2437,Common,33
2153,E9-Q-2438,Common,34
2153,E9-Q-2439,Common,35
2153,E9-Q-2440,Common,36
2161,E9-Q-0637,Exact,1
2161,E9-Q-0638,Exact,2
2161,E9-Q-0639,Exact,3
2161,E9-Q-0640,Exact,4
2161,E9-Q-0641,Exact,5
2161,E9-Q-2410,Common,6
2161,E9-Q-2411,Common,7
2161,E9-Q-2412,Common,8
2161,E9-Q-2413,Common,9
2161,E9-Q-2414,Common,10
2161,E9-Q-2415,Common,11
2161,E9-Q-2416,Common,12
2161,E9-Q-2417,Common,13
2161,E9-Q-2418,Common,14
2161,E9-Q-2419,Common,15
2161,E9-Q-2420,Common,16
2161,E9-Q-2421,Common,17
2161,E9-Q-2422,Common,18
2161,E9-Q-2423,Common,19
2161,E9-Q-2424,Common,20
2161,E9-Q-2425,Common,21
2161,E9-Q-2426,Common,22
2161,E9-Q-2427,Common,23
2161,E9-Q-2428,Common,24
2161,E9-Q-2429,Common,25
2161,E9-Q-2430,Common,26
2161,E9-Q-2431,Common,27
2161,E9-Q-2432,Common,28
2161,E9-Q-2433,Common,29
2161,E9-Q-2434,Common,30
2161,E9-Q-2435,Common,31
2161,E9-Q-2436,Common,32
2161,E9-Q-2437,Common,33
2161,E9-Q-2438,Common,34
2161,E9-Q-2439,Common,35
2161,E9-Q-2440,Common,36
2162,E9-Q-0642,Exact,1
2162,E9-Q-0643,Exact,2
2162,E9-Q-0644,Exact,3
2162,E9-Q-0645,Exact,4
2162,E9-Q-0646,Exact,5
2162,E9-Q-2410,Common,6
2162,E9-Q-2411,Common,7
2162,E9-Q-2412,Common,8
2162,E9-Q-2413,Common,9
2162,E9-Q-2414,Common,10
2162,E9-Q-2415,Common,11
2162,E9-Q-2416,Common,12
2162,E9-Q-2417,Common,13
2162,E9-Q-2418,Common,14
2162,E9-Q-2419,Common,15
2162,E9-Q-2420,Common,16
2162,E9-Q-2421,Common,17
2162,E9-Q-2422,Common,18
2162,E9-Q-2423,Common,19
2162,E9-Q-2424,Common,20
2162,E9-Q-2425,Common,21
2162,E9-Q-2426,Common,22
2162,E9-Q-2427,Common,23
2162,E9-Q-2428,Common,24
2162,E9-Q-2429,Common,25
2162,E9-Q-2430,Common,26
2162,E9-Q-2431,Common,27
2162,E9-Q-2432,Common,28
2162,E9-Q-2433,Common,29
2162,E9-Q-2434,Common,30
2162,E9-Q-2435,Common,31
2162,E9-Q-2436,Common,32
2162,E9-Q-2437,Common,33
2162,E9-Q-2438,Common,34
2162,E9-Q-2439,Common,35
2162,E9-Q-2440,Common,36
2163,E9-Q-0647,Exact,1
2163,E9-Q-0648,Exact,2
2163,E9-Q-0649,Exact,3
2163,E9-Q-0650,Exact,4
2163,E9-Q-0651,Exact,5
2163,E9-Q-2410,Common,6
2163,E9-Q-2411,Common,7
2163,E9-Q-2412,Common,8
2163,E9-Q-2413,Common,9
2163,E9-Q-2414,Common,10
2163,E9-Q-2415,Common,11
2163,E9-Q-2416,Common,12
2163,E9-Q-2417,Common,13
2163,E9-Q-2418,Common,14
2163,E9-Q-2419,Common,15
2163,E9-Q-2420,Common,16
2163,E9-Q-2421,Common,17
2163,E9-Q-2422,Common,18
2163,E9-Q-2423,Common,19
2163,E9-Q-2424,Common,20
2163,E9-Q-2425,Common,21
2163,E9-Q-2426,Common,22
2163,E9-Q-2427,Common,23
2163,E9-Q-2428,Common,24
2163,E9-Q-2429,Common,25
2163,E9-Q-2430,Common,26
2163,E9-Q-2431,Common,27
2163,E9-Q-2432,Common,28
2163,E9-Q-2433,Common,29
2163,E9-Q-2434,Common,30
2163,E9-Q-2435,Common,31
2163,E9-Q-2436,Common,32
2163,E9-Q-2437,Common,33
2163,E9-Q-2438,Common,34
2163,E9-Q-2439,Common,35
2163,E9-Q-2440,Common,36
2164,E9-Q-0652,Exact,1
2164,E9-Q-0653,Exact,2
2164,E9-Q-0654,Exact,3
2164,E9-Q-0655,Exact,4
2164,E9-Q-0656,Exact,5
2164,E9-Q-2410,Common,6
2164,E9-Q-2411,Common,7
2164,E9-Q-2412,Common,8
2164,E9-Q-2413,Common,9
2164,E9-Q-2414,Common,10
2164,E9-Q-2415,Common,11
2164,E9-Q-2416,Common,12
2164,E9-Q-2417,Common,13
2164,E9-Q-2418,Common,14
2164,E9-Q-2419,Common,15
2164,E9-Q-2420,Common,16
2164,E9-Q-2421,Common,17
2164,E9-Q-2422,Common,18
2164,E9-Q-2423,Common,19
2164,E9-Q-2424,Common,20
2164,E9-Q-2425,Common,21
2164,E9-Q-2426,Common,22
2164,E9-Q-2427,Common,23
2164,E9-Q-2428,Common,24
2164,E9-Q-2429,Common,25
2164,E9-Q-2430,Common,26
2164,E9-Q-2431,Common,27
2164,E9-Q-2432,Common,28
2164,E9-Q-2433,Common,29
2164,E9-Q-2434,Common,30
2164,E9-Q-2435,Common,31
2164,E9-Q-2436,Common,32
2164,E9-Q-2437,Common,33
2164,E9-Q-2438,Common,34
2164,E9-Q-2439,Common,35
2164,E9-Q-2440,Common,36
2165,E9-Q-0657,Exact,1
2165,E9-Q-0658,Exact,2
2165,E9-Q-0659,Exact,3
2165,E9-Q-0660,Exact,4
2165,E9-Q-0661,Exact,5
2165,E9-Q-2410,Common,6
2165,E9-Q-2411,Common,7
2165,E9-Q-2412,Common,8
2165,E9-Q-2413,Common,9
2165,E9-Q-2414,Common,10
2165,E9-Q-2415,Common,11
2165,E9-Q-2416,Common,12
2165,E9-Q-2417,Common,13
2165,E9-Q-2418,Common,14
2165,E9-Q-2419,Common,15
2165,E9-Q-2420,Common,16
2165,E9-Q-2421,Common,17
2165,E9-Q-2422,Common,18
2165,E9-Q-2423,Common,19
2165,E9-Q-2424,Common,20
2165,E9-Q-2425,Common,21
2165,E9-Q-2426,Common,22
2165,E9-Q-2427,Common,23
2165,E9-Q-2428,Common,24
2165,E9-Q-2429,Common,25
2165,E9-Q-2430,Common,26
2165,E9-Q-2431,Common,27
2165,E9-Q-2432,Common,28
2165,E9-Q-2433,Common,29
2165,E9-Q-2434,Common,30
2165,E9-Q-2435,Common,31
2165,E9-Q-2436,Common,32
2165,E9-Q-2437,Common,33
2165,E9-Q-2438,Common,34
2165,E9-Q-2439,Common,35
2165,E9-Q-2440,Common,36
2166,E9-Q-0662,Exact,1
2166,E9-Q-0663,Exact,2
2166,E9-Q-0664,Exact,3
2166,E9-Q-0665,Exact,4
2166,E9-Q-0666,Exact,5
2166,E9-Q-2410,Common,6
2166,E9-Q-2411,Common,7
2166,E9-Q-2412,Common,8
2166,E9-Q-2413,Common,9
2166,E9-Q-2414,Common,10
2166,E9-Q-2415,Common,11
2166,E9-Q-2416,Common,12
2166,E9-Q-2417,Common,13
2166,E9-Q-2418,Common,14
2166,E9-Q-2419,Common,15
2166,E9-Q-2420,Common,16
2166,E9-Q-2421,Common,17
2166,E9-Q-2422,Common,18
2166,E9-Q-2423,Common,19
2166,E9-Q-2424,Common,20
2166,E9-Q-2425,Common,21
2166,E9-Q-2426,Common,22
2166,E9-Q-2427,Common,23
2166,E9-Q-2428,Common,24
2166,E9-Q-2429,Common,25
2166,E9-Q-2430,Common,26
2166,E9-Q-2431,Common,27
2166,E9-Q-2432,Common,28
2166,E9-Q-2433,Common,29
2166,E9-Q-2434,Common,30
2166,E9-Q-2435,Common,31
2166,E9-Q-2436,Common,32
2166,E9-Q-2437,Common,33
2166,E9-Q-2438,Common,34
2166,E9-Q-2439,Common,35
2166,E9-Q-2440,Common,36
2171,E9-Q-0667,Exact,1
2171,E9-Q-0668,Exact,2
2171,E9-Q-0669,Exact,3
2171,E9-Q-0670,Exact,4
2171,E9-Q-0671,Exact,5
2171,E9-Q-2410,Common,6
2171,E9-Q-2411,Common,7
2171,E9-Q-2412,Common,8
2171,E9-Q-2413,Common,9
2171,E9-Q-2414,Common,10
2171,E9-Q-2415,Common,11
2171,E9-Q-2416,Common,12
2171,E9-Q-2417,Common,13
2171,E9-Q-2418,Common,14
2171,E9-Q-2419,Common,15
2171,E9-Q-2420,Common,16
2171,E9-Q-2421,Common,17
2171,E9-Q-2422,Common,18
2171,E9-Q-2423,Common,19
2171,E9-Q-2424,Common,20
2171,E9-Q-2425,Common,21
2171,E9-Q-2426,Common,22
2171,E9-Q-2427,Common,23
2171,E9-Q-2428,Common,24
2171,E9-Q-2429,Common,25
2171,E9-Q-2430,Common,26
2171,E9-Q-2431,Common,27
2171,E9-Q-2432,Common,28
2171,E9-Q-2433,Common,29
2171,E9-Q-2434,Common,30
2171,E9-Q-2435,Common,31
2171,E9-Q-2436,Common,32
2171,E9-Q-2437,Common,33
2171,E9-Q-2438,Common,34
2171,E9-Q-2439,Common,35
2171,E9-Q-2440,Common,36
2172,E9-Q-0672,Exact,1
2172,E9-Q-0673,Exact,2
2172,E9-Q-0674,Exact,3
2172,E9-Q-0675,Exact,4
2172,E9-Q-0676,Exact,5
2172,E9-Q-2410,Common,6
2172,E9-Q-2411,Common,7
2172,E9-Q-2412,Common,8
2172,E9-Q-2413,Common,9
2172,E9-Q-2414,Common,10
2172,E9-Q-2415,Common,11
2172,E9-Q-2416,Common,12
2172,E9-Q-2417,Common,13
2172,E9-Q-2418,Common,14
2172,E9-Q-2419,Common,15
2172,E9-Q-2420,Common,16
2172,E9-Q-2421,Common,17
2172,E9-Q-2422,Common,18
2172,E9-Q-2423,Common,19
2172,E9-Q-2424,Common,20
2172,E9-Q-2425,Common,21
2172,E9-Q-2426,Common,22
2172,E9-Q-2427,Common,23
2172,E9-Q-2428,Common,24
2172,E9-Q-2429,Common,25
2172,E9-Q-2430,Common,26
2172,E9-Q-2431,Common,27
2172,E9-Q-2432,Common,28
2172,E9-Q-2433,Common,29
2172,E9-Q-2434,Common,30
2172,E9-Q-2435,Common,31
2172,E9-Q-2436,Common,32
2172,E9-Q-2437,Common,33
2172,E9-Q-2438,Common,34
2172,E9-Q-2439,Common,35
2172,E9-Q-2440,Common,36
2173,E9-Q-0677,Exact,1
2173,E9-Q-0678,Exact,2
2173,E9-Q-0679,Exact,3
2173,E9-Q-0680,Exact,4
2173,E9-Q-0681,Exact,5
2173,E9-Q-2410,Common,6
2173,E9-Q-2411,Common,7
2173,E9-Q-2412,Common,8
2173,E9-Q-2413,Common,9
2173,E9-Q-2414,Common,10
2173,E9-Q-2415,Common,11
2173,E9-Q-2416,Common,12
2173,E9-Q-2417,Common,13
2173,E9-Q-2418,Common,14
2173,E9-Q-2419,Common,15
2173,E9-Q-2420,Common,16
2173,E9-Q-2421,Common,17
2173,E9-Q-2422,Common,18
2173,E9-Q-2423,Common,19
2173,E9-Q-2424,Common,20
2173,E9-Q-2425,Common,21
2173,E9-Q-2426,Common,22
2173,E9-Q-2427,Common,23
2173,E9-Q-2428,Common,24
2173,E9-Q-2429,Common,25
2173,E9-Q-2430,Common,26
2173,E9-Q-2431,Common,27
2173,E9-Q-2432,Common,28
2173,E9-Q-2433,Common,29
2173,E9-Q-2434,Common,30
2173,E9-Q-2435,Common,31
2173,E9-Q-2436,Common,32
2173,E9-Q-2437,Common,33
2173,E9-Q-2438,Common,34
2173,E9-Q-2439,Common,35
2173,E9-Q-2440,Common,36
2174,E9-Q-0682,Exact,1
2174,E9-Q-0683,Exact,2
2174,E9-Q-0684,Exact,3
2174,E9-Q-0685,Exact,4
2174,E9-Q-0686,Exact,5
2174,E9-Q-2410,Common,6
2174,E9-Q-2411,Common,7
2174,E9-Q-2412,Common,8
2174,E9-Q-2413,Common,9
2174,E9-Q-2414,Common,10
2174,E9-Q-2415,Common,11
2174,E9-Q-2416,Common,12
2174,E9-Q-2417,Common,13
2174,E9-Q-2418,Common,14
2174,E9-Q-2419,Common,15
2174,E9-Q-2420,Common,16
2174,E9-Q-2421,Common,17
2174,E9-Q-2422,Common,18
2174,E9-Q-2423,Common,19
2174,E9-Q-2424,Common,20
2174,E9-Q-2425,Common,21
2174,E9-Q-2426,Common,22
2174,E9-Q-2427,Common,23
2174,E9-Q-2428,Common,24
2174,E9-Q-2429,Common,25
2174,E9-Q-2430,Common,26
2174,E9-Q-2431,Common,27
2174,E9-Q-2432,Common,28
2174,E9-Q-2433,Common,29
2174,E9-Q-2434,Common,30
2174,E9-Q-2435,Common,31
2174,E9-Q-2436,Common,32
2174,E9-Q-2437,Common,33
2174,E9-Q-2438,Common,34
2174,E9-Q-2439,Common,35
2174,E9-Q-2440,Common,36
2175,E9-Q-0687,Exact,1
2175,E9-Q-0688,Exact,2
2175,E9-Q-0689,Exact,3
2175,E9-Q-0690,Exact,4
2175,E9-Q-0691,Exact,5
2175,E9-Q-2410,Common,6
2175,E9-Q-2411,Common,7
2175,E9-Q-2412,Common,8
2175,E9-Q-2413,Common,9
2175,E9-Q-2414,Common,10
2175,E9-Q-2415,Common,11
2175,E9-Q-2416,Common,12
2175,E9-Q-2417,Common,13
2175,E9-Q-2418,Common,14
2175,E9-Q-2419,Common,15
2175,E9-Q-2420,Common,16
2175,E9-Q-2421,Common,17
2175,E9-Q-2422,Common,18
2175,E9-Q-2423,Common,19
2175,E9-Q-2424,Common,20
2175,E9-Q-2425,Common,21
2175,E9-Q-2426,Common,22
2175,E9-Q-2427,Common,23
2175,E9-Q-2428,Common,24
2175,E9-Q-2429,Common,25
2175,E9-Q-2430,Common,26
2175,E9-Q-2431,Common,27
2175,E9-Q-2432,Common,28
2175,E9-Q-2433,Common,29
2175,E9-Q-2434,Common,30
2175,E9-Q-2435,Common,31
2175,E9-Q-2436,Common,32
2175,E9-Q-2437,Common,33
2175,E9-Q-2438,Common,34
2175,E9-Q-2439,Common,35
2175,E9-Q-2440,Common,36
2231,E9-Q-0692,Exact,1
2231,E9-Q-0693,Exact,2
2231,E9-Q-0694,Exact,3
2231,E9-Q-0695,Exact,4
2231,E9-Q-0696,Exact,5
2231,E9-Q-2410,Common,6
2231,E9-Q-2411,Common,7
2231,E9-Q-2412,Common,8
2231,E9-Q-2413,Common,9
2231,E9-Q-2414,Common,10
2231,E9-Q-2415,Common,11
2231,E9-Q-2416,Common,12
2231,E9-Q-2417,Common,13
2231,E9-Q-2418,Common,14
2231,E9-Q-2419,Common,15
2231,E9-Q-2420,Common,16
2231,E9-Q-2421,Common,17
2231,E9-Q-2422,Common,18
2231,E9-Q-2423,Common,19
2231,E9-Q-2424,Common,20
2231,E9-Q-2425,Common,21
2231,E9-Q-2426,Common,22
2231,E9-Q-2427,Common,23
2231,E9-Q-2428,Common,24
2231,E9-Q-2429,Common,25
2231,E9-Q-2430,Common,26
2231,E9-Q-2431,Common,27
2231,E9-Q-2432,Common,28
2231,E9-Q-2433,Common,29
2231,E9-Q-2434,Common,30
2231,E9-Q-2435,Common,31
2231,E9-Q-2436,Common,32
2231,E9-Q-2437,Common,33
2231,E9-Q-2438,Common,34
2231,E9-Q-2439,Common,35
2231,E9-Q-2440,Common,36
2241,E9-Q-0697,Exact,1
2241,E9-Q-0698,Exact,2
2241,E9-Q-0699,Exact,3
2241,E9-Q-0700,Exact,4
2241,E9-Q-0701,Exact,5
2241,E9-Q-2410,Common,6
2241,E9-Q-2411,Common,7
2241,E9-Q-2412,Common,8
2241,E9-Q-2413,Common,9
2241,E9-Q-2414,Common,10
2241,E9-Q-2415,Common,11
2241,E9-Q-2416,Common,12
2241,E9-Q-2417,Common,13
2241,E9-Q-2418,Common,14
2241,E9-Q-2419,Common,15
2241,E9-Q-2420,Common,16
2241,E9-Q-2421,Common,17
2241,E9-Q-2422,Common,18
2241,E9-Q-2423,Common,19
2241,E9-Q-2424,Common,20
2241,E9-Q-2425,Common,21
2241,E9-Q-2426,Common,22
2241,E9-Q-2427,Common,23
2241,E9-Q-2428,Common,24
2241,E9-Q-2429,Common,25
2241,E9-Q-2430,Common,26
2241,E9-Q-2431,Common,27
2241,E9-Q-2432,Common,28
2241,E9-Q-2433,Common,29
2241,E9-Q-2434,Common,30
2241,E9-Q-2435,Common,31
2241,E9-Q-2436,Common,32
2241,E9-Q-2437,Common,33
2241,E9-Q-2438,Common,34
2241,E9-Q-2439,Common,35
2241,E9-Q-2440,Common,36
2251,E9-Q-0702,Exact,1
2251,E9-Q-0703,Exact,2
2251,E9-Q-0704,Exact,3
2251,E9-Q-0705,Exact,4
2251,E9-Q-0706,Exact,5
2251,E9-Q-2410,Common,6
2251,E9-Q-2411,Common,7
2251,E9-Q-2412,Common,8
2251,E9-Q-2413,Common,9
2251,E9-Q-2414,Common,10
2251,E9-Q-2415,Common,11
2251,E9-Q-2416,Common,12
2251,E9-Q-2417,Common,13
2251,E9-Q-2418,Common,14
2251,E9-Q-2419,Common,15
2251,E9-Q-2420,Common,16
2251,E9-Q-2421,Common,17
2251,E9-Q-2422,Common,18
2251,E9-Q-2423,Common,19
2251,E9-Q-2424,Common,20
2251,E9-Q-2425,Common,21
2251,E9-Q-2426,Common,22
2251,E9-Q-2427,Common,23
2251,E9-Q-2428,Common,24
2251,E9-Q-2429,Common,25
2251,E9-Q-2430,Common,26
2251,E9-Q-2431,Common,27
2251,E9-Q-2432,Common,28
2251,E9-Q-2433,Common,29
2251,E9-Q-2434,Common,30
2251,E9-Q-2435,Common,31
2251,E9-Q-2436,Common,32
2251,E9-Q-2437,Common,33
2251,E9-Q-2438,Common,34
2251,E9-Q-2439,Common,35
2251,E9-Q-2440,Common,36
2311,E9-Q-0707,Exact,1
2311,E9-Q-0708,Exact,2
2311,E9-Q-0709,Exact,3
2311,E9-Q-0710,Exact,4
2311,E9-Q-0711,Exact,5
2311,E9-Q-2410,Common,6
2311,E9-Q-2411,Common,7
2311,E9-Q-2412,Common,8
2311,E9-Q-2413,Common,9
2311,E9-Q-2414,Common,10
2311,E9-Q-2415,Common,11
2311,E9-Q-2416,Common,12
2311,E9-Q-2417,Common,13
2311,E9-Q-2418,Common,14
2311,E9-Q-2419,Common,15
2311,E9-Q-2420,Common,16
2311,E9-Q-2421,Common,17
2311,E9-Q-2422,Common,18
2311,E9-Q-2423,Common,19
2311,E9-Q-2424,Common,20
2311,E9-Q-2425,Common,21
2311,E9-Q-2426,Common,22
2311,E9-Q-2427,Common,23
2311,E9-Q-2428,Common,24
2311,E9-Q-2429,Common,25
2311,E9-Q-2430,Common,26
2311,E9-Q-2431,Common,27
2311,E9-Q-2432,Common,28
2311,E9-Q-2433,Common,29
2311,E9-Q-2434,Common,30
2311,E9-Q-2435,Common,31
2311,E9-Q-2436,Common,32
2311,E9-Q-2437,Common,33
2311,E9-Q-2438,Common,34
2311,E9-Q-2439,Common,35
2311,E9-Q-2440,Common,36
2321,E9-Q-0712,Exact,1
2321,E9-Q-0713,Exact,2
2321,E9-Q-0714,Exact,3
2321,E9-Q-0715,Exact,4
2321,E9-Q-0716,Exact,5
2321,E9-Q-2410,Common,6
2321,E9-Q-2411,Common,7
2321,E9-Q-2412,Common,8
2321,E9-Q-2413,Common,9
2321,E9-Q-2414,Common,10
2321,E9-Q-2415,Common,11
2321,E9-Q-2416,Common,12
2321,E9-Q-2417,Common,13
2321,E9-Q-2418,Common,14
2321,E9-Q-2419,Common,15
2321,E9-Q-2420,Common,16
2321,E9-Q-2421,Common,17
2321,E9-Q-2422,Common,18
2321,E9-Q-2423,Common,19
2321,E9-Q-2424,Common,20
2321,E9-Q-2425,Common,21
2321,E9-Q-2426,Common,22
2321,E9-Q-2427,Common,23
2321,E9-Q-2428,Common,24
2321,E9-Q-2429,Common,25
2321,E9-Q-2430,Common,26
2321,E9-Q-2431,Common,27
2321,E9-Q-2432,Common,28
2321,E9-Q-2433,Common,29
2321,E9-Q-2434,Common,30
2321,E9-Q-2435,Common,31
2321,E9-Q-2436,Common,32
2321,E9-Q-2437,Common,33
2321,E9-Q-2438,Common,34
2321,E9-Q-2439,Common,35
2321,E9-Q-2440,Common,36
2331,E9-Q-0717,Exact,1
2331,E9-Q-0718,Exact,2
2331,E9-Q-0719,Exact,3
2331,E9-Q-0720,Exact,4
2331,E9-Q-0721,Exact,5
2331,E9-Q-2410,Common,6
2331,E9-Q-2411,Common,7
2331,E9-Q-2412,Common,8
2331,E9-Q-2413,Common,9
2331,E9-Q-2414,Common,10
2331,E9-Q-2415,Common,11
2331,E9-Q-2416,Common,12
2331,E9-Q-2417,Common,13
2331,E9-Q-2418,Common,14
2331,E9-Q-2419,Common,15
2331,E9-Q-2420,Common,16
2331,E9-Q-2421,Common,17
2331,E9-Q-2422,Common,18
2331,E9-Q-2423,Common,19
2331,E9-Q-2424,Common,20
2331,E9-Q-2425,Common,21
2331,E9-Q-2426,Common,22
2331,E9-Q-2427,Common,23
2331,E9-Q-2428,Common,24
2331,E9-Q-2429,Common,25
2331,E9-Q-2430,Common,26
2331,E9-Q-2431,Common,27
2331,E9-Q-2432,Common,28
2331,E9-Q-2433,Common,29
2331,E9-Q-2434,Common,30
2331,E9-Q-2435,Common,31
2331,E9-Q-2436,Common,32
2331,E9-Q-2437,Common,33
2331,E9-Q-2438,Common,34
2331,E9-Q-2439,Common,35
2331,E9-Q-2440,Common,36
2351,E9-Q-0722,Exact,1
2351,E9-Q-0723,Exact,2
2351,E9-Q-0724,Exact,3
2351,E9-Q-0725,Exact,4
2351,E9-Q-0726,Exact,5
2351,E9-Q-2410,Common,6
2351,E9-Q-2411,Common,7
2351,E9-Q-2412,Common,8
2351,E9-Q-2413,Common,9
2351,E9-Q-2414,Common,10
2351,E9-Q-2415,Common,11
2351,E9-Q-2416,Common,12
2351,E9-Q-2417,Common,13
2351,E9-Q-2418,Common,14
2351,E9-Q-2419,Common,15
2351,E9-Q-2420,Common,16
2351,E9-Q-2421,Common,17
2351,E9-Q-2422,Common,18
2351,E9-Q-2423,Common,19
2351,E9-Q-2424,Common,20
2351,E9-Q-2425,Common,21
2351,E9-Q-2426,Common,22
2351,E9-Q-2427,Common,23
2351,E9-Q-2428,Common,24
2351,E9-Q-2429,Common,25
2351,E9-Q-2430,Common,26
2351,E9-Q-2431,Common,27
2351,E9-Q-2432,Common,28
2351,E9-Q-2433,Common,29
2351,E9-Q-2434,Common,30
2351,E9-Q-2435,Common,31
2351,E9-Q-2436,Common,32
2351,E9-Q-2437,Common,33
2351,E9-Q-2438,Common,34
2351,E9-Q-2439,Common,35
2351,E9-Q-2440,Common,36
2352,E9-Q-0727,Exact,1
2352,E9-Q-0728,Exact,2
2352,E9-Q-0729,Exact,3
2352,E9-Q-0730,Exact,4
2352,E9-Q-0731,Exact,5
2352,E9-Q-2410,Common,6
2352,E9-Q-2411,Common,7
2352,E9-Q-2412,Common,8
2352,E9-Q-2413,Common,9
2352,E9-Q-2414,Common,10
2352,E9-Q-2415,Common,11
2352,E9-Q-2416,Common,12
2352,E9-Q-2417,Common,13
2352,E9-Q-2418,Common,14
2352,E9-Q-2419,Common,15
2352,E9-Q-2420,Common,16
2352,E9-Q-2421,Common,17
2352,E9-Q-2422,Common,18
2352,E9-Q-2423,Common,19
2352,E9-Q-2424,Common,20
2352,E9-Q-2425,Common,21
2352,E9-Q-2426,Common,22
2352,E9-Q-2427,Common,23
2352,E9-Q-2428,Common,24
2352,E9-Q-2429,Common,25
2352,E9-Q-2430,Common,26
2352,E9-Q-2431,Common,27
2352,E9-Q-2432,Common,28
2352,E9-Q-2433,Common,29
2352,E9-Q-2434,Common,30
2352,E9-Q-2435,Common,31
2352,E9-Q-2436,Common,32
2352,E9-Q-2437,Common,33
2352,E9-Q-2438,Common,34
2352,E9-Q-2439,Common,35
2352,E9-Q-2440,Common,36
2353,E9-Q-0732,Exact,1
2353,E9-Q-0733,Exact,2
2353,E9-Q-0734,Exact,3
2353,E9-Q-0735,Exact,4
2353,E9-Q-0736,Exact,5
2353,E9-Q-2410,Common,6
2353,E9-Q-2411,Common,7
2353,E9-Q-2412,Common,8
2353,E9-Q-2413,Common,9
2353,E9-Q-2414,Common,10
2353,E9-Q-2415,Common,11
2353,E9-Q-2416,Common,12
2353,E9-Q-2417,Common,13
2353,E9-Q-2418,Common,14
2353,E9-Q-2419,Common,15
2353,E9-Q-2420,Common,16
2353,E9-Q-2421,Common,17
2353,E9-Q-2422,Common,18
2353,E9-Q-2423,Common,19
2353,E9-Q-2424,Common,20
2353,E9-Q-2425,Common,21
2353,E9-Q-2426,Common,22
2353,E9-Q-2427,Common,23
2353,E9-Q-2428,Common,24
2353,E9-Q-2429,Common,25
2353,E9-Q-2430,Common,26
2353,E9-Q-2431,Common,27
2353,E9-Q-2432,Common,28
2353,E9-Q-2433,Common,29
2353,E9-Q-2434,Common,30
2353,E9-Q-2435,Common,31
2353,E9-Q-2436,Common,32
2353,E9-Q-2437,Common,33
2353,E9-Q-2438,Common,34
2353,E9-Q-2439,Common,35
2353,E9-Q-2440,Common,36
2361,E9-Q-0737,Exact,1
2361,E9-Q-0738,Exact,2
2361,E9-Q-0739,Exact,3
2361,E9-Q-0740,Exact,4
2361,E9-Q-0741,Exact,5
2361,E9-Q-2410,Common,6
2361,E9-Q-2411,Common,7
2361,E9-Q-2412,Common,8
2361,E9-Q-2413,Common,9
2361,E9-Q-2414,Common,10
2361,E9-Q-2415,Common,11
2361,E9-Q-2416,Common,12
2361,E9-Q-2417,Common,13
2361,E9-Q-2418,Common,14
2361,E9-Q-2419,Common,15
2361,E9-Q-2420,Common,16
2361,E9-Q-2421,Common,17
2361,E9-Q-2422,Common,18
2361,E9-Q-2423,Common,19
2361,E9-Q-2424,Common,20
2361,E9-Q-2425,Common,21
2361,E9-Q-2426,Common,22
2361,E9-Q-2427,Common,23
2361,E9-Q-2428,Common,24
2361,E9-Q-2429,Common,25
2361,E9-Q-2430,Common,26
2361,E9-Q-2431,Common,27
2361,E9-Q-2432,Common,28
2361,E9-Q-2433,Common,29
2361,E9-Q-2434,Common,30
2361,E9-Q-2435,Common,31
2361,E9-Q-2436,Common,32
2361,E9-Q-2437,Common,33
2361,E9-Q-2438,Common,34
2361,E9-Q-2439,Common,35
2361,E9-Q-2440,Common,36
2371,E9-Q-0742,Exact,1
2371,E9-Q-0743,Exact,2
2371,E9-Q-0744,Exact,3
2371,E9-Q-0745,Exact,4
2371,E9-Q-0746,Exact,5
2371,E9-Q-2410,Common,6
2371,E9-Q-2411,Common,7
2371,E9-Q-2412,Common,8
2371,E9-Q-2413,Common,9
2371,E9-Q-2414,Common,10
2371,E9-Q-2415,Common,11
2371,E9-Q-2416,Common,12
2371,E9-Q-2417,Common,13
2371,E9-Q-2418,Common,14
2371,E9-Q-2419,Common,15
2371,E9-Q-2420,Common,16
2371,E9-Q-2421,Common,17
2371,E9-Q-2422,Common,18
2371,E9-Q-2423,Common,19
2371,E9-Q-2424,Common,20
2371,E9-Q-2425,Common,21
2371,E9-Q-2426,Common,22
2371,E9-Q-2427,Common,23
2371,E9-Q-2428,Common,24
2371,E9-Q-2429,Common,25
2371,E9-Q-2430,Common,26
2371,E9-Q-2431,Common,27
2371,E9-Q-2432,Common,28
2371,E9-Q-2433,Common,29
2371,E9-Q-2434,Common,30
2371,E9-Q-2435,Common,31
2371,E9-Q-2436,Common,32
2371,E9-Q-2437,Common,33
2371,E9-Q-2438,Common,34
2371,E9-Q-2439,Common,35
2371,E9-Q-2440,Common,36
2381,E9-Q-0747,Exact,1
2381,E9-Q-0748,Exact,2
2381,E9-Q-0749,Exact,3
2381,E9-Q-0750,Exact,4
2381,E9-Q-0751,Exact,5
2381,E9-Q-2410,Common,6
2381,E9-Q-2411,Common,7
2381,E9-Q-2412,Common,8
2381,E9-Q-2413,Common,9
2381,E9-Q-2414,Common,10
2381,E9-Q-2415,Common,11
2381,E9-Q-2416,Common,12
2381,E9-Q-2417,Common,13
2381,E9-Q-2418,Common,14
2381,E9-Q-2419,Common,15
2381,E9-Q-2420,Common,16
2381,E9-Q-2421,Common,17
2381,E9-Q-2422,Common,18
2381,E9-Q-2423,Common,19
2381,E9-Q-2424,Common,20
2381,E9-Q-2425,Common,21
2381,E9-Q-2426,Common,22
2381,E9-Q-2427,Common,23
2381,E9-Q-2428,Common,24
2381,E9-Q-2429,Common,25
2381,E9-Q-2430,Common,26
2381,E9-Q-2431,Common,27
2381,E9-Q-2432,Common,28
2381,E9-Q-2433,Common,29
2381,E9-Q-2434,Common,30
2381,E9-Q-2435,Common,31
2381,E9-Q-2436,Common,32
2381,E9-Q-2437,Common,33
2381,E9-Q-2438,Common,34
2381,E9-Q-2439,Common,35
2381,E9-Q-2440,Common,36
2391,E9-Q-0752,Exact,1
2391,E9-Q-0753,Exact,2
2391,E9-Q-0754,Exact,3
2391,E9-Q-0755,Exact,4
2391,E9-Q-0756,Exact,5
2391,E9-Q-2410,Common,6
2391,E9-Q-2411,Common,7
2391,E9-Q-2412,Common,8
2391,E9-Q-2413,Common,9
2391,E9-Q-2414,Common,10
2391,E9-Q-2415,Common,11
2391,E9-Q-2416,Common,12
2391,E9-Q-2417,Common,13
2391,E9-Q-2418,Common,14
2391,E9-Q-2419,Common,15
2391,E9-Q-2420,Common,16
2391,E9-Q-2421,Common,17
2391,E9-Q-2422,Common,18
2391,E9-Q-2423,Common,19
2391,E9-Q-2424,Common,20
2391,E9-Q-2425,Common,21
2391,E9-Q-2426,Common,22
2391,E9-Q-2427,Common,23
2391,E9-Q-2428,Common,24
2391,E9-Q-2429,Common,25
2391,E9-Q-2430,Common,26
2391,E9-Q-2431,Common,27
2391,E9-Q-2432,Common,28
2391,E9-Q-2433,Common,29
2391,E9-Q-2434,Common,30
2391,E9-Q-2435,Common,31
2391,E9-Q-2436,Common,32
2391,E9-Q-2437,Common,33
2391,E9-Q-2438,Common,34
2391,E9-Q-2439,Common,35
2391,E9-Q-2440,Common,36
2392,E9-Q-0757,Exact,1
2392,E9-Q-0758,Exact,2
2392,E9-Q-0759,Exact,3
2392,E9-Q-0760,Exact,4
2392,E9-Q-0761,Exact,5
2392,E9-Q-2410,Common,6
2392,E9-Q-2411,Common,7
2392,E9-Q-2412,Common,8
2392,E9-Q-2413,Common,9
2392,E9-Q-2414,Common,10
2392,E9-Q-2415,Common,11
2392,E9-Q-2416,Common,12
2392,E9-Q-2417,Common,13
2392,E9-Q-2418,Common,14
2392,E9-Q-2419,Common,15
2392,E9-Q-2420,Common,16
2392,E9-Q-2421,Common,17
2392,E9-Q-2422,Common,18
2392,E9-Q-2423,Common,19
2392,E9-Q-2424,Common,20
2392,E9-Q-2425,Common,21
2392,E9-Q-2426,Common,22
2392,E9-Q-2427,Common,23
2392,E9-Q-2428,Common,24
2392,E9-Q-2429,Common,25
2392,E9-Q-2430,Common,26
2392,E9-Q-2431,Common,27
2392,E9-Q-2432,Common,28
2392,E9-Q-2433,Common,29
2392,E9-Q-2434,Common,30
2392,E9-Q-2435,Common,31
2392,E9-Q-2436,Common,32
2392,E9-Q-2437,Common,33
2392,E9-Q-2438,Common,34
2392,E9-Q-2439,Common,35
2392,E9-Q-2440,Common,36
2393,E9-Q-0762,Exact,1
2393,E9-Q-0763,Exact,2
2393,E9-Q-0764,Exact,3
2393,E9-Q-0765,Exact,4
2393,E9-Q-0766,Exact,5
2393,E9-Q-2410,Common,6
2393,E9-Q-2411,Common,7
2393,E9-Q-2412,Common,8
2393,E9-Q-2413,Common,9
2393,E9-Q-2414,Common,10
2393,E9-Q-2415,Common,11
2393,E9-Q-2416,Common,12
2393,E9-Q-2417,Common,13
2393,E9-Q-2418,Common,14
2393,E9-Q-2419,Common,15
2393,E9-Q-2420,Common,16
2393,E9-Q-2421,Common,17
2393,E9-Q-2422,Common,18
2393,E9-Q-2423,Common,19
2393,E9-Q-2424,Common,20
2393,E9-Q-2425,Common,21
2393,E9-Q-2426,Common,22
2393,E9-Q-2427,Common,23
2393,E9-Q-2428,Common,24
2393,E9-Q-2429,Common,25
2393,E9-Q-2430,Common,26
2393,E9-Q-2431,Common,27
2393,E9-Q-2432,Common,28
2393,E9-Q-2433,Common,29
2393,E9-Q-2434,Common,30
2393,E9-Q-2435,Common,31
2393,E9-Q-2436,Common,32
2393,E9-Q-2437,Common,33
2393,E9-Q-2438,Common,34
2393,E9-Q-2439,Common,35
2393,E9-Q-2440,Common,36
2399,E9-Q-0767,Exact,1
2399,E9-Q-0768,Exact,2
2399,E9-Q-0769,Exact,3
2399,E9-Q-0770,Exact,4
2399,E9-Q-0771,Exact,5
2399,E9-Q-2410,Common,6
2399,E9-Q-2411,Common,7
2399,E9-Q-2412,Common,8
2399,E9-Q-2413,Common,9
2399,E9-Q-2414,Common,10
2399,E9-Q-2415,Common,11
2399,E9-Q-2416,Common,12
2399,E9-Q-2417,Common,13
2399,E9-Q-2418,Common,14
2399,E9-Q-2419,Common,15
2399,E9-Q-2420,Common,16
2399,E9-Q-2421,Common,17
2399,E9-Q-2422,Common,18
2399,E9-Q-2423,Common,19
2399,E9-Q-2424,Common,20
2399,E9-Q-2425,Common,21
2399,E9-Q-2426,Common,22
2399,E9-Q-2427,Common,23
2399,E9-Q-2428,Common,24
2399,E9-Q-2429,Common,25
2399,E9-Q-2430,Common,26
2399,E9-Q-2431,Common,27
2399,E9-Q-2432,Common,28
2399,E9-Q-2433,Common,29
2399,E9-Q-2434,Common,30
2399,E9-Q-2435,Common,31
2399,E9-Q-2436,Common,32
2399,E9-Q-2437,Common,33
2399,E9-Q-2438,Common,34
2399,E9-Q-2439,Common,35
2399,E9-Q-2440,Common,36
2541,E9-Q-0772,Exact,1
2541,E9-Q-0773,Exact,2
2541,E9-Q-0774,Exact,3
2541,E9-Q-0775,Exact,4
2541,E9-Q-0776,Exact,5
2541,E9-Q-2410,Common,6
2541,E9-Q-2411,Common,7
2541,E9-Q-2412,Common,8
2541,E9-Q-2413,Common,9
2541,E9-Q-2414,Common,10
2541,E9-Q-2415,Common,11
2541,E9-Q-2416,Common,12
2541,E9-Q-2417,Common,13
2541,E9-Q-2418,Common,14
2541,E9-Q-2419,Common,15
2541,E9-Q-2420,Common,16
2541,E9-Q-2421,Common,17
2541,E9-Q-2422,Common,18
2541,E9-Q-2423,Common,19
2541,E9-Q-2424,Common,20
2541,E9-Q-2425,Common,21
2541,E9-Q-2426,Common,22
2541,E9-Q-2427,Common,23
2541,E9-Q-2428,Common,24
2541,E9-Q-2429,Common,25
2541,E9-Q-2430,Common,26
2541,E9-Q-2431,Common,27
2541,E9-Q-2432,Common,28
2541,E9-Q-2433,Common,29
2541,E9-Q-2434,Common,30
2541,E9-Q-2435,Common,31
2541,E9-Q-2436,Common,32
2541,E9-Q-2437,Common,33
2541,E9-Q-2438,Common,34
2541,E9-Q-2439,Common,35
2541,E9-Q-2440,Common,36
2542,E9-Q-0777,Exact,1
2542,E9-Q-0778,Exact,2
2542,E9-Q-0779,Exact,3
2542,E9-Q-0780,Exact,4
2542,E9-Q-0781,Exact,5
2542,E9-Q-2410,Common,6
2542,E9-Q-2411,Common,7
2542,E9-Q-2412,Common,8
2542,E9-Q-2413,Common,9
2542,E9-Q-2414,Common,10
2542,E9-Q-2415,Common,11
2542,E9-Q-2416,Common,12
2542,E9-Q-2417,Common,13
2542,E9-Q-2418,Common,14
2542,E9-Q-2419,Common,15
2542,E9-Q-2420,Common,16
2542,E9-Q-2421,Common,17
2542,E9-Q-2422,Common,18
2542,E9-Q-2423,Common,19
2542,E9-Q-2424,Common,20
2542,E9-Q-2425,Common,21
2542,E9-Q-2426,Common,22
2542,E9-Q-2427,Common,23
2542,E9-Q-2428,Common,24
2542,E9-Q-2429,Common,25
2542,E9-Q-2430,Common,26
2542,E9-Q-2431,Common,27
2542,E9-Q-2432,Common,28
2542,E9-Q-2433,Common,29
2542,E9-Q-2434,Common,30
2542,E9-Q-2435,Common,31
2542,E9-Q-2436,Common,32
2542,E9-Q-2437,Common,33
2542,E9-Q-2438,Common,34
2542,E9-Q-2439,Common,35
2542,E9-Q-2440,Common,36
2543,E9-Q-0782,Exact,1
2543,E9-Q-0783,Exact,2
2543,E9-Q-0784,Exact,3
2543,E9-Q-0785,Exact,4
2543,E9-Q-0786,Exact,5
2543,E9-Q-2410,Common,6
2543,E9-Q-2411,Common,7
2543,E9-Q-2412,Common,8
2543,E9-Q-2413,Common,9
2543,E9-Q-2414,Common,10
2543,E9-Q-2415,Common,11
2543,E9-Q-2416,Common,12
2543,E9-Q-2417,Common,13
2543,E9-Q-2418,Common,14
2543,E9-Q-2419,Common,15
2543,E9-Q-2420,Common,16
2543,E9-Q-2421,Common,17
2543,E9-Q-2422,Common,18
2543,E9-Q-2423,Common,19
2543,E9-Q-2424,Common,20
2543,E9-Q-2425,Common,21
2543,E9-Q-2426,Common,22
2543,E9-Q-2427,Common,23
2543,E9-Q-2428,Common,24
2543,E9-Q-2429,Common,25
2543,E9-Q-2430,Common,26
2543,E9-Q-2431,Common,27
2543,E9-Q-2432,Common,28
2543,E9-Q-2433,Common,29
2543,E9-Q-2434,Common,30
2543,E9-Q-2435,Common,31
2543,E9-Q-2436,Common,32
2543,E9-Q-2437,Common,33
2543,E9-Q-2438,Common,34
2543,E9-Q-2439,Common,35
2543,E9-Q-2440,Common,36
2611,E9-Q-0787,Exact,1
2611,E9-Q-0788,Exact,2
2611,E9-Q-0789,Exact,3
2611,E9-Q-0790,Exact,4
2611,E9-Q-0791,Exact,5
2611,E9-Q-2410,Common,6
2611,E9-Q-2411,Common,7
2611,E9-Q-2412,Common,8
2611,E9-Q-2413,Common,9
2611,E9-Q-2414,Common,10
2611,E9-Q-2415,Common,11
2611,E9-Q-2416,Common,12
2611,E9-Q-2417,Common,13
2611,E9-Q-2418,Common,14
2611,E9-Q-2419,Common,15
2611,E9-Q-2420,Common,16
2611,E9-Q-2421,Common,17
2611,E9-Q-2422,Common,18
2611,E9-Q-2423,Common,19
2611,E9-Q-2424,Common,20
2611,E9-Q-2425,Common,21
2611,E9-Q-2426,Common,22
2611,E9-Q-2427,Common,23
2611,E9-Q-2428,Common,24
2611,E9-Q-2429,Common,25
2611,E9-Q-2430,Common,26
2611,E9-Q-2431,Common,27
2611,E9-Q-2432,Common,28
2611,E9-Q-2433,Common,29
2611,E9-Q-2434,Common,30
2611,E9-Q-2435,Common,31
2611,E9-Q-2436,Common,32
2611,E9-Q-2437,Common,33
2611,E9-Q-2438,Common,34
2611,E9-Q-2439,Common,35
2611,E9-Q-2440,Common,36
2612,E9-Q-0792,Exact,1
2612,E9-Q-0793,Exact,2
2612,E9-Q-0794,Exact,3
2612,E9-Q-0795,Exact,4
2612,E9-Q-0796,Exact,5
2612,E9-Q-2410,Common,6
2612,E9-Q-2411,Common,7
2612,E9-Q-2412,Common,8
2612,E9-Q-2413,Common,9
2612,E9-Q-2414,Common,10
2612,E9-Q-2415,Common,11
2612,E9-Q-2416,Common,12
2612,E9-Q-2417,Common,13
2612,E9-Q-2418,Common,14
2612,E9-Q-2419,Common,15
2612,E9-Q-2420,Common,16
2612,E9-Q-2421,Common,17
2612,E9-Q-2422,Common,18
2612,E9-Q-2423,Common,19
2612,E9-Q-2424,Common,20
2612,E9-Q-2425,Common,21
2612,E9-Q-2426,Common,22
2612,E9-Q-2427,Common,23
2612,E9-Q-2428,Common,24
2612,E9-Q-2429,Common,25
2612,E9-Q-2430,Common,26
2612,E9-Q-2431,Common,27
2612,E9-Q-2432,Common,28
2612,E9-Q-2433,Common,29
2612,E9-Q-2434,Common,30
2612,E9-Q-2435,Common,31
2612,E9-Q-2436,Common,32
2612,E9-Q-2437,Common,33
2612,E9-Q-2438,Common,34
2612,E9-Q-2439,Common,35
2612,E9-Q-2440,Common,36
2711,E9-Q-0797,Exact,1
2711,E9-Q-0798,Exact,2
2711,E9-Q-0799,Exact,3
2711,E9-Q-0800,Exact,4
2711,E9-Q-0801,Exact,5
2711,E9-Q-2410,Common,6
2711,E9-Q-2411,Common,7
2711,E9-Q-2412,Common,8
2711,E9-Q-2413,Common,9
2711,E9-Q-2414,Common,10
2711,E9-Q-2415,Common,11
2711,E9-Q-2416,Common,12
2711,E9-Q-2417,Common,13
2711,E9-Q-2418,Common,14
2711,E9-Q-2419,Common,15
2711,E9-Q-2420,Common,16
2711,E9-Q-2421,Common,17
2711,E9-Q-2422,Common,18
2711,E9-Q-2423,Common,19
2711,E9-Q-2424,Common,20
2711,E9-Q-2425,Common,21
2711,E9-Q-2426,Common,22
2711,E9-Q-2427,Common,23
2711,E9-Q-2428,Common,24
2711,E9-Q-2429,Common,25
2711,E9-Q-2430,Common,26
2711,E9-Q-2431,Common,27
2711,E9-Q-2432,Common,28
2711,E9-Q-2433,Common,29
2711,E9-Q-2434,Common,30
2711,E9-Q-2435,Common,31
2711,E9-Q-2436,Common,32
2711,E9-Q-2437,Common,33
2711,E9-Q-2438,Common,34
2711,E9-Q-2439,Common,35
2711,E9-Q-2440,Common,36
2712,E9-Q-0802,Exact,1
2712,E9-Q-0803,Exact,2
2712,E9-Q-0804,Exact,3
2712,E9-Q-0805,Exact,4
2712,E9-Q-0806,Exact,5
2712,E9-Q-2410,Common,6
2712,E9-Q-2411,Common,7
2712,E9-Q-2412,Common,8
2712,E9-Q-2413,Common,9
2712,E9-Q-2414,Common,10
2712,E9-Q-2415,Common,11
2712,E9-Q-2416,Common,12
2712,E9-Q-2417,Common,13
2712,E9-Q-2418,Common,14
2712,E9-Q-2419,Common,15
2712,E9-Q-2420,Common,16
2712,E9-Q-2421,Common,17
2712,E9-Q-2422,Common,18
2712,E9-Q-2423,Common,19
2712,E9-Q-2424,Common,20
2712,E9-Q-2425,Common,21
2712,E9-Q-2426,Common,22
2712,E9-Q-2427,Common,23
2712,E9-Q-2428,Common,24
2712,E9-Q-2429,Common,25
2712,E9-Q-2430,Common,26
2712,E9-Q-2431,Common,27
2712,E9-Q-2432,Common,28
2712,E9-Q-2433,Common,29
2712,E9-Q-2434,Common,30
2712,E9-Q-2435,Common,31
2712,E9-Q-2436,Common,32
2712,E9-Q-2437,Common,33
2712,E9-Q-2438,Common,34
2712,E9-Q-2439,Common,35
2712,E9-Q-2440,Common,36
2811,E9-Q-0807,Exact,1
2811,E9-Q-0808,Exact,2
2811,E9-Q-0809,Exact,3
2811,E9-Q-0810,Exact,4
2811,E9-Q-0811,Exact,5
2811,E9-Q-2410,Common,6
2811,E9-Q-2411,Common,7
2811,E9-Q-2412,Common,8
2811,E9-Q-2413,Common,9
2811,E9-Q-2414,Common,10
2811,E9-Q-2415,Common,11
2811,E9-Q-2416,Common,12
2811,E9-Q-2417,Common,13
2811,E9-Q-2418,Common,14
2811,E9-Q-2419,Common,15
2811,E9-Q-2420,Common,16
2811,E9-Q-2421,Common,17
2811,E9-Q-2422,Common,18
2811,E9-Q-2423,Common,19
2811,E9-Q-2424,Common,20
2811,E9-Q-2425,Common,21
2811,E9-Q-2426,Common,22
2811,E9-Q-2427,Common,23
2811,E9-Q-2428,Common,24
2811,E9-Q-2429,Common,25
2811,E9-Q-2430,Common,26
2811,E9-Q-2431,Common,27
2811,E9-Q-2432,Common,28
2811,E9-Q-2433,Common,29
2811,E9-Q-2434,Common,30
2811,E9-Q-2435,Common,31
2811,E9-Q-2436,Common,32
2811,E9-Q-2437,Common,33
2811,E9-Q-2438,Common,34
2811,E9-Q-2439,Common,35
2811,E9-Q-2440,Common,36
2812,E9-Q-0812,Exact,1
2812,E9-Q-0813,Exact,2
2812,E9-Q-0814,Exact,3
2812,E9-Q-0815,Exact,4
2812,E9-Q-0816,Exact,5
2812,E9-Q-2410,Common,6
2812,E9-Q-2411,Common,7
2812,E9-Q-2412,Common,8
2812,E9-Q-2413,Common,9
2812,E9-Q-2414,Common,10
2812,E9-Q-2415,Common,11
2812,E9-Q-2416,Common,12
2812,E9-Q-2417,Common,13
2812,E9-Q-2418,Common,14
2812,E9-Q-2419,Common,15
2812,E9-Q-2420,Common,16
2812,E9-Q-2421,Common,17
2812,E9-Q-2422,Common,18
2812,E9-Q-2423,Common,19
2812,E9-Q-2424,Common,20
2812,E9-Q-2425,Common,21
2812,E9-Q-2426,Common,22
2812,E9-Q-2427,Common,23
2812,E9-Q-2428,Common,24
2812,E9-Q-2429,Common,25
2812,E9-Q-2430,Common,26
2812,E9-Q-2431,Common,27
2812,E9-Q-2432,Common,28
2812,E9-Q-2433,Common,29
2812,E9-Q-2434,Common,30
2812,E9-Q-2435,Common,31
2812,E9-Q-2436,Common,32
2812,E9-Q-2437,Common,33
2812,E9-Q-2438,Common,34
2812,E9-Q-2439,Common,35
2812,E9-Q-2440,Common,36
2821,E9-Q-0817,Exact,1
2821,E9-Q-0818,Exact,2
2821,E9-Q-0819,Exact,3
2821,E9-Q-0820,Exact,4
2821,E9-Q-0821,Exact,5
2821,E9-Q-2410,Common,6
2821,E9-Q-2411,Common,7
2821,E9-Q-2412,Common,8
2821,E9-Q-2413,Common,9
2821,E9-Q-2414,Common,10
2821,E9-Q-2415,Common,11
2821,E9-Q-2416,Common,12
2821,E9-Q-2417,Common,13
2821,E9-Q-2418,Common,14
2821,E9-Q-2419,Common,15
2821,E9-Q-2420,Common,16
2821,E9-Q-2421,Common,17
2821,E9-Q-2422,Common,18
2821,E9-Q-2423,Common,19
2821,E9-Q-2424,Common,20
2821,E9-Q-2425,Common,21
2821,E9-Q-2426,Common,22
2821,E9-Q-2427,Common,23
2821,E9-Q-2428,Common,24
2821,E9-Q-2429,Common,25
2821,E9-Q-2430,Common,26
2821,E9-Q-2431,Common,27
2821,E9-Q-2432,Common,28
2821,E9-Q-2433,Common,29
2821,E9-Q-2434,Common,30
2821,E9-Q-2435,Common,31
2821,E9-Q-2436,Common,32
2821,E9-Q-2437,Common,33
2821,E9-Q-2438,Common,34
2821,E9-Q-2439,Common,35
2821,E9-Q-2440,Common,36
2822,E9-Q-0822,Exact,1
2822,E9-Q-0823,Exact,2
2822,E9-Q-0824,Exact,3
2822,E9-Q-0825,Exact,4
2822,E9-Q-0826,Exact,5
2822,E9-Q-2410,Common,6
2822,E9-Q-2411,Common,7
2822,E9-Q-2412,Common,8
2822,E9-Q-2413,Common,9
2822,E9-Q-2414,Common,10
2822,E9-Q-2415,Common,11
2822,E9-Q-2416,Common,12
2822,E9-Q-2417,Common,13
2822,E9-Q-2418,Common,14
2822,E9-Q-2419,Common,15
2822,E9-Q-2420,Common,16
2822,E9-Q-2421,Common,17
2822,E9-Q-2422,Common,18
2822,E9-Q-2423,Common,19
2822,E9-Q-2424,Common,20
2822,E9-Q-2425,Common,21
2822,E9-Q-2426,Common,22
2822,E9-Q-2427,Common,23
2822,E9-Q-2428,Common,24
2822,E9-Q-2429,Common,25
2822,E9-Q-2430,Common,26
2822,E9-Q-2431,Common,27
2822,E9-Q-2432,Common,28
2822,E9-Q-2433,Common,29
2822,E9-Q-2434,Common,30
2822,E9-Q-2435,Common,31
2822,E9-Q-2436,Common,32
2822,E9-Q-2437,Common,33
2822,E9-Q-2438,Common,34
2822,E9-Q-2439,Common,35
2822,E9-Q-2440,Common,36
2823,E9-Q-0827,Exact,1
2823,E9-Q-0828,Exact,2
2823,E9-Q-0829,Exact,3
2823,E9-Q-0830,Exact,4
2823,E9-Q-0831,Exact,5
2823,E9-Q-2410,Common,6
2823,E9-Q-2411,Common,7
2823,E9-Q-2412,Common,8
2823,E9-Q-2413,Common,9
2823,E9-Q-2414,Common,10
2823,E9-Q-2415,Common,11
2823,E9-Q-2416,Common,12
2823,E9-Q-2417,Common,13
2823,E9-Q-2418,Common,14
2823,E9-Q-2419,Common,15
2823,E9-Q-2420,Common,16
2823,E9-Q-2421,Common,17
2823,E9-Q-2422,Common,18
2823,E9-Q-2423,Common,19
2823,E9-Q-2424,Common,20
2823,E9-Q-2425,Common,21
2823,E9-Q-2426,Common,22
2823,E9-Q-2427,Common,23
2823,E9-Q-2428,Common,24
2823,E9-Q-2429,Common,25
2823,E9-Q-2430,Common,26
2823,E9-Q-2431,Common,27
2823,E9-Q-2432,Common,28
2823,E9-Q-2433,Common,29
2823,E9-Q-2434,Common,30
2823,E9-Q-2435,Common,31
2823,E9-Q-2436,Common,32
2823,E9-Q-2437,Common,33
2823,E9-Q-2438,Common,34
2823,E9-Q-2439,Common,35
2823,E9-Q-2440,Common,36
2824,E9-Q-0832,Exact,1
2824,E9-Q-0833,Exact,2
2824,E9-Q-0834,Exact,3
2824,E9-Q-0835,Exact,4
2824,E9-Q-0836,Exact,5
2824,E9-Q-2410,Common,6
2824,E9-Q-2411,Common,7
2824,E9-Q-2412,Common,8
2824,E9-Q-2413,Common,9
2824,E9-Q-2414,Common,10
2824,E9-Q-2415,Common,11
2824,E9-Q-2416,Common,12
2824,E9-Q-2417,Common,13
2824,E9-Q-2418,Common,14
2824,E9-Q-2419,Common,15
2824,E9-Q-2420,Common,16
2824,E9-Q-2421,Common,17
2824,E9-Q-2422,Common,18
2824,E9-Q-2423,Common,19
2824,E9-Q-2424,Common,20
2824,E9-Q-2425,Common,21
2824,E9-Q-2426,Common,22
2824,E9-Q-2427,Common,23
2824,E9-Q-2428,Common,24
2824,E9-Q-2429,Common,25
2824,E9-Q-2430,Common,26
2824,E9-Q-2431,Common,27
2824,E9-Q-2432,Common,28
2824,E9-Q-2433,Common,29
2824,E9-Q-2434,Common,30
2824,E9-Q-2435,Common,31
2824,E9-Q-2436,Common,32
2824,E9-Q-2437,Common,33
2824,E9-Q-2438,Common,34
2824,E9-Q-2439,Common,35
2824,E9-Q-2440,Common,36
2825,E9-Q-0837,Exact,1
2825,E9-Q-0838,Exact,2
2825,E9-Q-0839,Exact,3
2825,E9-Q-0840,Exact,4
2825,E9-Q-0841,Exact,5
2825,E9-Q-2410,Common,6
2825,E9-Q-2411,Common,7
2825,E9-Q-2412,Common,8
2825,E9-Q-2413,Common,9
2825,E9-Q-2414,Common,10
2825,E9-Q-2415,Common,11
2825,E9-Q-2416,Common,12
2825,E9-Q-2417,Common,13
2825,E9-Q-2418,Common,14
2825,E9-Q-2419,Common,15
2825,E9-Q-2420,Common,16
2825,E9-Q-2421,Common,17
2825,E9-Q-2422,Common,18
2825,E9-Q-2423,Common,19
2825,E9-Q-2424,Common,20
2825,E9-Q-2425,Common,21
2825,E9-Q-2426,Common,22
2825,E9-Q-2427,Common,23
2825,E9-Q-2428,Common,24
2825,E9-Q-2429,Common,25
2825,E9-Q-2430,Common,26
2825,E9-Q-2431,Common,27
2825,E9-Q-2432,Common,28
2825,E9-Q-2433,Common,29
2825,E9-Q-2434,Common,30
2825,E9-Q-2435,Common,31
2825,E9-Q-2436,Common,32
2825,E9-Q-2437,Common,33
2825,E9-Q-2438,Common,34
2825,E9-Q-2439,Common,35
2825,E9-Q-2440,Common,36
2826,E9-Q-0842,Exact,1
2826,E9-Q-0843,Exact,2
2826,E9-Q-0844,Exact,3
2826,E9-Q-0845,Exact,4
2826,E9-Q-0846,Exact,5
2826,E9-Q-2410,Common,6
2826,E9-Q-2411,Common,7
2826,E9-Q-2412,Common,8
2826,E9-Q-2413,Common,9
2826,E9-Q-2414,Common,10
2826,E9-Q-2415,Common,11
2826,E9-Q-2416,Common,12
2826,E9-Q-2417,Common,13
2826,E9-Q-2418,Common,14
2826,E9-Q-2419,Common,15
2826,E9-Q-2420,Common,16
2826,E9-Q-2421,Common,17
2826,E9-Q-2422,Common,18
2826,E9-Q-2423,Common,19
2826,E9-Q-2424,Common,20
2826,E9-Q-2425,Common,21
2826,E9-Q-2426,Common,22
2826,E9-Q-2427,Common,23
2826,E9-Q-2428,Common,24
2826,E9-Q-2429,Common,25
2826,E9-Q-2430,Common,26
2826,E9-Q-2431,Common,27
2826,E9-Q-2432,Common,28
2826,E9-Q-2433,Common,29
2826,E9-Q-2434,Common,30
2826,E9-Q-2435,Common,31
2826,E9-Q-2436,Common,32
2826,E9-Q-2437,Common,33
2826,E9-Q-2438,Common,34
2826,E9-Q-2439,Common,35
2826,E9-Q-2440,Common,36
2831,E9-Q-0847,Exact,1
2831,E9-Q-0848,Exact,2
2831,E9-Q-0849,Exact,3
2831,E9-Q-0850,Exact,4
2831,E9-Q-0851,Exact,5
2831,E9-Q-2410,Common,6
2831,E9-Q-2411,Common,7
2831,E9-Q-2412,Common,8
2831,E9-Q-2413,Common,9
2831,E9-Q-2414,Common,10
2831,E9-Q-2415,Common,11
2831,E9-Q-2416,Common,12
2831,E9-Q-2417,Common,13
2831,E9-Q-2418,Common,14
2831,E9-Q-2419,Common,15
2831,E9-Q-2420,Common,16
2831,E9-Q-2421,Common,17
2831,E9-Q-2422,Common,18
2831,E9-Q-2423,Common,19
2831,E9-Q-2424,Common,20
2831,E9-Q-2425,Common,21
2831,E9-Q-2426,Common,22
2831,E9-Q-2427,Common,23
2831,E9-Q-2428,Common,24
2831,E9-Q-2429,Common,25
2831,E9-Q-2430,Common,26
2831,E9-Q-2431,Common,27
2831,E9-Q-2432,Common,28
2831,E9-Q-2433,Common,29
2831,E9-Q-2434,Common,30
2831,E9-Q-2435,Common,31
2831,E9-Q-2436,Common,32
2831,E9-Q-2437,Common,33
2831,E9-Q-2438,Common,34
2831,E9-Q-2439,Common,35
2831,E9-Q-2440,Common,36
2832,E9-Q-0852,Exact,1
2832,E9-Q-0853,Exact,2
2832,E9-Q-0854,Exact,3
2832,E9-Q-0855,Exact,4
2832,E9-Q-0856,Exact,5
2832,E9-Q-2410,Common,6
2832,E9-Q-2411,Common,7
2832,E9-Q-2412,Common,8
2832,E9-Q-2413,Common,9
2832,E9-Q-2414,Common,10
2832,E9-Q-2415,Common,11
2832,E9-Q-2416,Common,12
2832,E9-Q-2417,Common,13
2832,E9-Q-2418,Common,14
2832,E9-Q-2419,Common,15
2832,E9-Q-2420,Common,16
2832,E9-Q-2421,Common,17
2832,E9-Q-2422,Common,18
2832,E9-Q-2423,Common,19
2832,E9-Q-2424,Common,20
2832,E9-Q-2425,Common,21
2832,E9-Q-2426,Common,22
2832,E9-Q-2427,Common,23
2832,E9-Q-2428,Common,24
2832,E9-Q-2429,Common,25
2832,E9-Q-2430,Common,26
2832,E9-Q-2431,Common,27
2832,E9-Q-2432,Common,28
2832,E9-Q-2433,Common,29
2832,E9-Q-2434,Common,30
2832,E9-Q-2435,Common,31
2832,E9-Q-2436,Common,32
2832,E9-Q-2437,Common,33
2832,E9-Q-2438,Common,34
2832,E9-Q-2439,Common,35
2832,E9-Q-2440,Common,36
2833,E9-Q-0857,Exact,1
2833,E9-Q-0858,Exact,2
2833,E9-Q-0859,Exact,3
2833,E9-Q-0860,Exact,4
2833,E9-Q-0861,Exact,5
2833,E9-Q-2410,Common,6
2833,E9-Q-2411,Common,7
2833,E9-Q-2412,Common,8
2833,E9-Q-2413,Common,9
2833,E9-Q-2414,Common,10
2833,E9-Q-2415,Common,11
2833,E9-Q-2416,Common,12
2833,E9-Q-2417,Common,13
2833,E9-Q-2418,Common,14
2833,E9-Q-2419,Common,15
2833,E9-Q-2420,Common,16
2833,E9-Q-2421,Common,17
2833,E9-Q-2422,Common,18
2833,E9-Q-2423,Common,19
2833,E9-Q-2424,Common,20
2833,E9-Q-2425,Common,21
2833,E9-Q-2426,Common,22
2833,E9-Q-2427,Common,23
2833,E9-Q-2428,Common,24
2833,E9-Q-2429,Common,25
2833,E9-Q-2430,Common,26
2833,E9-Q-2431,Common,27
2833,E9-Q-2432,Common,28
2833,E9-Q-2433,Common,29
2833,E9-Q-2434,Common,30
2833,E9-Q-2435,Common,31
2833,E9-Q-2436,Common,32
2833,E9-Q-2437,Common,33
2833,E9-Q-2438,Common,34
2833,E9-Q-2439,Common,35
2833,E9-Q-2440,Common,36
2841,E9-Q-0862,Exact,1
2841,E9-Q-0863,Exact,2
2841,E9-Q-0864,Exact,3
2841,E9-Q-0865,Exact,4
2841,E9-Q-0866,Exact,5
2841,E9-Q-2410,Common,6
2841,E9-Q-2411,Common,7
2841,E9-Q-2412,Common,8
2841,E9-Q-2413,Common,9
2841,E9-Q-2414,Common,10
2841,E9-Q-2415,Common,11
2841,E9-Q-2416,Common,12
2841,E9-Q-2417,Common,13
2841,E9-Q-2418,Common,14
2841,E9-Q-2419,Common,15
2841,E9-Q-2420,Common,16
2841,E9-Q-2421,Common,17
2841,E9-Q-2422,Common,18
2841,E9-Q-2423,Common,19
2841,E9-Q-2424,Common,20
2841,E9-Q-2425,Common,21
2841,E9-Q-2426,Common,22
2841,E9-Q-2427,Common,23
2841,E9-Q-2428,Common,24
2841,E9-Q-2429,Common,25
2841,E9-Q-2430,Common,26
2841,E9-Q-2431,Common,27
2841,E9-Q-2432,Common,28
2841,E9-Q-2433,Common,29
2841,E9-Q-2434,Common,30
2841,E9-Q-2435,Common,31
2841,E9-Q-2436,Common,32
2841,E9-Q-2437,Common,33
2841,E9-Q-2438,Common,34
2841,E9-Q-2439,Common,35
2841,E9-Q-2440,Common,36
2842,E9-Q-0867,Exact,1
2842,E9-Q-0868,Exact,2
2842,E9-Q-0869,Exact,3
2842,E9-Q-0870,Exact,4
2842,E9-Q-0871,Exact,5
2842,E9-Q-2410,Common,6
2842,E9-Q-2411,Common,7
2842,E9-Q-2412,Common,8
2842,E9-Q-2413,Common,9
2842,E9-Q-2414,Common,10
2842,E9-Q-2415,Common,11
2842,E9-Q-2416,Common,12
2842,E9-Q-2417,Common,13
2842,E9-Q-2418,Common,14
2842,E9-Q-2419,Common,15
2842,E9-Q-2420,Common,16
2842,E9-Q-2421,Common,17
2842,E9-Q-2422,Common,18
2842,E9-Q-2423,Common,19
2842,E9-Q-2424,Common,20
2842,E9-Q-2425,Common,21
2842,E9-Q-2426,Common,22
2842,E9-Q-2427,Common,23
2842,E9-Q-2428,Common,24
2842,E9-Q-2429,Common,25
2842,E9-Q-2430,Common,26
2842,E9-Q-2431,Common,27
2842,E9-Q-2432,Common,28
2842,E9-Q-2433,Common,29
2842,E9-Q-2434,Common,30
2842,E9-Q-2435,Common,31
2842,E9-Q-2436,Common,32
2842,E9-Q-2437,Common,33
2842,E9-Q-2438,Common,34
2842,E9-Q-2439,Common,35
2842,E9-Q-2440,Common,36
2843,E9-Q-0872,Exact,1
2843,E9-Q-0873,Exact,2
2843,E9-Q-0874,Exact,3
2843,E9-Q-0875,Exact,4
2843,E9-Q-0876,Exact,5
2843,E9-Q-2410,Common,6
2843,E9-Q-2411,Common,7
2843,E9-Q-2412,Common,8
2843,E9-Q-2413,Common,9
2843,E9-Q-2414,Common,10
2843,E9-Q-2415,Common,11
2843,E9-Q-2416,Common,12
2843,E9-Q-2417,Common,13
2843,E9-Q-2418,Common,14
2843,E9-Q-2419,Common,15
2843,E9-Q-2420,Common,16
2843,E9-Q-2421,Common,17
2843,E9-Q-2422,Common,18
2843,E9-Q-2423,Common,19
2843,E9-Q-2424,Common,20
2843,E9-Q-2425,Common,21
2843,E9-Q-2426,Common,22
2843,E9-Q-2427,Common,23
2843,E9-Q-2428,Common,24
2843,E9-Q-2429,Common,25
2843,E9-Q-2430,Common,26
2843,E9-Q-2431,Common,27
2843,E9-Q-2432,Common,28
2843,E9-Q-2433,Common,29
2843,E9-Q-2434,Common,30
2843,E9-Q-2435,Common,31
2843,E9-Q-2436,Common,32
2843,E9-Q-2437,Common,33
2843,E9-Q-2438,Common,34
2843,E9-Q-2439,Common,35
2843,E9-Q-2440,Common,36
2844,E9-Q-0877,Exact,1
2844,E9-Q-0878,Exact,2
2844,E9-Q-0879,Exact,3
2844,E9-Q-0880,Exact,4
2844,E9-Q-0881,Exact,5
2844,E9-Q-2410,Common,6
2844,E9-Q-2411,Common,7
2844,E9-Q-2412,Common,8
2844,E9-Q-2413,Common,9
2844,E9-Q-2414,Common,10
2844,E9-Q-2415,Common,11
2844,E9-Q-2416,Common,12
2844,E9-Q-2417,Common,13
2844,E9-Q-2418,Common,14
2844,E9-Q-2419,Common,15
2844,E9-Q-2420,Common,16
2844,E9-Q-2421,Common,17
2844,E9-Q-2422,Common,18
2844,E9-Q-2423,Common,19
2844,E9-Q-2424,Common,20
2844,E9-Q-2425,Common,21
2844,E9-Q-2426,Common,22
2844,E9-Q-2427,Common,23
2844,E9-Q-2428,Common,24
2844,E9-Q-2429,Common,25
2844,E9-Q-2430,Common,26
2844,E9-Q-2431,Common,27
2844,E9-Q-2432,Common,28
2844,E9-Q-2433,Common,29
2844,E9-Q-2434,Common,30
2844,E9-Q-2435,Common,31
2844,E9-Q-2436,Common,32
2844,E9-Q-2437,Common,33
2844,E9-Q-2438,Common,34
2844,E9-Q-2439,Common,35
2844,E9-Q-2440,Common,36
2845,E9-Q-0882,Exact,1
2845,E9-Q-0883,Exact,2
2845,E9-Q-0884,Exact,3
2845,E9-Q-0885,Exact,4
2845,E9-Q-0886,Exact,5
2845,E9-Q-2410,Common,6
2845,E9-Q-2411,Common,7
2845,E9-Q-2412,Common,8
2845,E9-Q-2413,Common,9
2845,E9-Q-2414,Common,10
2845,E9-Q-2415,Common,11
2845,E9-Q-2416,Common,12
2845,E9-Q-2417,Common,13
2845,E9-Q-2418,Common,14
2845,E9-Q-2419,Common,15
2845,E9-Q-2420,Common,16
2845,E9-Q-2421,Common,17
2845,E9-Q-2422,Common,18
2845,E9-Q-2423,Common,19
2845,E9-Q-2424,Common,20
2845,E9-Q-2425,Common,21
2845,E9-Q-2426,Common,22
2845,E9-Q-2427,Common,23
2845,E9-Q-2428,Common,24
2845,E9-Q-2429,Common,25
2845,E9-Q-2430,Common,26
2845,E9-Q-2431,Common,27
2845,E9-Q-2432,Common,28
2845,E9-Q-2433,Common,29
2845,E9-Q-2434,Common,30
2845,E9-Q-2435,Common,31
2845,E9-Q-2436,Common,32
2845,E9-Q-2437,Common,33
2845,E9-Q-2438,Common,34
2845,E9-Q-2439,Common,35
2845,E9-Q-2440,Common,36
2846,E9-Q-0887,Exact,1
2846,E9-Q-0888,Exact,2
2846,E9-Q-0889,Exact,3
2846,E9-Q-0890,Exact,4
2846,E9-Q-0891,Exact,5
2846,E9-Q-2410,Common,6
2846,E9-Q-2411,Common,7
2846,E9-Q-2412,Common,8
2846,E9-Q-2413,Common,9
2846,E9-Q-2414,Common,10
2846,E9-Q-2415,Common,11
2846,E9-Q-2416,Common,12
2846,E9-Q-2417,Common,13
2846,E9-Q-2418,Common,14
2846,E9-Q-2419,Common,15
2846,E9-Q-2420,Common,16
2846,E9-Q-2421,Common,17
2846,E9-Q-2422,Common,18
2846,E9-Q-2423,Common,19
2846,E9-Q-2424,Common,20
2846,E9-Q-2425,Common,21
2846,E9-Q-2426,Common,22
2846,E9-Q-2427,Common,23
2846,E9-Q-2428,Common,24
2846,E9-Q-2429,Common,25
2846,E9-Q-2430,Common,26
2846,E9-Q-2431,Common,27
2846,E9-Q-2432,Common,28
2846,E9-Q-2433,Common,29
2846,E9-Q-2434,Common,30
2846,E9-Q-2435,Common,31
2846,E9-Q-2436,Common,32
2846,E9-Q-2437,Common,33
2846,E9-Q-2438,Common,34
2846,E9-Q-2439,Common,35
2846,E9-Q-2440,Common,36
2847,E9-Q-0892,Exact,1
2847,E9-Q-0893,Exact,2
2847,E9-Q-0894,Exact,3
2847,E9-Q-0895,Exact,4
2847,E9-Q-0896,Exact,5
2847,E9-Q-2410,Common,6
2847,E9-Q-2411,Common,7
2847,E9-Q-2412,Common,8
2847,E9-Q-2413,Common,9
2847,E9-Q-2414,Common,10
2847,E9-Q-2415,Common,11
2847,E9-Q-2416,Common,12
2847,E9-Q-2417,Common,13
2847,E9-Q-2418,Common,14
2847,E9-Q-2419,Common,15
2847,E9-Q-2420,Common,16
2847,E9-Q-2421,Common,17
2847,E9-Q-2422,Common,18
2847,E9-Q-2423,Common,19
2847,E9-Q-2424,Common,20
2847,E9-Q-2425,Common,21
2847,E9-Q-2426,Common,22
2847,E9-Q-2427,Common,23
2847,E9-Q-2428,Common,24
2847,E9-Q-2429,Common,25
2847,E9-Q-2430,Common,26
2847,E9-Q-2431,Common,27
2847,E9-Q-2432,Common,28
2847,E9-Q-2433,Common,29
2847,E9-Q-2434,Common,30
2847,E9-Q-2435,Common,31
2847,E9-Q-2436,Common,32
2847,E9-Q-2437,Common,33
2847,E9-Q-2438,Common,34
2847,E9-Q-2439,Common,35
2847,E9-Q-2440,Common,36
2848,E9-Q-0897,Exact,1
2848,E9-Q-0898,Exact,2
2848,E9-Q-0899,Exact,3
2848,E9-Q-0900,Exact,4
2848,E9-Q-0901,Exact,5
2848,E9-Q-2410,Common,6
2848,E9-Q-2411,Common,7
2848,E9-Q-2412,Common,8
2848,E9-Q-2413,Common,9
2848,E9-Q-2414,Common,10
2848,E9-Q-2415,Common,11
2848,E9-Q-2416,Common,12
2848,E9-Q-2417,Common,13
2848,E9-Q-2418,Common,14
2848,E9-Q-2419,Common,15
2848,E9-Q-2420,Common,16
2848,E9-Q-2421,Common,17
2848,E9-Q-2422,Common,18
2848,E9-Q-2423,Common,19
2848,E9-Q-2424,Common,20
2848,E9-Q-2425,Common,21
2848,E9-Q-2426,Common,22
2848,E9-Q-2427,Common,23
2848,E9-Q-2428,Common,24
2848,E9-Q-2429,Common,25
2848,E9-Q-2430,Common,26
2848,E9-Q-2431,Common,27
2848,E9-Q-2432,Common,28
2848,E9-Q-2433,Common,29
2848,E9-Q-2434,Common,30
2848,E9-Q-2435,Common,31
2848,E9-Q-2436,Common,32
2848,E9-Q-2437,Common,33
2848,E9-Q-2438,Common,34
2848,E9-Q-2439,Common,35
2848,E9-Q-2440,Common,36
2849,E9-Q-0902,Exact,1
2849,E9-Q-0903,Exact,2
2849,E9-Q-0904,Exact,3
2849,E9-Q-0905,Exact,4
2849,E9-Q-0906,Exact,5
2849,E9-Q-2410,Common,6
2849,E9-Q-2411,Common,7
2849,E9-Q-2412,Common,8
2849,E9-Q-2413,Common,9
2849,E9-Q-2414,Common,10
2849,E9-Q-2415,Common,11
2849,E9-Q-2416,Common,12
2849,E9-Q-2417,Common,13
2849,E9-Q-2418,Common,14
2849,E9-Q-2419,Common,15
2849,E9-Q-2420,Common,16
2849,E9-Q-2421,Common,17
2849,E9-Q-2422,Common,18
2849,E9-Q-2423,Common,19
2849,E9-Q-2424,Common,20
2849,E9-Q-2425,Common,21
2849,E9-Q-2426,Common,22
2849,E9-Q-2427,Common,23
2849,E9-Q-2428,Common,24
2849,E9-Q-2429,Common,25
2849,E9-Q-2430,Common,26
2849,E9-Q-2431,Common,27
2849,E9-Q-2432,Common,28
2849,E9-Q-2433,Common,29
2849,E9-Q-2434,Common,30
2849,E9-Q-2435,Common,31
2849,E9-Q-2436,Common,32
2849,E9-Q-2437,Common,33
2849,E9-Q-2438,Common,34
2849,E9-Q-2439,Common,35
2849,E9-Q-2440,Common,36
3121,E9-Q-0907,Exact,1
3121,E9-Q-0908,Exact,2
3121,E9-Q-0909,Exact,3
3121,E9-Q-0910,Exact,4
3121,E9-Q-0911,Exact,5
3121,E9-Q-2410,Common,6
3121,E9-Q-2411,Common,7
3121,E9-Q-2412,Common,8
3121,E9-Q-2413,Common,9
3121,E9-Q-2414,Common,10
3121,E9-Q-2415,Common,11
3121,E9-Q-2416,Common,12
3121,E9-Q-2417,Common,13
3121,E9-Q-2418,Common,14
3121,E9-Q-2419,Common,15
3121,E9-Q-2420,Common,16
3121,E9-Q-2421,Common,17
3121,E9-Q-2422,Common,18
3121,E9-Q-2423,Common,19
3121,E9-Q-2424,Common,20
3121,E9-Q-2425,Common,21
3121,E9-Q-2426,Common,22
3121,E9-Q-2427,Common,23
3121,E9-Q-2428,Common,24
3121,E9-Q-2429,Common,25
3121,E9-Q-2430,Common,26
3121,E9-Q-2431,Common,27
3121,E9-Q-2432,Common,28
3121,E9-Q-2433,Common,29
3121,E9-Q-2434,Common,30
3121,E9-Q-2435,Common,31
3121,E9-Q-2436,Common,32
3121,E9-Q-2437,Common,33
3121,E9-Q-2438,Common,34
3121,E9-Q-2439,Common,35
3121,E9-Q-2440,Common,36
3122,E9-Q-0912,Exact,1
3122,E9-Q-0913,Exact,2
3122,E9-Q-0914,Exact,3
3122,E9-Q-0915,Exact,4
3122,E9-Q-0916,Exact,5
3122,E9-Q-2410,Common,6
3122,E9-Q-2411,Common,7
3122,E9-Q-2412,Common,8
3122,E9-Q-2413,Common,9
3122,E9-Q-2414,Common,10
3122,E9-Q-2415,Common,11
3122,E9-Q-2416,Common,12
3122,E9-Q-2417,Common,13
3122,E9-Q-2418,Common,14
3122,E9-Q-2419,Common,15
3122,E9-Q-2420,Common,16
3122,E9-Q-2421,Common,17
3122,E9-Q-2422,Common,18
3122,E9-Q-2423,Common,19
3122,E9-Q-2424,Common,20
3122,E9-Q-2425,Common,21
3122,E9-Q-2426,Common,22
3122,E9-Q-2427,Common,23
3122,E9-Q-2428,Common,24
3122,E9-Q-2429,Common,25
3122,E9-Q-2430,Common,26
3122,E9-Q-2431,Common,27
3122,E9-Q-2432,Common,28
3122,E9-Q-2433,Common,29
3122,E9-Q-2434,Common,30
3122,E9-Q-2435,Common,31
3122,E9-Q-2436,Common,32
3122,E9-Q-2437,Common,33
3122,E9-Q-2438,Common,34
3122,E9-Q-2439,Common,35
3122,E9-Q-2440,Common,36
3123,E9-Q-0917,Exact,1
3123,E9-Q-0918,Exact,2
3123,E9-Q-0919,Exact,3
3123,E9-Q-0920,Exact,4
3123,E9-Q-0921,Exact,5
3123,E9-Q-2410,Common,6
3123,E9-Q-2411,Common,7
3123,E9-Q-2412,Common,8
3123,E9-Q-2413,Common,9
3123,E9-Q-2414,Common,10
3123,E9-Q-2415,Common,11
3123,E9-Q-2416,Common,12
3123,E9-Q-2417,Common,13
3123,E9-Q-2418,Common,14
3123,E9-Q-2419,Common,15
3123,E9-Q-2420,Common,16
3123,E9-Q-2421,Common,17
3123,E9-Q-2422,Common,18
3123,E9-Q-2423,Common,19
3123,E9-Q-2424,Common,20
3123,E9-Q-2425,Common,21
3123,E9-Q-2426,Common,22
3123,E9-Q-2427,Common,23
3123,E9-Q-2428,Common,24
3123,E9-Q-2429,Common,25
3123,E9-Q-2430,Common,26
3123,E9-Q-2431,Common,27
3123,E9-Q-2432,Common,28
3123,E9-Q-2433,Common,29
3123,E9-Q-2434,Common,30
3123,E9-Q-2435,Common,31
3123,E9-Q-2436,Common,32
3123,E9-Q-2437,Common,33
3123,E9-Q-2438,Common,34
3123,E9-Q-2439,Common,35
3123,E9-Q-2440,Common,36
3131,E9-Q-0922,Exact,1
3131,E9-Q-0923,Exact,2
3131,E9-Q-0924,Exact,3
3131,E9-Q-0925,Exact,4
3131,E9-Q-0926,Exact,5
3131,E9-Q-2410,Common,6
3131,E9-Q-2411,Common,7
3131,E9-Q-2412,Common,8
3131,E9-Q-2413,Common,9
3131,E9-Q-2414,Common,10
3131,E9-Q-2415,Common,11
3131,E9-Q-2416,Common,12
3131,E9-Q-2417,Common,13
3131,E9-Q-2418,Common,14
3131,E9-Q-2419,Common,15
3131,E9-Q-2420,Common,16
3131,E9-Q-2421,Common,17
3131,E9-Q-2422,Common,18
3131,E9-Q-2423,Common,19
3131,E9-Q-2424,Common,20
3131,E9-Q-2425,Common,21
3131,E9-Q-2426,Common,22
3131,E9-Q-2427,Common,23
3131,E9-Q-2428,Common,24
3131,E9-Q-2429,Common,25
3131,E9-Q-2430,Common,26
3131,E9-Q-2431,Common,27
3131,E9-Q-2432,Common,28
3131,E9-Q-2433,Common,29
3131,E9-Q-2434,Common,30
3131,E9-Q-2435,Common,31
3131,E9-Q-2436,Common,32
3131,E9-Q-2437,Common,33
3131,E9-Q-2438,Common,34
3131,E9-Q-2439,Common,35
3131,E9-Q-2440,Common,36
3132,E9-Q-0927,Exact,1
3132,E9-Q-0928,Exact,2
3132,E9-Q-0929,Exact,3
3132,E9-Q-0930,Exact,4
3132,E9-Q-0931,Exact,5
3132,E9-Q-2410,Common,6
3132,E9-Q-2411,Common,7
3132,E9-Q-2412,Common,8
3132,E9-Q-2413,Common,9
3132,E9-Q-2414,Common,10
3132,E9-Q-2415,Common,11
3132,E9-Q-2416,Common,12
3132,E9-Q-2417,Common,13
3132,E9-Q-2418,Common,14
3132,E9-Q-2419,Common,15
3132,E9-Q-2420,Common,16
3132,E9-Q-2421,Common,17
3132,E9-Q-2422,Common,18
3132,E9-Q-2423,Common,19
3132,E9-Q-2424,Common,20
3132,E9-Q-2425,Common,21
3132,E9-Q-2426,Common,22
3132,E9-Q-2427,Common,23
3132,E9-Q-2428,Common,24
3132,E9-Q-2429,Common,25
3132,E9-Q-2430,Common,26
3132,E9-Q-2431,Common,27
3132,E9-Q-2432,Common,28
3132,E9-Q-2433,Common,29
3132,E9-Q-2434,Common,30
3132,E9-Q-2435,Common,31
3132,E9-Q-2436,Common,32
3132,E9-Q-2437,Common,33
3132,E9-Q-2438,Common,34
3132,E9-Q-2439,Common,35
3132,E9-Q-2440,Common,36
3133,E9-Q-0932,Exact,1
3133,E9-Q-0933,Exact,2
3133,E9-Q-0934,Exact,3
3133,E9-Q-0935,Exact,4
3133,E9-Q-0936,Exact,5
3133,E9-Q-2410,Common,6
3133,E9-Q-2411,Common,7
3133,E9-Q-2412,Common,8
3133,E9-Q-2413,Common,9
3133,E9-Q-2414,Common,10
3133,E9-Q-2415,Common,11
3133,E9-Q-2416,Common,12
3133,E9-Q-2417,Common,13
3133,E9-Q-2418,Common,14
3133,E9-Q-2419,Common,15
3133,E9-Q-2420,Common,16
3133,E9-Q-2421,Common,17
3133,E9-Q-2422,Common,18
3133,E9-Q-2423,Common,19
3133,E9-Q-2424,Common,20
3133,E9-Q-2425,Common,21
3133,E9-Q-2426,Common,22
3133,E9-Q-2427,Common,23
3133,E9-Q-2428,Common,24
3133,E9-Q-2429,Common,25
3133,E9-Q-2430,Common,26
3133,E9-Q-2431,Common,27
3133,E9-Q-2432,Common,28
3133,E9-Q-2433,Common,29
3133,E9-Q-2434,Common,30
3133,E9-Q-2435,Common,31
3133,E9-Q-2436,Common,32
3133,E9-Q-2437,Common,33
3133,E9-Q-2438,Common,34
3133,E9-Q-2439,Common,35
3133,E9-Q-2440,Common,36
3134,E9-Q-0937,Exact,1
3134,E9-Q-0938,Exact,2
3134,E9-Q-0939,Exact,3
3134,E9-Q-0940,Exact,4
3134,E9-Q-0941,Exact,5
3134,E9-Q-2410,Common,6
3134,E9-Q-2411,Common,7
3134,E9-Q-2412,Common,8
3134,E9-Q-2413,Common,9
3134,E9-Q-2414,Common,10
3134,E9-Q-2415,Common,11
3134,E9-Q-2416,Common,12
3134,E9-Q-2417,Common,13
3134,E9-Q-2418,Common,14
3134,E9-Q-2419,Common,15
3134,E9-Q-2420,Common,16
3134,E9-Q-2421,Common,17
3134,E9-Q-2422,Common,18
3134,E9-Q-2423,Common,19
3134,E9-Q-2424,Common,20
3134,E9-Q-2425,Common,21
3134,E9-Q-2426,Common,22
3134,E9-Q-2427,Common,23
3134,E9-Q-2428,Common,24
3134,E9-Q-2429,Common,25
3134,E9-Q-2430,Common,26
3134,E9-Q-2431,Common,27
3134,E9-Q-2432,Common,28
3134,E9-Q-2433,Common,29
3134,E9-Q-2434,Common,30
3134,E9-Q-2435,Common,31
3134,E9-Q-2436,Common,32
3134,E9-Q-2437,Common,33
3134,E9-Q-2438,Common,34
3134,E9-Q-2439,Common,35
3134,E9-Q-2440,Common,36
3135,E9-Q-0942,Exact,1
3135,E9-Q-0943,Exact,2
3135,E9-Q-0944,Exact,3
3135,E9-Q-0945,Exact,4
3135,E9-Q-0946,Exact,5
3135,E9-Q-2410,Common,6
3135,E9-Q-2411,Common,7
3135,E9-Q-2412,Common,8
3135,E9-Q-2413,Common,9
3135,E9-Q-2414,Common,10
3135,E9-Q-2415,Common,11
3135,E9-Q-2416,Common,12
3135,E9-Q-2417,Common,13
3135,E9-Q-2418,Common,14
3135,E9-Q-2419,Common,15
3135,E9-Q-2420,Common,16
3135,E9-Q-2421,Common,17
3135,E9-Q-2422,Common,18
3135,E9-Q-2423,Common,19
3135,E9-Q-2424,Common,20
3135,E9-Q-2425,Common,21
3135,E9-Q-2426,Common,22
3135,E9-Q-2427,Common,23
3135,E9-Q-2428,Common,24
3135,E9-Q-2429,Common,25
3135,E9-Q-2430,Common,26
3135,E9-Q-2431,Common,27
3135,E9-Q-2432,Common,28
3135,E9-Q-2433,Common,29
3135,E9-Q-2434,Common,30
3135,E9-Q-2435,Common,31
3135,E9-Q-2436,Common,32
3135,E9-Q-2437,Common,33
3135,E9-Q-2438,Common,34
3135,E9-Q-2439,Common,35
3135,E9-Q-2440,Common,36
3141,E9-Q-0947,Exact,1
3141,E9-Q-0948,Exact,2
3141,E9-Q-0949,Exact,3
3141,E9-Q-0950,Exact,4
3141,E9-Q-0951,Exact,5
3141,E9-Q-2410,Common,6
3141,E9-Q-2411,Common,7
3141,E9-Q-2412,Common,8
3141,E9-Q-2413,Common,9
3141,E9-Q-2414,Common,10
3141,E9-Q-2415,Common,11
3141,E9-Q-2416,Common,12
3141,E9-Q-2417,Common,13
3141,E9-Q-2418,Common,14
3141,E9-Q-2419,Common,15
3141,E9-Q-2420,Common,16
3141,E9-Q-2421,Common,17
3141,E9-Q-2422,Common,18
3141,E9-Q-2423,Common,19
3141,E9-Q-2424,Common,20
3141,E9-Q-2425,Common,21
3141,E9-Q-2426,Common,22
3141,E9-Q-2427,Common,23
3141,E9-Q-2428,Common,24
3141,E9-Q-2429,Common,25
3141,E9-Q-2430,Common,26
3141,E9-Q-2431,Common,27
3141,E9-Q-2432,Common,28
3141,E9-Q-2433,Common,29
3141,E9-Q-2434,Common,30
3141,E9-Q-2435,Common,31
3141,E9-Q-2436,Common,32
3141,E9-Q-2437,Common,33
3141,E9-Q-2438,Common,34
3141,E9-Q-2439,Common,35
3141,E9-Q-2440,Common,36
3142,E9-Q-0952,Exact,1
3142,E9-Q-0953,Exact,2
3142,E9-Q-0954,Exact,3
3142,E9-Q-0955,Exact,4
3142,E9-Q-0956,Exact,5
3142,E9-Q-2410,Common,6
3142,E9-Q-2411,Common,7
3142,E9-Q-2412,Common,8
3142,E9-Q-2413,Common,9
3142,E9-Q-2414,Common,10
3142,E9-Q-2415,Common,11
3142,E9-Q-2416,Common,12
3142,E9-Q-2417,Common,13
3142,E9-Q-2418,Common,14
3142,E9-Q-2419,Common,15
3142,E9-Q-2420,Common,16
3142,E9-Q-2421,Common,17
3142,E9-Q-2422,Common,18
3142,E9-Q-2423,Common,19
3142,E9-Q-2424,Common,20
3142,E9-Q-2425,Common,21
3142,E9-Q-2426,Common,22
3142,E9-Q-2427,Common,23
3142,E9-Q-2428,Common,24
3142,E9-Q-2429,Common,25
3142,E9-Q-2430,Common,26
3142,E9-Q-2431,Common,27
3142,E9-Q-2432,Common,28
3142,E9-Q-2433,Common,29
3142,E9-Q-2434,Common,30
3142,E9-Q-2435,Common,31
3142,E9-Q-2436,Common,32
3142,E9-Q-2437,Common,33
3142,E9-Q-2438,Common,34
3142,E9-Q-2439,Common,35
3142,E9-Q-2440,Common,36
3143,E9-Q-0957,Exact,1
3143,E9-Q-0958,Exact,2
3143,E9-Q-0959,Exact,3
3143,E9-Q-0960,Exact,4
3143,E9-Q-0961,Exact,5
3143,E9-Q-2410,Common,6
3143,E9-Q-2411,Common,7
3143,E9-Q-2412,Common,8
3143,E9-Q-2413,Common,9
3143,E9-Q-2414,Common,10
3143,E9-Q-2415,Common,11
3143,E9-Q-2416,Common,12
3143,E9-Q-2417,Common,13
3143,E9-Q-2418,Common,14
3143,E9-Q-2419,Common,15
3143,E9-Q-2420,Common,16
3143,E9-Q-2421,Common,17
3143,E9-Q-2422,Common,18
3143,E9-Q-2423,Common,19
3143,E9-Q-2424,Common,20
3143,E9-Q-2425,Common,21
3143,E9-Q-2426,Common,22
3143,E9-Q-2427,Common,23
3143,E9-Q-2428,Common,24
3143,E9-Q-2429,Common,25
3143,E9-Q-2430,Common,26
3143,E9-Q-2431,Common,27
3143,E9-Q-2432,Common,28
3143,E9-Q-2433,Common,29
3143,E9-Q-2434,Common,30
3143,E9-Q-2435,Common,31
3143,E9-Q-2436,Common,32
3143,E9-Q-2437,Common,33
3143,E9-Q-2438,Common,34
3143,E9-Q-2439,Common,35
3143,E9-Q-2440,Common,36
3144,E9-Q-0962,Exact,1
3144,E9-Q-0963,Exact,2
3144,E9-Q-0964,Exact,3
3144,E9-Q-0965,Exact,4
3144,E9-Q-0966,Exact,5
3144,E9-Q-2410,Common,6
3144,E9-Q-2411,Common,7
3144,E9-Q-2412,Common,8
3144,E9-Q-2413,Common,9
3144,E9-Q-2414,Common,10
3144,E9-Q-2415,Common,11
3144,E9-Q-2416,Common,12
3144,E9-Q-2417,Common,13
3144,E9-Q-2418,Common,14
3144,E9-Q-2419,Common,15
3144,E9-Q-2420,Common,16
3144,E9-Q-2421,Common,17
3144,E9-Q-2422,Common,18
3144,E9-Q-2423,Common,19
3144,E9-Q-2424,Common,20
3144,E9-Q-2425,Common,21
3144,E9-Q-2426,Common,22
3144,E9-Q-2427,Common,23
3144,E9-Q-2428,Common,24
3144,E9-Q-2429,Common,25
3144,E9-Q-2430,Common,26
3144,E9-Q-2431,Common,27
3144,E9-Q-2432,Common,28
3144,E9-Q-2433,Common,29
3144,E9-Q-2434,Common,30
3144,E9-Q-2435,Common,31
3144,E9-Q-2436,Common,32
3144,E9-Q-2437,Common,33
3144,E9-Q-2438,Common,34
3144,E9-Q-2439,Common,35
3144,E9-Q-2440,Common,36
3151,E9-Q-0967,Exact,1
3151,E9-Q-0968,Exact,2
3151,E9-Q-0969,Exact,3
3151,E9-Q-0970,Exact,4
3151,E9-Q-0971,Exact,5
3151,E9-Q-2410,Common,6
3151,E9-Q-2411,Common,7
3151,E9-Q-2412,Common,8
3151,E9-Q-2413,Common,9
3151,E9-Q-2414,Common,10
3151,E9-Q-2415,Common,11
3151,E9-Q-2416,Common,12
3151,E9-Q-2417,Common,13
3151,E9-Q-2418,Common,14
3151,E9-Q-2419,Common,15
3151,E9-Q-2420,Common,16
3151,E9-Q-2421,Common,17
3151,E9-Q-2422,Common,18
3151,E9-Q-2423,Common,19
3151,E9-Q-2424,Common,20
3151,E9-Q-2425,Common,21
3151,E9-Q-2426,Common,22
3151,E9-Q-2427,Common,23
3151,E9-Q-2428,Common,24
3151,E9-Q-2429,Common,25
3151,E9-Q-2430,Common,26
3151,E9-Q-2431,Common,27
3151,E9-Q-2432,Common,28
3151,E9-Q-2433,Common,29
3151,E9-Q-2434,Common,30
3151,E9-Q-2435,Common,31
3151,E9-Q-2436,Common,32
3151,E9-Q-2437,Common,33
3151,E9-Q-2438,Common,34
3151,E9-Q-2439,Common,35
3151,E9-Q-2440,Common,36
3152,E9-Q-0972,Exact,1
3152,E9-Q-0973,Exact,2
3152,E9-Q-0974,Exact,3
3152,E9-Q-0975,Exact,4
3152,E9-Q-0976,Exact,5
3152,E9-Q-2410,Common,6
3152,E9-Q-2411,Common,7
3152,E9-Q-2412,Common,8
3152,E9-Q-2413,Common,9
3152,E9-Q-2414,Common,10
3152,E9-Q-2415,Common,11
3152,E9-Q-2416,Common,12
3152,E9-Q-2417,Common,13
3152,E9-Q-2418,Common,14
3152,E9-Q-2419,Common,15
3152,E9-Q-2420,Common,16
3152,E9-Q-2421,Common,17
3152,E9-Q-2422,Common,18
3152,E9-Q-2423,Common,19
3152,E9-Q-2424,Common,20
3152,E9-Q-2425,Common,21
3152,E9-Q-2426,Common,22
3152,E9-Q-2427,Common,23
3152,E9-Q-2428,Common,24
3152,E9-Q-2429,Common,25
3152,E9-Q-2430,Common,26
3152,E9-Q-2431,Common,27
3152,E9-Q-2432,Common,28
3152,E9-Q-2433,Common,29
3152,E9-Q-2434,Common,30
3152,E9-Q-2435,Common,31
3152,E9-Q-2436,Common,32
3152,E9-Q-2437,Common,33
3152,E9-Q-2438,Common,34
3152,E9-Q-2439,Common,35
3152,E9-Q-2440,Common,36
3153,E9-Q-0977,Exact,1
3153,E9-Q-0978,Exact,2
3153,E9-Q-0979,Exact,3
3153,E9-Q-0980,Exact,4
3153,E9-Q-0981,Exact,5
3153,E9-Q-2410,Common,6
3153,E9-Q-2411,Common,7
3153,E9-Q-2412,Common,8
3153,E9-Q-2413,Common,9
3153,E9-Q-2414,Common,10
3153,E9-Q-2415,Common,11
3153,E9-Q-2416,Common,12
3153,E9-Q-2417,Common,13
3153,E9-Q-2418,Common,14
3153,E9-Q-2419,Common,15
3153,E9-Q-2420,Common,16
3153,E9-Q-2421,Common,17
3153,E9-Q-2422,Common,18
3153,E9-Q-2423,Common,19
3153,E9-Q-2424,Common,20
3153,E9-Q-2425,Common,21
3153,E9-Q-2426,Common,22
3153,E9-Q-2427,Common,23
3153,E9-Q-2428,Common,24
3153,E9-Q-2429,Common,25
3153,E9-Q-2430,Common,26
3153,E9-Q-2431,Common,27
3153,E9-Q-2432,Common,28
3153,E9-Q-2433,Common,29
3153,E9-Q-2434,Common,30
3153,E9-Q-2435,Common,31
3153,E9-Q-2436,Common,32
3153,E9-Q-2437,Common,33
3153,E9-Q-2438,Common,34
3153,E9-Q-2439,Common,35
3153,E9-Q-2440,Common,36
3154,E9-Q-0982,Exact,1
3154,E9-Q-0983,Exact,2
3154,E9-Q-0984,Exact,3
3154,E9-Q-0985,Exact,4
3154,E9-Q-0986,Exact,5
3154,E9-Q-2410,Common,6
3154,E9-Q-2411,Common,7
3154,E9-Q-2412,Common,8
3154,E9-Q-2413,Common,9
3154,E9-Q-2414,Common,10
3154,E9-Q-2415,Common,11
3154,E9-Q-2416,Common,12
3154,E9-Q-2417,Common,13
3154,E9-Q-2418,Common,14
3154,E9-Q-2419,Common,15
3154,E9-Q-2420,Common,16
3154,E9-Q-2421,Common,17
3154,E9-Q-2422,Common,18
3154,E9-Q-2423,Common,19
3154,E9-Q-2424,Common,20
3154,E9-Q-2425,Common,21
3154,E9-Q-2426,Common,22
3154,E9-Q-2427,Common,23
3154,E9-Q-2428,Common,24
3154,E9-Q-2429,Common,25
3154,E9-Q-2430,Common,26
3154,E9-Q-2431,Common,27
3154,E9-Q-2432,Common,28
3154,E9-Q-2433,Common,29
3154,E9-Q-2434,Common,30
3154,E9-Q-2435,Common,31
3154,E9-Q-2436,Common,32
3154,E9-Q-2437,Common,33
3154,E9-Q-2438,Common,34
3154,E9-Q-2439,Common,35
3154,E9-Q-2440,Common,36
3161,E9-Q-0987,Exact,1
3161,E9-Q-0988,Exact,2
3161,E9-Q-0989,Exact,3
3161,E9-Q-0990,Exact,4
3161,E9-Q-0991,Exact,5
3161,E9-Q-2410,Common,6
3161,E9-Q-2411,Common,7
3161,E9-Q-2412,Common,8
3161,E9-Q-2413,Common,9
3161,E9-Q-2414,Common,10
3161,E9-Q-2415,Common,11
3161,E9-Q-2416,Common,12
3161,E9-Q-2417,Common,13
3161,E9-Q-2418,Common,14
3161,E9-Q-2419,Common,15
3161,E9-Q-2420,Common,16
3161,E9-Q-2421,Common,17
3161,E9-Q-2422,Common,18
3161,E9-Q-2423,Common,19
3161,E9-Q-2424,Common,20
3161,E9-Q-2425,Common,21
3161,E9-Q-2426,Common,22
3161,E9-Q-2427,Common,23
3161,E9-Q-2428,Common,24
3161,E9-Q-2429,Common,25
3161,E9-Q-2430,Common,26
3161,E9-Q-2431,Common,27
3161,E9-Q-2432,Common,28
3161,E9-Q-2433,Common,29
3161,E9-Q-2434,Common,30
3161,E9-Q-2435,Common,31
3161,E9-Q-2436,Common,32
3161,E9-Q-2437,Common,33
3161,E9-Q-2438,Common,34
3161,E9-Q-2439,Common,35
3161,E9-Q-2440,Common,36
3231,E9-Q-0992,Exact,1
3231,E9-Q-0993,Exact,2
3231,E9-Q-0994,Exact,3
3231,E9-Q-0995,Exact,4
3231,E9-Q-0996,Exact,5
3231,E9-Q-2410,Common,6
3231,E9-Q-2411,Common,7
3231,E9-Q-2412,Common,8
3231,E9-Q-2413,Common,9
3231,E9-Q-2414,Common,10
3231,E9-Q-2415,Common,11
3231,E9-Q-2416,Common,12
3231,E9-Q-2417,Common,13
3231,E9-Q-2418,Common,14
3231,E9-Q-2419,Common,15
3231,E9-Q-2420,Common,16
3231,E9-Q-2421,Common,17
3231,E9-Q-2422,Common,18
3231,E9-Q-2423,Common,19
3231,E9-Q-2424,Common,20
3231,E9-Q-2425,Common,21
3231,E9-Q-2426,Common,22
3231,E9-Q-2427,Common,23
3231,E9-Q-2428,Common,24
3231,E9-Q-2429,Common,25
3231,E9-Q-2430,Common,26
3231,E9-Q-2431,Common,27
3231,E9-Q-2432,Common,28
3231,E9-Q-2433,Common,29
3231,E9-Q-2434,Common,30
3231,E9-Q-2435,Common,31
3231,E9-Q-2436,Common,32
3231,E9-Q-2437,Common,33
3231,E9-Q-2438,Common,34
3231,E9-Q-2439,Common,35
3231,E9-Q-2440,Common,36
3241,E9-Q-0997,Exact,1
3241,E9-Q-0998,Exact,2
3241,E9-Q-0999,Exact,3
3241,E9-Q-1000,Exact,4
3241,E9-Q-1001,Exact,5
3241,E9-Q-2410,Common,6
3241,E9-Q-2411,Common,7
3241,E9-Q-2412,Common,8
3241,E9-Q-2413,Common,9
3241,E9-Q-2414,Common,10
3241,E9-Q-2415,Common,11
3241,E9-Q-2416,Common,12
3241,E9-Q-2417,Common,13
3241,E9-Q-2418,Common,14
3241,E9-Q-2419,Common,15
3241,E9-Q-2420,Common,16
3241,E9-Q-2421,Common,17
3241,E9-Q-2422,Common,18
3241,E9-Q-2423,Common,19
3241,E9-Q-2424,Common,20
3241,E9-Q-2425,Common,21
3241,E9-Q-2426,Common,22
3241,E9-Q-2427,Common,23
3241,E9-Q-2428,Common,24
3241,E9-Q-2429,Common,25
3241,E9-Q-2430,Common,26
3241,E9-Q-2431,Common,27
3241,E9-Q-2432,Common,28
3241,E9-Q-2433,Common,29
3241,E9-Q-2434,Common,30
3241,E9-Q-2435,Common,31
3241,E9-Q-2436,Common,32
3241,E9-Q-2437,Common,33
3241,E9-Q-2438,Common,34
3241,E9-Q-2439,Common,35
3241,E9-Q-2440,Common,36
3321,E9-Q-1002,Exact,1
3321,E9-Q-1003,Exact,2
3321,E9-Q-1004,Exact,3
3321,E9-Q-1005,Exact,4
3321,E9-Q-1006,Exact,5
3321,E9-Q-2410,Common,6
3321,E9-Q-2411,Common,7
3321,E9-Q-2412,Common,8
3321,E9-Q-2413,Common,9
3321,E9-Q-2414,Common,10
3321,E9-Q-2415,Common,11
3321,E9-Q-2416,Common,12
3321,E9-Q-2417,Common,13
3321,E9-Q-2418,Common,14
3321,E9-Q-2419,Common,15
3321,E9-Q-2420,Common,16
3321,E9-Q-2421,Common,17
3321,E9-Q-2422,Common,18
3321,E9-Q-2423,Common,19
3321,E9-Q-2424,Common,20
3321,E9-Q-2425,Common,21
3321,E9-Q-2426,Common,22
3321,E9-Q-2427,Common,23
3321,E9-Q-2428,Common,24
3321,E9-Q-2429,Common,25
3321,E9-Q-2430,Common,26
3321,E9-Q-2431,Common,27
3321,E9-Q-2432,Common,28
3321,E9-Q-2433,Common,29
3321,E9-Q-2434,Common,30
3321,E9-Q-2435,Common,31
3321,E9-Q-2436,Common,32
3321,E9-Q-2437,Common,33
3321,E9-Q-2438,Common,34
3321,E9-Q-2439,Common,35
3321,E9-Q-2440,Common,36
3322,E9-Q-1007,Exact,1
3322,E9-Q-1008,Exact,2
3322,E9-Q-1009,Exact,3
3322,E9-Q-1010,Exact,4
3322,E9-Q-1011,Exact,5
3322,E9-Q-2410,Common,6
3322,E9-Q-2411,Common,7
3322,E9-Q-2412,Common,8
3322,E9-Q-2413,Common,9
3322,E9-Q-2414,Common,10
3322,E9-Q-2415,Common,11
3322,E9-Q-2416,Common,12
3322,E9-Q-2417,Common,13
3322,E9-Q-2418,Common,14
3322,E9-Q-2419,Common,15
3322,E9-Q-2420,Common,16
3322,E9-Q-2421,Common,17
3322,E9-Q-2422,Common,18
3322,E9-Q-2423,Common,19
3322,E9-Q-2424,Common,20
3322,E9-Q-2425,Common,21
3322,E9-Q-2426,Common,22
3322,E9-Q-2427,Common,23
3322,E9-Q-2428,Common,24
3322,E9-Q-2429,Common,25
3322,E9-Q-2430,Common,26
3322,E9-Q-2431,Common,27
3322,E9-Q-2432,Common,28
3322,E9-Q-2433,Common,29
3322,E9-Q-2434,Common,30
3322,E9-Q-2435,Common,31
3322,E9-Q-2436,Common,32
3322,E9-Q-2437,Common,33
3322,E9-Q-2438,Common,34
3322,E9-Q-2439,Common,35
3322,E9-Q-2440,Common,36
3323,E9-Q-1012,Exact,1
3323,E9-Q-1013,Exact,2
3323,E9-Q-1014,Exact,3
3323,E9-Q-1015,Exact,4
3323,E9-Q-1016,Exact,5
3323,E9-Q-2410,Common,6
3323,E9-Q-2411,Common,7
3323,E9-Q-2412,Common,8
3323,E9-Q-2413,Common,9
3323,E9-Q-2414,Common,10
3323,E9-Q-2415,Common,11
3323,E9-Q-2416,Common,12
3323,E9-Q-2417,Common,13
3323,E9-Q-2418,Common,14
3323,E9-Q-2419,Common,15
3323,E9-Q-2420,Common,16
3323,E9-Q-2421,Common,17
3323,E9-Q-2422,Common,18
3323,E9-Q-2423,Common,19
3323,E9-Q-2424,Common,20
3323,E9-Q-2425,Common,21
3323,E9-Q-2426,Common,22
3323,E9-Q-2427,Common,23
3323,E9-Q-2428,Common,24
3323,E9-Q-2429,Common,25
3323,E9-Q-2430,Common,26
3323,E9-Q-2431,Common,27
3323,E9-Q-2432,Common,28
3323,E9-Q-2433,Common,29
3323,E9-Q-2434,Common,30
3323,E9-Q-2435,Common,31
3323,E9-Q-2436,Common,32
3323,E9-Q-2437,Common,33
3323,E9-Q-2438,Common,34
3323,E9-Q-2439,Common,35
3323,E9-Q-2440,Common,36
3324,E9-Q-1017,Exact,1
3324,E9-Q-1018,Exact,2
3324,E9-Q-1019,Exact,3
3324,E9-Q-1020,Exact,4
3324,E9-Q-1021,Exact,5
3324,E9-Q-2410,Common,6
3324,E9-Q-2411,Common,7
3324,E9-Q-2412,Common,8
3324,E9-Q-2413,Common,9
3324,E9-Q-2414,Common,10
3324,E9-Q-2415,Common,11
3324,E9-Q-2416,Common,12
3324,E9-Q-2417,Common,13
3324,E9-Q-2418,Common,14
3324,E9-Q-2419,Common,15
3324,E9-Q-2420,Common,16
3324,E9-Q-2421,Common,17
3324,E9-Q-2422,Common,18
3324,E9-Q-2423,Common,19
3324,E9-Q-2424,Common,20
3324,E9-Q-2425,Common,21
3324,E9-Q-2426,Common,22
3324,E9-Q-2427,Common,23
3324,E9-Q-2428,Common,24
3324,E9-Q-2429,Common,25
3324,E9-Q-2430,Common,26
3324,E9-Q-2431,Common,27
3324,E9-Q-2432,Common,28
3324,E9-Q-2433,Common,29
3324,E9-Q-2434,Common,30
3324,E9-Q-2435,Common,31
3324,E9-Q-2436,Common,32
3324,E9-Q-2437,Common,33
3324,E9-Q-2438,Common,34
3324,E9-Q-2439,Common,35
3324,E9-Q-2440,Common,36
3331,E9-Q-1022,Exact,1
3331,E9-Q-1023,Exact,2
3331,E9-Q-1024,Exact,3
3331,E9-Q-1025,Exact,4
3331,E9-Q-1026,Exact,5
3331,E9-Q-2410,Common,6
3331,E9-Q-2411,Common,7
3331,E9-Q-2412,Common,8
3331,E9-Q-2413,Common,9
3331,E9-Q-2414,Common,10
3331,E9-Q-2415,Common,11
3331,E9-Q-2416,Common,12
3331,E9-Q-2417,Common,13
3331,E9-Q-2418,Common,14
3331,E9-Q-2419,Common,15
3331,E9-Q-2420,Common,16
3331,E9-Q-2421,Common,17
3331,E9-Q-2422,Common,18
3331,E9-Q-2423,Common,19
3331,E9-Q-2424,Common,20
3331,E9-Q-2425,Common,21
3331,E9-Q-2426,Common,22
3331,E9-Q-2427,Common,23
3331,E9-Q-2428,Common,24
3331,E9-Q-2429,Common,25
3331,E9-Q-2430,Common,26
3331,E9-Q-2431,Common,27
3331,E9-Q-2432,Common,28
3331,E9-Q-2433,Common,29
3331,E9-Q-2434,Common,30
3331,E9-Q-2435,Common,31
3331,E9-Q-2436,Common,32
3331,E9-Q-2437,Common,33
3331,E9-Q-2438,Common,34
3331,E9-Q-2439,Common,35
3331,E9-Q-2440,Common,36
3332,E9-Q-1027,Exact,1
3332,E9-Q-1028,Exact,2
3332,E9-Q-1029,Exact,3
3332,E9-Q-1030,Exact,4
3332,E9-Q-1031,Exact,5
3332,E9-Q-2410,Common,6
3332,E9-Q-2411,Common,7
3332,E9-Q-2412,Common,8
3332,E9-Q-2413,Common,9
3332,E9-Q-2414,Common,10
3332,E9-Q-2415,Common,11
3332,E9-Q-2416,Common,12
3332,E9-Q-2417,Common,13
3332,E9-Q-2418,Common,14
3332,E9-Q-2419,Common,15
3332,E9-Q-2420,Common,16
3332,E9-Q-2421,Common,17
3332,E9-Q-2422,Common,18
3332,E9-Q-2423,Common,19
3332,E9-Q-2424,Common,20
3332,E9-Q-2425,Common,21
3332,E9-Q-2426,Common,22
3332,E9-Q-2427,Common,23
3332,E9-Q-2428,Common,24
3332,E9-Q-2429,Common,25
3332,E9-Q-2430,Common,26
3332,E9-Q-2431,Common,27
3332,E9-Q-2432,Common,28
3332,E9-Q-2433,Common,29
3332,E9-Q-2434,Common,30
3332,E9-Q-2435,Common,31
3332,E9-Q-2436,Common,32
3332,E9-Q-2437,Common,33
3332,E9-Q-2438,Common,34
3332,E9-Q-2439,Common,35
3332,E9-Q-2440,Common,36
3333,E9-Q-1032,Exact,1
3333,E9-Q-1033,Exact,2
3333,E9-Q-1034,Exact,3
3333,E9-Q-1035,Exact,4
3333,E9-Q-1036,Exact,5
3333,E9-Q-2410,Common,6
3333,E9-Q-2411,Common,7
3333,E9-Q-2412,Common,8
3333,E9-Q-2413,Common,9
3333,E9-Q-2414,Common,10
3333,E9-Q-2415,Common,11
3333,E9-Q-2416,Common,12
3333,E9-Q-2417,Common,13
3333,E9-Q-2418,Common,14
3333,E9-Q-2419,Common,15
3333,E9-Q-2420,Common,16
3333,E9-Q-2421,Common,17
3333,E9-Q-2422,Common,18
3333,E9-Q-2423,Common,19
3333,E9-Q-2424,Common,20
3333,E9-Q-2425,Common,21
3333,E9-Q-2426,Common,22
3333,E9-Q-2427,Common,23
3333,E9-Q-2428,Common,24
3333,E9-Q-2429,Common,25
3333,E9-Q-2430,Common,26
3333,E9-Q-2431,Common,27
3333,E9-Q-2432,Common,28
3333,E9-Q-2433,Common,29
3333,E9-Q-2434,Common,30
3333,E9-Q-2435,Common,31
3333,E9-Q-2436,Common,32
3333,E9-Q-2437,Common,33
3333,E9-Q-2438,Common,34
3333,E9-Q-2439,Common,35
3333,E9-Q-2440,Common,36
3334,E9-Q-1037,Exact,1
3334,E9-Q-1038,Exact,2
3334,E9-Q-1039,Exact,3
3334,E9-Q-1040,Exact,4
3334,E9-Q-1041,Exact,5
3334,E9-Q-2410,Common,6
3334,E9-Q-2411,Common,7
3334,E9-Q-2412,Common,8
3334,E9-Q-2413,Common,9
3334,E9-Q-2414,Common,10
3334,E9-Q-2415,Common,11
3334,E9-Q-2416,Common,12
3334,E9-Q-2417,Common,13
3334,E9-Q-2418,Common,14
3334,E9-Q-2419,Common,15
3334,E9-Q-2420,Common,16
3334,E9-Q-2421,Common,17
3334,E9-Q-2422,Common,18
3334,E9-Q-2423,Common,19
3334,E9-Q-2424,Common,20
3334,E9-Q-2425,Common,21
3334,E9-Q-2426,Common,22
3334,E9-Q-2427,Common,23
3334,E9-Q-2428,Common,24
3334,E9-Q-2429,Common,25
3334,E9-Q-2430,Common,26
3334,E9-Q-2431,Common,27
3334,E9-Q-2432,Common,28
3334,E9-Q-2433,Common,29
3334,E9-Q-2434,Common,30
3334,E9-Q-2435,Common,31
3334,E9-Q-2436,Common,32
3334,E9-Q-2437,Common,33
3334,E9-Q-2438,Common,34
3334,E9-Q-2439,Common,35
3334,E9-Q-2440,Common,36
3339,E9-Q-1042,Exact,1
3339,E9-Q-1043,Exact,2
3339,E9-Q-1044,Exact,3
3339,E9-Q-1045,Exact,4
3339,E9-Q-1046,Exact,5
3339,E9-Q-2410,Common,6
3339,E9-Q-2411,Common,7
3339,E9-Q-2412,Common,8
3339,E9-Q-2413,Common,9
3339,E9-Q-2414,Common,10
3339,E9-Q-2415,Common,11
3339,E9-Q-2416,Common,12
3339,E9-Q-2417,Common,13
3339,E9-Q-2418,Common,14
3339,E9-Q-2419,Common,15
3339,E9-Q-2420,Common,16
3339,E9-Q-2421,Common,17
3339,E9-Q-2422,Common,18
3339,E9-Q-2423,Common,19
3339,E9-Q-2424,Common,20
3339,E9-Q-2425,Common,21
3339,E9-Q-2426,Common,22
3339,E9-Q-2427,Common,23
3339,E9-Q-2428,Common,24
3339,E9-Q-2429,Common,25
3339,E9-Q-2430,Common,26
3339,E9-Q-2431,Common,27
3339,E9-Q-2432,Common,28
3339,E9-Q-2433,Common,29
3339,E9-Q-2434,Common,30
3339,E9-Q-2435,Common,31
3339,E9-Q-2436,Common,32
3339,E9-Q-2437,Common,33
3339,E9-Q-2438,Common,34
3339,E9-Q-2439,Common,35
3339,E9-Q-2440,Common,36
3411,E9-Q-1047,Exact,1
3411,E9-Q-1048,Exact,2
3411,E9-Q-1049,Exact,3
3411,E9-Q-1050,Exact,4
3411,E9-Q-1051,Exact,5
3411,E9-Q-2410,Common,6
3411,E9-Q-2411,Common,7
3411,E9-Q-2412,Common,8
3411,E9-Q-2413,Common,9
3411,E9-Q-2414,Common,10
3411,E9-Q-2415,Common,11
3411,E9-Q-2416,Common,12
3411,E9-Q-2417,Common,13
3411,E9-Q-2418,Common,14
3411,E9-Q-2419,Common,15
3411,E9-Q-2420,Common,16
3411,E9-Q-2421,Common,17
3411,E9-Q-2422,Common,18
3411,E9-Q-2423,Common,19
3411,E9-Q-2424,Common,20
3411,E9-Q-2425,Common,21
3411,E9-Q-2426,Common,22
3411,E9-Q-2427,Common,23
3411,E9-Q-2428,Common,24
3411,E9-Q-2429,Common,25
3411,E9-Q-2430,Common,26
3411,E9-Q-2431,Common,27
3411,E9-Q-2432,Common,28
3411,E9-Q-2433,Common,29
3411,E9-Q-2434,Common,30
3411,E9-Q-2435,Common,31
3411,E9-Q-2436,Common,32
3411,E9-Q-2437,Common,33
3411,E9-Q-2438,Common,34
3411,E9-Q-2439,Common,35
3411,E9-Q-2440,Common,36
3511,E9-Q-1052,Exact,1
3511,E9-Q-1053,Exact,2
3511,E9-Q-1054,Exact,3
3511,E9-Q-1055,Exact,4
3511,E9-Q-1056,Exact,5
3511,E9-Q-2410,Common,6
3511,E9-Q-2411,Common,7
3511,E9-Q-2412,Common,8
3511,E9-Q-2413,Common,9
3511,E9-Q-2414,Common,10
3511,E9-Q-2415,Common,11
3511,E9-Q-2416,Common,12
3511,E9-Q-2417,Common,13
3511,E9-Q-2418,Common,14
3511,E9-Q-2419,Common,15
3511,E9-Q-2420,Common,16
3511,E9-Q-2421,Common,17
3511,E9-Q-2422,Common,18
3511,E9-Q-2423,Common,19
3511,E9-Q-2424,Common,20
3511,E9-Q-2425,Common,21
3511,E9-Q-2426,Common,22
3511,E9-Q-2427,Common,23
3511,E9-Q-2428,Common,24
3511,E9-Q-2429,Common,25
3511,E9-Q-2430,Common,26
3511,E9-Q-2431,Common,27
3511,E9-Q-2432,Common,28
3511,E9-Q-2433,Common,29
3511,E9-Q-2434,Common,30
3511,E9-Q-2435,Common,31
3511,E9-Q-2436,Common,32
3511,E9-Q-2437,Common,33
3511,E9-Q-2438,Common,34
3511,E9-Q-2439,Common,35
3511,E9-Q-2440,Common,36
3512,E9-Q-1057,Exact,1
3512,E9-Q-1058,Exact,2
3512,E9-Q-1059,Exact,3
3512,E9-Q-1060,Exact,4
3512,E9-Q-1061,Exact,5
3512,E9-Q-2410,Common,6
3512,E9-Q-2411,Common,7
3512,E9-Q-2412,Common,8
3512,E9-Q-2413,Common,9
3512,E9-Q-2414,Common,10
3512,E9-Q-2415,Common,11
3512,E9-Q-2416,Common,12
3512,E9-Q-2417,Common,13
3512,E9-Q-2418,Common,14
3512,E9-Q-2419,Common,15
3512,E9-Q-2420,Common,16
3512,E9-Q-2421,Common,17
3512,E9-Q-2422,Common,18
3512,E9-Q-2423,Common,19
3512,E9-Q-2424,Common,20
3512,E9-Q-2425,Common,21
3512,E9-Q-2426,Common,22
3512,E9-Q-2427,Common,23
3512,E9-Q-2428,Common,24
3512,E9-Q-2429,Common,25
3512,E9-Q-2430,Common,26
3512,E9-Q-2431,Common,27
3512,E9-Q-2432,Common,28
3512,E9-Q-2433,Common,29
3512,E9-Q-2434,Common,30
3512,E9-Q-2435,Common,31
3512,E9-Q-2436,Common,32
3512,E9-Q-2437,Common,33
3512,E9-Q-2438,Common,34
3512,E9-Q-2439,Common,35
3512,E9-Q-2440,Common,36
3513,E9-Q-1062,Exact,1
3513,E9-Q-1063,Exact,2
3513,E9-Q-1064,Exact,3
3513,E9-Q-1065,Exact,4
3513,E9-Q-1066,Exact,5
3513,E9-Q-2410,Common,6
3513,E9-Q-2411,Common,7
3513,E9-Q-2412,Common,8
3513,E9-Q-2413,Common,9
3513,E9-Q-2414,Common,10
3513,E9-Q-2415,Common,11
3513,E9-Q-2416,Common,12
3513,E9-Q-2417,Common,13
3513,E9-Q-2418,Common,14
3513,E9-Q-2419,Common,15
3513,E9-Q-2420,Common,16
3513,E9-Q-2421,Common,17
3513,E9-Q-2422,Common,18
3513,E9-Q-2423,Common,19
3513,E9-Q-2424,Common,20
3513,E9-Q-2425,Common,21
3513,E9-Q-2426,Common,22
3513,E9-Q-2427,Common,23
3513,E9-Q-2428,Common,24
3513,E9-Q-2429,Common,25
3513,E9-Q-2430,Common,26
3513,E9-Q-2431,Common,27
3513,E9-Q-2432,Common,28
3513,E9-Q-2433,Common,29
3513,E9-Q-2434,Common,30
3513,E9-Q-2435,Common,31
3513,E9-Q-2436,Common,32
3513,E9-Q-2437,Common,33
3513,E9-Q-2438,Common,34
3513,E9-Q-2439,Common,35
3513,E9-Q-2440,Common,36
3514,E9-Q-1067,Exact,1
3514,E9-Q-1068,Exact,2
3514,E9-Q-1069,Exact,3
3514,E9-Q-1070,Exact,4
3514,E9-Q-1071,Exact,5
3514,E9-Q-2410,Common,6
3514,E9-Q-2411,Common,7
3514,E9-Q-2412,Common,8
3514,E9-Q-2413,Common,9
3514,E9-Q-2414,Common,10
3514,E9-Q-2415,Common,11
3514,E9-Q-2416,Common,12
3514,E9-Q-2417,Common,13
3514,E9-Q-2418,Common,14
3514,E9-Q-2419,Common,15
3514,E9-Q-2420,Common,16
3514,E9-Q-2421,Common,17
3514,E9-Q-2422,Common,18
3514,E9-Q-2423,Common,19
3514,E9-Q-2424,Common,20
3514,E9-Q-2425,Common,21
3514,E9-Q-2426,Common,22
3514,E9-Q-2427,Common,23
3514,E9-Q-2428,Common,24
3514,E9-Q-2429,Common,25
3514,E9-Q-2430,Common,26
3514,E9-Q-2431,Common,27
3514,E9-Q-2432,Common,28
3514,E9-Q-2433,Common,29
3514,E9-Q-2434,Common,30
3514,E9-Q-2435,Common,31
3514,E9-Q-2436,Common,32
3514,E9-Q-2437,Common,33
3514,E9-Q-2438,Common,34
3514,E9-Q-2439,Common,35
3514,E9-Q-2440,Common,36
3521,E9-Q-1072,Exact,1
3521,E9-Q-1073,Exact,2
3521,E9-Q-1074,Exact,3
3521,E9-Q-1075,Exact,4
3521,E9-Q-1076,Exact,5
3521,E9-Q-2410,Common,6
3521,E9-Q-2411,Common,7
3521,E9-Q-2412,Common,8
3521,E9-Q-2413,Common,9
3521,E9-Q-2414,Common,10
3521,E9-Q-2415,Common,11
3521,E9-Q-2416,Common,12
3521,E9-Q-2417,Common,13
3521,E9-Q-2418,Common,14
3521,E9-Q-2419,Common,15
3521,E9-Q-2420,Common,16
3521,E9-Q-2421,Common,17
3521,E9-Q-2422,Common,18
3521,E9-Q-2423,Common,19
3521,E9-Q-2424,Common,20
3521,E9-Q-2425,Common,21
3521,E9-Q-2426,Common,22
3521,E9-Q-2427,Common,23
3521,E9-Q-2428,Common,24
3521,E9-Q-2429,Common,25
3521,E9-Q-2430,Common,26
3521,E9-Q-2431,Common,27
3521,E9-Q-2432,Common,28
3521,E9-Q-2433,Common,29
3521,E9-Q-2434,Common,30
3521,E9-Q-2435,Common,31
3521,E9-Q-2436,Common,32
3521,E9-Q-2437,Common,33
3521,E9-Q-2438,Common,34
3521,E9-Q-2439,Common,35
3521,E9-Q-2440,Common,36
3522,E9-Q-1077,Exact,1
3522,E9-Q-1078,Exact,2
3522,E9-Q-1079,Exact,3
3522,E9-Q-1080,Exact,4
3522,E9-Q-1081,Exact,5
3522,E9-Q-2410,Common,6
3522,E9-Q-2411,Common,7
3522,E9-Q-2412,Common,8
3522,E9-Q-2413,Common,9
3522,E9-Q-2414,Common,10
3522,E9-Q-2415,Common,11
3522,E9-Q-2416,Common,12
3522,E9-Q-2417,Common,13
3522,E9-Q-2418,Common,14
3522,E9-Q-2419,Common,15
3522,E9-Q-2420,Common,16
3522,E9-Q-2421,Common,17
3522,E9-Q-2422,Common,18
3522,E9-Q-2423,Common,19
3522,E9-Q-2424,Common,20
3522,E9-Q-2425,Common,21
3522,E9-Q-2426,Common,22
3522,E9-Q-2427,Common,23
3522,E9-Q-2428,Common,24
3522,E9-Q-2429,Common,25
3522,E9-Q-2430,Common,26
3522,E9-Q-2431,Common,27
3522,E9-Q-2432,Common,28
3522,E9-Q-2433,Common,29
3522,E9-Q-2434,Common,30
3522,E9-Q-2435,Common,31
3522,E9-Q-2436,Common,32
3522,E9-Q-2437,Common,33
3522,E9-Q-2438,Common,34
3522,E9-Q-2439,Common,35
3522,E9-Q-2440,Common,36
3611,E9-Q-1082,Exact,1
3611,E9-Q-1083,Exact,2
3611,E9-Q-1084,Exact,3
3611,E9-Q-1085,Exact,4
3611,E9-Q-1086,Exact,5
3611,E9-Q-2410,Common,6
3611,E9-Q-2411,Common,7
3611,E9-Q-2412,Common,8
3611,E9-Q-2413,Common,9
3611,E9-Q-2414,Common,10
3611,E9-Q-2415,Common,11
3611,E9-Q-2416,Common,12
3611,E9-Q-2417,Common,13
3611,E9-Q-2418,Common,14
3611,E9-Q-2419,Common,15
3611,E9-Q-2420,Common,16
3611,E9-Q-2421,Common,17
3611,E9-Q-2422,Common,18
3611,E9-Q-2423,Common,19
3611,E9-Q-2424,Common,20
3611,E9-Q-2425,Common,21
3611,E9-Q-2426,Common,22
3611,E9-Q-2427,Common,23
3611,E9-Q-2428,Common,24
3611,E9-Q-2429,Common,25
3611,E9-Q-2430,Common,26
3611,E9-Q-2431,Common,27
3611,E9-Q-2432,Common,28
3611,E9-Q-2433,Common,29
3611,E9-Q-2434,Common,30
3611,E9-Q-2435,Common,31
3611,E9-Q-2436,Common,32
3611,E9-Q-2437,Common,33
3611,E9-Q-2438,Common,34
3611,E9-Q-2439,Common,35
3611,E9-Q-2440,Common,36
3612,E9-Q-1087,Exact,1
3612,E9-Q-1088,Exact,2
3612,E9-Q-1089,Exact,3
3612,E9-Q-1090,Exact,4
3612,E9-Q-1091,Exact,5
3612,E9-Q-2410,Common,6
3612,E9-Q-2411,Common,7
3612,E9-Q-2412,Common,8
3612,E9-Q-2413,Common,9
3612,E9-Q-2414,Common,10
3612,E9-Q-2415,Common,11
3612,E9-Q-2416,Common,12
3612,E9-Q-2417,Common,13
3612,E9-Q-2418,Common,14
3612,E9-Q-2419,Common,15
3612,E9-Q-2420,Common,16
3612,E9-Q-2421,Common,17
3612,E9-Q-2422,Common,18
3612,E9-Q-2423,Common,19
3612,E9-Q-2424,Common,20
3612,E9-Q-2425,Common,21
3612,E9-Q-2426,Common,22
3612,E9-Q-2427,Common,23
3612,E9-Q-2428,Common,24
3612,E9-Q-2429,Common,25
3612,E9-Q-2430,Common,26
3612,E9-Q-2431,Common,27
3612,E9-Q-2432,Common,28
3612,E9-Q-2433,Common,29
3612,E9-Q-2434,Common,30
3612,E9-Q-2435,Common,31
3612,E9-Q-2436,Common,32
3612,E9-Q-2437,Common,33
3612,E9-Q-2438,Common,34
3612,E9-Q-2439,Common,35
3612,E9-Q-2440,Common,36
3621,E9-Q-1092,Exact,1
3621,E9-Q-1093,Exact,2
3621,E9-Q-1094,Exact,3
3621,E9-Q-1095,Exact,4
3621,E9-Q-1096,Exact,5
3621,E9-Q-2410,Common,6
3621,E9-Q-2411,Common,7
3621,E9-Q-2412,Common,8
3621,E9-Q-2413,Common,9
3621,E9-Q-2414,Common,10
3621,E9-Q-2415,Common,11
3621,E9-Q-2416,Common,12
3621,E9-Q-2417,Common,13
3621,E9-Q-2418,Common,14
3621,E9-Q-2419,Common,15
3621,E9-Q-2420,Common,16
3621,E9-Q-2421,Common,17
3621,E9-Q-2422,Common,18
3621,E9-Q-2423,Common,19
3621,E9-Q-2424,Common,20
3621,E9-Q-2425,Common,21
3621,E9-Q-2426,Common,22
3621,E9-Q-2427,Common,23
3621,E9-Q-2428,Common,24
3621,E9-Q-2429,Common,25
3621,E9-Q-2430,Common,26
3621,E9-Q-2431,Common,27
3621,E9-Q-2432,Common,28
3621,E9-Q-2433,Common,29
3621,E9-Q-2434,Common,30
3621,E9-Q-2435,Common,31
3621,E9-Q-2436,Common,32
3621,E9-Q-2437,Common,33
3621,E9-Q-2438,Common,34
3621,E9-Q-2439,Common,35
3621,E9-Q-2440,Common,36
3622,E9-Q-1097,Exact,1
3622,E9-Q-1098,Exact,2
3622,E9-Q-1099,Exact,3
3622,E9-Q-1100,Exact,4
3622,E9-Q-1101,Exact,5
3622,E9-Q-2410,Common,6
3622,E9-Q-2411,Common,7
3622,E9-Q-2412,Common,8
3622,E9-Q-2413,Common,9
3622,E9-Q-2414,Common,10
3622,E9-Q-2415,Common,11
3622,E9-Q-2416,Common,12
3622,E9-Q-2417,Common,13
3622,E9-Q-2418,Common,14
3622,E9-Q-2419,Common,15
3622,E9-Q-2420,Common,16
3622,E9-Q-2421,Common,17
3622,E9-Q-2422,Common,18
3622,E9-Q-2423,Common,19
3622,E9-Q-2424,Common,20
3622,E9-Q-2425,Common,21
3622,E9-Q-2426,Common,22
3622,E9-Q-2427,Common,23
3622,E9-Q-2428,Common,24
3622,E9-Q-2429,Common,25
3622,E9-Q-2430,Common,26
3622,E9-Q-2431,Common,27
3622,E9-Q-2432,Common,28
3622,E9-Q-2433,Common,29
3622,E9-Q-2434,Common,30
3622,E9-Q-2435,Common,31
3622,E9-Q-2436,Common,32
3622,E9-Q-2437,Common,33
3622,E9-Q-2438,Common,34
3622,E9-Q-2439,Common,35
3622,E9-Q-2440,Common,36
3623,E9-Q-1102,Exact,1
3623,E9-Q-1103,Exact,2
3623,E9-Q-1104,Exact,3
3623,E9-Q-1105,Exact,4
3623,E9-Q-1106,Exact,5
3623,E9-Q-2410,Common,6
3623,E9-Q-2411,Common,7
3623,E9-Q-2412,Common,8
3623,E9-Q-2413,Common,9
3623,E9-Q-2414,Common,10
3623,E9-Q-2415,Common,11
3623,E9-Q-2416,Common,12
3623,E9-Q-2417,Common,13
3623,E9-Q-2418,Common,14
3623,E9-Q-2419,Common,15
3623,E9-Q-2420,Common,16
3623,E9-Q-2421,Common,17
3623,E9-Q-2422,Common,18
3623,E9-Q-2423,Common,19
3623,E9-Q-2424,Common,20
3623,E9-Q-2425,Common,21
3623,E9-Q-2426,Common,22
3623,E9-Q-2427,Common,23
3623,E9-Q-2428,Common,24
3623,E9-Q-2429,Common,25
3623,E9-Q-2430,Common,26
3623,E9-Q-2431,Common,27
3623,E9-Q-2432,Common,28
3623,E9-Q-2433,Common,29
3623,E9-Q-2434,Common,30
3623,E9-Q-2435,Common,31
3623,E9-Q-2436,Common,32
3623,E9-Q-2437,Common,33
3623,E9-Q-2438,Common,34
3623,E9-Q-2439,Common,35
3623,E9-Q-2440,Common,36
3631,E9-Q-1107,Exact,1
3631,E9-Q-1108,Exact,2
3631,E9-Q-1109,Exact,3
3631,E9-Q-1110,Exact,4
3631,E9-Q-1111,Exact,5
3631,E9-Q-2410,Common,6
3631,E9-Q-2411,Common,7
3631,E9-Q-2412,Common,8
3631,E9-Q-2413,Common,9
3631,E9-Q-2414,Common,10
3631,E9-Q-2415,Common,11
3631,E9-Q-2416,Common,12
3631,E9-Q-2417,Common,13
3631,E9-Q-2418,Common,14
3631,E9-Q-2419,Common,15
3631,E9-Q-2420,Common,16
3631,E9-Q-2421,Common,17
3631,E9-Q-2422,Common,18
3631,E9-Q-2423,Common,19
3631,E9-Q-2424,Common,20
3631,E9-Q-2425,Common,21
3631,E9-Q-2426,Common,22
3631,E9-Q-2427,Common,23
3631,E9-Q-2428,Common,24
3631,E9-Q-2429,Common,25
3631,E9-Q-2430,Common,26
3631,E9-Q-2431,Common,27
3631,E9-Q-2432,Common,28
3631,E9-Q-2433,Common,29
3631,E9-Q-2434,Common,30
3631,E9-Q-2435,Common,31
3631,E9-Q-2436,Common,32
3631,E9-Q-2437,Common,33
3631,E9-Q-2438,Common,34
3631,E9-Q-2439,Common,35
3631,E9-Q-2440,Common,36
3632,E9-Q-1112,Exact,1
3632,E9-Q-1113,Exact,2
3632,E9-Q-1114,Exact,3
3632,E9-Q-1115,Exact,4
3632,E9-Q-1116,Exact,5
3632,E9-Q-2410,Common,6
3632,E9-Q-2411,Common,7
3632,E9-Q-2412,Common,8
3632,E9-Q-2413,Common,9
3632,E9-Q-2414,Common,10
3632,E9-Q-2415,Common,11
3632,E9-Q-2416,Common,12
3632,E9-Q-2417,Common,13
3632,E9-Q-2418,Common,14
3632,E9-Q-2419,Common,15
3632,E9-Q-2420,Common,16
3632,E9-Q-2421,Common,17
3632,E9-Q-2422,Common,18
3632,E9-Q-2423,Common,19
3632,E9-Q-2424,Common,20
3632,E9-Q-2425,Common,21
3632,E9-Q-2426,Common,22
3632,E9-Q-2427,Common,23
3632,E9-Q-2428,Common,24
3632,E9-Q-2429,Common,25
3632,E9-Q-2430,Common,26
3632,E9-Q-2431,Common,27
3632,E9-Q-2432,Common,28
3632,E9-Q-2433,Common,29
3632,E9-Q-2434,Common,30
3632,E9-Q-2435,Common,31
3632,E9-Q-2436,Common,32
3632,E9-Q-2437,Common,33
3632,E9-Q-2438,Common,34
3632,E9-Q-2439,Common,35
3632,E9-Q-2440,Common,36
3633,E9-Q-1117,Exact,1
3633,E9-Q-1118,Exact,2
3633,E9-Q-1119,Exact,3
3633,E9-Q-1120,Exact,4
3633,E9-Q-1121,Exact,5
3633,E9-Q-2410,Common,6
3633,E9-Q-2411,Common,7
3633,E9-Q-2412,Common,8
3633,E9-Q-2413,Common,9
3633,E9-Q-2414,Common,10
3633,E9-Q-2415,Common,11
3633,E9-Q-2416,Common,12
3633,E9-Q-2417,Common,13
3633,E9-Q-2418,Common,14
3633,E9-Q-2419,Common,15
3633,E9-Q-2420,Common,16
3633,E9-Q-2421,Common,17
3633,E9-Q-2422,Common,18
3633,E9-Q-2423,Common,19
3633,E9-Q-2424,Common,20
3633,E9-Q-2425,Common,21
3633,E9-Q-2426,Common,22
3633,E9-Q-2427,Common,23
3633,E9-Q-2428,Common,24
3633,E9-Q-2429,Common,25
3633,E9-Q-2430,Common,26
3633,E9-Q-2431,Common,27
3633,E9-Q-2432,Common,28
3633,E9-Q-2433,Common,29
3633,E9-Q-2434,Common,30
3633,E9-Q-2435,Common,31
3633,E9-Q-2436,Common,32
3633,E9-Q-2437,Common,33
3633,E9-Q-2438,Common,34
3633,E9-Q-2439,Common,35
3633,E9-Q-2440,Common,36
3634,E9-Q-1122,Exact,1
3634,E9-Q-1123,Exact,2
3634,E9-Q-1124,Exact,3
3634,E9-Q-1125,Exact,4
3634,E9-Q-1126,Exact,5
3634,E9-Q-2410,Common,6
3634,E9-Q-2411,Common,7
3634,E9-Q-2412,Common,8
3634,E9-Q-2413,Common,9
3634,E9-Q-2414,Common,10
3634,E9-Q-2415,Common,11
3634,E9-Q-2416,Common,12
3634,E9-Q-2417,Common,13
3634,E9-Q-2418,Common,14
3634,E9-Q-2419,Common,15
3634,E9-Q-2420,Common,16
3634,E9-Q-2421,Common,17
3634,E9-Q-2422,Common,18
3634,E9-Q-2423,Common,19
3634,E9-Q-2424,Common,20
3634,E9-Q-2425,Common,21
3634,E9-Q-2426,Common,22
3634,E9-Q-2427,Common,23
3634,E9-Q-2428,Common,24
3634,E9-Q-2429,Common,25
3634,E9-Q-2430,Common,26
3634,E9-Q-2431,Common,27
3634,E9-Q-2432,Common,28
3634,E9-Q-2433,Common,29
3634,E9-Q-2434,Common,30
3634,E9-Q-2435,Common,31
3634,E9-Q-2436,Common,32
3634,E9-Q-2437,Common,33
3634,E9-Q-2438,Common,34
3634,E9-Q-2439,Common,35
3634,E9-Q-2440,Common,36
3639,E9-Q-1127,Exact,1
3639,E9-Q-1128,Exact,2
3639,E9-Q-1129,Exact,3
3639,E9-Q-1130,Exact,4
3639,E9-Q-1131,Exact,5
3639,E9-Q-2410,Common,6
3639,E9-Q-2411,Common,7
3639,E9-Q-2412,Common,8
3639,E9-Q-2413,Common,9
3639,E9-Q-2414,Common,10
3639,E9-Q-2415,Common,11
3639,E9-Q-2416,Common,12
3639,E9-Q-2417,Common,13
3639,E9-Q-2418,Common,14
3639,E9-Q-2419,Common,15
3639,E9-Q-2420,Common,16
3639,E9-Q-2421,Common,17
3639,E9-Q-2422,Common,18
3639,E9-Q-2423,Common,19
3639,E9-Q-2424,Common,20
3639,E9-Q-2425,Common,21
3639,E9-Q-2426,Common,22
3639,E9-Q-2427,Common,23
3639,E9-Q-2428,Common,24
3639,E9-Q-2429,Common,25
3639,E9-Q-2430,Common,26
3639,E9-Q-2431,Common,27
3639,E9-Q-2432,Common,28
3639,E9-Q-2433,Common,29
3639,E9-Q-2434,Common,30
3639,E9-Q-2435,Common,31
3639,E9-Q-2436,Common,32
3639,E9-Q-2437,Common,33
3639,E9-Q-2438,Common,34
3639,E9-Q-2439,Common,35
3639,E9-Q-2440,Common,36
3641,E9-Q-1132,Exact,1
3641,E9-Q-1133,Exact,2
3641,E9-Q-1134,Exact,3
3641,E9-Q-1135,Exact,4
3641,E9-Q-1136,Exact,5
3641,E9-Q-2410,Common,6
3641,E9-Q-2411,Common,7
3641,E9-Q-2412,Common,8
3641,E9-Q-2413,Common,9
3641,E9-Q-2414,Common,10
3641,E9-Q-2415,Common,11
3641,E9-Q-2416,Common,12
3641,E9-Q-2417,Common,13
3641,E9-Q-2418,Common,14
3641,E9-Q-2419,Common,15
3641,E9-Q-2420,Common,16
3641,E9-Q-2421,Common,17
3641,E9-Q-2422,Common,18
3641,E9-Q-2423,Common,19
3641,E9-Q-2424,Common,20
3641,E9-Q-2425,Common,21
3641,E9-Q-2426,Common,22
3641,E9-Q-2427,Common,23
3641,E9-Q-2428,Common,24
3641,E9-Q-2429,Common,25
3641,E9-Q-2430,Common,26
3641,E9-Q-2431,Common,27
3641,E9-Q-2432,Common,28
3641,E9-Q-2433,Common,29
3641,E9-Q-2434,Common,30
3641,E9-Q-2435,Common,31
3641,E9-Q-2436,Common,32
3641,E9-Q-2437,Common,33
3641,E9-Q-2438,Common,34
3641,E9-Q-2439,Common,35
3641,E9-Q-2440,Common,36
3711,E9-Q-1137,Exact,1
3711,E9-Q-1138,Exact,2
3711,E9-Q-1139,Exact,3
3711,E9-Q-1140,Exact,4
3711,E9-Q-1141,Exact,5
3711,E9-Q-2410,Common,6
3711,E9-Q-2411,Common,7
3711,E9-Q-2412,Common,8
3711,E9-Q-2413,Common,9
3711,E9-Q-2414,Common,10
3711,E9-Q-2415,Common,11
3711,E9-Q-2416,Common,12
3711,E9-Q-2417,Common,13
3711,E9-Q-2418,Common,14
3711,E9-Q-2419,Common,15
3711,E9-Q-2420,Common,16
3711,E9-Q-2421,Common,17
3711,E9-Q-2422,Common,18
3711,E9-Q-2423,Common,19
3711,E9-Q-2424,Common,20
3711,E9-Q-2425,Common,21
3711,E9-Q-2426,Common,22
3711,E9-Q-2427,Common,23
3711,E9-Q-2428,Common,24
3711,E9-Q-2429,Common,25
3711,E9-Q-2430,Common,26
3711,E9-Q-2431,Common,27
3711,E9-Q-2432,Common,28
3711,E9-Q-2433,Common,29
3711,E9-Q-2434,Common,30
3711,E9-Q-2435,Common,31
3711,E9-Q-2436,Common,32
3711,E9-Q-2437,Common,33
3711,E9-Q-2438,Common,34
3711,E9-Q-2439,Common,35
3711,E9-Q-2440,Common,36
3712,E9-Q-1142,Exact,1
3712,E9-Q-1143,Exact,2
3712,E9-Q-1144,Exact,3
3712,E9-Q-1145,Exact,4
3712,E9-Q-1146,Exact,5
3712,E9-Q-2410,Common,6
3712,E9-Q-2411,Common,7
3712,E9-Q-2412,Common,8
3712,E9-Q-2413,Common,9
3712,E9-Q-2414,Common,10
3712,E9-Q-2415,Common,11
3712,E9-Q-2416,Common,12
3712,E9-Q-2417,Common,13
3712,E9-Q-2418,Common,14
3712,E9-Q-2419,Common,15
3712,E9-Q-2420,Common,16
3712,E9-Q-2421,Common,17
3712,E9-Q-2422,Common,18
3712,E9-Q-2423,Common,19
3712,E9-Q-2424,Common,20
3712,E9-Q-2425,Common,21
3712,E9-Q-2426,Common,22
3712,E9-Q-2427,Common,23
3712,E9-Q-2428,Common,24
3712,E9-Q-2429,Common,25
3712,E9-Q-2430,Common,26
3712,E9-Q-2431,Common,27
3712,E9-Q-2432,Common,28
3712,E9-Q-2433,Common,29
3712,E9-Q-2434,Common,30
3712,E9-Q-2435,Common,31
3712,E9-Q-2436,Common,32
3712,E9-Q-2437,Common,33
3712,E9-Q-2438,Common,34
3712,E9-Q-2439,Common,35
3712,E9-Q-2440,Common,36
3713,E9-Q-1147,Exact,1
3713,E9-Q-1148,Exact,2
3713,E9-Q-1149,Exact,3
3713,E9-Q-1150,Exact,4
3713,E9-Q-1151,Exact,5
3713,E9-Q-2410,Common,6
3713,E9-Q-2411,Common,7
3713,E9-Q-2412,Common,8
3713,E9-Q-2413,Common,9
3713,E9-Q-2414,Common,10
3713,E9-Q-2415,Common,11
3713,E9-Q-2416,Common,12
3713,E9-Q-2417,Common,13
3713,E9-Q-2418,Common,14
3713,E9-Q-2419,Common,15
3713,E9-Q-2420,Common,16
3713,E9-Q-2421,Common,17
3713,E9-Q-2422,Common,18
3713,E9-Q-2423,Common,19
3713,E9-Q-2424,Common,20
3713,E9-Q-2425,Common,21
3713,E9-Q-2426,Common,22
3713,E9-Q-2427,Common,23
3713,E9-Q-2428,Common,24
3713,E9-Q-2429,Common,25
3713,E9-Q-2430,Common,26
3713,E9-Q-2431,Common,27
3713,E9-Q-2432,Common,28
3713,E9-Q-2433,Common,29
3713,E9-Q-2434,Common,30
3713,E9-Q-2435,Common,31
3713,E9-Q-2436,Common,32
3713,E9-Q-2437,Common,33
3713,E9-Q-2438,Common,34
3713,E9-Q-2439,Common,35
3713,E9-Q-2440,Common,36
3714,E9-Q-1152,Exact,1
3714,E9-Q-1153,Exact,2
3714,E9-Q-1154,Exact,3
3714,E9-Q-1155,Exact,4
3714,E9-Q-1156,Exact,5
3714,E9-Q-2410,Common,6
3714,E9-Q-2411,Common,7
3714,E9-Q-2412,Common,8
3714,E9-Q-2413,Common,9
3714,E9-Q-2414,Common,10
3714,E9-Q-2415,Common,11
3714,E9-Q-2416,Common,12
3714,E9-Q-2417,Common,13
3714,E9-Q-2418,Common,14
3714,E9-Q-2419,Common,15
3714,E9-Q-2420,Common,16
3714,E9-Q-2421,Common,17
3714,E9-Q-2422,Common,18
3714,E9-Q-2423,Common,19
3714,E9-Q-2424,Common,20
3714,E9-Q-2425,Common,21
3714,E9-Q-2426,Common,22
3714,E9-Q-2427,Common,23
3714,E9-Q-2428,Common,24
3714,E9-Q-2429,Common,25
3714,E9-Q-2430,Common,26
3714,E9-Q-2431,Common,27
3714,E9-Q-2432,Common,28
3714,E9-Q-2433,Common,29
3714,E9-Q-2434,Common,30
3714,E9-Q-2435,Common,31
3714,E9-Q-2436,Common,32
3714,E9-Q-2437,Common,33
3714,E9-Q-2438,Common,34
3714,E9-Q-2439,Common,35
3714,E9-Q-2440,Common,36
3715,E9-Q-1157,Exact,1
3715,E9-Q-1158,Exact,2
3715,E9-Q-1159,Exact,3
3715,E9-Q-1160,Exact,4
3715,E9-Q-1161,Exact,5
3715,E9-Q-2410,Common,6
3715,E9-Q-2411,Common,7
3715,E9-Q-2412,Common,8
3715,E9-Q-2413,Common,9
3715,E9-Q-2414,Common,10
3715,E9-Q-2415,Common,11
3715,E9-Q-2416,Common,12
3715,E9-Q-2417,Common,13
3715,E9-Q-2418,Common,14
3715,E9-Q-2419,Common,15
3715,E9-Q-2420,Common,16
3715,E9-Q-2421,Common,17
3715,E9-Q-2422,Common,18
3715,E9-Q-2423,Common,19
3715,E9-Q-2424,Common,20
3715,E9-Q-2425,Common,21
3715,E9-Q-2426,Common,22
3715,E9-Q-2427,Common,23
3715,E9-Q-2428,Common,24
3715,E9-Q-2429,Common,25
3715,E9-Q-2430,Common,26
3715,E9-Q-2431,Common,27
3715,E9-Q-2432,Common,28
3715,E9-Q-2433,Common,29
3715,E9-Q-2434,Common,30
3715,E9-Q-2435,Common,31
3715,E9-Q-2436,Common,32
3715,E9-Q-2437,Common,33
3715,E9-Q-2438,Common,34
3715,E9-Q-2439,Common,35
3715,E9-Q-2440,Common,36
3716,E9-Q-1162,Exact,1
3716,E9-Q-1163,Exact,2
3716,E9-Q-1164,Exact,3
3716,E9-Q-1165,Exact,4
3716,E9-Q-1166,Exact,5
3716,E9-Q-2410,Common,6
3716,E9-Q-2411,Common,7
3716,E9-Q-2412,Common,8
3716,E9-Q-2413,Common,9
3716,E9-Q-2414,Common,10
3716,E9-Q-2415,Common,11
3716,E9-Q-2416,Common,12
3716,E9-Q-2417,Common,13
3716,E9-Q-2418,Common,14
3716,E9-Q-2419,Common,15
3716,E9-Q-2420,Common,16
3716,E9-Q-2421,Common,17
3716,E9-Q-2422,Common,18
3716,E9-Q-2423,Common,19
3716,E9-Q-2424,Common,20
3716,E9-Q-2425,Common,21
3716,E9-Q-2426,Common,22
3716,E9-Q-2427,Common,23
3716,E9-Q-2428,Common,24
3716,E9-Q-2429,Common,25
3716,E9-Q-2430,Common,26
3716,E9-Q-2431,Common,27
3716,E9-Q-2432,Common,28
3716,E9-Q-2433,Common,29
3716,E9-Q-2434,Common,30
3716,E9-Q-2435,Common,31
3716,E9-Q-2436,Common,32
3716,E9-Q-2437,Common,33
3716,E9-Q-2438,Common,34
3716,E9-Q-2439,Common,35
3716,E9-Q-2440,Common,36
4111,E9-Q-1167,Exact,1
4111,E9-Q-1168,Exact,2
4111,E9-Q-1169,Exact,3
4111,E9-Q-1170,Exact,4
4111,E9-Q-1171,Exact,5
4111,E9-Q-2410,Common,6
4111,E9-Q-2411,Common,7
4111,E9-Q-2412,Common,8
4111,E9-Q-2413,Common,9
4111,E9-Q-2414,Common,10
4111,E9-Q-2415,Common,11
4111,E9-Q-2416,Common,12
4111,E9-Q-2417,Common,13
4111,E9-Q-2418,Common,14
4111,E9-Q-2419,Common,15
4111,E9-Q-2420,Common,16
4111,E9-Q-2421,Common,17
4111,E9-Q-2422,Common,18
4111,E9-Q-2423,Common,19
4111,E9-Q-2424,Common,20
4111,E9-Q-2425,Common,21
4111,E9-Q-2426,Common,22
4111,E9-Q-2427,Common,23
4111,E9-Q-2428,Common,24
4111,E9-Q-2429,Common,25
4111,E9-Q-2430,Common,26
4111,E9-Q-2431,Common,27
4111,E9-Q-2432,Common,28
4111,E9-Q-2433,Common,29
4111,E9-Q-2434,Common,30
4111,E9-Q-2435,Common,31
4111,E9-Q-2436,Common,32
4111,E9-Q-2437,Common,33
4111,E9-Q-2438,Common,34
4111,E9-Q-2439,Common,35
4111,E9-Q-2440,Common,36
4121,E9-Q-1172,Exact,1
4121,E9-Q-1173,Exact,2
4121,E9-Q-1174,Exact,3
4121,E9-Q-1175,Exact,4
4121,E9-Q-1176,Exact,5
4121,E9-Q-2410,Common,6
4121,E9-Q-2411,Common,7
4121,E9-Q-2412,Common,8
4121,E9-Q-2413,Common,9
4121,E9-Q-2414,Common,10
4121,E9-Q-2415,Common,11
4121,E9-Q-2416,Common,12
4121,E9-Q-2417,Common,13
4121,E9-Q-2418,Common,14
4121,E9-Q-2419,Common,15
4121,E9-Q-2420,Common,16
4121,E9-Q-2421,Common,17
4121,E9-Q-2422,Common,18
4121,E9-Q-2423,Common,19
4121,E9-Q-2424,Common,20
4121,E9-Q-2425,Common,21
4121,E9-Q-2426,Common,22
4121,E9-Q-2427,Common,23
4121,E9-Q-2428,Common,24
4121,E9-Q-2429,Common,25
4121,E9-Q-2430,Common,26
4121,E9-Q-2431,Common,27
4121,E9-Q-2432,Common,28
4121,E9-Q-2433,Common,29
4121,E9-Q-2434,Common,30
4121,E9-Q-2435,Common,31
4121,E9-Q-2436,Common,32
4121,E9-Q-2437,Common,33
4121,E9-Q-2438,Common,34
4121,E9-Q-2439,Common,35
4121,E9-Q-2440,Common,36
4131,E9-Q-1177,Exact,1
4131,E9-Q-1178,Exact,2
4131,E9-Q-1179,Exact,3
4131,E9-Q-1180,Exact,4
4131,E9-Q-1181,Exact,5
4131,E9-Q-2410,Common,6
4131,E9-Q-2411,Common,7
4131,E9-Q-2412,Common,8
4131,E9-Q-2413,Common,9
4131,E9-Q-2414,Common,10
4131,E9-Q-2415,Common,11
4131,E9-Q-2416,Common,12
4131,E9-Q-2417,Common,13
4131,E9-Q-2418,Common,14
4131,E9-Q-2419,Common,15
4131,E9-Q-2420,Common,16
4131,E9-Q-2421,Common,17
4131,E9-Q-2422,Common,18
4131,E9-Q-2423,Common,19
4131,E9-Q-2424,Common,20
4131,E9-Q-2425,Common,21
4131,E9-Q-2426,Common,22
4131,E9-Q-2427,Common,23
4131,E9-Q-2428,Common,24
4131,E9-Q-2429,Common,25
4131,E9-Q-2430,Common,26
4131,E9-Q-2431,Common,27
4131,E9-Q-2432,Common,28
4131,E9-Q-2433,Common,29
4131,E9-Q-2434,Common,30
4131,E9-Q-2435,Common,31
4131,E9-Q-2436,Common,32
4131,E9-Q-2437,Common,33
4131,E9-Q-2438,Common,34
4131,E9-Q-2439,Common,35
4131,E9-Q-2440,Common,36
4132,E9-Q-1182,Exact,1
4132,E9-Q-1183,Exact,2
4132,E9-Q-1184,Exact,3
4132,E9-Q-1185,Exact,4
4132,E9-Q-1186,Exact,5
4132,E9-Q-2410,Common,6
4132,E9-Q-2411,Common,7
4132,E9-Q-2412,Common,8
4132,E9-Q-2413,Common,9
4132,E9-Q-2414,Common,10
4132,E9-Q-2415,Common,11
4132,E9-Q-2416,Common,12
4132,E9-Q-2417,Common,13
4132,E9-Q-2418,Common,14
4132,E9-Q-2419,Common,15
4132,E9-Q-2420,Common,16
4132,E9-Q-2421,Common,17
4132,E9-Q-2422,Common,18
4132,E9-Q-2423,Common,19
4132,E9-Q-2424,Common,20
4132,E9-Q-2425,Common,21
4132,E9-Q-2426,Common,22
4132,E9-Q-2427,Common,23
4132,E9-Q-2428,Common,24
4132,E9-Q-2429,Common,25
4132,E9-Q-2430,Common,26
4132,E9-Q-2431,Common,27
4132,E9-Q-2432,Common,28
4132,E9-Q-2433,Common,29
4132,E9-Q-2434,Common,30
4132,E9-Q-2435,Common,31
4132,E9-Q-2436,Common,32
4132,E9-Q-2437,Common,33
4132,E9-Q-2438,Common,34
4132,E9-Q-2439,Common,35
4132,E9-Q-2440,Common,36
4211,E9-Q-1187,Exact,1
4211,E9-Q-1188,Exact,2
4211,E9-Q-1189,Exact,3
4211,E9-Q-1190,Exact,4
4211,E9-Q-1191,Exact,5
4211,E9-Q-2410,Common,6
4211,E9-Q-2411,Common,7
4211,E9-Q-2412,Common,8
4211,E9-Q-2413,Common,9
4211,E9-Q-2414,Common,10
4211,E9-Q-2415,Common,11
4211,E9-Q-2416,Common,12
4211,E9-Q-2417,Common,13
4211,E9-Q-2418,Common,14
4211,E9-Q-2419,Common,15
4211,E9-Q-2420,Common,16
4211,E9-Q-2421,Common,17
4211,E9-Q-2422,Common,18
4211,E9-Q-2423,Common,19
4211,E9-Q-2424,Common,20
4211,E9-Q-2425,Common,21
4211,E9-Q-2426,Common,22
4211,E9-Q-2427,Common,23
4211,E9-Q-2428,Common,24
4211,E9-Q-2429,Common,25
4211,E9-Q-2430,Common,26
4211,E9-Q-2431,Common,27
4211,E9-Q-2432,Common,28
4211,E9-Q-2433,Common,29
4211,E9-Q-2434,Common,30
4211,E9-Q-2435,Common,31
4211,E9-Q-2436,Common,32
4211,E9-Q-2437,Common,33
4211,E9-Q-2438,Common,34
4211,E9-Q-2439,Common,35
4211,E9-Q-2440,Common,36
4212,E9-Q-1192,Exact,1
4212,E9-Q-1193,Exact,2
4212,E9-Q-1194,Exact,3
4212,E9-Q-1195,Exact,4
4212,E9-Q-1196,Exact,5
4212,E9-Q-2410,Common,6
4212,E9-Q-2411,Common,7
4212,E9-Q-2412,Common,8
4212,E9-Q-2413,Common,9
4212,E9-Q-2414,Common,10
4212,E9-Q-2415,Common,11
4212,E9-Q-2416,Common,12
4212,E9-Q-2417,Common,13
4212,E9-Q-2418,Common,14
4212,E9-Q-2419,Common,15
4212,E9-Q-2420,Common,16
4212,E9-Q-2421,Common,17
4212,E9-Q-2422,Common,18
4212,E9-Q-2423,Common,19
4212,E9-Q-2424,Common,20
4212,E9-Q-2425,Common,21
4212,E9-Q-2426,Common,22
4212,E9-Q-2427,Common,23
4212,E9-Q-2428,Common,24
4212,E9-Q-2429,Common,25
4212,E9-Q-2430,Common,26
4212,E9-Q-2431,Common,27
4212,E9-Q-2432,Common,28
4212,E9-Q-2433,Common,29
4212,E9-Q-2434,Common,30
4212,E9-Q-2435,Common,31
4212,E9-Q-2436,Common,32
4212,E9-Q-2437,Common,33
4212,E9-Q-2438,Common,34
4212,E9-Q-2439,Common,35
4212,E9-Q-2440,Common,36
4213,E9-Q-1197,Exact,1
4213,E9-Q-1198,Exact,2
4213,E9-Q-1199,Exact,3
4213,E9-Q-1200,Exact,4
4213,E9-Q-1201,Exact,5
4213,E9-Q-2410,Common,6
4213,E9-Q-2411,Common,7
4213,E9-Q-2412,Common,8
4213,E9-Q-2413,Common,9
4213,E9-Q-2414,Common,10
4213,E9-Q-2415,Common,11
4213,E9-Q-2416,Common,12
4213,E9-Q-2417,Common,13
4213,E9-Q-2418,Common,14
4213,E9-Q-2419,Common,15
4213,E9-Q-2420,Common,16
4213,E9-Q-2421,Common,17
4213,E9-Q-2422,Common,18
4213,E9-Q-2423,Common,19
4213,E9-Q-2424,Common,20
4213,E9-Q-2425,Common,21
4213,E9-Q-2426,Common,22
4213,E9-Q-2427,Common,23
4213,E9-Q-2428,Common,24
4213,E9-Q-2429,Common,25
4213,E9-Q-2430,Common,26
4213,E9-Q-2431,Common,27
4213,E9-Q-2432,Common,28
4213,E9-Q-2433,Common,29
4213,E9-Q-2434,Common,30
4213,E9-Q-2435,Common,31
4213,E9-Q-2436,Common,32
4213,E9-Q-2437,Common,33
4213,E9-Q-2438,Common,34
4213,E9-Q-2439,Common,35
4213,E9-Q-2440,Common,36
4214,E9-Q-1202,Exact,1
4214,E9-Q-1203,Exact,2
4214,E9-Q-1204,Exact,3
4214,E9-Q-1205,Exact,4
4214,E9-Q-1206,Exact,5
4214,E9-Q-2410,Common,6
4214,E9-Q-2411,Common,7
4214,E9-Q-2412,Common,8
4214,E9-Q-2413,Common,9
4214,E9-Q-2414,Common,10
4214,E9-Q-2415,Common,11
4214,E9-Q-2416,Common,12
4214,E9-Q-2417,Common,13
4214,E9-Q-2418,Common,14
4214,E9-Q-2419,Common,15
4214,E9-Q-2420,Common,16
4214,E9-Q-2421,Common,17
4214,E9-Q-2422,Common,18
4214,E9-Q-2423,Common,19
4214,E9-Q-2424,Common,20
4214,E9-Q-2425,Common,21
4214,E9-Q-2426,Common,22
4214,E9-Q-2427,Common,23
4214,E9-Q-2428,Common,24
4214,E9-Q-2429,Common,25
4214,E9-Q-2430,Common,26
4214,E9-Q-2431,Common,27
4214,E9-Q-2432,Common,28
4214,E9-Q-2433,Common,29
4214,E9-Q-2434,Common,30
4214,E9-Q-2435,Common,31
4214,E9-Q-2436,Common,32
4214,E9-Q-2437,Common,33
4214,E9-Q-2438,Common,34
4214,E9-Q-2439,Common,35
4214,E9-Q-2440,Common,36
4311,E9-Q-1207,Exact,1
4311,E9-Q-1208,Exact,2
4311,E9-Q-1209,Exact,3
4311,E9-Q-1210,Exact,4
4311,E9-Q-1211,Exact,5
4311,E9-Q-2410,Common,6
4311,E9-Q-2411,Common,7
4311,E9-Q-2412,Common,8
4311,E9-Q-2413,Common,9
4311,E9-Q-2414,Common,10
4311,E9-Q-2415,Common,11
4311,E9-Q-2416,Common,12
4311,E9-Q-2417,Common,13
4311,E9-Q-2418,Common,14
4311,E9-Q-2419,Common,15
4311,E9-Q-2420,Common,16
4311,E9-Q-2421,Common,17
4311,E9-Q-2422,Common,18
4311,E9-Q-2423,Common,19
4311,E9-Q-2424,Common,20
4311,E9-Q-2425,Common,21
4311,E9-Q-2426,Common,22
4311,E9-Q-2427,Common,23
4311,E9-Q-2428,Common,24
4311,E9-Q-2429,Common,25
4311,E9-Q-2430,Common,26
4311,E9-Q-2431,Common,27
4311,E9-Q-2432,Common,28
4311,E9-Q-2433,Common,29
4311,E9-Q-2434,Common,30
4311,E9-Q-2435,Common,31
4311,E9-Q-2436,Common,32
4311,E9-Q-2437,Common,33
4311,E9-Q-2438,Common,34
4311,E9-Q-2439,Common,35
4311,E9-Q-2440,Common,36
4312,E9-Q-1212,Exact,1
4312,E9-Q-1213,Exact,2
4312,E9-Q-1214,Exact,3
4312,E9-Q-1215,Exact,4
4312,E9-Q-1216,Exact,5
4312,E9-Q-2410,Common,6
4312,E9-Q-2411,Common,7
4312,E9-Q-2412,Common,8
4312,E9-Q-2413,Common,9
4312,E9-Q-2414,Common,10
4312,E9-Q-2415,Common,11
4312,E9-Q-2416,Common,12
4312,E9-Q-2417,Common,13
4312,E9-Q-2418,Common,14
4312,E9-Q-2419,Common,15
4312,E9-Q-2420,Common,16
4312,E9-Q-2421,Common,17
4312,E9-Q-2422,Common,18
4312,E9-Q-2423,Common,19
4312,E9-Q-2424,Common,20
4312,E9-Q-2425,Common,21
4312,E9-Q-2426,Common,22
4312,E9-Q-2427,Common,23
4312,E9-Q-2428,Common,24
4312,E9-Q-2429,Common,25
4312,E9-Q-2430,Common,26
4312,E9-Q-2431,Common,27
4312,E9-Q-2432,Common,28
4312,E9-Q-2433,Common,29
4312,E9-Q-2434,Common,30
4312,E9-Q-2435,Common,31
4312,E9-Q-2436,Common,32
4312,E9-Q-2437,Common,33
4312,E9-Q-2438,Common,34
4312,E9-Q-2439,Common,35
4312,E9-Q-2440,Common,36
4321,E9-Q-1217,Exact,1
4321,E9-Q-1218,Exact,2
4321,E9-Q-1219,Exact,3
4321,E9-Q-1220,Exact,4
4321,E9-Q-1221,Exact,5
4321,E9-Q-2410,Common,6
4321,E9-Q-2411,Common,7
4321,E9-Q-2412,Common,8
4321,E9-Q-2413,Common,9
4321,E9-Q-2414,Common,10
4321,E9-Q-2415,Common,11
4321,E9-Q-2416,Common,12
4321,E9-Q-2417,Common,13
4321,E9-Q-2418,Common,14
4321,E9-Q-2419,Common,15
4321,E9-Q-2420,Common,16
4321,E9-Q-2421,Common,17
4321,E9-Q-2422,Common,18
4321,E9-Q-2423,Common,19
4321,E9-Q-2424,Common,20
4321,E9-Q-2425,Common,21
4321,E9-Q-2426,Common,22
4321,E9-Q-2427,Common,23
4321,E9-Q-2428,Common,24
4321,E9-Q-2429,Common,25
4321,E9-Q-2430,Common,26
4321,E9-Q-2431,Common,27
4321,E9-Q-2432,Common,28
4321,E9-Q-2433,Common,29
4321,E9-Q-2434,Common,30
4321,E9-Q-2435,Common,31
4321,E9-Q-2436,Common,32
4321,E9-Q-2437,Common,33
4321,E9-Q-2438,Common,34
4321,E9-Q-2439,Common,35
4321,E9-Q-2440,Common,36
4322,E9-Q-1222,Exact,1
4322,E9-Q-1223,Exact,2
4322,E9-Q-1224,Exact,3
4322,E9-Q-1225,Exact,4
4322,E9-Q-1226,Exact,5
4322,E9-Q-2410,Common,6
4322,E9-Q-2411,Common,7
4322,E9-Q-2412,Common,8
4322,E9-Q-2413,Common,9
4322,E9-Q-2414,Common,10
4322,E9-Q-2415,Common,11
4322,E9-Q-2416,Common,12
4322,E9-Q-2417,Common,13
4322,E9-Q-2418,Common,14
4322,E9-Q-2419,Common,15
4322,E9-Q-2420,Common,16
4322,E9-Q-2421,Common,17
4322,E9-Q-2422,Common,18
4322,E9-Q-2423,Common,19
4322,E9-Q-2424,Common,20
4322,E9-Q-2425,Common,21
4322,E9-Q-2426,Common,22
4322,E9-Q-2427,Common,23
4322,E9-Q-2428,Common,24
4322,E9-Q-2429,Common,25
4322,E9-Q-2430,Common,26
4322,E9-Q-2431,Common,27
4322,E9-Q-2432,Common,28
4322,E9-Q-2433,Common,29
4322,E9-Q-2434,Common,30
4322,E9-Q-2435,Common,31
4322,E9-Q-2436,Common,32
4322,E9-Q-2437,Common,33
4322,E9-Q-2438,Common,34
4322,E9-Q-2439,Common,35
4322,E9-Q-2440,Common,36
4323,E9-Q-1227,Exact,1
4323,E9-Q-1228,Exact,2
4323,E9-Q-1229,Exact,3
4323,E9-Q-1230,Exact,4
4323,E9-Q-1231,Exact,5
4323,E9-Q-2410,Common,6
4323,E9-Q-2411,Common,7
4323,E9-Q-2412,Common,8
4323,E9-Q-2413,Common,9
4323,E9-Q-2414,Common,10
4323,E9-Q-2415,Common,11
4323,E9-Q-2416,Common,12
4323,E9-Q-2417,Common,13
4323,E9-Q-2418,Common,14
4323,E9-Q-2419,Common,15
4323,E9-Q-2420,Common,16
4323,E9-Q-2421,Common,17
4323,E9-Q-2422,Common,18
4323,E9-Q-2423,Common,19
4323,E9-Q-2424,Common,20
4323,E9-Q-2425,Common,21
4323,E9-Q-2426,Common,22
4323,E9-Q-2427,Common,23
4323,E9-Q-2428,Common,24
4323,E9-Q-2429,Common,25
4323,E9-Q-2430,Common,26
4323,E9-Q-2431,Common,27
4323,E9-Q-2432,Common,28
4323,E9-Q-2433,Common,29
4323,E9-Q-2434,Common,30
4323,E9-Q-2435,Common,31
4323,E9-Q-2436,Common,32
4323,E9-Q-2437,Common,33
4323,E9-Q-2438,Common,34
4323,E9-Q-2439,Common,35
4323,E9-Q-2440,Common,36
4411,E9-Q-1232,Exact,1
4411,E9-Q-1233,Exact,2
4411,E9-Q-1234,Exact,3
4411,E9-Q-1235,Exact,4
4411,E9-Q-1236,Exact,5
4411,E9-Q-2410,Common,6
4411,E9-Q-2411,Common,7
4411,E9-Q-2412,Common,8
4411,E9-Q-2413,Common,9
4411,E9-Q-2414,Common,10
4411,E9-Q-2415,Common,11
4411,E9-Q-2416,Common,12
4411,E9-Q-2417,Common,13
4411,E9-Q-2418,Common,14
4411,E9-Q-2419,Common,15
4411,E9-Q-2420,Common,16
4411,E9-Q-2421,Common,17
4411,E9-Q-2422,Common,18
4411,E9-Q-2423,Common,19
4411,E9-Q-2424,Common,20
4411,E9-Q-2425,Common,21
4411,E9-Q-2426,Common,22
4411,E9-Q-2427,Common,23
4411,E9-Q-2428,Common,24
4411,E9-Q-2429,Common,25
4411,E9-Q-2430,Common,26
4411,E9-Q-2431,Common,27
4411,E9-Q-2432,Common,28
4411,E9-Q-2433,Common,29
4411,E9-Q-2434,Common,30
4411,E9-Q-2435,Common,31
4411,E9-Q-2436,Common,32
4411,E9-Q-2437,Common,33
4411,E9-Q-2438,Common,34
4411,E9-Q-2439,Common,35
4411,E9-Q-2440,Common,36
4412,E9-Q-1237,Exact,1
4412,E9-Q-1238,Exact,2
4412,E9-Q-1239,Exact,3
4412,E9-Q-1240,Exact,4
4412,E9-Q-1241,Exact,5
4412,E9-Q-2410,Common,6
4412,E9-Q-2411,Common,7
4412,E9-Q-2412,Common,8
4412,E9-Q-2413,Common,9
4412,E9-Q-2414,Common,10
4412,E9-Q-2415,Common,11
4412,E9-Q-2416,Common,12
4412,E9-Q-2417,Common,13
4412,E9-Q-2418,Common,14
4412,E9-Q-2419,Common,15
4412,E9-Q-2420,Common,16
4412,E9-Q-2421,Common,17
4412,E9-Q-2422,Common,18
4412,E9-Q-2423,Common,19
4412,E9-Q-2424,Common,20
4412,E9-Q-2425,Common,21
4412,E9-Q-2426,Common,22
4412,E9-Q-2427,Common,23
4412,E9-Q-2428,Common,24
4412,E9-Q-2429,Common,25
4412,E9-Q-2430,Common,26
4412,E9-Q-2431,Common,27
4412,E9-Q-2432,Common,28
4412,E9-Q-2433,Common,29
4412,E9-Q-2434,Common,30
4412,E9-Q-2435,Common,31
4412,E9-Q-2436,Common,32
4412,E9-Q-2437,Common,33
4412,E9-Q-2438,Common,34
4412,E9-Q-2439,Common,35
4412,E9-Q-2440,Common,36
4413,E9-Q-1242,Exact,1
4413,E9-Q-1243,Exact,2
4413,E9-Q-1244,Exact,3
4413,E9-Q-1245,Exact,4
4413,E9-Q-1246,Exact,5
4413,E9-Q-2410,Common,6
4413,E9-Q-2411,Common,7
4413,E9-Q-2412,Common,8
4413,E9-Q-2413,Common,9
4413,E9-Q-2414,Common,10
4413,E9-Q-2415,Common,11
4413,E9-Q-2416,Common,12
4413,E9-Q-2417,Common,13
4413,E9-Q-2418,Common,14
4413,E9-Q-2419,Common,15
4413,E9-Q-2420,Common,16
4413,E9-Q-2421,Common,17
4413,E9-Q-2422,Common,18
4413,E9-Q-2423,Common,19
4413,E9-Q-2424,Common,20
4413,E9-Q-2425,Common,21
4413,E9-Q-2426,Common,22
4413,E9-Q-2427,Common,23
4413,E9-Q-2428,Common,24
4413,E9-Q-2429,Common,25
4413,E9-Q-2430,Common,26
4413,E9-Q-2431,Common,27
4413,E9-Q-2432,Common,28
4413,E9-Q-2433,Common,29
4413,E9-Q-2434,Common,30
4413,E9-Q-2435,Common,31
4413,E9-Q-2436,Common,32
4413,E9-Q-2437,Common,33
4413,E9-Q-2438,Common,34
4413,E9-Q-2439,Common,35
4413,E9-Q-2440,Common,36
4414,E9-Q-1247,Exact,1
4414,E9-Q-1248,Exact,2
4414,E9-Q-1249,Exact,3
4414,E9-Q-1250,Exact,4
4414,E9-Q-1251,Exact,5
4414,E9-Q-2410,Common,6
4414,E9-Q-2411,Common,7
4414,E9-Q-2412,Common,8
4414,E9-Q-2413,Common,9
4414,E9-Q-2414,Common,10
4414,E9-Q-2415,Common,11
4414,E9-Q-2416,Common,12
4414,E9-Q-2417,Common,13
4414,E9-Q-2418,Common,14
4414,E9-Q-2419,Common,15
4414,E9-Q-2420,Common,16
4414,E9-Q-2421,Common,17
4414,E9-Q-2422,Common,18
4414,E9-Q-2423,Common,19
4414,E9-Q-2424,Common,20
4414,E9-Q-2425,Common,21
4414,E9-Q-2426,Common,22
4414,E9-Q-2427,Common,23
4414,E9-Q-2428,Common,24
4414,E9-Q-2429,Common,25
4414,E9-Q-2430,Common,26
4414,E9-Q-2431,Common,27
4414,E9-Q-2432,Common,28
4414,E9-Q-2433,Common,29
4414,E9-Q-2434,Common,30
4414,E9-Q-2435,Common,31
4414,E9-Q-2436,Common,32
4414,E9-Q-2437,Common,33
4414,E9-Q-2438,Common,34
4414,E9-Q-2439,Common,35
4414,E9-Q-2440,Common,36
4415,E9-Q-1252,Exact,1
4415,E9-Q-1253,Exact,2
4415,E9-Q-1254,Exact,3
4415,E9-Q-1255,Exact,4
4415,E9-Q-1256,Exact,5
4415,E9-Q-2410,Common,6
4415,E9-Q-2411,Common,7
4415,E9-Q-2412,Common,8
4415,E9-Q-2413,Common,9
4415,E9-Q-2414,Common,10
4415,E9-Q-2415,Common,11
4415,E9-Q-2416,Common,12
4415,E9-Q-2417,Common,13
4415,E9-Q-2418,Common,14
4415,E9-Q-2419,Common,15
4415,E9-Q-2420,Common,16
4415,E9-Q-2421,Common,17
4415,E9-Q-2422,Common,18
4415,E9-Q-2423,Common,19
4415,E9-Q-2424,Common,20
4415,E9-Q-2425,Common,21
4415,E9-Q-2426,Common,22
4415,E9-Q-2427,Common,23
4415,E9-Q-2428,Common,24
4415,E9-Q-2429,Common,25
4415,E9-Q-2430,Common,26
4415,E9-Q-2431,Common,27
4415,E9-Q-2432,Common,28
4415,E9-Q-2433,Common,29
4415,E9-Q-2434,Common,30
4415,E9-Q-2435,Common,31
4415,E9-Q-2436,Common,32
4415,E9-Q-2437,Common,33
4415,E9-Q-2438,Common,34
4415,E9-Q-2439,Common,35
4415,E9-Q-2440,Common,36
4416,E9-Q-1257,Exact,1
4416,E9-Q-1258,Exact,2
4416,E9-Q-1259,Exact,3
4416,E9-Q-1260,Exact,4
4416,E9-Q-1261,Exact,5
4416,E9-Q-2410,Common,6
4416,E9-Q-2411,Common,7
4416,E9-Q-2412,Common,8
4416,E9-Q-2413,Common,9
4416,E9-Q-2414,Common,10
4416,E9-Q-2415,Common,11
4416,E9-Q-2416,Common,12
4416,E9-Q-2417,Common,13
4416,E9-Q-2418,Common,14
4416,E9-Q-2419,Common,15
4416,E9-Q-2420,Common,16
4416,E9-Q-2421,Common,17
4416,E9-Q-2422,Common,18
4416,E9-Q-2423,Common,19
4416,E9-Q-2424,Common,20
4416,E9-Q-2425,Common,21
4416,E9-Q-2426,Common,22
4416,E9-Q-2427,Common,23
4416,E9-Q-2428,Common,24
4416,E9-Q-2429,Common,25
4416,E9-Q-2430,Common,26
4416,E9-Q-2431,Common,27
4416,E9-Q-2432,Common,28
4416,E9-Q-2433,Common,29
4416,E9-Q-2434,Common,30
4416,E9-Q-2435,Common,31
4416,E9-Q-2436,Common,32
4416,E9-Q-2437,Common,33
4416,E9-Q-2438,Common,34
4416,E9-Q-2439,Common,35
4416,E9-Q-2440,Common,36
4419,E9-Q-1262,Exact,1
4419,E9-Q-1263,Exact,2
4419,E9-Q-1264,Exact,3
4419,E9-Q-1265,Exact,4
4419,E9-Q-1266,Exact,5
4419,E9-Q-2410,Common,6
4419,E9-Q-2411,Common,7
4419,E9-Q-2412,Common,8
4419,E9-Q-2413,Common,9
4419,E9-Q-2414,Common,10
4419,E9-Q-2415,Common,11
4419,E9-Q-2416,Common,12
4419,E9-Q-2417,Common,13
4419,E9-Q-2418,Common,14
4419,E9-Q-2419,Common,15
4419,E9-Q-2420,Common,16
4419,E9-Q-2421,Common,17
4419,E9-Q-2422,Common,18
4419,E9-Q-2423,Common,19
4419,E9-Q-2424,Common,20
4419,E9-Q-2425,Common,21
4419,E9-Q-2426,Common,22
4419,E9-Q-2427,Common,23
4419,E9-Q-2428,Common,24
4419,E9-Q-2429,Common,25
4419,E9-Q-2430,Common,26
4419,E9-Q-2431,Common,27
4419,E9-Q-2432,Common,28
4419,E9-Q-2433,Common,29
4419,E9-Q-2434,Common,30
4419,E9-Q-2435,Common,31
4419,E9-Q-2436,Common,32
4419,E9-Q-2437,Common,33
4419,E9-Q-2438,Common,34
4419,E9-Q-2439,Common,35
4419,E9-Q-2440,Common,36
5111,E9-Q-1267,Exact,1
5111,E9-Q-1268,Exact,2
5111,E9-Q-1269,Exact,3
5111,E9-Q-1270,Exact,4
5111,E9-Q-1271,Exact,5
5111,E9-Q-2410,Common,6
5111,E9-Q-2411,Common,7
5111,E9-Q-2412,Common,8
5111,E9-Q-2413,Common,9
5111,E9-Q-2414,Common,10
5111,E9-Q-2415,Common,11
5111,E9-Q-2416,Common,12
5111,E9-Q-2417,Common,13
5111,E9-Q-2418,Common,14
5111,E9-Q-2419,Common,15
5111,E9-Q-2420,Common,16
5111,E9-Q-2421,Common,17
5111,E9-Q-2422,Common,18
5111,E9-Q-2423,Common,19
5111,E9-Q-2424,Common,20
5111,E9-Q-2425,Common,21
5111,E9-Q-2426,Common,22
5111,E9-Q-2427,Common,23
5111,E9-Q-2428,Common,24
5111,E9-Q-2429,Common,25
5111,E9-Q-2430,Common,26
5111,E9-Q-2431,Common,27
5111,E9-Q-2432,Common,28
5111,E9-Q-2433,Common,29
5111,E9-Q-2434,Common,30
5111,E9-Q-2435,Common,31
5111,E9-Q-2436,Common,32
5111,E9-Q-2437,Common,33
5111,E9-Q-2438,Common,34
5111,E9-Q-2439,Common,35
5111,E9-Q-2440,Common,36
5112,E9-Q-1272,Exact,1
5112,E9-Q-1273,Exact,2
5112,E9-Q-1274,Exact,3
5112,E9-Q-1275,Exact,4
5112,E9-Q-1276,Exact,5
5112,E9-Q-2410,Common,6
5112,E9-Q-2411,Common,7
5112,E9-Q-2412,Common,8
5112,E9-Q-2413,Common,9
5112,E9-Q-2414,Common,10
5112,E9-Q-2415,Common,11
5112,E9-Q-2416,Common,12
5112,E9-Q-2417,Common,13
5112,E9-Q-2418,Common,14
5112,E9-Q-2419,Common,15
5112,E9-Q-2420,Common,16
5112,E9-Q-2421,Common,17
5112,E9-Q-2422,Common,18
5112,E9-Q-2423,Common,19
5112,E9-Q-2424,Common,20
5112,E9-Q-2425,Common,21
5112,E9-Q-2426,Common,22
5112,E9-Q-2427,Common,23
5112,E9-Q-2428,Common,24
5112,E9-Q-2429,Common,25
5112,E9-Q-2430,Common,26
5112,E9-Q-2431,Common,27
5112,E9-Q-2432,Common,28
5112,E9-Q-2433,Common,29
5112,E9-Q-2434,Common,30
5112,E9-Q-2435,Common,31
5112,E9-Q-2436,Common,32
5112,E9-Q-2437,Common,33
5112,E9-Q-2438,Common,34
5112,E9-Q-2439,Common,35
5112,E9-Q-2440,Common,36
5113,E9-Q-1277,Exact,1
5113,E9-Q-1278,Exact,2
5113,E9-Q-1279,Exact,3
5113,E9-Q-1280,Exact,4
5113,E9-Q-1281,Exact,5
5113,E9-Q-2410,Common,6
5113,E9-Q-2411,Common,7
5113,E9-Q-2412,Common,8
5113,E9-Q-2413,Common,9
5113,E9-Q-2414,Common,10
5113,E9-Q-2415,Common,11
5113,E9-Q-2416,Common,12
5113,E9-Q-2417,Common,13
5113,E9-Q-2418,Common,14
5113,E9-Q-2419,Common,15
5113,E9-Q-2420,Common,16
5113,E9-Q-2421,Common,17
5113,E9-Q-2422,Common,18
5113,E9-Q-2423,Common,19
5113,E9-Q-2424,Common,20
5113,E9-Q-2425,Common,21
5113,E9-Q-2426,Common,22
5113,E9-Q-2427,Common,23
5113,E9-Q-2428,Common,24
5113,E9-Q-2429,Common,25
5113,E9-Q-2430,Common,26
5113,E9-Q-2431,Common,27
5113,E9-Q-2432,Common,28
5113,E9-Q-2433,Common,29
5113,E9-Q-2434,Common,30
5113,E9-Q-2435,Common,31
5113,E9-Q-2436,Common,32
5113,E9-Q-2437,Common,33
5113,E9-Q-2438,Common,34
5113,E9-Q-2439,Common,35
5113,E9-Q-2440,Common,36
5121,E9-Q-1282,Exact,1
5121,E9-Q-1283,Exact,2
5121,E9-Q-1284,Exact,3
5121,E9-Q-1285,Exact,4
5121,E9-Q-1286,Exact,5
5121,E9-Q-2410,Common,6
5121,E9-Q-2411,Common,7
5121,E9-Q-2412,Common,8
5121,E9-Q-2413,Common,9
5121,E9-Q-2414,Common,10
5121,E9-Q-2415,Common,11
5121,E9-Q-2416,Common,12
5121,E9-Q-2417,Common,13
5121,E9-Q-2418,Common,14
5121,E9-Q-2419,Common,15
5121,E9-Q-2420,Common,16
5121,E9-Q-2421,Common,17
5121,E9-Q-2422,Common,18
5121,E9-Q-2423,Common,19
5121,E9-Q-2424,Common,20
5121,E9-Q-2425,Common,21
5121,E9-Q-2426,Common,22
5121,E9-Q-2427,Common,23
5121,E9-Q-2428,Common,24
5121,E9-Q-2429,Common,25
5121,E9-Q-2430,Common,26
5121,E9-Q-2431,Common,27
5121,E9-Q-2432,Common,28
5121,E9-Q-2433,Common,29
5121,E9-Q-2434,Common,30
5121,E9-Q-2435,Common,31
5121,E9-Q-2436,Common,32
5121,E9-Q-2437,Common,33
5121,E9-Q-2438,Common,34
5121,E9-Q-2439,Common,35
5121,E9-Q-2440,Common,36
5131,E9-Q-1287,Exact,1
5131,E9-Q-1288,Exact,2
5131,E9-Q-1289,Exact,3
5131,E9-Q-1290,Exact,4
5131,E9-Q-1291,Exact,5
5131,E9-Q-2410,Common,6
5131,E9-Q-2411,Common,7
5131,E9-Q-2412,Common,8
5131,E9-Q-2413,Common,9
5131,E9-Q-2414,Common,10
5131,E9-Q-2415,Common,11
5131,E9-Q-2416,Common,12
5131,E9-Q-2417,Common,13
5131,E9-Q-2418,Common,14
5131,E9-Q-2419,Common,15
5131,E9-Q-2420,Common,16
5131,E9-Q-2421,Common,17
5131,E9-Q-2422,Common,18
5131,E9-Q-2423,Common,19
5131,E9-Q-2424,Common,20
5131,E9-Q-2425,Common,21
5131,E9-Q-2426,Common,22
5131,E9-Q-2427,Common,23
5131,E9-Q-2428,Common,24
5131,E9-Q-2429,Common,25
5131,E9-Q-2430,Common,26
5131,E9-Q-2431,Common,27
5131,E9-Q-2432,Common,28
5131,E9-Q-2433,Common,29
5131,E9-Q-2434,Common,30
5131,E9-Q-2435,Common,31
5131,E9-Q-2436,Common,32
5131,E9-Q-2437,Common,33
5131,E9-Q-2438,Common,34
5131,E9-Q-2439,Common,35
5131,E9-Q-2440,Common,36
5132,E9-Q-1292,Exact,1
5132,E9-Q-1293,Exact,2
5132,E9-Q-1294,Exact,3
5132,E9-Q-1295,Exact,4
5132,E9-Q-1296,Exact,5
5132,E9-Q-2410,Common,6
5132,E9-Q-2411,Common,7
5132,E9-Q-2412,Common,8
5132,E9-Q-2413,Common,9
5132,E9-Q-2414,Common,10
5132,E9-Q-2415,Common,11
5132,E9-Q-2416,Common,12
5132,E9-Q-2417,Common,13
5132,E9-Q-2418,Common,14
5132,E9-Q-2419,Common,15
5132,E9-Q-2420,Common,16
5132,E9-Q-2421,Common,17
5132,E9-Q-2422,Common,18
5132,E9-Q-2423,Common,19
5132,E9-Q-2424,Common,20
5132,E9-Q-2425,Common,21
5132,E9-Q-2426,Common,22
5132,E9-Q-2427,Common,23
5132,E9-Q-2428,Common,24
5132,E9-Q-2429,Common,25
5132,E9-Q-2430,Common,26
5132,E9-Q-2431,Common,27
5132,E9-Q-2432,Common,28
5132,E9-Q-2433,Common,29
5132,E9-Q-2434,Common,30
5132,E9-Q-2435,Common,31
5132,E9-Q-2436,Common,32
5132,E9-Q-2437,Common,33
5132,E9-Q-2438,Common,34
5132,E9-Q-2439,Common,35
5132,E9-Q-2440,Common,36
5141,E9-Q-1297,Exact,1
5141,E9-Q-1298,Exact,2
5141,E9-Q-1299,Exact,3
5141,E9-Q-1300,Exact,4
5141,E9-Q-1301,Exact,5
5141,E9-Q-2410,Common,6
5141,E9-Q-2411,Common,7
5141,E9-Q-2412,Common,8
5141,E9-Q-2413,Common,9
5141,E9-Q-2414,Common,10
5141,E9-Q-2415,Common,11
5141,E9-Q-2416,Common,12
5141,E9-Q-2417,Common,13
5141,E9-Q-2418,Common,14
5141,E9-Q-2419,Common,15
5141,E9-Q-2420,Common,16
5141,E9-Q-2421,Common,17
5141,E9-Q-2422,Common,18
5141,E9-Q-2423,Common,19
5141,E9-Q-2424,Common,20
5141,E9-Q-2425,Common,21
5141,E9-Q-2426,Common,22
5141,E9-Q-2427,Common,23
5141,E9-Q-2428,Common,24
5141,E9-Q-2429,Common,25
5141,E9-Q-2430,Common,26
5141,E9-Q-2431,Common,27
5141,E9-Q-2432,Common,28
5141,E9-Q-2433,Common,29
5141,E9-Q-2434,Common,30
5141,E9-Q-2435,Common,31
5141,E9-Q-2436,Common,32
5141,E9-Q-2437,Common,33
5141,E9-Q-2438,Common,34
5141,E9-Q-2439,Common,35
5141,E9-Q-2440,Common,36
5142,E9-Q-1302,Exact,1
5142,E9-Q-1303,Exact,2
5142,E9-Q-1304,Exact,3
5142,E9-Q-1305,Exact,4
5142,E9-Q-1306,Exact,5
5142,E9-Q-2410,Common,6
5142,E9-Q-2411,Common,7
5142,E9-Q-2412,Common,8
5142,E9-Q-2413,Common,9
5142,E9-Q-2414,Common,10
5142,E9-Q-2415,Common,11
5142,E9-Q-2416,Common,12
5142,E9-Q-2417,Common,13
5142,E9-Q-2418,Common,14
5142,E9-Q-2419,Common,15
5142,E9-Q-2420,Common,16
5142,E9-Q-2421,Common,17
5142,E9-Q-2422,Common,18
5142,E9-Q-2423,Common,19
5142,E9-Q-2424,Common,20
5142,E9-Q-2425,Common,21
5142,E9-Q-2426,Common,22
5142,E9-Q-2427,Common,23
5142,E9-Q-2428,Common,24
5142,E9-Q-2429,Common,25
5142,E9-Q-2430,Common,26
5142,E9-Q-2431,Common,27
5142,E9-Q-2432,Common,28
5142,E9-Q-2433,Common,29
5142,E9-Q-2434,Common,30
5142,E9-Q-2435,Common,31
5142,E9-Q-2436,Common,32
5142,E9-Q-2437,Common,33
5142,E9-Q-2438,Common,34
5142,E9-Q-2439,Common,35
5142,E9-Q-2440,Common,36
5151,E9-Q-1307,Exact,1
5151,E9-Q-1308,Exact,2
5151,E9-Q-1309,Exact,3
5151,E9-Q-1310,Exact,4
5151,E9-Q-1311,Exact,5
5151,E9-Q-2410,Common,6
5151,E9-Q-2411,Common,7
5151,E9-Q-2412,Common,8
5151,E9-Q-2413,Common,9
5151,E9-Q-2414,Common,10
5151,E9-Q-2415,Common,11
5151,E9-Q-2416,Common,12
5151,E9-Q-2417,Common,13
5151,E9-Q-2418,Common,14
5151,E9-Q-2419,Common,15
5151,E9-Q-2420,Common,16
5151,E9-Q-2421,Common,17
5151,E9-Q-2422,Common,18
5151,E9-Q-2423,Common,19
5151,E9-Q-2424,Common,20
5151,E9-Q-2425,Common,21
5151,E9-Q-2426,Common,22
5151,E9-Q-2427,Common,23
5151,E9-Q-2428,Common,24
5151,E9-Q-2429,Common,25
5151,E9-Q-2430,Common,26
5151,E9-Q-2431,Common,27
5151,E9-Q-2432,Common,28
5151,E9-Q-2433,Common,29
5151,E9-Q-2434,Common,30
5151,E9-Q-2435,Common,31
5151,E9-Q-2436,Common,32
5151,E9-Q-2437,Common,33
5151,E9-Q-2438,Common,34
5151,E9-Q-2439,Common,35
5151,E9-Q-2440,Common,36
5152,E9-Q-1312,Exact,1
5152,E9-Q-1313,Exact,2
5152,E9-Q-1314,Exact,3
5152,E9-Q-1315,Exact,4
5152,E9-Q-1316,Exact,5
5152,E9-Q-2410,Common,6
5152,E9-Q-2411,Common,7
5152,E9-Q-2412,Common,8
5152,E9-Q-2413,Common,9
5152,E9-Q-2414,Common,10
5152,E9-Q-2415,Common,11
5152,E9-Q-2416,Common,12
5152,E9-Q-2417,Common,13
5152,E9-Q-2418,Common,14
5152,E9-Q-2419,Common,15
5152,E9-Q-2420,Common,16
5152,E9-Q-2421,Common,17
5152,E9-Q-2422,Common,18
5152,E9-Q-2423,Common,19
5152,E9-Q-2424,Common,20
5152,E9-Q-2425,Common,21
5152,E9-Q-2426,Common,22
5152,E9-Q-2427,Common,23
5152,E9-Q-2428,Common,24
5152,E9-Q-2429,Common,25
5152,E9-Q-2430,Common,26
5152,E9-Q-2431,Common,27
5152,E9-Q-2432,Common,28
5152,E9-Q-2433,Common,29
5152,E9-Q-2434,Common,30
5152,E9-Q-2435,Common,31
5152,E9-Q-2436,Common,32
5152,E9-Q-2437,Common,33
5152,E9-Q-2438,Common,34
5152,E9-Q-2439,Common,35
5152,E9-Q-2440,Common,36
5153,E9-Q-1317,Exact,1
5153,E9-Q-1318,Exact,2
5153,E9-Q-1319,Exact,3
5153,E9-Q-1320,Exact,4
5153,E9-Q-1321,Exact,5
5153,E9-Q-2410,Common,6
5153,E9-Q-2411,Common,7
5153,E9-Q-2412,Common,8
5153,E9-Q-2413,Common,9
5153,E9-Q-2414,Common,10
5153,E9-Q-2415,Common,11
5153,E9-Q-2416,Common,12
5153,E9-Q-2417,Common,13
5153,E9-Q-2418,Common,14
5153,E9-Q-2419,Common,15
5153,E9-Q-2420,Common,16
5153,E9-Q-2421,Common,17
5153,E9-Q-2422,Common,18
5153,E9-Q-2423,Common,19
5153,E9-Q-2424,Common,20
5153,E9-Q-2425,Common,21
5153,E9-Q-2426,Common,22
5153,E9-Q-2427,Common,23
5153,E9-Q-2428,Common,24
5153,E9-Q-2429,Common,25
5153,E9-Q-2430,Common,26
5153,E9-Q-2431,Common,27
5153,E9-Q-2432,Common,28
5153,E9-Q-2433,Common,29
5153,E9-Q-2434,Common,30
5153,E9-Q-2435,Common,31
5153,E9-Q-2436,Common,32
5153,E9-Q-2437,Common,33
5153,E9-Q-2438,Common,34
5153,E9-Q-2439,Common,35
5153,E9-Q-2440,Common,36
5161,E9-Q-1322,Exact,1
5161,E9-Q-1323,Exact,2
5161,E9-Q-1324,Exact,3
5161,E9-Q-1325,Exact,4
5161,E9-Q-1326,Exact,5
5161,E9-Q-2410,Common,6
5161,E9-Q-2411,Common,7
5161,E9-Q-2412,Common,8
5161,E9-Q-2413,Common,9
5161,E9-Q-2414,Common,10
5161,E9-Q-2415,Common,11
5161,E9-Q-2416,Common,12
5161,E9-Q-2417,Common,13
5161,E9-Q-2418,Common,14
5161,E9-Q-2419,Common,15
5161,E9-Q-2420,Common,16
5161,E9-Q-2421,Common,17
5161,E9-Q-2422,Common,18
5161,E9-Q-2423,Common,19
5161,E9-Q-2424,Common,20
5161,E9-Q-2425,Common,21
5161,E9-Q-2426,Common,22
5161,E9-Q-2427,Common,23
5161,E9-Q-2428,Common,24
5161,E9-Q-2429,Common,25
5161,E9-Q-2430,Common,26
5161,E9-Q-2431,Common,27
5161,E9-Q-2432,Common,28
5161,E9-Q-2433,Common,29
5161,E9-Q-2434,Common,30
5161,E9-Q-2435,Common,31
5161,E9-Q-2436,Common,32
5161,E9-Q-2437,Common,33
5161,E9-Q-2438,Common,34
5161,E9-Q-2439,Common,35
5161,E9-Q-2440,Common,36
5162,E9-Q-1327,Exact,1
5162,E9-Q-1328,Exact,2
5162,E9-Q-1329,Exact,3
5162,E9-Q-1330,Exact,4
5162,E9-Q-1331,Exact,5
5162,E9-Q-2410,Common,6
5162,E9-Q-2411,Common,7
5162,E9-Q-2412,Common,8
5162,E9-Q-2413,Common,9
5162,E9-Q-2414,Common,10
5162,E9-Q-2415,Common,11
5162,E9-Q-2416,Common,12
5162,E9-Q-2417,Common,13
5162,E9-Q-2418,Common,14
5162,E9-Q-2419,Common,15
5162,E9-Q-2420,Common,16
5162,E9-Q-2421,Common,17
5162,E9-Q-2422,Common,18
5162,E9-Q-2423,Common,19
5162,E9-Q-2424,Common,20
5162,E9-Q-2425,Common,21
5162,E9-Q-2426,Common,22
5162,E9-Q-2427,Common,23
5162,E9-Q-2428,Common,24
5162,E9-Q-2429,Common,25
5162,E9-Q-2430,Common,26
5162,E9-Q-2431,Common,27
5162,E9-Q-2432,Common,28
5162,E9-Q-2433,Common,29
5162,E9-Q-2434,Common,30
5162,E9-Q-2435,Common,31
5162,E9-Q-2436,Common,32
5162,E9-Q-2437,Common,33
5162,E9-Q-2438,Common,34
5162,E9-Q-2439,Common,35
5162,E9-Q-2440,Common,36
5163,E9-Q-1332,Exact,1
5163,E9-Q-1333,Exact,2
5163,E9-Q-1334,Exact,3
5163,E9-Q-1335,Exact,4
5163,E9-Q-1336,Exact,5
5163,E9-Q-2410,Common,6
5163,E9-Q-2411,Common,7
5163,E9-Q-2412,Common,8
5163,E9-Q-2413,Common,9
5163,E9-Q-2414,Common,10
5163,E9-Q-2415,Common,11
5163,E9-Q-2416,Common,12
5163,E9-Q-2417,Common,13
5163,E9-Q-2418,Common,14
5163,E9-Q-2419,Common,15
5163,E9-Q-2420,Common,16
5163,E9-Q-2421,Common,17
5163,E9-Q-2422,Common,18
5163,E9-Q-2423,Common,19
5163,E9-Q-2424,Common,20
5163,E9-Q-2425,Common,21
5163,E9-Q-2426,Common,22
5163,E9-Q-2427,Common,23
5163,E9-Q-2428,Common,24
5163,E9-Q-2429,Common,25
5163,E9-Q-2430,Common,26
5163,E9-Q-2431,Common,27
5163,E9-Q-2432,Common,28
5163,E9-Q-2433,Common,29
5163,E9-Q-2434,Common,30
5163,E9-Q-2435,Common,31
5163,E9-Q-2436,Common,32
5163,E9-Q-2437,Common,33
5163,E9-Q-2438,Common,34
5163,E9-Q-2439,Common,35
5163,E9-Q-2440,Common,36
5164,E9-Q-1337,Exact,1
5164,E9-Q-1338,Exact,2
5164,E9-Q-1339,Exact,3
5164,E9-Q-1340,Exact,4
5164,E9-Q-1341,Exact,5
5164,E9-Q-2410,Common,6
5164,E9-Q-2411,Common,7
5164,E9-Q-2412,Common,8
5164,E9-Q-2413,Common,9
5164,E9-Q-2414,Common,10
5164,E9-Q-2415,Common,11
5164,E9-Q-2416,Common,12
5164,E9-Q-2417,Common,13
5164,E9-Q-2418,Common,14
5164,E9-Q-2419,Common,15
5164,E9-Q-2420,Common,16
5164,E9-Q-2421,Common,17
5164,E9-Q-2422,Common,18
5164,E9-Q-2423,Common,19
5164,E9-Q-2424,Common,20
5164,E9-Q-2425,Common,21
5164,E9-Q-2426,Common,22
5164,E9-Q-2427,Common,23
5164,E9-Q-2428,Common,24
5164,E9-Q-2429,Common,25
5164,E9-Q-2430,Common,26
5164,E9-Q-2431,Common,27
5164,E9-Q-2432,Common,28
5164,E9-Q-2433,Common,29
5164,E9-Q-2434,Common,30
5164,E9-Q-2435,Common,31
5164,E9-Q-2436,Common,32
5164,E9-Q-2437,Common,33
5164,E9-Q-2438,Common,34
5164,E9-Q-2439,Common,35
5164,E9-Q-2440,Common,36
5165,E9-Q-1342,Exact,1
5165,E9-Q-1343,Exact,2
5165,E9-Q-1344,Exact,3
5165,E9-Q-1345,Exact,4
5165,E9-Q-1346,Exact,5
5165,E9-Q-2410,Common,6
5165,E9-Q-2411,Common,7
5165,E9-Q-2412,Common,8
5165,E9-Q-2413,Common,9
5165,E9-Q-2414,Common,10
5165,E9-Q-2415,Common,11
5165,E9-Q-2416,Common,12
5165,E9-Q-2417,Common,13
5165,E9-Q-2418,Common,14
5165,E9-Q-2419,Common,15
5165,E9-Q-2420,Common,16
5165,E9-Q-2421,Common,17
5165,E9-Q-2422,Common,18
5165,E9-Q-2423,Common,19
5165,E9-Q-2424,Common,20
5165,E9-Q-2425,Common,21
5165,E9-Q-2426,Common,22
5165,E9-Q-2427,Common,23
5165,E9-Q-2428,Common,24
5165,E9-Q-2429,Common,25
5165,E9-Q-2430,Common,26
5165,E9-Q-2431,Common,27
5165,E9-Q-2432,Common,28
5165,E9-Q-2433,Common,29
5165,E9-Q-2434,Common,30
5165,E9-Q-2435,Common,31
5165,E9-Q-2436,Common,32
5165,E9-Q-2437,Common,33
5165,E9-Q-2438,Common,34
5165,E9-Q-2439,Common,35
5165,E9-Q-2440,Common,36
5169,E9-Q-1347,Exact,1
5169,E9-Q-1348,Exact,2
5169,E9-Q-1349,Exact,3
5169,E9-Q-1350,Exact,4
5169,E9-Q-1351,Exact,5
5169,E9-Q-2410,Common,6
5169,E9-Q-2411,Common,7
5169,E9-Q-2412,Common,8
5169,E9-Q-2413,Common,9
5169,E9-Q-2414,Common,10
5169,E9-Q-2415,Common,11
5169,E9-Q-2416,Common,12
5169,E9-Q-2417,Common,13
5169,E9-Q-2418,Common,14
5169,E9-Q-2419,Common,15
5169,E9-Q-2420,Common,16
5169,E9-Q-2421,Common,17
5169,E9-Q-2422,Common,18
5169,E9-Q-2423,Common,19
5169,E9-Q-2424,Common,20
5169,E9-Q-2425,Common,21
5169,E9-Q-2426,Common,22
5169,E9-Q-2427,Common,23
5169,E9-Q-2428,Common,24
5169,E9-Q-2429,Common,25
5169,E9-Q-2430,Common,26
5169,E9-Q-2431,Common,27
5169,E9-Q-2432,Common,28
5169,E9-Q-2433,Common,29
5169,E9-Q-2434,Common,30
5169,E9-Q-2435,Common,31
5169,E9-Q-2436,Common,32
5169,E9-Q-2437,Common,33
5169,E9-Q-2438,Common,34
5169,E9-Q-2439,Common,35
5169,E9-Q-2440,Common,36
5211,E9-Q-1352,Exact,1
5211,E9-Q-1353,Exact,2
5211,E9-Q-1354,Exact,3
5211,E9-Q-1355,Exact,4
5211,E9-Q-1356,Exact,5
5211,E9-Q-2410,Common,6
5211,E9-Q-2411,Common,7
5211,E9-Q-2412,Common,8
5211,E9-Q-2413,Common,9
5211,E9-Q-2414,Common,10
5211,E9-Q-2415,Common,11
5211,E9-Q-2416,Common,12
5211,E9-Q-2417,Common,13
5211,E9-Q-2418,Common,14
5211,E9-Q-2419,Common,15
5211,E9-Q-2420,Common,16
5211,E9-Q-2421,Common,17
5211,E9-Q-2422,Common,18
5211,E9-Q-2423,Common,19
5211,E9-Q-2424,Common,20
5211,E9-Q-2425,Common,21
5211,E9-Q-2426,Common,22
5211,E9-Q-2427,Common,23
5211,E9-Q-2428,Common,24
5211,E9-Q-2429,Common,25
5211,E9-Q-2430,Common,26
5211,E9-Q-2431,Common,27
5211,E9-Q-2432,Common,28
5211,E9-Q-2433,Common,29
5211,E9-Q-2434,Common,30
5211,E9-Q-2435,Common,31
5211,E9-Q-2436,Common,32
5211,E9-Q-2437,Common,33
5211,E9-Q-2438,Common,34
5211,E9-Q-2439,Common,35
5211,E9-Q-2440,Common,36
5212,E9-Q-1357,Exact,1
5212,E9-Q-1358,Exact,2
5212,E9-Q-1359,Exact,3
5212,E9-Q-1360,Exact,4
5212,E9-Q-1361,Exact,5
5212,E9-Q-2410,Common,6
5212,E9-Q-2411,Common,7
5212,E9-Q-2412,Common,8
5212,E9-Q-2413,Common,9
5212,E9-Q-2414,Common,10
5212,E9-Q-2415,Common,11
5212,E9-Q-2416,Common,12
5212,E9-Q-2417,Common,13
5212,E9-Q-2418,Common,14
5212,E9-Q-2419,Common,15
5212,E9-Q-2420,Common,16
5212,E9-Q-2421,Common,17
5212,E9-Q-2422,Common,18
5212,E9-Q-2423,Common,19
5212,E9-Q-2424,Common,20
5212,E9-Q-2425,Common,21
5212,E9-Q-2426,Common,22
5212,E9-Q-2427,Common,23
5212,E9-Q-2428,Common,24
5212,E9-Q-2429,Common,25
5212,E9-Q-2430,Common,26
5212,E9-Q-2431,Common,27
5212,E9-Q-2432,Common,28
5212,E9-Q-2433,Common,29
5212,E9-Q-2434,Common,30
5212,E9-Q-2435,Common,31
5212,E9-Q-2436,Common,32
5212,E9-Q-2437,Common,33
5212,E9-Q-2438,Common,34
5212,E9-Q-2439,Common,35
5212,E9-Q-2440,Common,36
5231,E9-Q-1362,Exact,1
5231,E9-Q-1363,Exact,2
5231,E9-Q-1364,Exact,3
5231,E9-Q-1365,Exact,4
5231,E9-Q-1366,Exact,5
5231,E9-Q-2410,Common,6
5231,E9-Q-2411,Common,7
5231,E9-Q-2412,Common,8
5231,E9-Q-2413,Common,9
5231,E9-Q-2414,Common,10
5231,E9-Q-2415,Common,11
5231,E9-Q-2416,Common,12
5231,E9-Q-2417,Common,13
5231,E9-Q-2418,Common,14
5231,E9-Q-2419,Common,15
5231,E9-Q-2420,Common,16
5231,E9-Q-2421,Common,17
5231,E9-Q-2422,Common,18
5231,E9-Q-2423,Common,19
5231,E9-Q-2424,Common,20
5231,E9-Q-2425,Common,21
5231,E9-Q-2426,Common,22
5231,E9-Q-2427,Common,23
5231,E9-Q-2428,Common,24
5231,E9-Q-2429,Common,25
5231,E9-Q-2430,Common,26
5231,E9-Q-2431,Common,27
5231,E9-Q-2432,Common,28
5231,E9-Q-2433,Common,29
5231,E9-Q-2434,Common,30
5231,E9-Q-2435,Common,31
5231,E9-Q-2436,Common,32
5231,E9-Q-2437,Common,33
5231,E9-Q-2438,Common,34
5231,E9-Q-2439,Common,35
5231,E9-Q-2440,Common,36
5241,E9-Q-1367,Exact,1
5241,E9-Q-1368,Exact,2
5241,E9-Q-1369,Exact,3
5241,E9-Q-1370,Exact,4
5241,E9-Q-1371,Exact,5
5241,E9-Q-2410,Common,6
5241,E9-Q-2411,Common,7
5241,E9-Q-2412,Common,8
5241,E9-Q-2413,Common,9
5241,E9-Q-2414,Common,10
5241,E9-Q-2415,Common,11
5241,E9-Q-2416,Common,12
5241,E9-Q-2417,Common,13
5241,E9-Q-2418,Common,14
5241,E9-Q-2419,Common,15
5241,E9-Q-2420,Common,16
5241,E9-Q-2421,Common,17
5241,E9-Q-2422,Common,18
5241,E9-Q-2423,Common,19
5241,E9-Q-2424,Common,20
5241,E9-Q-2425,Common,21
5241,E9-Q-2426,Common,22
5241,E9-Q-2427,Common,23
5241,E9-Q-2428,Common,24
5241,E9-Q-2429,Common,25
5241,E9-Q-2430,Common,26
5241,E9-Q-2431,Common,27
5241,E9-Q-2432,Common,28
5241,E9-Q-2433,Common,29
5241,E9-Q-2434,Common,30
5241,E9-Q-2435,Common,31
5241,E9-Q-2436,Common,32
5241,E9-Q-2437,Common,33
5241,E9-Q-2438,Common,34
5241,E9-Q-2439,Common,35
5241,E9-Q-2440,Common,36
5242,E9-Q-1372,Exact,1
5242,E9-Q-1373,Exact,2
5242,E9-Q-1374,Exact,3
5242,E9-Q-1375,Exact,4
5242,E9-Q-1376,Exact,5
5242,E9-Q-2410,Common,6
5242,E9-Q-2411,Common,7
5242,E9-Q-2412,Common,8
5242,E9-Q-2413,Common,9
5242,E9-Q-2414,Common,10
5242,E9-Q-2415,Common,11
5242,E9-Q-2416,Common,12
5242,E9-Q-2417,Common,13
5242,E9-Q-2418,Common,14
5242,E9-Q-2419,Common,15
5242,E9-Q-2420,Common,16
5242,E9-Q-2421,Common,17
5242,E9-Q-2422,Common,18
5242,E9-Q-2423,Common,19
5242,E9-Q-2424,Common,20
5242,E9-Q-2425,Common,21
5242,E9-Q-2426,Common,22
5242,E9-Q-2427,Common,23
5242,E9-Q-2428,Common,24
5242,E9-Q-2429,Common,25
5242,E9-Q-2430,Common,26
5242,E9-Q-2431,Common,27
5242,E9-Q-2432,Common,28
5242,E9-Q-2433,Common,29
5242,E9-Q-2434,Common,30
5242,E9-Q-2435,Common,31
5242,E9-Q-2436,Common,32
5242,E9-Q-2437,Common,33
5242,E9-Q-2438,Common,34
5242,E9-Q-2439,Common,35
5242,E9-Q-2440,Common,36
5243,E9-Q-1377,Exact,1
5243,E9-Q-1378,Exact,2
5243,E9-Q-1379,Exact,3
5243,E9-Q-1380,Exact,4
5243,E9-Q-1381,Exact,5
5243,E9-Q-2410,Common,6
5243,E9-Q-2411,Common,7
5243,E9-Q-2412,Common,8
5243,E9-Q-2413,Common,9
5243,E9-Q-2414,Common,10
5243,E9-Q-2415,Common,11
5243,E9-Q-2416,Common,12
5243,E9-Q-2417,Common,13
5243,E9-Q-2418,Common,14
5243,E9-Q-2419,Common,15
5243,E9-Q-2420,Common,16
5243,E9-Q-2421,Common,17
5243,E9-Q-2422,Common,18
5243,E9-Q-2423,Common,19
5243,E9-Q-2424,Common,20
5243,E9-Q-2425,Common,21
5243,E9-Q-2426,Common,22
5243,E9-Q-2427,Common,23
5243,E9-Q-2428,Common,24
5243,E9-Q-2429,Common,25
5243,E9-Q-2430,Common,26
5243,E9-Q-2431,Common,27
5243,E9-Q-2432,Common,28
5243,E9-Q-2433,Common,29
5243,E9-Q-2434,Common,30
5243,E9-Q-2435,Common,31
5243,E9-Q-2436,Common,32
5243,E9-Q-2437,Common,33
5243,E9-Q-2438,Common,34
5243,E9-Q-2439,Common,35
5243,E9-Q-2440,Common,36
5244,E9-Q-1382,Exact,1
5244,E9-Q-1383,Exact,2
5244,E9-Q-1384,Exact,3
5244,E9-Q-1385,Exact,4
5244,E9-Q-1386,Exact,5
5244,E9-Q-2410,Common,6
5244,E9-Q-2411,Common,7
5244,E9-Q-2412,Common,8
5244,E9-Q-2413,Common,9
5244,E9-Q-2414,Common,10
5244,E9-Q-2415,Common,11
5244,E9-Q-2416,Common,12
5244,E9-Q-2417,Common,13
5244,E9-Q-2418,Common,14
5244,E9-Q-2419,Common,15
5244,E9-Q-2420,Common,16
5244,E9-Q-2421,Common,17
5244,E9-Q-2422,Common,18
5244,E9-Q-2423,Common,19
5244,E9-Q-2424,Common,20
5244,E9-Q-2425,Common,21
5244,E9-Q-2426,Common,22
5244,E9-Q-2427,Common,23
5244,E9-Q-2428,Common,24
5244,E9-Q-2429,Common,25
5244,E9-Q-2430,Common,26
5244,E9-Q-2431,Common,27
5244,E9-Q-2432,Common,28
5244,E9-Q-2433,Common,29
5244,E9-Q-2434,Common,30
5244,E9-Q-2435,Common,31
5244,E9-Q-2436,Common,32
5244,E9-Q-2437,Common,33
5244,E9-Q-2438,Common,34
5244,E9-Q-2439,Common,35
5244,E9-Q-2440,Common,36
5245,E9-Q-1387,Exact,1
5245,E9-Q-1388,Exact,2
5245,E9-Q-1389,Exact,3
5245,E9-Q-1390,Exact,4
5245,E9-Q-1391,Exact,5
5245,E9-Q-2410,Common,6
5245,E9-Q-2411,Common,7
5245,E9-Q-2412,Common,8
5245,E9-Q-2413,Common,9
5245,E9-Q-2414,Common,10
5245,E9-Q-2415,Common,11
5245,E9-Q-2416,Common,12
5245,E9-Q-2417,Common,13
5245,E9-Q-2418,Common,14
5245,E9-Q-2419,Common,15
5245,E9-Q-2420,Common,16
5245,E9-Q-2421,Common,17
5245,E9-Q-2422,Common,18
5245,E9-Q-2423,Common,19
5245,E9-Q-2424,Common,20
5245,E9-Q-2425,Common,21
5245,E9-Q-2426,Common,22
5245,E9-Q-2427,Common,23
5245,E9-Q-2428,Common,24
5245,E9-Q-2429,Common,25
5245,E9-Q-2430,Common,26
5245,E9-Q-2431,Common,27
5245,E9-Q-2432,Common,28
5245,E9-Q-2433,Common,29
5245,E9-Q-2434,Common,30
5245,E9-Q-2435,Common,31
5245,E9-Q-2436,Common,32
5245,E9-Q-2437,Common,33
5245,E9-Q-2438,Common,34
5245,E9-Q-2439,Common,35
5245,E9-Q-2440,Common,36
5246,E9-Q-1392,Exact,1
5246,E9-Q-1393,Exact,2
5246,E9-Q-1394,Exact,3
5246,E9-Q-1395,Exact,4
5246,E9-Q-1396,Exact,5
5246,E9-Q-2410,Common,6
5246,E9-Q-2411,Common,7
5246,E9-Q-2412,Common,8
5246,E9-Q-2413,Common,9
5246,E9-Q-2414,Common,10
5246,E9-Q-2415,Common,11
5246,E9-Q-2416,Common,12
5246,E9-Q-2417,Common,13
5246,E9-Q-2418,Common,14
5246,E9-Q-2419,Common,15
5246,E9-Q-2420,Common,16
5246,E9-Q-2421,Common,17
5246,E9-Q-2422,Common,18
5246,E9-Q-2423,Common,19
5246,E9-Q-2424,Common,20
5246,E9-Q-2425,Common,21
5246,E9-Q-2426,Common,22
5246,E9-Q-2427,Common,23
5246,E9-Q-2428,Common,24
5246,E9-Q-2429,Common,25
5246,E9-Q-2430,Common,26
5246,E9-Q-2431,Common,27
5246,E9-Q-2432,Common,28
5246,E9-Q-2433,Common,29
5246,E9-Q-2434,Common,30
5246,E9-Q-2435,Common,31
5246,E9-Q-2436,Common,32
5246,E9-Q-2437,Common,33
5246,E9-Q-2438,Common,34
5246,E9-Q-2439,Common,35
5246,E9-Q-2440,Common,36
5249,E9-Q-1397,Exact,1
5249,E9-Q-1398,Exact,2
5249,E9-Q-1399,Exact,3
5249,E9-Q-1400,Exact,4
5249,E9-Q-1401,Exact,5
5249,E9-Q-2410,Common,6
5249,E9-Q-2411,Common,7
5249,E9-Q-2412,Common,8
5249,E9-Q-2413,Common,9
5249,E9-Q-2414,Common,10
5249,E9-Q-2415,Common,11
5249,E9-Q-2416,Common,12
5249,E9-Q-2417,Common,13
5249,E9-Q-2418,Common,14
5249,E9-Q-2419,Common,15
5249,E9-Q-2420,Common,16
5249,E9-Q-2421,Common,17
5249,E9-Q-2422,Common,18
5249,E9-Q-2423,Common,19
5249,E9-Q-2424,Common,20
5249,E9-Q-2425,Common,21
5249,E9-Q-2426,Common,22
5249,E9-Q-2427,Common,23
5249,E9-Q-2428,Common,24
5249,E9-Q-2429,Common,25
5249,E9-Q-2430,Common,26
5249,E9-Q-2431,Common,27
5249,E9-Q-2432,Common,28
5249,E9-Q-2433,Common,29
5249,E9-Q-2434,Common,30
5249,E9-Q-2435,Common,31
5249,E9-Q-2436,Common,32
5249,E9-Q-2437,Common,33
5249,E9-Q-2438,Common,34
5249,E9-Q-2439,Common,35
5249,E9-Q-2440,Common,36
5311,E9-Q-1402,Exact,1
5311,E9-Q-1403,Exact,2
5311,E9-Q-1404,Exact,3
5311,E9-Q-1405,Exact,4
5311,E9-Q-1406,Exact,5
5311,E9-Q-2410,Common,6
5311,E9-Q-2411,Common,7
5311,E9-Q-2412,Common,8
5311,E9-Q-2413,Common,9
5311,E9-Q-2414,Common,10
5311,E9-Q-2415,Common,11
5311,E9-Q-2416,Common,12
5311,E9-Q-2417,Common,13
5311,E9-Q-2418,Common,14
5311,E9-Q-2419,Common,15
5311,E9-Q-2420,Common,16
5311,E9-Q-2421,Common,17
5311,E9-Q-2422,Common,18
5311,E9-Q-2423,Common,19
5311,E9-Q-2424,Common,20
5311,E9-Q-2425,Common,21
5311,E9-Q-2426,Common,22
5311,E9-Q-2427,Common,23
5311,E9-Q-2428,Common,24
5311,E9-Q-2429,Common,25
5311,E9-Q-2430,Common,26
5311,E9-Q-2431,Common,27
5311,E9-Q-2432,Common,28
5311,E9-Q-2433,Common,29
5311,E9-Q-2434,Common,30
5311,E9-Q-2435,Common,31
5311,E9-Q-2436,Common,32
5311,E9-Q-2437,Common,33
5311,E9-Q-2438,Common,34
5311,E9-Q-2439,Common,35
5311,E9-Q-2440,Common,36
5312,E9-Q-1407,Exact,1
5312,E9-Q-1408,Exact,2
5312,E9-Q-1409,Exact,3
5312,E9-Q-1410,Exact,4
5312,E9-Q-1411,Exact,5
5312,E9-Q-2410,Common,6
5312,E9-Q-2411,Common,7
5312,E9-Q-2412,Common,8
5312,E9-Q-2413,Common,9
5312,E9-Q-2414,Common,10
5312,E9-Q-2415,Common,11
5312,E9-Q-2416,Common,12
5312,E9-Q-2417,Common,13
5312,E9-Q-2418,Common,14
5312,E9-Q-2419,Common,15
5312,E9-Q-2420,Common,16
5312,E9-Q-2421,Common,17
5312,E9-Q-2422,Common,18
5312,E9-Q-2423,Common,19
5312,E9-Q-2424,Common,20
5312,E9-Q-2425,Common,21
5312,E9-Q-2426,Common,22
5312,E9-Q-2427,Common,23
5312,E9-Q-2428,Common,24
5312,E9-Q-2429,Common,25
5312,E9-Q-2430,Common,26
5312,E9-Q-2431,Common,27
5312,E9-Q-2432,Common,28
5312,E9-Q-2433,Common,29
5312,E9-Q-2434,Common,30
5312,E9-Q-2435,Common,31
5312,E9-Q-2436,Common,32
5312,E9-Q-2437,Common,33
5312,E9-Q-2438,Common,34
5312,E9-Q-2439,Common,35
5312,E9-Q-2440,Common,36
5321,E9-Q-1412,Exact,1
5321,E9-Q-1413,Exact,2
5321,E9-Q-1414,Exact,3
5321,E9-Q-1415,Exact,4
5321,E9-Q-1416,Exact,5
5321,E9-Q-2410,Common,6
5321,E9-Q-2411,Common,7
5321,E9-Q-2412,Common,8
5321,E9-Q-2413,Common,9
5321,E9-Q-2414,Common,10
5321,E9-Q-2415,Common,11
5321,E9-Q-2416,Common,12
5321,E9-Q-2417,Common,13
5321,E9-Q-2418,Common,14
5321,E9-Q-2419,Common,15
5321,E9-Q-2420,Common,16
5321,E9-Q-2421,Common,17
5321,E9-Q-2422,Common,18
5321,E9-Q-2423,Common,19
5321,E9-Q-2424,Common,20
5321,E9-Q-2425,Common,21
5321,E9-Q-2426,Common,22
5321,E9-Q-2427,Common,23
5321,E9-Q-2428,Common,24
5321,E9-Q-2429,Common,25
5321,E9-Q-2430,Common,26
5321,E9-Q-2431,Common,27
5321,E9-Q-2432,Common,28
5321,E9-Q-2433,Common,29
5321,E9-Q-2434,Common,30
5321,E9-Q-2435,Common,31
5321,E9-Q-2436,Common,32
5321,E9-Q-2437,Common,33
5321,E9-Q-2438,Common,34
5321,E9-Q-2439,Common,35
5321,E9-Q-2440,Common,36
5322,E9-Q-1417,Exact,1
5322,E9-Q-1418,Exact,2
5322,E9-Q-1419,Exact,3
5322,E9-Q-1420,Exact,4
5322,E9-Q-1421,Exact,5
5322,E9-Q-2410,Common,6
5322,E9-Q-2411,Common,7
5322,E9-Q-2412,Common,8
5322,E9-Q-2413,Common,9
5322,E9-Q-2414,Common,10
5322,E9-Q-2415,Common,11
5322,E9-Q-2416,Common,12
5322,E9-Q-2417,Common,13
5322,E9-Q-2418,Common,14
5322,E9-Q-2419,Common,15
5322,E9-Q-2420,Common,16
5322,E9-Q-2421,Common,17
5322,E9-Q-2422,Common,18
5322,E9-Q-2423,Common,19
5322,E9-Q-2424,Common,20
5322,E9-Q-2425,Common,21
5322,E9-Q-2426,Common,22
5322,E9-Q-2427,Common,23
5322,E9-Q-2428,Common,24
5322,E9-Q-2429,Common,25
5322,E9-Q-2430,Common,26
5322,E9-Q-2431,Common,27
5322,E9-Q-2432,Common,28
5322,E9-Q-2433,Common,29
5322,E9-Q-2434,Common,30
5322,E9-Q-2435,Common,31
5322,E9-Q-2436,Common,32
5322,E9-Q-2437,Common,33
5322,E9-Q-2438,Common,34
5322,E9-Q-2439,Common,35
5322,E9-Q-2440,Common,36
5411,E9-Q-1422,Exact,1
5411,E9-Q-1423,Exact,2
5411,E9-Q-1424,Exact,3
5411,E9-Q-1425,Exact,4
5411,E9-Q-1426,Exact,5
5411,E9-Q-2410,Common,6
5411,E9-Q-2411,Common,7
5411,E9-Q-2412,Common,8
5411,E9-Q-2413,Common,9
5411,E9-Q-2414,Common,10
5411,E9-Q-2415,Common,11
5411,E9-Q-2416,Common,12
5411,E9-Q-2417,Common,13
5411,E9-Q-2418,Common,14
5411,E9-Q-2419,Common,15
5411,E9-Q-2420,Common,16
5411,E9-Q-2421,Common,17
5411,E9-Q-2422,Common,18
5411,E9-Q-2423,Common,19
5411,E9-Q-2424,Common,20
5411,E9-Q-2425,Common,21
5411,E9-Q-2426,Common,22
5411,E9-Q-2427,Common,23
5411,E9-Q-2428,Common,24
5411,E9-Q-2429,Common,25
5411,E9-Q-2430,Common,26
5411,E9-Q-2431,Common,27
5411,E9-Q-2432,Common,28
5411,E9-Q-2433,Common,29
5411,E9-Q-2434,Common,30
5411,E9-Q-2435,Common,31
5411,E9-Q-2436,Common,32
5411,E9-Q-2437,Common,33
5411,E9-Q-2438,Common,34
5411,E9-Q-2439,Common,35
5411,E9-Q-2440,Common,36
5412,E9-Q-1427,Exact,1
5412,E9-Q-1428,Exact,2
5412,E9-Q-1429,Exact,3
5412,E9-Q-1430,Exact,4
5412,E9-Q-1431,Exact,5
5412,E9-Q-2410,Common,6
5412,E9-Q-2411,Common,7
5412,E9-Q-2412,Common,8
5412,E9-Q-2413,Common,9
5412,E9-Q-2414,Common,10
5412,E9-Q-2415,Common,11
5412,E9-Q-2416,Common,12
5412,E9-Q-2417,Common,13
5412,E9-Q-2418,Common,14
5412,E9-Q-2419,Common,15
5412,E9-Q-2420,Common,16
5412,E9-Q-2421,Common,17
5412,E9-Q-2422,Common,18
5412,E9-Q-2423,Common,19
5412,E9-Q-2424,Common,20
5412,E9-Q-2425,Common,21
5412,E9-Q-2426,Common,22
5412,E9-Q-2427,Common,23
5412,E9-Q-2428,Common,24
5412,E9-Q-2429,Common,25
5412,E9-Q-2430,Common,26
5412,E9-Q-2431,Common,27
5412,E9-Q-2432,Common,28
5412,E9-Q-2433,Common,29
5412,E9-Q-2434,Common,30
5412,E9-Q-2435,Common,31
5412,E9-Q-2436,Common,32
5412,E9-Q-2437,Common,33
5412,E9-Q-2438,Common,34
5412,E9-Q-2439,Common,35
5412,E9-Q-2440,Common,36
5413,E9-Q-1432,Exact,1
5413,E9-Q-1433,Exact,2
5413,E9-Q-1434,Exact,3
5413,E9-Q-1435,Exact,4
5413,E9-Q-1436,Exact,5
5413,E9-Q-2410,Common,6
5413,E9-Q-2411,Common,7
5413,E9-Q-2412,Common,8
5413,E9-Q-2413,Common,9
5413,E9-Q-2414,Common,10
5413,E9-Q-2415,Common,11
5413,E9-Q-2416,Common,12
5413,E9-Q-2417,Common,13
5413,E9-Q-2418,Common,14
5413,E9-Q-2419,Common,15
5413,E9-Q-2420,Common,16
5413,E9-Q-2421,Common,17
5413,E9-Q-2422,Common,18
5413,E9-Q-2423,Common,19
5413,E9-Q-2424,Common,20
5413,E9-Q-2425,Common,21
5413,E9-Q-2426,Common,22
5413,E9-Q-2427,Common,23
5413,E9-Q-2428,Common,24
5413,E9-Q-2429,Common,25
5413,E9-Q-2430,Common,26
5413,E9-Q-2431,Common,27
5413,E9-Q-2432,Common,28
5413,E9-Q-2433,Common,29
5413,E9-Q-2434,Common,30
5413,E9-Q-2435,Common,31
5413,E9-Q-2436,Common,32
5413,E9-Q-2437,Common,33
5413,E9-Q-2438,Common,34
5413,E9-Q-2439,Common,35
5413,E9-Q-2440,Common,36
5414,E9-Q-1437,Exact,1
5414,E9-Q-1438,Exact,2
5414,E9-Q-1439,Exact,3
5414,E9-Q-1440,Exact,4
5414,E9-Q-1441,Exact,5
5414,E9-Q-2410,Common,6
5414,E9-Q-2411,Common,7
5414,E9-Q-2412,Common,8
5414,E9-Q-2413,Common,9
5414,E9-Q-2414,Common,10
5414,E9-Q-2415,Common,11
5414,E9-Q-2416,Common,12
5414,E9-Q-2417,Common,13
5414,E9-Q-2418,Common,14
5414,E9-Q-2419,Common,15
5414,E9-Q-2420,Common,16
5414,E9-Q-2421,Common,17
5414,E9-Q-2422,Common,18
5414,E9-Q-2423,Common,19
5414,E9-Q-2424,Common,20
5414,E9-Q-2425,Common,21
5414,E9-Q-2426,Common,22
5414,E9-Q-2427,Common,23
5414,E9-Q-2428,Common,24
5414,E9-Q-2429,Common,25
5414,E9-Q-2430,Common,26
5414,E9-Q-2431,Common,27
5414,E9-Q-2432,Common,28
5414,E9-Q-2433,Common,29
5414,E9-Q-2434,Common,30
5414,E9-Q-2435,Common,31
5414,E9-Q-2436,Common,32
5414,E9-Q-2437,Common,33
5414,E9-Q-2438,Common,34
5414,E9-Q-2439,Common,35
5414,E9-Q-2440,Common,36
5415,E9-Q-1442,Exact,1
5415,E9-Q-1443,Exact,2
5415,E9-Q-1444,Exact,3
5415,E9-Q-1445,Exact,4
5415,E9-Q-1446,Exact,5
5415,E9-Q-2410,Common,6
5415,E9-Q-2411,Common,7
5415,E9-Q-2412,Common,8
5415,E9-Q-2413,Common,9
5415,E9-Q-2414,Common,10
5415,E9-Q-2415,Common,11
5415,E9-Q-2416,Common,12
5415,E9-Q-2417,Common,13
5415,E9-Q-2418,Common,14
5415,E9-Q-2419,Common,15
5415,E9-Q-2420,Common,16
5415,E9-Q-2421,Common,17
5415,E9-Q-2422,Common,18
5415,E9-Q-2423,Common,19
5415,E9-Q-2424,Common,20
5415,E9-Q-2425,Common,21
5415,E9-Q-2426,Common,22
5415,E9-Q-2427,Common,23
5415,E9-Q-2428,Common,24
5415,E9-Q-2429,Common,25
5415,E9-Q-2430,Common,26
5415,E9-Q-2431,Common,27
5415,E9-Q-2432,Common,28
5415,E9-Q-2433,Common,29
5415,E9-Q-2434,Common,30
5415,E9-Q-2435,Common,31
5415,E9-Q-2436,Common,32
5415,E9-Q-2437,Common,33
5415,E9-Q-2438,Common,34
5415,E9-Q-2439,Common,35
5415,E9-Q-2440,Common,36
6121,E9-Q-1447,Exact,1
6121,E9-Q-1448,Exact,2
6121,E9-Q-1449,Exact,3
6121,E9-Q-1450,Exact,4
6121,E9-Q-1451,Exact,5
6121,E9-Q-2410,Common,6
6121,E9-Q-2411,Common,7
6121,E9-Q-2412,Common,8
6121,E9-Q-2413,Common,9
6121,E9-Q-2414,Common,10
6121,E9-Q-2415,Common,11
6121,E9-Q-2416,Common,12
6121,E9-Q-2417,Common,13
6121,E9-Q-2418,Common,14
6121,E9-Q-2419,Common,15
6121,E9-Q-2420,Common,16
6121,E9-Q-2421,Common,17
6121,E9-Q-2422,Common,18
6121,E9-Q-2423,Common,19
6121,E9-Q-2424,Common,20
6121,E9-Q-2425,Common,21
6121,E9-Q-2426,Common,22
6121,E9-Q-2427,Common,23
6121,E9-Q-2428,Common,24
6121,E9-Q-2429,Common,25
6121,E9-Q-2430,Common,26
6121,E9-Q-2431,Common,27
6121,E9-Q-2432,Common,28
6121,E9-Q-2433,Common,29
6121,E9-Q-2434,Common,30
6121,E9-Q-2435,Common,31
6121,E9-Q-2436,Common,32
6121,E9-Q-2437,Common,33
6121,E9-Q-2438,Common,34
6121,E9-Q-2439,Common,35
6121,E9-Q-2440,Common,36
6122,E9-Q-1452,Exact,1
6122,E9-Q-1453,Exact,2
6122,E9-Q-1454,Exact,3
6122,E9-Q-1455,Exact,4
6122,E9-Q-1456,Exact,5
6122,E9-Q-2410,Common,6
6122,E9-Q-2411,Common,7
6122,E9-Q-2412,Common,8
6122,E9-Q-2413,Common,9
6122,E9-Q-2414,Common,10
6122,E9-Q-2415,Common,11
6122,E9-Q-2416,Common,12
6122,E9-Q-2417,Common,13
6122,E9-Q-2418,Common,14
6122,E9-Q-2419,Common,15
6122,E9-Q-2420,Common,16
6122,E9-Q-2421,Common,17
6122,E9-Q-2422,Common,18
6122,E9-Q-2423,Common,19
6122,E9-Q-2424,Common,20
6122,E9-Q-2425,Common,21
6122,E9-Q-2426,Common,22
6122,E9-Q-2427,Common,23
6122,E9-Q-2428,Common,24
6122,E9-Q-2429,Common,25
6122,E9-Q-2430,Common,26
6122,E9-Q-2431,Common,27
6122,E9-Q-2432,Common,28
6122,E9-Q-2433,Common,29
6122,E9-Q-2434,Common,30
6122,E9-Q-2435,Common,31
6122,E9-Q-2436,Common,32
6122,E9-Q-2437,Common,33
6122,E9-Q-2438,Common,34
6122,E9-Q-2439,Common,35
6122,E9-Q-2440,Common,36
6123,E9-Q-1457,Exact,1
6123,E9-Q-1458,Exact,2
6123,E9-Q-1459,Exact,3
6123,E9-Q-1460,Exact,4
6123,E9-Q-1461,Exact,5
6123,E9-Q-2410,Common,6
6123,E9-Q-2411,Common,7
6123,E9-Q-2412,Common,8
6123,E9-Q-2413,Common,9
6123,E9-Q-2414,Common,10
6123,E9-Q-2415,Common,11
6123,E9-Q-2416,Common,12
6123,E9-Q-2417,Common,13
6123,E9-Q-2418,Common,14
6123,E9-Q-2419,Common,15
6123,E9-Q-2420,Common,16
6123,E9-Q-2421,Common,17
6123,E9-Q-2422,Common,18
6123,E9-Q-2423,Common,19
6123,E9-Q-2424,Common,20
6123,E9-Q-2425,Common,21
6123,E9-Q-2426,Common,22
6123,E9-Q-2427,Common,23
6123,E9-Q-2428,Common,24
6123,E9-Q-2429,Common,25
6123,E9-Q-2430,Common,26
6123,E9-Q-2431,Common,27
6123,E9-Q-2432,Common,28
6123,E9-Q-2433,Common,29
6123,E9-Q-2434,Common,30
6123,E9-Q-2435,Common,31
6123,E9-Q-2436,Common,32
6123,E9-Q-2437,Common,33
6123,E9-Q-2438,Common,34
6123,E9-Q-2439,Common,35
6123,E9-Q-2440,Common,36
6129,E9-Q-1462,Exact,1
6129,E9-Q-1463,Exact,2
6129,E9-Q-1464,Exact,3
6129,E9-Q-1465,Exact,4
6129,E9-Q-1466,Exact,5
6129,E9-Q-2410,Common,6
6129,E9-Q-2411,Common,7
6129,E9-Q-2412,Common,8
6129,E9-Q-2413,Common,9
6129,E9-Q-2414,Common,10
6129,E9-Q-2415,Common,11
6129,E9-Q-2416,Common,12
6129,E9-Q-2417,Common,13
6129,E9-Q-2418,Common,14
6129,E9-Q-2419,Common,15
6129,E9-Q-2420,Common,16
6129,E9-Q-2421,Common,17
6129,E9-Q-2422,Common,18
6129,E9-Q-2423,Common,19
6129,E9-Q-2424,Common,20
6129,E9-Q-2425,Common,21
6129,E9-Q-2426,Common,22
6129,E9-Q-2427,Common,23
6129,E9-Q-2428,Common,24
6129,E9-Q-2429,Common,25
6129,E9-Q-2430,Common,26
6129,E9-Q-2431,Common,27
6129,E9-Q-2432,Common,28
6129,E9-Q-2433,Common,29
6129,E9-Q-2434,Common,30
6129,E9-Q-2435,Common,31
6129,E9-Q-2436,Common,32
6129,E9-Q-2437,Common,33
6129,E9-Q-2438,Common,34
6129,E9-Q-2439,Common,35
6129,E9-Q-2440,Common,36
6131,E9-Q-1467,Exact,1
6131,E9-Q-1468,Exact,2
6131,E9-Q-1469,Exact,3
6131,E9-Q-1470,Exact,4
6131,E9-Q-1471,Exact,5
6131,E9-Q-2410,Common,6
6131,E9-Q-2411,Common,7
6131,E9-Q-2412,Common,8
6131,E9-Q-2413,Common,9
6131,E9-Q-2414,Common,10
6131,E9-Q-2415,Common,11
6131,E9-Q-2416,Common,12
6131,E9-Q-2417,Common,13
6131,E9-Q-2418,Common,14
6131,E9-Q-2419,Common,15
6131,E9-Q-2420,Common,16
6131,E9-Q-2421,Common,17
6131,E9-Q-2422,Common,18
6131,E9-Q-2423,Common,19
6131,E9-Q-2424,Common,20
6131,E9-Q-2425,Common,21
6131,E9-Q-2426,Common,22
6131,E9-Q-2427,Common,23
6131,E9-Q-2428,Common,24
6131,E9-Q-2429,Common,25
6131,E9-Q-2430,Common,26
6131,E9-Q-2431,Common,27
6131,E9-Q-2432,Common,28
6131,E9-Q-2433,Common,29
6131,E9-Q-2434,Common,30
6131,E9-Q-2435,Common,31
6131,E9-Q-2436,Common,32
6131,E9-Q-2437,Common,33
6131,E9-Q-2438,Common,34
6131,E9-Q-2439,Common,35
6131,E9-Q-2440,Common,36
6211,E9-Q-1472,Exact,1
6211,E9-Q-1473,Exact,2
6211,E9-Q-1474,Exact,3
6211,E9-Q-1475,Exact,4
6211,E9-Q-1476,Exact,5
6211,E9-Q-2410,Common,6
6211,E9-Q-2411,Common,7
6211,E9-Q-2412,Common,8
6211,E9-Q-2413,Common,9
6211,E9-Q-2414,Common,10
6211,E9-Q-2415,Common,11
6211,E9-Q-2416,Common,12
6211,E9-Q-2417,Common,13
6211,E9-Q-2418,Common,14
6211,E9-Q-2419,Common,15
6211,E9-Q-2420,Common,16
6211,E9-Q-2421,Common,17
6211,E9-Q-2422,Common,18
6211,E9-Q-2423,Common,19
6211,E9-Q-2424,Common,20
6211,E9-Q-2425,Common,21
6211,E9-Q-2426,Common,22
6211,E9-Q-2427,Common,23
6211,E9-Q-2428,Common,24
6211,E9-Q-2429,Common,25
6211,E9-Q-2430,Common,26
6211,E9-Q-2431,Common,27
6211,E9-Q-2432,Common,28
6211,E9-Q-2433,Common,29
6211,E9-Q-2434,Common,30
6211,E9-Q-2435,Common,31
6211,E9-Q-2436,Common,32
6211,E9-Q-2437,Common,33
6211,E9-Q-2438,Common,34
6211,E9-Q-2439,Common,35
6211,E9-Q-2440,Common,36
6221,E9-Q-1477,Exact,1
6221,E9-Q-1478,Exact,2
6221,E9-Q-1479,Exact,3
6221,E9-Q-1480,Exact,4
6221,E9-Q-1481,Exact,5
6221,E9-Q-2410,Common,6
6221,E9-Q-2411,Common,7
6221,E9-Q-2412,Common,8
6221,E9-Q-2413,Common,9
6221,E9-Q-2414,Common,10
6221,E9-Q-2415,Common,11
6221,E9-Q-2416,Common,12
6221,E9-Q-2417,Common,13
6221,E9-Q-2418,Common,14
6221,E9-Q-2419,Common,15
6221,E9-Q-2420,Common,16
6221,E9-Q-2421,Common,17
6221,E9-Q-2422,Common,18
6221,E9-Q-2423,Common,19
6221,E9-Q-2424,Common,20
6221,E9-Q-2425,Common,21
6221,E9-Q-2426,Common,22
6221,E9-Q-2427,Common,23
6221,E9-Q-2428,Common,24
6221,E9-Q-2429,Common,25
6221,E9-Q-2430,Common,26
6221,E9-Q-2431,Common,27
6221,E9-Q-2432,Common,28
6221,E9-Q-2433,Common,29
6221,E9-Q-2434,Common,30
6221,E9-Q-2435,Common,31
6221,E9-Q-2436,Common,32
6221,E9-Q-2437,Common,33
6221,E9-Q-2438,Common,34
6221,E9-Q-2439,Common,35
6221,E9-Q-2440,Common,36
6222,E9-Q-1482,Exact,1
6222,E9-Q-1483,Exact,2
6222,E9-Q-1484,Exact,3
6222,E9-Q-1485,Exact,4
6222,E9-Q-1486,Exact,5
6222,E9-Q-2410,Common,6
6222,E9-Q-2411,Common,7
6222,E9-Q-2412,Common,8
6222,E9-Q-2413,Common,9
6222,E9-Q-2414,Common,10
6222,E9-Q-2415,Common,11
6222,E9-Q-2416,Common,12
6222,E9-Q-2417,Common,13
6222,E9-Q-2418,Common,14
6222,E9-Q-2419,Common,15
6222,E9-Q-2420,Common,16
6222,E9-Q-2421,Common,17
6222,E9-Q-2422,Common,18
6222,E9-Q-2423,Common,19
6222,E9-Q-2424,Common,20
6222,E9-Q-2425,Common,21
6222,E9-Q-2426,Common,22
6222,E9-Q-2427,Common,23
6222,E9-Q-2428,Common,24
6222,E9-Q-2429,Common,25
6222,E9-Q-2430,Common,26
6222,E9-Q-2431,Common,27
6222,E9-Q-2432,Common,28
6222,E9-Q-2433,Common,29
6222,E9-Q-2434,Common,30
6222,E9-Q-2435,Common,31
6222,E9-Q-2436,Common,32
6222,E9-Q-2437,Common,33
6222,E9-Q-2438,Common,34
6222,E9-Q-2439,Common,35
6222,E9-Q-2440,Common,36
6223,E9-Q-1487,Exact,1
6223,E9-Q-1488,Exact,2
6223,E9-Q-1489,Exact,3
6223,E9-Q-1490,Exact,4
6223,E9-Q-1491,Exact,5
6223,E9-Q-2410,Common,6
6223,E9-Q-2411,Common,7
6223,E9-Q-2412,Common,8
6223,E9-Q-2413,Common,9
6223,E9-Q-2414,Common,10
6223,E9-Q-2415,Common,11
6223,E9-Q-2416,Common,12
6223,E9-Q-2417,Common,13
6223,E9-Q-2418,Common,14
6223,E9-Q-2419,Common,15
6223,E9-Q-2420,Common,16
6223,E9-Q-2421,Common,17
6223,E9-Q-2422,Common,18
6223,E9-Q-2423,Common,19
6223,E9-Q-2424,Common,20
6223,E9-Q-2425,Common,21
6223,E9-Q-2426,Common,22
6223,E9-Q-2427,Common,23
6223,E9-Q-2428,Common,24
6223,E9-Q-2429,Common,25
6223,E9-Q-2430,Common,26
6223,E9-Q-2431,Common,27
6223,E9-Q-2432,Common,28
6223,E9-Q-2433,Common,29
6223,E9-Q-2434,Common,30
6223,E9-Q-2435,Common,31
6223,E9-Q-2436,Common,32
6223,E9-Q-2437,Common,33
6223,E9-Q-2438,Common,34
6223,E9-Q-2439,Common,35
6223,E9-Q-2440,Common,36
6224,E9-Q-1492,Exact,1
6224,E9-Q-1493,Exact,2
6224,E9-Q-1494,Exact,3
6224,E9-Q-1495,Exact,4
6224,E9-Q-1496,Exact,5
6224,E9-Q-2410,Common,6
6224,E9-Q-2411,Common,7
6224,E9-Q-2412,Common,8
6224,E9-Q-2413,Common,9
6224,E9-Q-2414,Common,10
6224,E9-Q-2415,Common,11
6224,E9-Q-2416,Common,12
6224,E9-Q-2417,Common,13
6224,E9-Q-2418,Common,14
6224,E9-Q-2419,Common,15
6224,E9-Q-2420,Common,16
6224,E9-Q-2421,Common,17
6224,E9-Q-2422,Common,18
6224,E9-Q-2423,Common,19
6224,E9-Q-2424,Common,20
6224,E9-Q-2425,Common,21
6224,E9-Q-2426,Common,22
6224,E9-Q-2427,Common,23
6224,E9-Q-2428,Common,24
6224,E9-Q-2429,Common,25
6224,E9-Q-2430,Common,26
6224,E9-Q-2431,Common,27
6224,E9-Q-2432,Common,28
6224,E9-Q-2433,Common,29
6224,E9-Q-2434,Common,30
6224,E9-Q-2435,Common,31
6224,E9-Q-2436,Common,32
6224,E9-Q-2437,Common,33
6224,E9-Q-2438,Common,34
6224,E9-Q-2439,Common,35
6224,E9-Q-2440,Common,36
6311,E9-Q-1497,Exact,1
6311,E9-Q-1498,Exact,2
6311,E9-Q-1499,Exact,3
6311,E9-Q-1500,Exact,4
6311,E9-Q-1501,Exact,5
6311,E9-Q-2410,Common,6
6311,E9-Q-2411,Common,7
6311,E9-Q-2412,Common,8
6311,E9-Q-2413,Common,9
6311,E9-Q-2414,Common,10
6311,E9-Q-2415,Common,11
6311,E9-Q-2416,Common,12
6311,E9-Q-2417,Common,13
6311,E9-Q-2418,Common,14
6311,E9-Q-2419,Common,15
6311,E9-Q-2420,Common,16
6311,E9-Q-2421,Common,17
6311,E9-Q-2422,Common,18
6311,E9-Q-2423,Common,19
6311,E9-Q-2424,Common,20
6311,E9-Q-2425,Common,21
6311,E9-Q-2426,Common,22
6311,E9-Q-2427,Common,23
6311,E9-Q-2428,Common,24
6311,E9-Q-2429,Common,25
6311,E9-Q-2430,Common,26
6311,E9-Q-2431,Common,27
6311,E9-Q-2432,Common,28
6311,E9-Q-2433,Common,29
6311,E9-Q-2434,Common,30
6311,E9-Q-2435,Common,31
6311,E9-Q-2436,Common,32
6311,E9-Q-2437,Common,33
6311,E9-Q-2438,Common,34
6311,E9-Q-2439,Common,35
6311,E9-Q-2440,Common,36
6321,E9-Q-1502,Exact,1
6321,E9-Q-1503,Exact,2
6321,E9-Q-1504,Exact,3
6321,E9-Q-1505,Exact,4
6321,E9-Q-1506,Exact,5
6321,E9-Q-2410,Common,6
6321,E9-Q-2411,Common,7
6321,E9-Q-2412,Common,8
6321,E9-Q-2413,Common,9
6321,E9-Q-2414,Common,10
6321,E9-Q-2415,Common,11
6321,E9-Q-2416,Common,12
6321,E9-Q-2417,Common,13
6321,E9-Q-2418,Common,14
6321,E9-Q-2419,Common,15
6321,E9-Q-2420,Common,16
6321,E9-Q-2421,Common,17
6321,E9-Q-2422,Common,18
6321,E9-Q-2423,Common,19
6321,E9-Q-2424,Common,20
6321,E9-Q-2425,Common,21
6321,E9-Q-2426,Common,22
6321,E9-Q-2427,Common,23
6321,E9-Q-2428,Common,24
6321,E9-Q-2429,Common,25
6321,E9-Q-2430,Common,26
6321,E9-Q-2431,Common,27
6321,E9-Q-2432,Common,28
6321,E9-Q-2433,Common,29
6321,E9-Q-2434,Common,30
6321,E9-Q-2435,Common,31
6321,E9-Q-2436,Common,32
6321,E9-Q-2437,Common,33
6321,E9-Q-2438,Common,34
6321,E9-Q-2439,Common,35
6321,E9-Q-2440,Common,36
6331,E9-Q-1507,Exact,1
6331,E9-Q-1508,Exact,2
6331,E9-Q-1509,Exact,3
6331,E9-Q-1510,Exact,4
6331,E9-Q-1511,Exact,5
6331,E9-Q-2410,Common,6
6331,E9-Q-2411,Common,7
6331,E9-Q-2412,Common,8
6331,E9-Q-2413,Common,9
6331,E9-Q-2414,Common,10
6331,E9-Q-2415,Common,11
6331,E9-Q-2416,Common,12
6331,E9-Q-2417,Common,13
6331,E9-Q-2418,Common,14
6331,E9-Q-2419,Common,15
6331,E9-Q-2420,Common,16
6331,E9-Q-2421,Common,17
6331,E9-Q-2422,Common,18
6331,E9-Q-2423,Common,19
6331,E9-Q-2424,Common,20
6331,E9-Q-2425,Common,21
6331,E9-Q-2426,Common,22
6331,E9-Q-2427,Common,23
6331,E9-Q-2428,Common,24
6331,E9-Q-2429,Common,25
6331,E9-Q-2430,Common,26
6331,E9-Q-2431,Common,27
6331,E9-Q-2432,Common,28
6331,E9-Q-2433,Common,29
6331,E9-Q-2434,Common,30
6331,E9-Q-2435,Common,31
6331,E9-Q-2436,Common,32
6331,E9-Q-2437,Common,33
6331,E9-Q-2438,Common,34
6331,E9-Q-2439,Common,35
6331,E9-Q-2440,Common,36
6341,E9-Q-1512,Exact,1
6341,E9-Q-1513,Exact,2
6341,E9-Q-1514,Exact,3
6341,E9-Q-1515,Exact,4
6341,E9-Q-1516,Exact,5
6341,E9-Q-2410,Common,6
6341,E9-Q-2411,Common,7
6341,E9-Q-2412,Common,8
6341,E9-Q-2413,Common,9
6341,E9-Q-2414,Common,10
6341,E9-Q-2415,Common,11
6341,E9-Q-2416,Common,12
6341,E9-Q-2417,Common,13
6341,E9-Q-2418,Common,14
6341,E9-Q-2419,Common,15
6341,E9-Q-2420,Common,16
6341,E9-Q-2421,Common,17
6341,E9-Q-2422,Common,18
6341,E9-Q-2423,Common,19
6341,E9-Q-2424,Common,20
6341,E9-Q-2425,Common,21
6341,E9-Q-2426,Common,22
6341,E9-Q-2427,Common,23
6341,E9-Q-2428,Common,24
6341,E9-Q-2429,Common,25
6341,E9-Q-2430,Common,26
6341,E9-Q-2431,Common,27
6341,E9-Q-2432,Common,28
6341,E9-Q-2433,Common,29
6341,E9-Q-2434,Common,30
6341,E9-Q-2435,Common,31
6341,E9-Q-2436,Common,32
6341,E9-Q-2437,Common,33
6341,E9-Q-2438,Common,34
6341,E9-Q-2439,Common,35
6341,E9-Q-2440,Common,36
7111,E9-Q-1517,Exact,1
7111,E9-Q-1518,Exact,2
7111,E9-Q-1519,Exact,3
7111,E9-Q-1520,Exact,4
7111,E9-Q-1521,Exact,5
7111,E9-Q-2410,Common,6
7111,E9-Q-2411,Common,7
7111,E9-Q-2412,Common,8
7111,E9-Q-2413,Common,9
7111,E9-Q-2414,Common,10
7111,E9-Q-2415,Common,11
7111,E9-Q-2416,Common,12
7111,E9-Q-2417,Common,13
7111,E9-Q-2418,Common,14
7111,E9-Q-2419,Common,15
7111,E9-Q-2420,Common,16
7111,E9-Q-2421,Common,17
7111,E9-Q-2422,Common,18
7111,E9-Q-2423,Common,19
7111,E9-Q-2424,Common,20
7111,E9-Q-2425,Common,21
7111,E9-Q-2426,Common,22
7111,E9-Q-2427,Common,23
7111,E9-Q-2428,Common,24
7111,E9-Q-2429,Common,25
7111,E9-Q-2430,Common,26
7111,E9-Q-2431,Common,27
7111,E9-Q-2432,Common,28
7111,E9-Q-2433,Common,29
7111,E9-Q-2434,Common,30
7111,E9-Q-2435,Common,31
7111,E9-Q-2436,Common,32
7111,E9-Q-2437,Common,33
7111,E9-Q-2438,Common,34
7111,E9-Q-2439,Common,35
7111,E9-Q-2440,Common,36
7112,E9-Q-1522,Exact,1
7112,E9-Q-1523,Exact,2
7112,E9-Q-1524,Exact,3
7112,E9-Q-1525,Exact,4
7112,E9-Q-1526,Exact,5
7112,E9-Q-2410,Common,6
7112,E9-Q-2411,Common,7
7112,E9-Q-2412,Common,8
7112,E9-Q-2413,Common,9
7112,E9-Q-2414,Common,10
7112,E9-Q-2415,Common,11
7112,E9-Q-2416,Common,12
7112,E9-Q-2417,Common,13
7112,E9-Q-2418,Common,14
7112,E9-Q-2419,Common,15
7112,E9-Q-2420,Common,16
7112,E9-Q-2421,Common,17
7112,E9-Q-2422,Common,18
7112,E9-Q-2423,Common,19
7112,E9-Q-2424,Common,20
7112,E9-Q-2425,Common,21
7112,E9-Q-2426,Common,22
7112,E9-Q-2427,Common,23
7112,E9-Q-2428,Common,24
7112,E9-Q-2429,Common,25
7112,E9-Q-2430,Common,26
7112,E9-Q-2431,Common,27
7112,E9-Q-2432,Common,28
7112,E9-Q-2433,Common,29
7112,E9-Q-2434,Common,30
7112,E9-Q-2435,Common,31
7112,E9-Q-2436,Common,32
7112,E9-Q-2437,Common,33
7112,E9-Q-2438,Common,34
7112,E9-Q-2439,Common,35
7112,E9-Q-2440,Common,36
7113,E9-Q-1527,Exact,1
7113,E9-Q-1528,Exact,2
7113,E9-Q-1529,Exact,3
7113,E9-Q-1530,Exact,4
7113,E9-Q-1531,Exact,5
7113,E9-Q-2410,Common,6
7113,E9-Q-2411,Common,7
7113,E9-Q-2412,Common,8
7113,E9-Q-2413,Common,9
7113,E9-Q-2414,Common,10
7113,E9-Q-2415,Common,11
7113,E9-Q-2416,Common,12
7113,E9-Q-2417,Common,13
7113,E9-Q-2418,Common,14
7113,E9-Q-2419,Common,15
7113,E9-Q-2420,Common,16
7113,E9-Q-2421,Common,17
7113,E9-Q-2422,Common,18
7113,E9-Q-2423,Common,19
7113,E9-Q-2424,Common,20
7113,E9-Q-2425,Common,21
7113,E9-Q-2426,Common,22
7113,E9-Q-2427,Common,23
7113,E9-Q-2428,Common,24
7113,E9-Q-2429,Common,25
7113,E9-Q-2430,Common,26
7113,E9-Q-2431,Common,27
7113,E9-Q-2432,Common,28
7113,E9-Q-2433,Common,29
7113,E9-Q-2434,Common,30
7113,E9-Q-2435,Common,31
7113,E9-Q-2436,Common,32
7113,E9-Q-2437,Common,33
7113,E9-Q-2438,Common,34
7113,E9-Q-2439,Common,35
7113,E9-Q-2440,Common,36
7114,E9-Q-1532,Exact,1
7114,E9-Q-1533,Exact,2
7114,E9-Q-1534,Exact,3
7114,E9-Q-1535,Exact,4
7114,E9-Q-1536,Exact,5
7114,E9-Q-2410,Common,6
7114,E9-Q-2411,Common,7
7114,E9-Q-2412,Common,8
7114,E9-Q-2413,Common,9
7114,E9-Q-2414,Common,10
7114,E9-Q-2415,Common,11
7114,E9-Q-2416,Common,12
7114,E9-Q-2417,Common,13
7114,E9-Q-2418,Common,14
7114,E9-Q-2419,Common,15
7114,E9-Q-2420,Common,16
7114,E9-Q-2421,Common,17
7114,E9-Q-2422,Common,18
7114,E9-Q-2423,Common,19
7114,E9-Q-2424,Common,20
7114,E9-Q-2425,Common,21
7114,E9-Q-2426,Common,22
7114,E9-Q-2427,Common,23
7114,E9-Q-2428,Common,24
7114,E9-Q-2429,Common,25
7114,E9-Q-2430,Common,26
7114,E9-Q-2431,Common,27
7114,E9-Q-2432,Common,28
7114,E9-Q-2433,Common,29
7114,E9-Q-2434,Common,30
7114,E9-Q-2435,Common,31
7114,E9-Q-2436,Common,32
7114,E9-Q-2437,Common,33
7114,E9-Q-2438,Common,34
7114,E9-Q-2439,Common,35
7114,E9-Q-2440,Common,36
7115,E9-Q-1537,Exact,1
7115,E9-Q-1538,Exact,2
7115,E9-Q-1539,Exact,3
7115,E9-Q-1540,Exact,4
7115,E9-Q-1541,Exact,5
7115,E9-Q-2410,Common,6
7115,E9-Q-2411,Common,7
7115,E9-Q-2412,Common,8
7115,E9-Q-2413,Common,9
7115,E9-Q-2414,Common,10
7115,E9-Q-2415,Common,11
7115,E9-Q-2416,Common,12
7115,E9-Q-2417,Common,13
7115,E9-Q-2418,Common,14
7115,E9-Q-2419,Common,15
7115,E9-Q-2420,Common,16
7115,E9-Q-2421,Common,17
7115,E9-Q-2422,Common,18
7115,E9-Q-2423,Common,19
7115,E9-Q-2424,Common,20
7115,E9-Q-2425,Common,21
7115,E9-Q-2426,Common,22
7115,E9-Q-2427,Common,23
7115,E9-Q-2428,Common,24
7115,E9-Q-2429,Common,25
7115,E9-Q-2430,Common,26
7115,E9-Q-2431,Common,27
7115,E9-Q-2432,Common,28
7115,E9-Q-2433,Common,29
7115,E9-Q-2434,Common,30
7115,E9-Q-2435,Common,31
7115,E9-Q-2436,Common,32
7115,E9-Q-2437,Common,33
7115,E9-Q-2438,Common,34
7115,E9-Q-2439,Common,35
7115,E9-Q-2440,Common,36
7119,E9-Q-1542,Exact,1
7119,E9-Q-1543,Exact,2
7119,E9-Q-1544,Exact,3
7119,E9-Q-1545,Exact,4
7119,E9-Q-1546,Exact,5
7119,E9-Q-2410,Common,6
7119,E9-Q-2411,Common,7
7119,E9-Q-2412,Common,8
7119,E9-Q-2413,Common,9
7119,E9-Q-2414,Common,10
7119,E9-Q-2415,Common,11
7119,E9-Q-2416,Common,12
7119,E9-Q-2417,Common,13
7119,E9-Q-2418,Common,14
7119,E9-Q-2419,Common,15
7119,E9-Q-2420,Common,16
7119,E9-Q-2421,Common,17
7119,E9-Q-2422,Common,18
7119,E9-Q-2423,Common,19
7119,E9-Q-2424,Common,20
7119,E9-Q-2425,Common,21
7119,E9-Q-2426,Common,22
7119,E9-Q-2427,Common,23
7119,E9-Q-2428,Common,24
7119,E9-Q-2429,Common,25
7119,E9-Q-2430,Common,26
7119,E9-Q-2431,Common,27
7119,E9-Q-2432,Common,28
7119,E9-Q-2433,Common,29
7119,E9-Q-2434,Common,30
7119,E9-Q-2435,Common,31
7119,E9-Q-2436,Common,32
7119,E9-Q-2437,Common,33
7119,E9-Q-2438,Common,34
7119,E9-Q-2439,Common,35
7119,E9-Q-2440,Common,36
7121,E9-Q-1547,Exact,1
7121,E9-Q-1548,Exact,2
7121,E9-Q-1549,Exact,3
7121,E9-Q-1550,Exact,4
7121,E9-Q-1551,Exact,5
7121,E9-Q-2410,Common,6
7121,E9-Q-2411,Common,7
7121,E9-Q-2412,Common,8
7121,E9-Q-2413,Common,9
7121,E9-Q-2414,Common,10
7121,E9-Q-2415,Common,11
7121,E9-Q-2416,Common,12
7121,E9-Q-2417,Common,13
7121,E9-Q-2418,Common,14
7121,E9-Q-2419,Common,15
7121,E9-Q-2420,Common,16
7121,E9-Q-2421,Common,17
7121,E9-Q-2422,Common,18
7121,E9-Q-2423,Common,19
7121,E9-Q-2424,Common,20
7121,E9-Q-2425,Common,21
7121,E9-Q-2426,Common,22
7121,E9-Q-2427,Common,23
7121,E9-Q-2428,Common,24
7121,E9-Q-2429,Common,25
7121,E9-Q-2430,Common,26
7121,E9-Q-2431,Common,27
7121,E9-Q-2432,Common,28
7121,E9-Q-2433,Common,29
7121,E9-Q-2434,Common,30
7121,E9-Q-2435,Common,31
7121,E9-Q-2436,Common,32
7121,E9-Q-2437,Common,33
7121,E9-Q-2438,Common,34
7121,E9-Q-2439,Common,35
7121,E9-Q-2440,Common,36
7122,E9-Q-1552,Exact,1
7122,E9-Q-1553,Exact,2
7122,E9-Q-1554,Exact,3
7122,E9-Q-1555,Exact,4
7122,E9-Q-1556,Exact,5
7122,E9-Q-2410,Common,6
7122,E9-Q-2411,Common,7
7122,E9-Q-2412,Common,8
7122,E9-Q-2413,Common,9
7122,E9-Q-2414,Common,10
7122,E9-Q-2415,Common,11
7122,E9-Q-2416,Common,12
7122,E9-Q-2417,Common,13
7122,E9-Q-2418,Common,14
7122,E9-Q-2419,Common,15
7122,E9-Q-2420,Common,16
7122,E9-Q-2421,Common,17
7122,E9-Q-2422,Common,18
7122,E9-Q-2423,Common,19
7122,E9-Q-2424,Common,20
7122,E9-Q-2425,Common,21
7122,E9-Q-2426,Common,22
7122,E9-Q-2427,Common,23
7122,E9-Q-2428,Common,24
7122,E9-Q-2429,Common,25
7122,E9-Q-2430,Common,26
7122,E9-Q-2431,Common,27
7122,E9-Q-2432,Common,28
7122,E9-Q-2433,Common,29
7122,E9-Q-2434,Common,30
7122,E9-Q-2435,Common,31
7122,E9-Q-2436,Common,32
7122,E9-Q-2437,Common,33
7122,E9-Q-2438,Common,34
7122,E9-Q-2439,Common,35
7122,E9-Q-2440,Common,36
7123,E9-Q-1557,Exact,1
7123,E9-Q-1558,Exact,2
7123,E9-Q-1559,Exact,3
7123,E9-Q-1560,Exact,4
7123,E9-Q-1561,Exact,5
7123,E9-Q-2410,Common,6
7123,E9-Q-2411,Common,7
7123,E9-Q-2412,Common,8
7123,E9-Q-2413,Common,9
7123,E9-Q-2414,Common,10
7123,E9-Q-2415,Common,11
7123,E9-Q-2416,Common,12
7123,E9-Q-2417,Common,13
7123,E9-Q-2418,Common,14
7123,E9-Q-2419,Common,15
7123,E9-Q-2420,Common,16
7123,E9-Q-2421,Common,17
7123,E9-Q-2422,Common,18
7123,E9-Q-2423,Common,19
7123,E9-Q-2424,Common,20
7123,E9-Q-2425,Common,21
7123,E9-Q-2426,Common,22
7123,E9-Q-2427,Common,23
7123,E9-Q-2428,Common,24
7123,E9-Q-2429,Common,25
7123,E9-Q-2430,Common,26
7123,E9-Q-2431,Common,27
7123,E9-Q-2432,Common,28
7123,E9-Q-2433,Common,29
7123,E9-Q-2434,Common,30
7123,E9-Q-2435,Common,31
7123,E9-Q-2436,Common,32
7123,E9-Q-2437,Common,33
7123,E9-Q-2438,Common,34
7123,E9-Q-2439,Common,35
7123,E9-Q-2440,Common,36
7124,E9-Q-1562,Exact,1
7124,E9-Q-1563,Exact,2
7124,E9-Q-1564,Exact,3
7124,E9-Q-1565,Exact,4
7124,E9-Q-1566,Exact,5
7124,E9-Q-2410,Common,6
7124,E9-Q-2411,Common,7
7124,E9-Q-2412,Common,8
7124,E9-Q-2413,Common,9
7124,E9-Q-2414,Common,10
7124,E9-Q-2415,Common,11
7124,E9-Q-2416,Common,12
7124,E9-Q-2417,Common,13
7124,E9-Q-2418,Common,14
7124,E9-Q-2419,Common,15
7124,E9-Q-2420,Common,16
7124,E9-Q-2421,Common,17
7124,E9-Q-2422,Common,18
7124,E9-Q-2423,Common,19
7124,E9-Q-2424,Common,20
7124,E9-Q-2425,Common,21
7124,E9-Q-2426,Common,22
7124,E9-Q-2427,Common,23
7124,E9-Q-2428,Common,24
7124,E9-Q-2429,Common,25
7124,E9-Q-2430,Common,26
7124,E9-Q-2431,Common,27
7124,E9-Q-2432,Common,28
7124,E9-Q-2433,Common,29
7124,E9-Q-2434,Common,30
7124,E9-Q-2435,Common,31
7124,E9-Q-2436,Common,32
7124,E9-Q-2437,Common,33
7124,E9-Q-2438,Common,34
7124,E9-Q-2439,Common,35
7124,E9-Q-2440,Common,36
7125,E9-Q-1567,Exact,1
7125,E9-Q-1568,Exact,2
7125,E9-Q-1569,Exact,3
7125,E9-Q-1570,Exact,4
7125,E9-Q-1571,Exact,5
7125,E9-Q-2410,Common,6
7125,E9-Q-2411,Common,7
7125,E9-Q-2412,Common,8
7125,E9-Q-2413,Common,9
7125,E9-Q-2414,Common,10
7125,E9-Q-2415,Common,11
7125,E9-Q-2416,Common,12
7125,E9-Q-2417,Common,13
7125,E9-Q-2418,Common,14
7125,E9-Q-2419,Common,15
7125,E9-Q-2420,Common,16
7125,E9-Q-2421,Common,17
7125,E9-Q-2422,Common,18
7125,E9-Q-2423,Common,19
7125,E9-Q-2424,Common,20
7125,E9-Q-2425,Common,21
7125,E9-Q-2426,Common,22
7125,E9-Q-2427,Common,23
7125,E9-Q-2428,Common,24
7125,E9-Q-2429,Common,25
7125,E9-Q-2430,Common,26
7125,E9-Q-2431,Common,27
7125,E9-Q-2432,Common,28
7125,E9-Q-2433,Common,29
7125,E9-Q-2434,Common,30
7125,E9-Q-2435,Common,31
7125,E9-Q-2436,Common,32
7125,E9-Q-2437,Common,33
7125,E9-Q-2438,Common,34
7125,E9-Q-2439,Common,35
7125,E9-Q-2440,Common,36
7126,E9-Q-1572,Exact,1
7126,E9-Q-1573,Exact,2
7126,E9-Q-1574,Exact,3
7126,E9-Q-1575,Exact,4
7126,E9-Q-1576,Exact,5
7126,E9-Q-2410,Common,6
7126,E9-Q-2411,Common,7
7126,E9-Q-2412,Common,8
7126,E9-Q-2413,Common,9
7126,E9-Q-2414,Common,10
7126,E9-Q-2415,Common,11
7126,E9-Q-2416,Common,12
7126,E9-Q-2417,Common,13
7126,E9-Q-2418,Common,14
7126,E9-Q-2419,Common,15
7126,E9-Q-2420,Common,16
7126,E9-Q-2421,Common,17
7126,E9-Q-2422,Common,18
7126,E9-Q-2423,Common,19
7126,E9-Q-2424,Common,20
7126,E9-Q-2425,Common,21
7126,E9-Q-2426,Common,22
7126,E9-Q-2427,Common,23
7126,E9-Q-2428,Common,24
7126,E9-Q-2429,Common,25
7126,E9-Q-2430,Common,26
7126,E9-Q-2431,Common,27
7126,E9-Q-2432,Common,28
7126,E9-Q-2433,Common,29
7126,E9-Q-2434,Common,30
7126,E9-Q-2435,Common,31
7126,E9-Q-2436,Common,32
7126,E9-Q-2437,Common,33
7126,E9-Q-2438,Common,34
7126,E9-Q-2439,Common,35
7126,E9-Q-2440,Common,36
7127,E9-Q-1577,Exact,1
7127,E9-Q-1578,Exact,2
7127,E9-Q-1579,Exact,3
7127,E9-Q-1580,Exact,4
7127,E9-Q-1581,Exact,5
7127,E9-Q-2410,Common,6
7127,E9-Q-2411,Common,7
7127,E9-Q-2412,Common,8
7127,E9-Q-2413,Common,9
7127,E9-Q-2414,Common,10
7127,E9-Q-2415,Common,11
7127,E9-Q-2416,Common,12
7127,E9-Q-2417,Common,13
7127,E9-Q-2418,Common,14
7127,E9-Q-2419,Common,15
7127,E9-Q-2420,Common,16
7127,E9-Q-2421,Common,17
7127,E9-Q-2422,Common,18
7127,E9-Q-2423,Common,19
7127,E9-Q-2424,Common,20
7127,E9-Q-2425,Common,21
7127,E9-Q-2426,Common,22
7127,E9-Q-2427,Common,23
7127,E9-Q-2428,Common,24
7127,E9-Q-2429,Common,25
7127,E9-Q-2430,Common,26
7127,E9-Q-2431,Common,27
7127,E9-Q-2432,Common,28
7127,E9-Q-2433,Common,29
7127,E9-Q-2434,Common,30
7127,E9-Q-2435,Common,31
7127,E9-Q-2436,Common,32
7127,E9-Q-2437,Common,33
7127,E9-Q-2438,Common,34
7127,E9-Q-2439,Common,35
7127,E9-Q-2440,Common,36
7131,E9-Q-1582,Exact,1
7131,E9-Q-1583,Exact,2
7131,E9-Q-1584,Exact,3
7131,E9-Q-1585,Exact,4
7131,E9-Q-1586,Exact,5
7131,E9-Q-2410,Common,6
7131,E9-Q-2411,Common,7
7131,E9-Q-2412,Common,8
7131,E9-Q-2413,Common,9
7131,E9-Q-2414,Common,10
7131,E9-Q-2415,Common,11
7131,E9-Q-2416,Common,12
7131,E9-Q-2417,Common,13
7131,E9-Q-2418,Common,14
7131,E9-Q-2419,Common,15
7131,E9-Q-2420,Common,16
7131,E9-Q-2421,Common,17
7131,E9-Q-2422,Common,18
7131,E9-Q-2423,Common,19
7131,E9-Q-2424,Common,20
7131,E9-Q-2425,Common,21
7131,E9-Q-2426,Common,22
7131,E9-Q-2427,Common,23
7131,E9-Q-2428,Common,24
7131,E9-Q-2429,Common,25
7131,E9-Q-2430,Common,26
7131,E9-Q-2431,Common,27
7131,E9-Q-2432,Common,28
7131,E9-Q-2433,Common,29
7131,E9-Q-2434,Common,30
7131,E9-Q-2435,Common,31
7131,E9-Q-2436,Common,32
7131,E9-Q-2437,Common,33
7131,E9-Q-2438,Common,34
7131,E9-Q-2439,Common,35
7131,E9-Q-2440,Common,36
7132,E9-Q-1587,Exact,1
7132,E9-Q-1588,Exact,2
7132,E9-Q-1589,Exact,3
7132,E9-Q-1590,Exact,4
7132,E9-Q-1591,Exact,5
7132,E9-Q-2410,Common,6
7132,E9-Q-2411,Common,7
7132,E9-Q-2412,Common,8
7132,E9-Q-2413,Common,9
7132,E9-Q-2414,Common,10
7132,E9-Q-2415,Common,11
7132,E9-Q-2416,Common,12
7132,E9-Q-2417,Common,13
7132,E9-Q-2418,Common,14
7132,E9-Q-2419,Common,15
7132,E9-Q-2420,Common,16
7132,E9-Q-2421,Common,17
7132,E9-Q-2422,Common,18
7132,E9-Q-2423,Common,19
7132,E9-Q-2424,Common,20
7132,E9-Q-2425,Common,21
7132,E9-Q-2426,Common,22
7132,E9-Q-2427,Common,23
7132,E9-Q-2428,Common,24
7132,E9-Q-2429,Common,25
7132,E9-Q-2430,Common,26
7132,E9-Q-2431,Common,27
7132,E9-Q-2432,Common,28
7132,E9-Q-2433,Common,29
7132,E9-Q-2434,Common,30
7132,E9-Q-2435,Common,31
7132,E9-Q-2436,Common,32
7132,E9-Q-2437,Common,33
7132,E9-Q-2438,Common,34
7132,E9-Q-2439,Common,35
7132,E9-Q-2440,Common,36
7133,E9-Q-1592,Exact,1
7133,E9-Q-1593,Exact,2
7133,E9-Q-1594,Exact,3
7133,E9-Q-1595,Exact,4
7133,E9-Q-1596,Exact,5
7133,E9-Q-2410,Common,6
7133,E9-Q-2411,Common,7
7133,E9-Q-2412,Common,8
7133,E9-Q-2413,Common,9
7133,E9-Q-2414,Common,10
7133,E9-Q-2415,Common,11
7133,E9-Q-2416,Common,12
7133,E9-Q-2417,Common,13
7133,E9-Q-2418,Common,14
7133,E9-Q-2419,Common,15
7133,E9-Q-2420,Common,16
7133,E9-Q-2421,Common,17
7133,E9-Q-2422,Common,18
7133,E9-Q-2423,Common,19
7133,E9-Q-2424,Common,20
7133,E9-Q-2425,Common,21
7133,E9-Q-2426,Common,22
7133,E9-Q-2427,Common,23
7133,E9-Q-2428,Common,24
7133,E9-Q-2429,Common,25
7133,E9-Q-2430,Common,26
7133,E9-Q-2431,Common,27
7133,E9-Q-2432,Common,28
7133,E9-Q-2433,Common,29
7133,E9-Q-2434,Common,30
7133,E9-Q-2435,Common,31
7133,E9-Q-2436,Common,32
7133,E9-Q-2437,Common,33
7133,E9-Q-2438,Common,34
7133,E9-Q-2439,Common,35
7133,E9-Q-2440,Common,36
7221,E9-Q-1597,Exact,1
7221,E9-Q-1598,Exact,2
7221,E9-Q-1599,Exact,3
7221,E9-Q-1600,Exact,4
7221,E9-Q-1601,Exact,5
7221,E9-Q-2410,Common,6
7221,E9-Q-2411,Common,7
7221,E9-Q-2412,Common,8
7221,E9-Q-2413,Common,9
7221,E9-Q-2414,Common,10
7221,E9-Q-2415,Common,11
7221,E9-Q-2416,Common,12
7221,E9-Q-2417,Common,13
7221,E9-Q-2418,Common,14
7221,E9-Q-2419,Common,15
7221,E9-Q-2420,Common,16
7221,E9-Q-2421,Common,17
7221,E9-Q-2422,Common,18
7221,E9-Q-2423,Common,19
7221,E9-Q-2424,Common,20
7221,E9-Q-2425,Common,21
7221,E9-Q-2426,Common,22
7221,E9-Q-2427,Common,23
7221,E9-Q-2428,Common,24
7221,E9-Q-2429,Common,25
7221,E9-Q-2430,Common,26
7221,E9-Q-2431,Common,27
7221,E9-Q-2432,Common,28
7221,E9-Q-2433,Common,29
7221,E9-Q-2434,Common,30
7221,E9-Q-2435,Common,31
7221,E9-Q-2436,Common,32
7221,E9-Q-2437,Common,33
7221,E9-Q-2438,Common,34
7221,E9-Q-2439,Common,35
7221,E9-Q-2440,Common,36
7222,E9-Q-1602,Exact,1
7222,E9-Q-1603,Exact,2
7222,E9-Q-1604,Exact,3
7222,E9-Q-1605,Exact,4
7222,E9-Q-1606,Exact,5
7222,E9-Q-2410,Common,6
7222,E9-Q-2411,Common,7
7222,E9-Q-2412,Common,8
7222,E9-Q-2413,Common,9
7222,E9-Q-2414,Common,10
7222,E9-Q-2415,Common,11
7222,E9-Q-2416,Common,12
7222,E9-Q-2417,Common,13
7222,E9-Q-2418,Common,14
7222,E9-Q-2419,Common,15
7222,E9-Q-2420,Common,16
7222,E9-Q-2421,Common,17
7222,E9-Q-2422,Common,18
7222,E9-Q-2423,Common,19
7222,E9-Q-2424,Common,20
7222,E9-Q-2425,Common,21
7222,E9-Q-2426,Common,22
7222,E9-Q-2427,Common,23
7222,E9-Q-2428,Common,24
7222,E9-Q-2429,Common,25
7222,E9-Q-2430,Common,26
7222,E9-Q-2431,Common,27
7222,E9-Q-2432,Common,28
7222,E9-Q-2433,Common,29
7222,E9-Q-2434,Common,30
7222,E9-Q-2435,Common,31
7222,E9-Q-2436,Common,32
7222,E9-Q-2437,Common,33
7222,E9-Q-2438,Common,34
7222,E9-Q-2439,Common,35
7222,E9-Q-2440,Common,36
7223,E9-Q-1607,Exact,1
7223,E9-Q-1608,Exact,2
7223,E9-Q-1609,Exact,3
7223,E9-Q-1610,Exact,4
7223,E9-Q-1611,Exact,5
7223,E9-Q-2410,Common,6
7223,E9-Q-2411,Common,7
7223,E9-Q-2412,Common,8
7223,E9-Q-2413,Common,9
7223,E9-Q-2414,Common,10
7223,E9-Q-2415,Common,11
7223,E9-Q-2416,Common,12
7223,E9-Q-2417,Common,13
7223,E9-Q-2418,Common,14
7223,E9-Q-2419,Common,15
7223,E9-Q-2420,Common,16
7223,E9-Q-2421,Common,17
7223,E9-Q-2422,Common,18
7223,E9-Q-2423,Common,19
7223,E9-Q-2424,Common,20
7223,E9-Q-2425,Common,21
7223,E9-Q-2426,Common,22
7223,E9-Q-2427,Common,23
7223,E9-Q-2428,Common,24
7223,E9-Q-2429,Common,25
7223,E9-Q-2430,Common,26
7223,E9-Q-2431,Common,27
7223,E9-Q-2432,Common,28
7223,E9-Q-2433,Common,29
7223,E9-Q-2434,Common,30
7223,E9-Q-2435,Common,31
7223,E9-Q-2436,Common,32
7223,E9-Q-2437,Common,33
7223,E9-Q-2438,Common,34
7223,E9-Q-2439,Common,35
7223,E9-Q-2440,Common,36
7224,E9-Q-1612,Exact,1
7224,E9-Q-1613,Exact,2
7224,E9-Q-1614,Exact,3
7224,E9-Q-1615,Exact,4
7224,E9-Q-1616,Exact,5
7224,E9-Q-2410,Common,6
7224,E9-Q-2411,Common,7
7224,E9-Q-2412,Common,8
7224,E9-Q-2413,Common,9
7224,E9-Q-2414,Common,10
7224,E9-Q-2415,Common,11
7224,E9-Q-2416,Common,12
7224,E9-Q-2417,Common,13
7224,E9-Q-2418,Common,14
7224,E9-Q-2419,Common,15
7224,E9-Q-2420,Common,16
7224,E9-Q-2421,Common,17
7224,E9-Q-2422,Common,18
7224,E9-Q-2423,Common,19
7224,E9-Q-2424,Common,20
7224,E9-Q-2425,Common,21
7224,E9-Q-2426,Common,22
7224,E9-Q-2427,Common,23
7224,E9-Q-2428,Common,24
7224,E9-Q-2429,Common,25
7224,E9-Q-2430,Common,26
7224,E9-Q-2431,Common,27
7224,E9-Q-2432,Common,28
7224,E9-Q-2433,Common,29
7224,E9-Q-2434,Common,30
7224,E9-Q-2435,Common,31
7224,E9-Q-2436,Common,32
7224,E9-Q-2437,Common,33
7224,E9-Q-2438,Common,34
7224,E9-Q-2439,Common,35
7224,E9-Q-2440,Common,36
7311,E9-Q-1617,Exact,1
7311,E9-Q-1618,Exact,2
7311,E9-Q-1619,Exact,3
7311,E9-Q-1620,Exact,4
7311,E9-Q-1621,Exact,5
7311,E9-Q-2410,Common,6
7311,E9-Q-2411,Common,7
7311,E9-Q-2412,Common,8
7311,E9-Q-2413,Common,9
7311,E9-Q-2414,Common,10
7311,E9-Q-2415,Common,11
7311,E9-Q-2416,Common,12
7311,E9-Q-2417,Common,13
7311,E9-Q-2418,Common,14
7311,E9-Q-2419,Common,15
7311,E9-Q-2420,Common,16
7311,E9-Q-2421,Common,17
7311,E9-Q-2422,Common,18
7311,E9-Q-2423,Common,19
7311,E9-Q-2424,Common,20
7311,E9-Q-2425,Common,21
7311,E9-Q-2426,Common,22
7311,E9-Q-2427,Common,23
7311,E9-Q-2428,Common,24
7311,E9-Q-2429,Common,25
7311,E9-Q-2430,Common,26
7311,E9-Q-2431,Common,27
7311,E9-Q-2432,Common,28
7311,E9-Q-2433,Common,29
7311,E9-Q-2434,Common,30
7311,E9-Q-2435,Common,31
7311,E9-Q-2436,Common,32
7311,E9-Q-2437,Common,33
7311,E9-Q-2438,Common,34
7311,E9-Q-2439,Common,35
7311,E9-Q-2440,Common,36
7312,E9-Q-1622,Exact,1
7312,E9-Q-1623,Exact,2
7312,E9-Q-1624,Exact,3
7312,E9-Q-1625,Exact,4
7312,E9-Q-1626,Exact,5
7312,E9-Q-2410,Common,6
7312,E9-Q-2411,Common,7
7312,E9-Q-2412,Common,8
7312,E9-Q-2413,Common,9
7312,E9-Q-2414,Common,10
7312,E9-Q-2415,Common,11
7312,E9-Q-2416,Common,12
7312,E9-Q-2417,Common,13
7312,E9-Q-2418,Common,14
7312,E9-Q-2419,Common,15
7312,E9-Q-2420,Common,16
7312,E9-Q-2421,Common,17
7312,E9-Q-2422,Common,18
7312,E9-Q-2423,Common,19
7312,E9-Q-2424,Common,20
7312,E9-Q-2425,Common,21
7312,E9-Q-2426,Common,22
7312,E9-Q-2427,Common,23
7312,E9-Q-2428,Common,24
7312,E9-Q-2429,Common,25
7312,E9-Q-2430,Common,26
7312,E9-Q-2431,Common,27
7312,E9-Q-2432,Common,28
7312,E9-Q-2433,Common,29
7312,E9-Q-2434,Common,30
7312,E9-Q-2435,Common,31
7312,E9-Q-2436,Common,32
7312,E9-Q-2437,Common,33
7312,E9-Q-2438,Common,34
7312,E9-Q-2439,Common,35
7312,E9-Q-2440,Common,36
7313,E9-Q-1627,Exact,1
7313,E9-Q-1628,Exact,2
7313,E9-Q-1629,Exact,3
7313,E9-Q-1630,Exact,4
7313,E9-Q-1631,Exact,5
7313,E9-Q-2410,Common,6
7313,E9-Q-2411,Common,7
7313,E9-Q-2412,Common,8
7313,E9-Q-2413,Common,9
7313,E9-Q-2414,Common,10
7313,E9-Q-2415,Common,11
7313,E9-Q-2416,Common,12
7313,E9-Q-2417,Common,13
7313,E9-Q-2418,Common,14
7313,E9-Q-2419,Common,15
7313,E9-Q-2420,Common,16
7313,E9-Q-2421,Common,17
7313,E9-Q-2422,Common,18
7313,E9-Q-2423,Common,19
7313,E9-Q-2424,Common,20
7313,E9-Q-2425,Common,21
7313,E9-Q-2426,Common,22
7313,E9-Q-2427,Common,23
7313,E9-Q-2428,Common,24
7313,E9-Q-2429,Common,25
7313,E9-Q-2430,Common,26
7313,E9-Q-2431,Common,27
7313,E9-Q-2432,Common,28
7313,E9-Q-2433,Common,29
7313,E9-Q-2434,Common,30
7313,E9-Q-2435,Common,31
7313,E9-Q-2436,Common,32
7313,E9-Q-2437,Common,33
7313,E9-Q-2438,Common,34
7313,E9-Q-2439,Common,35
7313,E9-Q-2440,Common,36
7314,E9-Q-1632,Exact,1
7314,E9-Q-1633,Exact,2
7314,E9-Q-1634,Exact,3
7314,E9-Q-1635,Exact,4
7314,E9-Q-1636,Exact,5
7314,E9-Q-2410,Common,6
7314,E9-Q-2411,Common,7
7314,E9-Q-2412,Common,8
7314,E9-Q-2413,Common,9
7314,E9-Q-2414,Common,10
7314,E9-Q-2415,Common,11
7314,E9-Q-2416,Common,12
7314,E9-Q-2417,Common,13
7314,E9-Q-2418,Common,14
7314,E9-Q-2419,Common,15
7314,E9-Q-2420,Common,16
7314,E9-Q-2421,Common,17
7314,E9-Q-2422,Common,18
7314,E9-Q-2423,Common,19
7314,E9-Q-2424,Common,20
7314,E9-Q-2425,Common,21
7314,E9-Q-2426,Common,22
7314,E9-Q-2427,Common,23
7314,E9-Q-2428,Common,24
7314,E9-Q-2429,Common,25
7314,E9-Q-2430,Common,26
7314,E9-Q-2431,Common,27
7314,E9-Q-2432,Common,28
7314,E9-Q-2433,Common,29
7314,E9-Q-2434,Common,30
7314,E9-Q-2435,Common,31
7314,E9-Q-2436,Common,32
7314,E9-Q-2437,Common,33
7314,E9-Q-2438,Common,34
7314,E9-Q-2439,Common,35
7314,E9-Q-2440,Common,36
7315,E9-Q-1637,Exact,1
7315,E9-Q-1638,Exact,2
7315,E9-Q-1639,Exact,3
7315,E9-Q-1640,Exact,4
7315,E9-Q-1641,Exact,5
7315,E9-Q-2410,Common,6
7315,E9-Q-2411,Common,7
7315,E9-Q-2412,Common,8
7315,E9-Q-2413,Common,9
7315,E9-Q-2414,Common,10
7315,E9-Q-2415,Common,11
7315,E9-Q-2416,Common,12
7315,E9-Q-2417,Common,13
7315,E9-Q-2418,Common,14
7315,E9-Q-2419,Common,15
7315,E9-Q-2420,Common,16
7315,E9-Q-2421,Common,17
7315,E9-Q-2422,Common,18
7315,E9-Q-2423,Common,19
7315,E9-Q-2424,Common,20
7315,E9-Q-2425,Common,21
7315,E9-Q-2426,Common,22
7315,E9-Q-2427,Common,23
7315,E9-Q-2428,Common,24
7315,E9-Q-2429,Common,25
7315,E9-Q-2430,Common,26
7315,E9-Q-2431,Common,27
7315,E9-Q-2432,Common,28
7315,E9-Q-2433,Common,29
7315,E9-Q-2434,Common,30
7315,E9-Q-2435,Common,31
7315,E9-Q-2436,Common,32
7315,E9-Q-2437,Common,33
7315,E9-Q-2438,Common,34
7315,E9-Q-2439,Common,35
7315,E9-Q-2440,Common,36
7316,E9-Q-1642,Exact,1
7316,E9-Q-1643,Exact,2
7316,E9-Q-1644,Exact,3
7316,E9-Q-1645,Exact,4
7316,E9-Q-1646,Exact,5
7316,E9-Q-2410,Common,6
7316,E9-Q-2411,Common,7
7316,E9-Q-2412,Common,8
7316,E9-Q-2413,Common,9
7316,E9-Q-2414,Common,10
7316,E9-Q-2415,Common,11
7316,E9-Q-2416,Common,12
7316,E9-Q-2417,Common,13
7316,E9-Q-2418,Common,14
7316,E9-Q-2419,Common,15
7316,E9-Q-2420,Common,16
7316,E9-Q-2421,Common,17
7316,E9-Q-2422,Common,18
7316,E9-Q-2423,Common,19
7316,E9-Q-2424,Common,20
7316,E9-Q-2425,Common,21
7316,E9-Q-2426,Common,22
7316,E9-Q-2427,Common,23
7316,E9-Q-2428,Common,24
7316,E9-Q-2429,Common,25
7316,E9-Q-2430,Common,26
7316,E9-Q-2431,Common,27
7316,E9-Q-2432,Common,28
7316,E9-Q-2433,Common,29
7316,E9-Q-2434,Common,30
7316,E9-Q-2435,Common,31
7316,E9-Q-2436,Common,32
7316,E9-Q-2437,Common,33
7316,E9-Q-2438,Common,34
7316,E9-Q-2439,Common,35
7316,E9-Q-2440,Common,36
7317,E9-Q-1647,Exact,1
7317,E9-Q-1648,Exact,2
7317,E9-Q-1649,Exact,3
7317,E9-Q-1650,Exact,4
7317,E9-Q-1651,Exact,5
7317,E9-Q-2410,Common,6
7317,E9-Q-2411,Common,7
7317,E9-Q-2412,Common,8
7317,E9-Q-2413,Common,9
7317,E9-Q-2414,Common,10
7317,E9-Q-2415,Common,11
7317,E9-Q-2416,Common,12
7317,E9-Q-2417,Common,13
7317,E9-Q-2418,Common,14
7317,E9-Q-2419,Common,15
7317,E9-Q-2420,Common,16
7317,E9-Q-2421,Common,17
7317,E9-Q-2422,Common,18
7317,E9-Q-2423,Common,19
7317,E9-Q-2424,Common,20
7317,E9-Q-2425,Common,21
7317,E9-Q-2426,Common,22
7317,E9-Q-2427,Common,23
7317,E9-Q-2428,Common,24
7317,E9-Q-2429,Common,25
7317,E9-Q-2430,Common,26
7317,E9-Q-2431,Common,27
7317,E9-Q-2432,Common,28
7317,E9-Q-2433,Common,29
7317,E9-Q-2434,Common,30
7317,E9-Q-2435,Common,31
7317,E9-Q-2436,Common,32
7317,E9-Q-2437,Common,33
7317,E9-Q-2438,Common,34
7317,E9-Q-2439,Common,35
7317,E9-Q-2440,Common,36
7318,E9-Q-1652,Exact,1
7318,E9-Q-1653,Exact,2
7318,E9-Q-1654,Exact,3
7318,E9-Q-1655,Exact,4
7318,E9-Q-1656,Exact,5
7318,E9-Q-2410,Common,6
7318,E9-Q-2411,Common,7
7318,E9-Q-2412,Common,8
7318,E9-Q-2413,Common,9
7318,E9-Q-2414,Common,10
7318,E9-Q-2415,Common,11
7318,E9-Q-2416,Common,12
7318,E9-Q-2417,Common,13
7318,E9-Q-2418,Common,14
7318,E9-Q-2419,Common,15
7318,E9-Q-2420,Common,16
7318,E9-Q-2421,Common,17
7318,E9-Q-2422,Common,18
7318,E9-Q-2423,Common,19
7318,E9-Q-2424,Common,20
7318,E9-Q-2425,Common,21
7318,E9-Q-2426,Common,22
7318,E9-Q-2427,Common,23
7318,E9-Q-2428,Common,24
7318,E9-Q-2429,Common,25
7318,E9-Q-2430,Common,26
7318,E9-Q-2431,Common,27
7318,E9-Q-2432,Common,28
7318,E9-Q-2433,Common,29
7318,E9-Q-2434,Common,30
7318,E9-Q-2435,Common,31
7318,E9-Q-2436,Common,32
7318,E9-Q-2437,Common,33
7318,E9-Q-2438,Common,34
7318,E9-Q-2439,Common,35
7318,E9-Q-2440,Common,36
7321,E9-Q-1657,Exact,1
7321,E9-Q-1658,Exact,2
7321,E9-Q-1659,Exact,3
7321,E9-Q-1660,Exact,4
7321,E9-Q-1661,Exact,5
7321,E9-Q-2410,Common,6
7321,E9-Q-2411,Common,7
7321,E9-Q-2412,Common,8
7321,E9-Q-2413,Common,9
7321,E9-Q-2414,Common,10
7321,E9-Q-2415,Common,11
7321,E9-Q-2416,Common,12
7321,E9-Q-2417,Common,13
7321,E9-Q-2418,Common,14
7321,E9-Q-2419,Common,15
7321,E9-Q-2420,Common,16
7321,E9-Q-2421,Common,17
7321,E9-Q-2422,Common,18
7321,E9-Q-2423,Common,19
7321,E9-Q-2424,Common,20
7321,E9-Q-2425,Common,21
7321,E9-Q-2426,Common,22
7321,E9-Q-2427,Common,23
7321,E9-Q-2428,Common,24
7321,E9-Q-2429,Common,25
7321,E9-Q-2430,Common,26
7321,E9-Q-2431,Common,27
7321,E9-Q-2432,Common,28
7321,E9-Q-2433,Common,29
7321,E9-Q-2434,Common,30
7321,E9-Q-2435,Common,31
7321,E9-Q-2436,Common,32
7321,E9-Q-2437,Common,33
7321,E9-Q-2438,Common,34
7321,E9-Q-2439,Common,35
7321,E9-Q-2440,Common,36
7322,E9-Q-1662,Exact,1
7322,E9-Q-1663,Exact,2
7322,E9-Q-1664,Exact,3
7322,E9-Q-1665,Exact,4
7322,E9-Q-1666,Exact,5
7322,E9-Q-2410,Common,6
7322,E9-Q-2411,Common,7
7322,E9-Q-2412,Common,8
7322,E9-Q-2413,Common,9
7322,E9-Q-2414,Common,10
7322,E9-Q-2415,Common,11
7322,E9-Q-2416,Common,12
7322,E9-Q-2417,Common,13
7322,E9-Q-2418,Common,14
7322,E9-Q-2419,Common,15
7322,E9-Q-2420,Common,16
7322,E9-Q-2421,Common,17
7322,E9-Q-2422,Common,18
7322,E9-Q-2423,Common,19
7322,E9-Q-2424,Common,20
7322,E9-Q-2425,Common,21
7322,E9-Q-2426,Common,22
7322,E9-Q-2427,Common,23
7322,E9-Q-2428,Common,24
7322,E9-Q-2429,Common,25
7322,E9-Q-2430,Common,26
7322,E9-Q-2431,Common,27
7322,E9-Q-2432,Common,28
7322,E9-Q-2433,Common,29
7322,E9-Q-2434,Common,30
7322,E9-Q-2435,Common,31
7322,E9-Q-2436,Common,32
7322,E9-Q-2437,Common,33
7322,E9-Q-2438,Common,34
7322,E9-Q-2439,Common,35
7322,E9-Q-2440,Common,36
7323,E9-Q-1667,Exact,1
7323,E9-Q-1668,Exact,2
7323,E9-Q-1669,Exact,3
7323,E9-Q-1670,Exact,4
7323,E9-Q-1671,Exact,5
7323,E9-Q-2410,Common,6
7323,E9-Q-2411,Common,7
7323,E9-Q-2412,Common,8
7323,E9-Q-2413,Common,9
7323,E9-Q-2414,Common,10
7323,E9-Q-2415,Common,11
7323,E9-Q-2416,Common,12
7323,E9-Q-2417,Common,13
7323,E9-Q-2418,Common,14
7323,E9-Q-2419,Common,15
7323,E9-Q-2420,Common,16
7323,E9-Q-2421,Common,17
7323,E9-Q-2422,Common,18
7323,E9-Q-2423,Common,19
7323,E9-Q-2424,Common,20
7323,E9-Q-2425,Common,21
7323,E9-Q-2426,Common,22
7323,E9-Q-2427,Common,23
7323,E9-Q-2428,Common,24
7323,E9-Q-2429,Common,25
7323,E9-Q-2430,Common,26
7323,E9-Q-2431,Common,27
7323,E9-Q-2432,Common,28
7323,E9-Q-2433,Common,29
7323,E9-Q-2434,Common,30
7323,E9-Q-2435,Common,31
7323,E9-Q-2436,Common,32
7323,E9-Q-2437,Common,33
7323,E9-Q-2438,Common,34
7323,E9-Q-2439,Common,35
7323,E9-Q-2440,Common,36
7324,E9-Q-1672,Exact,1
7324,E9-Q-1673,Exact,2
7324,E9-Q-1674,Exact,3
7324,E9-Q-1675,Exact,4
7324,E9-Q-1676,Exact,5
7324,E9-Q-2410,Common,6
7324,E9-Q-2411,Common,7
7324,E9-Q-2412,Common,8
7324,E9-Q-2413,Common,9
7324,E9-Q-2414,Common,10
7324,E9-Q-2415,Common,11
7324,E9-Q-2416,Common,12
7324,E9-Q-2417,Common,13
7324,E9-Q-2418,Common,14
7324,E9-Q-2419,Common,15
7324,E9-Q-2420,Common,16
7324,E9-Q-2421,Common,17
7324,E9-Q-2422,Common,18
7324,E9-Q-2423,Common,19
7324,E9-Q-2424,Common,20
7324,E9-Q-2425,Common,21
7324,E9-Q-2426,Common,22
7324,E9-Q-2427,Common,23
7324,E9-Q-2428,Common,24
7324,E9-Q-2429,Common,25
7324,E9-Q-2430,Common,26
7324,E9-Q-2431,Common,27
7324,E9-Q-2432,Common,28
7324,E9-Q-2433,Common,29
7324,E9-Q-2434,Common,30
7324,E9-Q-2435,Common,31
7324,E9-Q-2436,Common,32
7324,E9-Q-2437,Common,33
7324,E9-Q-2438,Common,34
7324,E9-Q-2439,Common,35
7324,E9-Q-2440,Common,36
7411,E9-Q-1677,Exact,1
7411,E9-Q-1678,Exact,2
7411,E9-Q-1679,Exact,3
7411,E9-Q-1680,Exact,4
7411,E9-Q-1681,Exact,5
7411,E9-Q-2410,Common,6
7411,E9-Q-2411,Common,7
7411,E9-Q-2412,Common,8
7411,E9-Q-2413,Common,9
7411,E9-Q-2414,Common,10
7411,E9-Q-2415,Common,11
7411,E9-Q-2416,Common,12
7411,E9-Q-2417,Common,13
7411,E9-Q-2418,Common,14
7411,E9-Q-2419,Common,15
7411,E9-Q-2420,Common,16
7411,E9-Q-2421,Common,17
7411,E9-Q-2422,Common,18
7411,E9-Q-2423,Common,19
7411,E9-Q-2424,Common,20
7411,E9-Q-2425,Common,21
7411,E9-Q-2426,Common,22
7411,E9-Q-2427,Common,23
7411,E9-Q-2428,Common,24
7411,E9-Q-2429,Common,25
7411,E9-Q-2430,Common,26
7411,E9-Q-2431,Common,27
7411,E9-Q-2432,Common,28
7411,E9-Q-2433,Common,29
7411,E9-Q-2434,Common,30
7411,E9-Q-2435,Common,31
7411,E9-Q-2436,Common,32
7411,E9-Q-2437,Common,33
7411,E9-Q-2438,Common,34
7411,E9-Q-2439,Common,35
7411,E9-Q-2440,Common,36
7412,E9-Q-1682,Exact,1
7412,E9-Q-1683,Exact,2
7412,E9-Q-1684,Exact,3
7412,E9-Q-1685,Exact,4
7412,E9-Q-1686,Exact,5
7412,E9-Q-2410,Common,6
7412,E9-Q-2411,Common,7
7412,E9-Q-2412,Common,8
7412,E9-Q-2413,Common,9
7412,E9-Q-2414,Common,10
7412,E9-Q-2415,Common,11
7412,E9-Q-2416,Common,12
7412,E9-Q-2417,Common,13
7412,E9-Q-2418,Common,14
7412,E9-Q-2419,Common,15
7412,E9-Q-2420,Common,16
7412,E9-Q-2421,Common,17
7412,E9-Q-2422,Common,18
7412,E9-Q-2423,Common,19
7412,E9-Q-2424,Common,20
7412,E9-Q-2425,Common,21
7412,E9-Q-2426,Common,22
7412,E9-Q-2427,Common,23
7412,E9-Q-2428,Common,24
7412,E9-Q-2429,Common,25
7412,E9-Q-2430,Common,26
7412,E9-Q-2431,Common,27
7412,E9-Q-2432,Common,28
7412,E9-Q-2433,Common,29
7412,E9-Q-2434,Common,30
7412,E9-Q-2435,Common,31
7412,E9-Q-2436,Common,32
7412,E9-Q-2437,Common,33
7412,E9-Q-2438,Common,34
7412,E9-Q-2439,Common,35
7412,E9-Q-2440,Common,36
7413,E9-Q-1687,Exact,1
7413,E9-Q-1688,Exact,2
7413,E9-Q-1689,Exact,3
7413,E9-Q-1690,Exact,4
7413,E9-Q-1691,Exact,5
7413,E9-Q-2410,Common,6
7413,E9-Q-2411,Common,7
7413,E9-Q-2412,Common,8
7413,E9-Q-2413,Common,9
7413,E9-Q-2414,Common,10
7413,E9-Q-2415,Common,11
7413,E9-Q-2416,Common,12
7413,E9-Q-2417,Common,13
7413,E9-Q-2418,Common,14
7413,E9-Q-2419,Common,15
7413,E9-Q-2420,Common,16
7413,E9-Q-2421,Common,17
7413,E9-Q-2422,Common,18
7413,E9-Q-2423,Common,19
7413,E9-Q-2424,Common,20
7413,E9-Q-2425,Common,21
7413,E9-Q-2426,Common,22
7413,E9-Q-2427,Common,23
7413,E9-Q-2428,Common,24
7413,E9-Q-2429,Common,25
7413,E9-Q-2430,Common,26
7413,E9-Q-2431,Common,27
7413,E9-Q-2432,Common,28
7413,E9-Q-2433,Common,29
7413,E9-Q-2434,Common,30
7413,E9-Q-2435,Common,31
7413,E9-Q-2436,Common,32
7413,E9-Q-2437,Common,33
7413,E9-Q-2438,Common,34
7413,E9-Q-2439,Common,35
7413,E9-Q-2440,Common,36
7421,E9-Q-1692,Exact,1
7421,E9-Q-1693,Exact,2
7421,E9-Q-1694,Exact,3
7421,E9-Q-1695,Exact,4
7421,E9-Q-1696,Exact,5
7421,E9-Q-2410,Common,6
7421,E9-Q-2411,Common,7
7421,E9-Q-2412,Common,8
7421,E9-Q-2413,Common,9
7421,E9-Q-2414,Common,10
7421,E9-Q-2415,Common,11
7421,E9-Q-2416,Common,12
7421,E9-Q-2417,Common,13
7421,E9-Q-2418,Common,14
7421,E9-Q-2419,Common,15
7421,E9-Q-2420,Common,16
7421,E9-Q-2421,Common,17
7421,E9-Q-2422,Common,18
7421,E9-Q-2423,Common,19
7421,E9-Q-2424,Common,20
7421,E9-Q-2425,Common,21
7421,E9-Q-2426,Common,22
7421,E9-Q-2427,Common,23
7421,E9-Q-2428,Common,24
7421,E9-Q-2429,Common,25
7421,E9-Q-2430,Common,26
7421,E9-Q-2431,Common,27
7421,E9-Q-2432,Common,28
7421,E9-Q-2433,Common,29
7421,E9-Q-2434,Common,30
7421,E9-Q-2435,Common,31
7421,E9-Q-2436,Common,32
7421,E9-Q-2437,Common,33
7421,E9-Q-2438,Common,34
7421,E9-Q-2439,Common,35
7421,E9-Q-2440,Common,36
7422,E9-Q-1697,Exact,1
7422,E9-Q-1698,Exact,2
7422,E9-Q-1699,Exact,3
7422,E9-Q-1700,Exact,4
7422,E9-Q-1701,Exact,5
7422,E9-Q-2410,Common,6
7422,E9-Q-2411,Common,7
7422,E9-Q-2412,Common,8
7422,E9-Q-2413,Common,9
7422,E9-Q-2414,Common,10
7422,E9-Q-2415,Common,11
7422,E9-Q-2416,Common,12
7422,E9-Q-2417,Common,13
7422,E9-Q-2418,Common,14
7422,E9-Q-2419,Common,15
7422,E9-Q-2420,Common,16
7422,E9-Q-2421,Common,17
7422,E9-Q-2422,Common,18
7422,E9-Q-2423,Common,19
7422,E9-Q-2424,Common,20
7422,E9-Q-2425,Common,21
7422,E9-Q-2426,Common,22
7422,E9-Q-2427,Common,23
7422,E9-Q-2428,Common,24
7422,E9-Q-2429,Common,25
7422,E9-Q-2430,Common,26
7422,E9-Q-2431,Common,27
7422,E9-Q-2432,Common,28
7422,E9-Q-2433,Common,29
7422,E9-Q-2434,Common,30
7422,E9-Q-2435,Common,31
7422,E9-Q-2436,Common,32
7422,E9-Q-2437,Common,33
7422,E9-Q-2438,Common,34
7422,E9-Q-2439,Common,35
7422,E9-Q-2440,Common,36
7511,E9-Q-1702,Exact,1
7511,E9-Q-1703,Exact,2
7511,E9-Q-1704,Exact,3
7511,E9-Q-1705,Exact,4
7511,E9-Q-1706,Exact,5
7511,E9-Q-2410,Common,6
7511,E9-Q-2411,Common,7
7511,E9-Q-2412,Common,8
7511,E9-Q-2413,Common,9
7511,E9-Q-2414,Common,10
7511,E9-Q-2415,Common,11
7511,E9-Q-2416,Common,12
7511,E9-Q-2417,Common,13
7511,E9-Q-2418,Common,14
7511,E9-Q-2419,Common,15
7511,E9-Q-2420,Common,16
7511,E9-Q-2421,Common,17
7511,E9-Q-2422,Common,18
7511,E9-Q-2423,Common,19
7511,E9-Q-2424,Common,20
7511,E9-Q-2425,Common,21
7511,E9-Q-2426,Common,22
7511,E9-Q-2427,Common,23
7511,E9-Q-2428,Common,24
7511,E9-Q-2429,Common,25
7511,E9-Q-2430,Common,26
7511,E9-Q-2431,Common,27
7511,E9-Q-2432,Common,28
7511,E9-Q-2433,Common,29
7511,E9-Q-2434,Common,30
7511,E9-Q-2435,Common,31
7511,E9-Q-2436,Common,32
7511,E9-Q-2437,Common,33
7511,E9-Q-2438,Common,34
7511,E9-Q-2439,Common,35
7511,E9-Q-2440,Common,36
7512,E9-Q-1707,Exact,1
7512,E9-Q-1708,Exact,2
7512,E9-Q-1709,Exact,3
7512,E9-Q-1710,Exact,4
7512,E9-Q-1711,Exact,5
7512,E9-Q-2410,Common,6
7512,E9-Q-2411,Common,7
7512,E9-Q-2412,Common,8
7512,E9-Q-2413,Common,9
7512,E9-Q-2414,Common,10
7512,E9-Q-2415,Common,11
7512,E9-Q-2416,Common,12
7512,E9-Q-2417,Common,13
7512,E9-Q-2418,Common,14
7512,E9-Q-2419,Common,15
7512,E9-Q-2420,Common,16
7512,E9-Q-2421,Common,17
7512,E9-Q-2422,Common,18
7512,E9-Q-2423,Common,19
7512,E9-Q-2424,Common,20
7512,E9-Q-2425,Common,21
7512,E9-Q-2426,Common,22
7512,E9-Q-2427,Common,23
7512,E9-Q-2428,Common,24
7512,E9-Q-2429,Common,25
7512,E9-Q-2430,Common,26
7512,E9-Q-2431,Common,27
7512,E9-Q-2432,Common,28
7512,E9-Q-2433,Common,29
7512,E9-Q-2434,Common,30
7512,E9-Q-2435,Common,31
7512,E9-Q-2436,Common,32
7512,E9-Q-2437,Common,33
7512,E9-Q-2438,Common,34
7512,E9-Q-2439,Common,35
7512,E9-Q-2440,Common,36
7513,E9-Q-1712,Exact,1
7513,E9-Q-1713,Exact,2
7513,E9-Q-1714,Exact,3
7513,E9-Q-1715,Exact,4
7513,E9-Q-1716,Exact,5
7513,E9-Q-2410,Common,6
7513,E9-Q-2411,Common,7
7513,E9-Q-2412,Common,8
7513,E9-Q-2413,Common,9
7513,E9-Q-2414,Common,10
7513,E9-Q-2415,Common,11
7513,E9-Q-2416,Common,12
7513,E9-Q-2417,Common,13
7513,E9-Q-2418,Common,14
7513,E9-Q-2419,Common,15
7513,E9-Q-2420,Common,16
7513,E9-Q-2421,Common,17
7513,E9-Q-2422,Common,18
7513,E9-Q-2423,Common,19
7513,E9-Q-2424,Common,20
7513,E9-Q-2425,Common,21
7513,E9-Q-2426,Common,22
7513,E9-Q-2427,Common,23
7513,E9-Q-2428,Common,24
7513,E9-Q-2429,Common,25
7513,E9-Q-2430,Common,26
7513,E9-Q-2431,Common,27
7513,E9-Q-2432,Common,28
7513,E9-Q-2433,Common,29
7513,E9-Q-2434,Common,30
7513,E9-Q-2435,Common,31
7513,E9-Q-2436,Common,32
7513,E9-Q-2437,Common,33
7513,E9-Q-2438,Common,34
7513,E9-Q-2439,Common,35
7513,E9-Q-2440,Common,36
7514,E9-Q-1717,Exact,1
7514,E9-Q-1718,Exact,2
7514,E9-Q-1719,Exact,3
7514,E9-Q-1720,Exact,4
7514,E9-Q-1721,Exact,5
7514,E9-Q-2410,Common,6
7514,E9-Q-2411,Common,7
7514,E9-Q-2412,Common,8
7514,E9-Q-2413,Common,9
7514,E9-Q-2414,Common,10
7514,E9-Q-2415,Common,11
7514,E9-Q-2416,Common,12
7514,E9-Q-2417,Common,13
7514,E9-Q-2418,Common,14
7514,E9-Q-2419,Common,15
7514,E9-Q-2420,Common,16
7514,E9-Q-2421,Common,17
7514,E9-Q-2422,Common,18
7514,E9-Q-2423,Common,19
7514,E9-Q-2424,Common,20
7514,E9-Q-2425,Common,21
7514,E9-Q-2426,Common,22
7514,E9-Q-2427,Common,23
7514,E9-Q-2428,Common,24
7514,E9-Q-2429,Common,25
7514,E9-Q-2430,Common,26
7514,E9-Q-2431,Common,27
7514,E9-Q-2432,Common,28
7514,E9-Q-2433,Common,29
7514,E9-Q-2434,Common,30
7514,E9-Q-2435,Common,31
7514,E9-Q-2436,Common,32
7514,E9-Q-2437,Common,33
7514,E9-Q-2438,Common,34
7514,E9-Q-2439,Common,35
7514,E9-Q-2440,Common,36
7515,E9-Q-1722,Exact,1
7515,E9-Q-1723,Exact,2
7515,E9-Q-1724,Exact,3
7515,E9-Q-1725,Exact,4
7515,E9-Q-1726,Exact,5
7515,E9-Q-2410,Common,6
7515,E9-Q-2411,Common,7
7515,E9-Q-2412,Common,8
7515,E9-Q-2413,Common,9
7515,E9-Q-2414,Common,10
7515,E9-Q-2415,Common,11
7515,E9-Q-2416,Common,12
7515,E9-Q-2417,Common,13
7515,E9-Q-2418,Common,14
7515,E9-Q-2419,Common,15
7515,E9-Q-2420,Common,16
7515,E9-Q-2421,Common,17
7515,E9-Q-2422,Common,18
7515,E9-Q-2423,Common,19
7515,E9-Q-2424,Common,20
7515,E9-Q-2425,Common,21
7515,E9-Q-2426,Common,22
7515,E9-Q-2427,Common,23
7515,E9-Q-2428,Common,24
7515,E9-Q-2429,Common,25
7515,E9-Q-2430,Common,26
7515,E9-Q-2431,Common,27
7515,E9-Q-2432,Common,28
7515,E9-Q-2433,Common,29
7515,E9-Q-2434,Common,30
7515,E9-Q-2435,Common,31
7515,E9-Q-2436,Common,32
7515,E9-Q-2437,Common,33
7515,E9-Q-2438,Common,34
7515,E9-Q-2439,Common,35
7515,E9-Q-2440,Common,36
7516,E9-Q-1727,Exact,1
7516,E9-Q-1728,Exact,2
7516,E9-Q-1729,Exact,3
7516,E9-Q-1730,Exact,4
7516,E9-Q-1731,Exact,5
7516,E9-Q-2410,Common,6
7516,E9-Q-2411,Common,7
7516,E9-Q-2412,Common,8
7516,E9-Q-2413,Common,9
7516,E9-Q-2414,Common,10
7516,E9-Q-2415,Common,11
7516,E9-Q-2416,Common,12
7516,E9-Q-2417,Common,13
7516,E9-Q-2418,Common,14
7516,E9-Q-2419,Common,15
7516,E9-Q-2420,Common,16
7516,E9-Q-2421,Common,17
7516,E9-Q-2422,Common,18
7516,E9-Q-2423,Common,19
7516,E9-Q-2424,Common,20
7516,E9-Q-2425,Common,21
7516,E9-Q-2426,Common,22
7516,E9-Q-2427,Common,23
7516,E9-Q-2428,Common,24
7516,E9-Q-2429,Common,25
7516,E9-Q-2430,Common,26
7516,E9-Q-2431,Common,27
7516,E9-Q-2432,Common,28
7516,E9-Q-2433,Common,29
7516,E9-Q-2434,Common,30
7516,E9-Q-2435,Common,31
7516,E9-Q-2436,Common,32
7516,E9-Q-2437,Common,33
7516,E9-Q-2438,Common,34
7516,E9-Q-2439,Common,35
7516,E9-Q-2440,Common,36
7611,E9-Q-1732,Exact,1
7611,E9-Q-1733,Exact,2
7611,E9-Q-1734,Exact,3
7611,E9-Q-1735,Exact,4
7611,E9-Q-1736,Exact,5
7611,E9-Q-2410,Common,6
7611,E9-Q-2411,Common,7
7611,E9-Q-2412,Common,8
7611,E9-Q-2413,Common,9
7611,E9-Q-2414,Common,10
7611,E9-Q-2415,Common,11
7611,E9-Q-2416,Common,12
7611,E9-Q-2417,Common,13
7611,E9-Q-2418,Common,14
7611,E9-Q-2419,Common,15
7611,E9-Q-2420,Common,16
7611,E9-Q-2421,Common,17
7611,E9-Q-2422,Common,18
7611,E9-Q-2423,Common,19
7611,E9-Q-2424,Common,20
7611,E9-Q-2425,Common,21
7611,E9-Q-2426,Common,22
7611,E9-Q-2427,Common,23
7611,E9-Q-2428,Common,24
7611,E9-Q-2429,Common,25
7611,E9-Q-2430,Common,26
7611,E9-Q-2431,Common,27
7611,E9-Q-2432,Common,28
7611,E9-Q-2433,Common,29
7611,E9-Q-2434,Common,30
7611,E9-Q-2435,Common,31
7611,E9-Q-2436,Common,32
7611,E9-Q-2437,Common,33
7611,E9-Q-2438,Common,34
7611,E9-Q-2439,Common,35
7611,E9-Q-2440,Common,36
7612,E9-Q-1737,Exact,1
7612,E9-Q-1738,Exact,2
7612,E9-Q-1739,Exact,3
7612,E9-Q-1740,Exact,4
7612,E9-Q-1741,Exact,5
7612,E9-Q-2410,Common,6
7612,E9-Q-2411,Common,7
7612,E9-Q-2412,Common,8
7612,E9-Q-2413,Common,9
7612,E9-Q-2414,Common,10
7612,E9-Q-2415,Common,11
7612,E9-Q-2416,Common,12
7612,E9-Q-2417,Common,13
7612,E9-Q-2418,Common,14
7612,E9-Q-2419,Common,15
7612,E9-Q-2420,Common,16
7612,E9-Q-2421,Common,17
7612,E9-Q-2422,Common,18
7612,E9-Q-2423,Common,19
7612,E9-Q-2424,Common,20
7612,E9-Q-2425,Common,21
7612,E9-Q-2426,Common,22
7612,E9-Q-2427,Common,23
7612,E9-Q-2428,Common,24
7612,E9-Q-2429,Common,25
7612,E9-Q-2430,Common,26
7612,E9-Q-2431,Common,27
7612,E9-Q-2432,Common,28
7612,E9-Q-2433,Common,29
7612,E9-Q-2434,Common,30
7612,E9-Q-2435,Common,31
7612,E9-Q-2436,Common,32
7612,E9-Q-2437,Common,33
7612,E9-Q-2438,Common,34
7612,E9-Q-2439,Common,35
7612,E9-Q-2440,Common,36
7613,E9-Q-1742,Exact,1
7613,E9-Q-1743,Exact,2
7613,E9-Q-1744,Exact,3
7613,E9-Q-1745,Exact,4
7613,E9-Q-1746,Exact,5
7613,E9-Q-2410,Common,6
7613,E9-Q-2411,Common,7
7613,E9-Q-2412,Common,8
7613,E9-Q-2413,Common,9
7613,E9-Q-2414,Common,10
7613,E9-Q-2415,Common,11
7613,E9-Q-2416,Common,12
7613,E9-Q-2417,Common,13
7613,E9-Q-2418,Common,14
7613,E9-Q-2419,Common,15
7613,E9-Q-2420,Common,16
7613,E9-Q-2421,Common,17
7613,E9-Q-2422,Common,18
7613,E9-Q-2423,Common,19
7613,E9-Q-2424,Common,20
7613,E9-Q-2425,Common,21
7613,E9-Q-2426,Common,22
7613,E9-Q-2427,Common,23
7613,E9-Q-2428,Common,24
7613,E9-Q-2429,Common,25
7613,E9-Q-2430,Common,26
7613,E9-Q-2431,Common,27
7613,E9-Q-2432,Common,28
7613,E9-Q-2433,Common,29
7613,E9-Q-2434,Common,30
7613,E9-Q-2435,Common,31
7613,E9-Q-2436,Common,32
7613,E9-Q-2437,Common,33
7613,E9-Q-2438,Common,34
7613,E9-Q-2439,Common,35
7613,E9-Q-2440,Common,36
7621,E9-Q-1747,Exact,1
7621,E9-Q-1748,Exact,2
7621,E9-Q-1749,Exact,3
7621,E9-Q-1750,Exact,4
7621,E9-Q-1751,Exact,5
7621,E9-Q-2410,Common,6
7621,E9-Q-2411,Common,7
7621,E9-Q-2412,Common,8
7621,E9-Q-2413,Common,9
7621,E9-Q-2414,Common,10
7621,E9-Q-2415,Common,11
7621,E9-Q-2416,Common,12
7621,E9-Q-2417,Common,13
7621,E9-Q-2418,Common,14
7621,E9-Q-2419,Common,15
7621,E9-Q-2420,Common,16
7621,E9-Q-2421,Common,17
7621,E9-Q-2422,Common,18
7621,E9-Q-2423,Common,19
7621,E9-Q-2424,Common,20
7621,E9-Q-2425,Common,21
7621,E9-Q-2426,Common,22
7621,E9-Q-2427,Common,23
7621,E9-Q-2428,Common,24
7621,E9-Q-2429,Common,25
7621,E9-Q-2430,Common,26
7621,E9-Q-2431,Common,27
7621,E9-Q-2432,Common,28
7621,E9-Q-2433,Common,29
7621,E9-Q-2434,Common,30
7621,E9-Q-2435,Common,31
7621,E9-Q-2436,Common,32
7621,E9-Q-2437,Common,33
7621,E9-Q-2438,Common,34
7621,E9-Q-2439,Common,35
7621,E9-Q-2440,Common,36
7622,E9-Q-1752,Exact,1
7622,E9-Q-1753,Exact,2
7622,E9-Q-1754,Exact,3
7622,E9-Q-1755,Exact,4
7622,E9-Q-1756,Exact,5
7622,E9-Q-2410,Common,6
7622,E9-Q-2411,Common,7
7622,E9-Q-2412,Common,8
7622,E9-Q-2413,Common,9
7622,E9-Q-2414,Common,10
7622,E9-Q-2415,Common,11
7622,E9-Q-2416,Common,12
7622,E9-Q-2417,Common,13
7622,E9-Q-2418,Common,14
7622,E9-Q-2419,Common,15
7622,E9-Q-2420,Common,16
7622,E9-Q-2421,Common,17
7622,E9-Q-2422,Common,18
7622,E9-Q-2423,Common,19
7622,E9-Q-2424,Common,20
7622,E9-Q-2425,Common,21
7622,E9-Q-2426,Common,22
7622,E9-Q-2427,Common,23
7622,E9-Q-2428,Common,24
7622,E9-Q-2429,Common,25
7622,E9-Q-2430,Common,26
7622,E9-Q-2431,Common,27
7622,E9-Q-2432,Common,28
7622,E9-Q-2433,Common,29
7622,E9-Q-2434,Common,30
7622,E9-Q-2435,Common,31
7622,E9-Q-2436,Common,32
7622,E9-Q-2437,Common,33
7622,E9-Q-2438,Common,34
7622,E9-Q-2439,Common,35
7622,E9-Q-2440,Common,36
7623,E9-Q-1757,Exact,1
7623,E9-Q-1758,Exact,2
7623,E9-Q-1759,Exact,3
7623,E9-Q-1760,Exact,4
7623,E9-Q-1761,Exact,5
7623,E9-Q-2410,Common,6
7623,E9-Q-2411,Common,7
7623,E9-Q-2412,Common,8
7623,E9-Q-2413,Common,9
7623,E9-Q-2414,Common,10
7623,E9-Q-2415,Common,11
7623,E9-Q-2416,Common,12
7623,E9-Q-2417,Common,13
7623,E9-Q-2418,Common,14
7623,E9-Q-2419,Common,15
7623,E9-Q-2420,Common,16
7623,E9-Q-2421,Common,17
7623,E9-Q-2422,Common,18
7623,E9-Q-2423,Common,19
7623,E9-Q-2424,Common,20
7623,E9-Q-2425,Common,21
7623,E9-Q-2426,Common,22
7623,E9-Q-2427,Common,23
7623,E9-Q-2428,Common,24
7623,E9-Q-2429,Common,25
7623,E9-Q-2430,Common,26
7623,E9-Q-2431,Common,27
7623,E9-Q-2432,Common,28
7623,E9-Q-2433,Common,29
7623,E9-Q-2434,Common,30
7623,E9-Q-2435,Common,31
7623,E9-Q-2436,Common,32
7623,E9-Q-2437,Common,33
7623,E9-Q-2438,Common,34
7623,E9-Q-2439,Common,35
7623,E9-Q-2440,Common,36
7624,E9-Q-1762,Exact,1
7624,E9-Q-1763,Exact,2
7624,E9-Q-1764,Exact,3
7624,E9-Q-1765,Exact,4
7624,E9-Q-1766,Exact,5
7624,E9-Q-2410,Common,6
7624,E9-Q-2411,Common,7
7624,E9-Q-2412,Common,8
7624,E9-Q-2413,Common,9
7624,E9-Q-2414,Common,10
7624,E9-Q-2415,Common,11
7624,E9-Q-2416,Common,12
7624,E9-Q-2417,Common,13
7624,E9-Q-2418,Common,14
7624,E9-Q-2419,Common,15
7624,E9-Q-2420,Common,16
7624,E9-Q-2421,Common,17
7624,E9-Q-2422,Common,18
7624,E9-Q-2423,Common,19
7624,E9-Q-2424,Common,20
7624,E9-Q-2425,Common,21
7624,E9-Q-2426,Common,22
7624,E9-Q-2427,Common,23
7624,E9-Q-2428,Common,24
7624,E9-Q-2429,Common,25
7624,E9-Q-2430,Common,26
7624,E9-Q-2431,Common,27
7624,E9-Q-2432,Common,28
7624,E9-Q-2433,Common,29
7624,E9-Q-2434,Common,30
7624,E9-Q-2435,Common,31
7624,E9-Q-2436,Common,32
7624,E9-Q-2437,Common,33
7624,E9-Q-2438,Common,34
7624,E9-Q-2439,Common,35
7624,E9-Q-2440,Common,36
7625,E9-Q-1767,Exact,1
7625,E9-Q-1768,Exact,2
7625,E9-Q-1769,Exact,3
7625,E9-Q-1770,Exact,4
7625,E9-Q-1771,Exact,5
7625,E9-Q-2410,Common,6
7625,E9-Q-2411,Common,7
7625,E9-Q-2412,Common,8
7625,E9-Q-2413,Common,9
7625,E9-Q-2414,Common,10
7625,E9-Q-2415,Common,11
7625,E9-Q-2416,Common,12
7625,E9-Q-2417,Common,13
7625,E9-Q-2418,Common,14
7625,E9-Q-2419,Common,15
7625,E9-Q-2420,Common,16
7625,E9-Q-2421,Common,17
7625,E9-Q-2422,Common,18
7625,E9-Q-2423,Common,19
7625,E9-Q-2424,Common,20
7625,E9-Q-2425,Common,21
7625,E9-Q-2426,Common,22
7625,E9-Q-2427,Common,23
7625,E9-Q-2428,Common,24
7625,E9-Q-2429,Common,25
7625,E9-Q-2430,Common,26
7625,E9-Q-2431,Common,27
7625,E9-Q-2432,Common,28
7625,E9-Q-2433,Common,29
7625,E9-Q-2434,Common,30
7625,E9-Q-2435,Common,31
7625,E9-Q-2436,Common,32
7625,E9-Q-2437,Common,33
7625,E9-Q-2438,Common,34
7625,E9-Q-2439,Common,35
7625,E9-Q-2440,Common,36
7631,E9-Q-1772,Exact,1
7631,E9-Q-1773,Exact,2
7631,E9-Q-1774,Exact,3
7631,E9-Q-1775,Exact,4
7631,E9-Q-1776,Exact,5
7631,E9-Q-2410,Common,6
7631,E9-Q-2411,Common,7
7631,E9-Q-2412,Common,8
7631,E9-Q-2413,Common,9
7631,E9-Q-2414,Common,10
7631,E9-Q-2415,Common,11
7631,E9-Q-2416,Common,12
7631,E9-Q-2417,Common,13
7631,E9-Q-2418,Common,14
7631,E9-Q-2419,Common,15
7631,E9-Q-2420,Common,16
7631,E9-Q-2421,Common,17
7631,E9-Q-2422,Common,18
7631,E9-Q-2423,Common,19
7631,E9-Q-2424,Common,20
7631,E9-Q-2425,Common,21
7631,E9-Q-2426,Common,22
7631,E9-Q-2427,Common,23
7631,E9-Q-2428,Common,24
7631,E9-Q-2429,Common,25
7631,E9-Q-2430,Common,26
7631,E9-Q-2431,Common,27
7631,E9-Q-2432,Common,28
7631,E9-Q-2433,Common,29
7631,E9-Q-2434,Common,30
7631,E9-Q-2435,Common,31
7631,E9-Q-2436,Common,32
7631,E9-Q-2437,Common,33
7631,E9-Q-2438,Common,34
7631,E9-Q-2439,Common,35
7631,E9-Q-2440,Common,36
7632,E9-Q-1777,Exact,1
7632,E9-Q-1778,Exact,2
7632,E9-Q-1779,Exact,3
7632,E9-Q-1780,Exact,4
7632,E9-Q-1781,Exact,5
7632,E9-Q-2410,Common,6
7632,E9-Q-2411,Common,7
7632,E9-Q-2412,Common,8
7632,E9-Q-2413,Common,9
7632,E9-Q-2414,Common,10
7632,E9-Q-2415,Common,11
7632,E9-Q-2416,Common,12
7632,E9-Q-2417,Common,13
7632,E9-Q-2418,Common,14
7632,E9-Q-2419,Common,15
7632,E9-Q-2420,Common,16
7632,E9-Q-2421,Common,17
7632,E9-Q-2422,Common,18
7632,E9-Q-2423,Common,19
7632,E9-Q-2424,Common,20
7632,E9-Q-2425,Common,21
7632,E9-Q-2426,Common,22
7632,E9-Q-2427,Common,23
7632,E9-Q-2428,Common,24
7632,E9-Q-2429,Common,25
7632,E9-Q-2430,Common,26
7632,E9-Q-2431,Common,27
7632,E9-Q-2432,Common,28
7632,E9-Q-2433,Common,29
7632,E9-Q-2434,Common,30
7632,E9-Q-2435,Common,31
7632,E9-Q-2436,Common,32
7632,E9-Q-2437,Common,33
7632,E9-Q-2438,Common,34
7632,E9-Q-2439,Common,35
7632,E9-Q-2440,Common,36
7633,E9-Q-1782,Exact,1
7633,E9-Q-1783,Exact,2
7633,E9-Q-1784,Exact,3
7633,E9-Q-1785,Exact,4
7633,E9-Q-1786,Exact,5
7633,E9-Q-2410,Common,6
7633,E9-Q-2411,Common,7
7633,E9-Q-2412,Common,8
7633,E9-Q-2413,Common,9
7633,E9-Q-2414,Common,10
7633,E9-Q-2415,Common,11
7633,E9-Q-2416,Common,12
7633,E9-Q-2417,Common,13
7633,E9-Q-2418,Common,14
7633,E9-Q-2419,Common,15
7633,E9-Q-2420,Common,16
7633,E9-Q-2421,Common,17
7633,E9-Q-2422,Common,18
7633,E9-Q-2423,Common,19
7633,E9-Q-2424,Common,20
7633,E9-Q-2425,Common,21
7633,E9-Q-2426,Common,22
7633,E9-Q-2427,Common,23
7633,E9-Q-2428,Common,24
7633,E9-Q-2429,Common,25
7633,E9-Q-2430,Common,26
7633,E9-Q-2431,Common,27
7633,E9-Q-2432,Common,28
7633,E9-Q-2433,Common,29
7633,E9-Q-2434,Common,30
7633,E9-Q-2435,Common,31
7633,E9-Q-2436,Common,32
7633,E9-Q-2437,Common,33
7633,E9-Q-2438,Common,34
7633,E9-Q-2439,Common,35
7633,E9-Q-2440,Common,36
7634,E9-Q-1787,Exact,1
7634,E9-Q-1788,Exact,2
7634,E9-Q-1789,Exact,3
7634,E9-Q-1790,Exact,4
7634,E9-Q-1791,Exact,5
7634,E9-Q-2410,Common,6
7634,E9-Q-2411,Common,7
7634,E9-Q-2412,Common,8
7634,E9-Q-2413,Common,9
7634,E9-Q-2414,Common,10
7634,E9-Q-2415,Common,11
7634,E9-Q-2416,Common,12
7634,E9-Q-2417,Common,13
7634,E9-Q-2418,Common,14
7634,E9-Q-2419,Common,15
7634,E9-Q-2420,Common,16
7634,E9-Q-2421,Common,17
7634,E9-Q-2422,Common,18
7634,E9-Q-2423,Common,19
7634,E9-Q-2424,Common,20
7634,E9-Q-2425,Common,21
7634,E9-Q-2426,Common,22
7634,E9-Q-2427,Common,23
7634,E9-Q-2428,Common,24
7634,E9-Q-2429,Common,25
7634,E9-Q-2430,Common,26
7634,E9-Q-2431,Common,27
7634,E9-Q-2432,Common,28
7634,E9-Q-2433,Common,29
7634,E9-Q-2434,Common,30
7634,E9-Q-2435,Common,31
7634,E9-Q-2436,Common,32
7634,E9-Q-2437,Common,33
7634,E9-Q-2438,Common,34
7634,E9-Q-2439,Common,35
7634,E9-Q-2440,Common,36
8111,E9-Q-1792,Exact,1
8111,E9-Q-1793,Exact,2
8111,E9-Q-1794,Exact,3
8111,E9-Q-1795,Exact,4
8111,E9-Q-1796,Exact,5
8111,E9-Q-2410,Common,6
8111,E9-Q-2411,Common,7
8111,E9-Q-2412,Common,8
8111,E9-Q-2413,Common,9
8111,E9-Q-2414,Common,10
8111,E9-Q-2415,Common,11
8111,E9-Q-2416,Common,12
8111,E9-Q-2417,Common,13
8111,E9-Q-2418,Common,14
8111,E9-Q-2419,Common,15
8111,E9-Q-2420,Common,16
8111,E9-Q-2421,Common,17
8111,E9-Q-2422,Common,18
8111,E9-Q-2423,Common,19
8111,E9-Q-2424,Common,20
8111,E9-Q-2425,Common,21
8111,E9-Q-2426,Common,22
8111,E9-Q-2427,Common,23
8111,E9-Q-2428,Common,24
8111,E9-Q-2429,Common,25
8111,E9-Q-2430,Common,26
8111,E9-Q-2431,Common,27
8111,E9-Q-2432,Common,28
8111,E9-Q-2433,Common,29
8111,E9-Q-2434,Common,30
8111,E9-Q-2435,Common,31
8111,E9-Q-2436,Common,32
8111,E9-Q-2437,Common,33
8111,E9-Q-2438,Common,34
8111,E9-Q-2439,Common,35
8111,E9-Q-2440,Common,36
8112,E9-Q-1797,Exact,1
8112,E9-Q-1798,Exact,2
8112,E9-Q-1799,Exact,3
8112,E9-Q-1800,Exact,4
8112,E9-Q-1801,Exact,5
8112,E9-Q-2410,Common,6
8112,E9-Q-2411,Common,7
8112,E9-Q-2412,Common,8
8112,E9-Q-2413,Common,9
8112,E9-Q-2414,Common,10
8112,E9-Q-2415,Common,11
8112,E9-Q-2416,Common,12
8112,E9-Q-2417,Common,13
8112,E9-Q-2418,Common,14
8112,E9-Q-2419,Common,15
8112,E9-Q-2420,Common,16
8112,E9-Q-2421,Common,17
8112,E9-Q-2422,Common,18
8112,E9-Q-2423,Common,19
8112,E9-Q-2424,Common,20
8112,E9-Q-2425,Common,21
8112,E9-Q-2426,Common,22
8112,E9-Q-2427,Common,23
8112,E9-Q-2428,Common,24
8112,E9-Q-2429,Common,25
8112,E9-Q-2430,Common,26
8112,E9-Q-2431,Common,27
8112,E9-Q-2432,Common,28
8112,E9-Q-2433,Common,29
8112,E9-Q-2434,Common,30
8112,E9-Q-2435,Common,31
8112,E9-Q-2436,Common,32
8112,E9-Q-2437,Common,33
8112,E9-Q-2438,Common,34
8112,E9-Q-2439,Common,35
8112,E9-Q-2440,Common,36
8113,E9-Q-1802,Exact,1
8113,E9-Q-1803,Exact,2
8113,E9-Q-1804,Exact,3
8113,E9-Q-1805,Exact,4
8113,E9-Q-1806,Exact,5
8113,E9-Q-2410,Common,6
8113,E9-Q-2411,Common,7
8113,E9-Q-2412,Common,8
8113,E9-Q-2413,Common,9
8113,E9-Q-2414,Common,10
8113,E9-Q-2415,Common,11
8113,E9-Q-2416,Common,12
8113,E9-Q-2417,Common,13
8113,E9-Q-2418,Common,14
8113,E9-Q-2419,Common,15
8113,E9-Q-2420,Common,16
8113,E9-Q-2421,Common,17
8113,E9-Q-2422,Common,18
8113,E9-Q-2423,Common,19
8113,E9-Q-2424,Common,20
8113,E9-Q-2425,Common,21
8113,E9-Q-2426,Common,22
8113,E9-Q-2427,Common,23
8113,E9-Q-2428,Common,24
8113,E9-Q-2429,Common,25
8113,E9-Q-2430,Common,26
8113,E9-Q-2431,Common,27
8113,E9-Q-2432,Common,28
8113,E9-Q-2433,Common,29
8113,E9-Q-2434,Common,30
8113,E9-Q-2435,Common,31
8113,E9-Q-2436,Common,32
8113,E9-Q-2437,Common,33
8113,E9-Q-2438,Common,34
8113,E9-Q-2439,Common,35
8113,E9-Q-2440,Common,36
8114,E9-Q-1807,Exact,1
8114,E9-Q-1808,Exact,2
8114,E9-Q-1809,Exact,3
8114,E9-Q-1810,Exact,4
8114,E9-Q-1811,Exact,5
8114,E9-Q-2410,Common,6
8114,E9-Q-2411,Common,7
8114,E9-Q-2412,Common,8
8114,E9-Q-2413,Common,9
8114,E9-Q-2414,Common,10
8114,E9-Q-2415,Common,11
8114,E9-Q-2416,Common,12
8114,E9-Q-2417,Common,13
8114,E9-Q-2418,Common,14
8114,E9-Q-2419,Common,15
8114,E9-Q-2420,Common,16
8114,E9-Q-2421,Common,17
8114,E9-Q-2422,Common,18
8114,E9-Q-2423,Common,19
8114,E9-Q-2424,Common,20
8114,E9-Q-2425,Common,21
8114,E9-Q-2426,Common,22
8114,E9-Q-2427,Common,23
8114,E9-Q-2428,Common,24
8114,E9-Q-2429,Common,25
8114,E9-Q-2430,Common,26
8114,E9-Q-2431,Common,27
8114,E9-Q-2432,Common,28
8114,E9-Q-2433,Common,29
8114,E9-Q-2434,Common,30
8114,E9-Q-2435,Common,31
8114,E9-Q-2436,Common,32
8114,E9-Q-2437,Common,33
8114,E9-Q-2438,Common,34
8114,E9-Q-2439,Common,35
8114,E9-Q-2440,Common,36
8121,E9-Q-1812,Exact,1
8121,E9-Q-1813,Exact,2
8121,E9-Q-1814,Exact,3
8121,E9-Q-1815,Exact,4
8121,E9-Q-1816,Exact,5
8121,E9-Q-2410,Common,6
8121,E9-Q-2411,Common,7
8121,E9-Q-2412,Common,8
8121,E9-Q-2413,Common,9
8121,E9-Q-2414,Common,10
8121,E9-Q-2415,Common,11
8121,E9-Q-2416,Common,12
8121,E9-Q-2417,Common,13
8121,E9-Q-2418,Common,14
8121,E9-Q-2419,Common,15
8121,E9-Q-2420,Common,16
8121,E9-Q-2421,Common,17
8121,E9-Q-2422,Common,18
8121,E9-Q-2423,Common,19
8121,E9-Q-2424,Common,20
8121,E9-Q-2425,Common,21
8121,E9-Q-2426,Common,22
8121,E9-Q-2427,Common,23
8121,E9-Q-2428,Common,24
8121,E9-Q-2429,Common,25
8121,E9-Q-2430,Common,26
8121,E9-Q-2431,Common,27
8121,E9-Q-2432,Common,28
8121,E9-Q-2433,Common,29
8121,E9-Q-2434,Common,30
8121,E9-Q-2435,Common,31
8121,E9-Q-2436,Common,32
8121,E9-Q-2437,Common,33
8121,E9-Q-2438,Common,34
8121,E9-Q-2439,Common,35
8121,E9-Q-2440,Common,36
8122,E9-Q-1817,Exact,1
8122,E9-Q-1818,Exact,2
8122,E9-Q-1819,Exact,3
8122,E9-Q-1820,Exact,4
8122,E9-Q-1821,Exact,5
8122,E9-Q-2410,Common,6
8122,E9-Q-2411,Common,7
8122,E9-Q-2412,Common,8
8122,E9-Q-2413,Common,9
8122,E9-Q-2414,Common,10
8122,E9-Q-2415,Common,11
8122,E9-Q-2416,Common,12
8122,E9-Q-2417,Common,13
8122,E9-Q-2418,Common,14
8122,E9-Q-2419,Common,15
8122,E9-Q-2420,Common,16
8122,E9-Q-2421,Common,17
8122,E9-Q-2422,Common,18
8122,E9-Q-2423,Common,19
8122,E9-Q-2424,Common,20
8122,E9-Q-2425,Common,21
8122,E9-Q-2426,Common,22
8122,E9-Q-2427,Common,23
8122,E9-Q-2428,Common,24
8122,E9-Q-2429,Common,25
8122,E9-Q-2430,Common,26
8122,E9-Q-2431,Common,27
8122,E9-Q-2432,Common,28
8122,E9-Q-2433,Common,29
8122,E9-Q-2434,Common,30
8122,E9-Q-2435,Common,31
8122,E9-Q-2436,Common,32
8122,E9-Q-2437,Common,33
8122,E9-Q-2438,Common,34
8122,E9-Q-2439,Common,35
8122,E9-Q-2440,Common,36
8131,E9-Q-1822,Exact,1
8131,E9-Q-1823,Exact,2
8131,E9-Q-1824,Exact,3
8131,E9-Q-1825,Exact,4
8131,E9-Q-1826,Exact,5
8131,E9-Q-2410,Common,6
8131,E9-Q-2411,Common,7
8131,E9-Q-2412,Common,8
8131,E9-Q-2413,Common,9
8131,E9-Q-2414,Common,10
8131,E9-Q-2415,Common,11
8131,E9-Q-2416,Common,12
8131,E9-Q-2417,Common,13
8131,E9-Q-2418,Common,14
8131,E9-Q-2419,Common,15
8131,E9-Q-2420,Common,16
8131,E9-Q-2421,Common,17
8131,E9-Q-2422,Common,18
8131,E9-Q-2423,Common,19
8131,E9-Q-2424,Common,20
8131,E9-Q-2425,Common,21
8131,E9-Q-2426,Common,22
8131,E9-Q-2427,Common,23
8131,E9-Q-2428,Common,24
8131,E9-Q-2429,Common,25
8131,E9-Q-2430,Common,26
8131,E9-Q-2431,Common,27
8131,E9-Q-2432,Common,28
8131,E9-Q-2433,Common,29
8131,E9-Q-2434,Common,30
8131,E9-Q-2435,Common,31
8131,E9-Q-2436,Common,32
8131,E9-Q-2437,Common,33
8131,E9-Q-2438,Common,34
8131,E9-Q-2439,Common,35
8131,E9-Q-2440,Common,36
8132,E9-Q-1827,Exact,1
8132,E9-Q-1828,Exact,2
8132,E9-Q-1829,Exact,3
8132,E9-Q-1830,Exact,4
8132,E9-Q-1831,Exact,5
8132,E9-Q-2410,Common,6
8132,E9-Q-2411,Common,7
8132,E9-Q-2412,Common,8
8132,E9-Q-2413,Common,9
8132,E9-Q-2414,Common,10
8132,E9-Q-2415,Common,11
8132,E9-Q-2416,Common,12
8132,E9-Q-2417,Common,13
8132,E9-Q-2418,Common,14
8132,E9-Q-2419,Common,15
8132,E9-Q-2420,Common,16
8132,E9-Q-2421,Common,17
8132,E9-Q-2422,Common,18
8132,E9-Q-2423,Common,19
8132,E9-Q-2424,Common,20
8132,E9-Q-2425,Common,21
8132,E9-Q-2426,Common,22
8132,E9-Q-2427,Common,23
8132,E9-Q-2428,Common,24
8132,E9-Q-2429,Common,25
8132,E9-Q-2430,Common,26
8132,E9-Q-2431,Common,27
8132,E9-Q-2432,Common,28
8132,E9-Q-2433,Common,29
8132,E9-Q-2434,Common,30
8132,E9-Q-2435,Common,31
8132,E9-Q-2436,Common,32
8132,E9-Q-2437,Common,33
8132,E9-Q-2438,Common,34
8132,E9-Q-2439,Common,35
8132,E9-Q-2440,Common,36
8141,E9-Q-1832,Exact,1
8141,E9-Q-1833,Exact,2
8141,E9-Q-1834,Exact,3
8141,E9-Q-1835,Exact,4
8141,E9-Q-1836,Exact,5
8141,E9-Q-2410,Common,6
8141,E9-Q-2411,Common,7
8141,E9-Q-2412,Common,8
8141,E9-Q-2413,Common,9
8141,E9-Q-2414,Common,10
8141,E9-Q-2415,Common,11
8141,E9-Q-2416,Common,12
8141,E9-Q-2417,Common,13
8141,E9-Q-2418,Common,14
8141,E9-Q-2419,Common,15
8141,E9-Q-2420,Common,16
8141,E9-Q-2421,Common,17
8141,E9-Q-2422,Common,18
8141,E9-Q-2423,Common,19
8141,E9-Q-2424,Common,20
8141,E9-Q-2425,Common,21
8141,E9-Q-2426,Common,22
8141,E9-Q-2427,Common,23
8141,E9-Q-2428,Common,24
8141,E9-Q-2429,Common,25
8141,E9-Q-2430,Common,26
8141,E9-Q-2431,Common,27
8141,E9-Q-2432,Common,28
8141,E9-Q-2433,Common,29
8141,E9-Q-2434,Common,30
8141,E9-Q-2435,Common,31
8141,E9-Q-2436,Common,32
8141,E9-Q-2437,Common,33
8141,E9-Q-2438,Common,34
8141,E9-Q-2439,Common,35
8141,E9-Q-2440,Common,36
8142,E9-Q-1837,Exact,1
8142,E9-Q-1838,Exact,2
8142,E9-Q-1839,Exact,3
8142,E9-Q-1840,Exact,4
8142,E9-Q-1841,Exact,5
8142,E9-Q-2410,Common,6
8142,E9-Q-2411,Common,7
8142,E9-Q-2412,Common,8
8142,E9-Q-2413,Common,9
8142,E9-Q-2414,Common,10
8142,E9-Q-2415,Common,11
8142,E9-Q-2416,Common,12
8142,E9-Q-2417,Common,13
8142,E9-Q-2418,Common,14
8142,E9-Q-2419,Common,15
8142,E9-Q-2420,Common,16
8142,E9-Q-2421,Common,17
8142,E9-Q-2422,Common,18
8142,E9-Q-2423,Common,19
8142,E9-Q-2424,Common,20
8142,E9-Q-2425,Common,21
8142,E9-Q-2426,Common,22
8142,E9-Q-2427,Common,23
8142,E9-Q-2428,Common,24
8142,E9-Q-2429,Common,25
8142,E9-Q-2430,Common,26
8142,E9-Q-2431,Common,27
8142,E9-Q-2432,Common,28
8142,E9-Q-2433,Common,29
8142,E9-Q-2434,Common,30
8142,E9-Q-2435,Common,31
8142,E9-Q-2436,Common,32
8142,E9-Q-2437,Common,33
8142,E9-Q-2438,Common,34
8142,E9-Q-2439,Common,35
8142,E9-Q-2440,Common,36
8143,E9-Q-1842,Exact,1
8143,E9-Q-1843,Exact,2
8143,E9-Q-1844,Exact,3
8143,E9-Q-1845,Exact,4
8143,E9-Q-1846,Exact,5
8143,E9-Q-2410,Common,6
8143,E9-Q-2411,Common,7
8143,E9-Q-2412,Common,8
8143,E9-Q-2413,Common,9
8143,E9-Q-2414,Common,10
8143,E9-Q-2415,Common,11
8143,E9-Q-2416,Common,12
8143,E9-Q-2417,Common,13
8143,E9-Q-2418,Common,14
8143,E9-Q-2419,Common,15
8143,E9-Q-2420,Common,16
8143,E9-Q-2421,Common,17
8143,E9-Q-2422,Common,18
8143,E9-Q-2423,Common,19
8143,E9-Q-2424,Common,20
8143,E9-Q-2425,Common,21
8143,E9-Q-2426,Common,22
8143,E9-Q-2427,Common,23
8143,E9-Q-2428,Common,24
8143,E9-Q-2429,Common,25
8143,E9-Q-2430,Common,26
8143,E9-Q-2431,Common,27
8143,E9-Q-2432,Common,28
8143,E9-Q-2433,Common,29
8143,E9-Q-2434,Common,30
8143,E9-Q-2435,Common,31
8143,E9-Q-2436,Common,32
8143,E9-Q-2437,Common,33
8143,E9-Q-2438,Common,34
8143,E9-Q-2439,Common,35
8143,E9-Q-2440,Common,36
8151,E9-Q-1847,Exact,1
8151,E9-Q-1848,Exact,2
8151,E9-Q-1849,Exact,3
8151,E9-Q-1850,Exact,4
8151,E9-Q-1851,Exact,5
8151,E9-Q-2410,Common,6
8151,E9-Q-2411,Common,7
8151,E9-Q-2412,Common,8
8151,E9-Q-2413,Common,9
8151,E9-Q-2414,Common,10
8151,E9-Q-2415,Common,11
8151,E9-Q-2416,Common,12
8151,E9-Q-2417,Common,13
8151,E9-Q-2418,Common,14
8151,E9-Q-2419,Common,15
8151,E9-Q-2420,Common,16
8151,E9-Q-2421,Common,17
8151,E9-Q-2422,Common,18
8151,E9-Q-2423,Common,19
8151,E9-Q-2424,Common,20
8151,E9-Q-2425,Common,21
8151,E9-Q-2426,Common,22
8151,E9-Q-2427,Common,23
8151,E9-Q-2428,Common,24
8151,E9-Q-2429,Common,25
8151,E9-Q-2430,Common,26
8151,E9-Q-2431,Common,27
8151,E9-Q-2432,Common,28
8151,E9-Q-2433,Common,29
8151,E9-Q-2434,Common,30
8151,E9-Q-2435,Common,31
8151,E9-Q-2436,Common,32
8151,E9-Q-2437,Common,33
8151,E9-Q-2438,Common,34
8151,E9-Q-2439,Common,35
8151,E9-Q-2440,Common,36
8152,E9-Q-1852,Exact,1
8152,E9-Q-1853,Exact,2
8152,E9-Q-1854,Exact,3
8152,E9-Q-1855,Exact,4
8152,E9-Q-1856,Exact,5
8152,E9-Q-2410,Common,6
8152,E9-Q-2411,Common,7
8152,E9-Q-2412,Common,8
8152,E9-Q-2413,Common,9
8152,E9-Q-2414,Common,10
8152,E9-Q-2415,Common,11
8152,E9-Q-2416,Common,12
8152,E9-Q-2417,Common,13
8152,E9-Q-2418,Common,14
8152,E9-Q-2419,Common,15
8152,E9-Q-2420,Common,16
8152,E9-Q-2421,Common,17
8152,E9-Q-2422,Common,18
8152,E9-Q-2423,Common,19
8152,E9-Q-2424,Common,20
8152,E9-Q-2425,Common,21
8152,E9-Q-2426,Common,22
8152,E9-Q-2427,Common,23
8152,E9-Q-2428,Common,24
8152,E9-Q-2429,Common,25
8152,E9-Q-2430,Common,26
8152,E9-Q-2431,Common,27
8152,E9-Q-2432,Common,28
8152,E9-Q-2433,Common,29
8152,E9-Q-2434,Common,30
8152,E9-Q-2435,Common,31
8152,E9-Q-2436,Common,32
8152,E9-Q-2437,Common,33
8152,E9-Q-2438,Common,34
8152,E9-Q-2439,Common,35
8152,E9-Q-2440,Common,36
8153,E9-Q-1857,Exact,1
8153,E9-Q-1858,Exact,2
8153,E9-Q-1859,Exact,3
8153,E9-Q-1860,Exact,4
8153,E9-Q-1861,Exact,5
8153,E9-Q-2410,Common,6
8153,E9-Q-2411,Common,7
8153,E9-Q-2412,Common,8
8153,E9-Q-2413,Common,9
8153,E9-Q-2414,Common,10
8153,E9-Q-2415,Common,11
8153,E9-Q-2416,Common,12
8153,E9-Q-2417,Common,13
8153,E9-Q-2418,Common,14
8153,E9-Q-2419,Common,15
8153,E9-Q-2420,Common,16
8153,E9-Q-2421,Common,17
8153,E9-Q-2422,Common,18
8153,E9-Q-2423,Common,19
8153,E9-Q-2424,Common,20
8153,E9-Q-2425,Common,21
8153,E9-Q-2426,Common,22
8153,E9-Q-2427,Common,23
8153,E9-Q-2428,Common,24
8153,E9-Q-2429,Common,25
8153,E9-Q-2430,Common,26
8153,E9-Q-2431,Common,27
8153,E9-Q-2432,Common,28
8153,E9-Q-2433,Common,29
8153,E9-Q-2434,Common,30
8153,E9-Q-2435,Common,31
8153,E9-Q-2436,Common,32
8153,E9-Q-2437,Common,33
8153,E9-Q-2438,Common,34
8153,E9-Q-2439,Common,35
8153,E9-Q-2440,Common,36
8154,E9-Q-1862,Exact,1
8154,E9-Q-1863,Exact,2
8154,E9-Q-1864,Exact,3
8154,E9-Q-1865,Exact,4
8154,E9-Q-1866,Exact,5
8154,E9-Q-2410,Common,6
8154,E9-Q-2411,Common,7
8154,E9-Q-2412,Common,8
8154,E9-Q-2413,Common,9
8154,E9-Q-2414,Common,10
8154,E9-Q-2415,Common,11
8154,E9-Q-2416,Common,12
8154,E9-Q-2417,Common,13
8154,E9-Q-2418,Common,14
8154,E9-Q-2419,Common,15
8154,E9-Q-2420,Common,16
8154,E9-Q-2421,Common,17
8154,E9-Q-2422,Common,18
8154,E9-Q-2423,Common,19
8154,E9-Q-2424,Common,20
8154,E9-Q-2425,Common,21
8154,E9-Q-2426,Common,22
8154,E9-Q-2427,Common,23
8154,E9-Q-2428,Common,24
8154,E9-Q-2429,Common,25
8154,E9-Q-2430,Common,26
8154,E9-Q-2431,Common,27
8154,E9-Q-2432,Common,28
8154,E9-Q-2433,Common,29
8154,E9-Q-2434,Common,30
8154,E9-Q-2435,Common,31
8154,E9-Q-2436,Common,32
8154,E9-Q-2437,Common,33
8154,E9-Q-2438,Common,34
8154,E9-Q-2439,Common,35
8154,E9-Q-2440,Common,36
8155,E9-Q-1867,Exact,1
8155,E9-Q-1868,Exact,2
8155,E9-Q-1869,Exact,3
8155,E9-Q-1870,Exact,4
8155,E9-Q-1871,Exact,5
8155,E9-Q-2410,Common,6
8155,E9-Q-2411,Common,7
8155,E9-Q-2412,Common,8
8155,E9-Q-2413,Common,9
8155,E9-Q-2414,Common,10
8155,E9-Q-2415,Common,11
8155,E9-Q-2416,Common,12
8155,E9-Q-2417,Common,13
8155,E9-Q-2418,Common,14
8155,E9-Q-2419,Common,15
8155,E9-Q-2420,Common,16
8155,E9-Q-2421,Common,17
8155,E9-Q-2422,Common,18
8155,E9-Q-2423,Common,19
8155,E9-Q-2424,Common,20
8155,E9-Q-2425,Common,21
8155,E9-Q-2426,Common,22
8155,E9-Q-2427,Common,23
8155,E9-Q-2428,Common,24
8155,E9-Q-2429,Common,25
8155,E9-Q-2430,Common,26
8155,E9-Q-2431,Common,27
8155,E9-Q-2432,Common,28
8155,E9-Q-2433,Common,29
8155,E9-Q-2434,Common,30
8155,E9-Q-2435,Common,31
8155,E9-Q-2436,Common,32
8155,E9-Q-2437,Common,33
8155,E9-Q-2438,Common,34
8155,E9-Q-2439,Common,35
8155,E9-Q-2440,Common,36
8156,E9-Q-1872,Exact,1
8156,E9-Q-1873,Exact,2
8156,E9-Q-1874,Exact,3
8156,E9-Q-1875,Exact,4
8156,E9-Q-1876,Exact,5
8156,E9-Q-2410,Common,6
8156,E9-Q-2411,Common,7
8156,E9-Q-2412,Common,8
8156,E9-Q-2413,Common,9
8156,E9-Q-2414,Common,10
8156,E9-Q-2415,Common,11
8156,E9-Q-2416,Common,12
8156,E9-Q-2417,Common,13
8156,E9-Q-2418,Common,14
8156,E9-Q-2419,Common,15
8156,E9-Q-2420,Common,16
8156,E9-Q-2421,Common,17
8156,E9-Q-2422,Common,18
8156,E9-Q-2423,Common,19
8156,E9-Q-2424,Common,20
8156,E9-Q-2425,Common,21
8156,E9-Q-2426,Common,22
8156,E9-Q-2427,Common,23
8156,E9-Q-2428,Common,24
8156,E9-Q-2429,Common,25
8156,E9-Q-2430,Common,26
8156,E9-Q-2431,Common,27
8156,E9-Q-2432,Common,28
8156,E9-Q-2433,Common,29
8156,E9-Q-2434,Common,30
8156,E9-Q-2435,Common,31
8156,E9-Q-2436,Common,32
8156,E9-Q-2437,Common,33
8156,E9-Q-2438,Common,34
8156,E9-Q-2439,Common,35
8156,E9-Q-2440,Common,36
8157,E9-Q-1877,Exact,1
8157,E9-Q-1878,Exact,2
8157,E9-Q-1879,Exact,3
8157,E9-Q-1880,Exact,4
8157,E9-Q-1881,Exact,5
8157,E9-Q-2410,Common,6
8157,E9-Q-2411,Common,7
8157,E9-Q-2412,Common,8
8157,E9-Q-2413,Common,9
8157,E9-Q-2414,Common,10
8157,E9-Q-2415,Common,11
8157,E9-Q-2416,Common,12
8157,E9-Q-2417,Common,13
8157,E9-Q-2418,Common,14
8157,E9-Q-2419,Common,15
8157,E9-Q-2420,Common,16
8157,E9-Q-2421,Common,17
8157,E9-Q-2422,Common,18
8157,E9-Q-2423,Common,19
8157,E9-Q-2424,Common,20
8157,E9-Q-2425,Common,21
8157,E9-Q-2426,Common,22
8157,E9-Q-2427,Common,23
8157,E9-Q-2428,Common,24
8157,E9-Q-2429,Common,25
8157,E9-Q-2430,Common,26
8157,E9-Q-2431,Common,27
8157,E9-Q-2432,Common,28
8157,E9-Q-2433,Common,29
8157,E9-Q-2434,Common,30
8157,E9-Q-2435,Common,31
8157,E9-Q-2436,Common,32
8157,E9-Q-2437,Common,33
8157,E9-Q-2438,Common,34
8157,E9-Q-2439,Common,35
8157,E9-Q-2440,Common,36
8159,E9-Q-1882,Exact,1
8159,E9-Q-1883,Exact,2
8159,E9-Q-1884,Exact,3
8159,E9-Q-1885,Exact,4
8159,E9-Q-1886,Exact,5
8159,E9-Q-2410,Common,6
8159,E9-Q-2411,Common,7
8159,E9-Q-2412,Common,8
8159,E9-Q-2413,Common,9
8159,E9-Q-2414,Common,10
8159,E9-Q-2415,Common,11
8159,E9-Q-2416,Common,12
8159,E9-Q-2417,Common,13
8159,E9-Q-2418,Common,14
8159,E9-Q-2419,Common,15
8159,E9-Q-2420,Common,16
8159,E9-Q-2421,Common,17
8159,E9-Q-2422,Common,18
8159,E9-Q-2423,Common,19
8159,E9-Q-2424,Common,20
8159,E9-Q-2425,Common,21
8159,E9-Q-2426,Common,22
8159,E9-Q-2427,Common,23
8159,E9-Q-2428,Common,24
8159,E9-Q-2429,Common,25
8159,E9-Q-2430,Common,26
8159,E9-Q-2431,Common,27
8159,E9-Q-2432,Common,28
8159,E9-Q-2433,Common,29
8159,E9-Q-2434,Common,30
8159,E9-Q-2435,Common,31
8159,E9-Q-2436,Common,32
8159,E9-Q-2437,Common,33
8159,E9-Q-2438,Common,34
8159,E9-Q-2439,Common,35
8159,E9-Q-2440,Common,36
8161,E9-Q-1887,Exact,1
8161,E9-Q-1888,Exact,2
8161,E9-Q-1889,Exact,3
8161,E9-Q-1890,Exact,4
8161,E9-Q-1891,Exact,5
8161,E9-Q-2410,Common,6
8161,E9-Q-2411,Common,7
8161,E9-Q-2412,Common,8
8161,E9-Q-2413,Common,9
8161,E9-Q-2414,Common,10
8161,E9-Q-2415,Common,11
8161,E9-Q-2416,Common,12
8161,E9-Q-2417,Common,13
8161,E9-Q-2418,Common,14
8161,E9-Q-2419,Common,15
8161,E9-Q-2420,Common,16
8161,E9-Q-2421,Common,17
8161,E9-Q-2422,Common,18
8161,E9-Q-2423,Common,19
8161,E9-Q-2424,Common,20
8161,E9-Q-2425,Common,21
8161,E9-Q-2426,Common,22
8161,E9-Q-2427,Common,23
8161,E9-Q-2428,Common,24
8161,E9-Q-2429,Common,25
8161,E9-Q-2430,Common,26
8161,E9-Q-2431,Common,27
8161,E9-Q-2432,Common,28
8161,E9-Q-2433,Common,29
8161,E9-Q-2434,Common,30
8161,E9-Q-2435,Common,31
8161,E9-Q-2436,Common,32
8161,E9-Q-2437,Common,33
8161,E9-Q-2438,Common,34
8161,E9-Q-2439,Common,35
8161,E9-Q-2440,Common,36
8171,E9-Q-1892,Exact,1
8171,E9-Q-1893,Exact,2
8171,E9-Q-1894,Exact,3
8171,E9-Q-1895,Exact,4
8171,E9-Q-1896,Exact,5
8171,E9-Q-2410,Common,6
8171,E9-Q-2411,Common,7
8171,E9-Q-2412,Common,8
8171,E9-Q-2413,Common,9
8171,E9-Q-2414,Common,10
8171,E9-Q-2415,Common,11
8171,E9-Q-2416,Common,12
8171,E9-Q-2417,Common,13
8171,E9-Q-2418,Common,14
8171,E9-Q-2419,Common,15
8171,E9-Q-2420,Common,16
8171,E9-Q-2421,Common,17
8171,E9-Q-2422,Common,18
8171,E9-Q-2423,Common,19
8171,E9-Q-2424,Common,20
8171,E9-Q-2425,Common,21
8171,E9-Q-2426,Common,22
8171,E9-Q-2427,Common,23
8171,E9-Q-2428,Common,24
8171,E9-Q-2429,Common,25
8171,E9-Q-2430,Common,26
8171,E9-Q-2431,Common,27
8171,E9-Q-2432,Common,28
8171,E9-Q-2433,Common,29
8171,E9-Q-2434,Common,30
8171,E9-Q-2435,Common,31
8171,E9-Q-2436,Common,32
8171,E9-Q-2437,Common,33
8171,E9-Q-2438,Common,34
8171,E9-Q-2439,Common,35
8171,E9-Q-2440,Common,36
8172,E9-Q-1897,Exact,1
8172,E9-Q-1898,Exact,2
8172,E9-Q-1899,Exact,3
8172,E9-Q-1900,Exact,4
8172,E9-Q-1901,Exact,5
8172,E9-Q-2410,Common,6
8172,E9-Q-2411,Common,7
8172,E9-Q-2412,Common,8
8172,E9-Q-2413,Common,9
8172,E9-Q-2414,Common,10
8172,E9-Q-2415,Common,11
8172,E9-Q-2416,Common,12
8172,E9-Q-2417,Common,13
8172,E9-Q-2418,Common,14
8172,E9-Q-2419,Common,15
8172,E9-Q-2420,Common,16
8172,E9-Q-2421,Common,17
8172,E9-Q-2422,Common,18
8172,E9-Q-2423,Common,19
8172,E9-Q-2424,Common,20
8172,E9-Q-2425,Common,21
8172,E9-Q-2426,Common,22
8172,E9-Q-2427,Common,23
8172,E9-Q-2428,Common,24
8172,E9-Q-2429,Common,25
8172,E9-Q-2430,Common,26
8172,E9-Q-2431,Common,27
8172,E9-Q-2432,Common,28
8172,E9-Q-2433,Common,29
8172,E9-Q-2434,Common,30
8172,E9-Q-2435,Common,31
8172,E9-Q-2436,Common,32
8172,E9-Q-2437,Common,33
8172,E9-Q-2438,Common,34
8172,E9-Q-2439,Common,35
8172,E9-Q-2440,Common,36
8173,E9-Q-1902,Exact,1
8173,E9-Q-1903,Exact,2
8173,E9-Q-1904,Exact,3
8173,E9-Q-1905,Exact,4
8173,E9-Q-1906,Exact,5
8173,E9-Q-2410,Common,6
8173,E9-Q-2411,Common,7
8173,E9-Q-2412,Common,8
8173,E9-Q-2413,Common,9
8173,E9-Q-2414,Common,10
8173,E9-Q-2415,Common,11
8173,E9-Q-2416,Common,12
8173,E9-Q-2417,Common,13
8173,E9-Q-2418,Common,14
8173,E9-Q-2419,Common,15
8173,E9-Q-2420,Common,16
8173,E9-Q-2421,Common,17
8173,E9-Q-2422,Common,18
8173,E9-Q-2423,Common,19
8173,E9-Q-2424,Common,20
8173,E9-Q-2425,Common,21
8173,E9-Q-2426,Common,22
8173,E9-Q-2427,Common,23
8173,E9-Q-2428,Common,24
8173,E9-Q-2429,Common,25
8173,E9-Q-2430,Common,26
8173,E9-Q-2431,Common,27
8173,E9-Q-2432,Common,28
8173,E9-Q-2433,Common,29
8173,E9-Q-2434,Common,30
8173,E9-Q-2435,Common,31
8173,E9-Q-2436,Common,32
8173,E9-Q-2437,Common,33
8173,E9-Q-2438,Common,34
8173,E9-Q-2439,Common,35
8173,E9-Q-2440,Common,36
8181,E9-Q-1907,Exact,1
8181,E9-Q-1908,Exact,2
8181,E9-Q-1909,Exact,3
8181,E9-Q-1910,Exact,4
8181,E9-Q-1911,Exact,5
8181,E9-Q-2410,Common,6
8181,E9-Q-2411,Common,7
8181,E9-Q-2412,Common,8
8181,E9-Q-2413,Common,9
8181,E9-Q-2414,Common,10
8181,E9-Q-2415,Common,11
8181,E9-Q-2416,Common,12
8181,E9-Q-2417,Common,13
8181,E9-Q-2418,Common,14
8181,E9-Q-2419,Common,15
8181,E9-Q-2420,Common,16
8181,E9-Q-2421,Common,17
8181,E9-Q-2422,Common,18
8181,E9-Q-2423,Common,19
8181,E9-Q-2424,Common,20
8181,E9-Q-2425,Common,21
8181,E9-Q-2426,Common,22
8181,E9-Q-2427,Common,23
8181,E9-Q-2428,Common,24
8181,E9-Q-2429,Common,25
8181,E9-Q-2430,Common,26
8181,E9-Q-2431,Common,27
8181,E9-Q-2432,Common,28
8181,E9-Q-2433,Common,29
8181,E9-Q-2434,Common,30
8181,E9-Q-2435,Common,31
8181,E9-Q-2436,Common,32
8181,E9-Q-2437,Common,33
8181,E9-Q-2438,Common,34
8181,E9-Q-2439,Common,35
8181,E9-Q-2440,Common,36
8182,E9-Q-1912,Exact,1
8182,E9-Q-1913,Exact,2
8182,E9-Q-1914,Exact,3
8182,E9-Q-1915,Exact,4
8182,E9-Q-1916,Exact,5
8182,E9-Q-2410,Common,6
8182,E9-Q-2411,Common,7
8182,E9-Q-2412,Common,8
8182,E9-Q-2413,Common,9
8182,E9-Q-2414,Common,10
8182,E9-Q-2415,Common,11
8182,E9-Q-2416,Common,12
8182,E9-Q-2417,Common,13
8182,E9-Q-2418,Common,14
8182,E9-Q-2419,Common,15
8182,E9-Q-2420,Common,16
8182,E9-Q-2421,Common,17
8182,E9-Q-2422,Common,18
8182,E9-Q-2423,Common,19
8182,E9-Q-2424,Common,20
8182,E9-Q-2425,Common,21
8182,E9-Q-2426,Common,22
8182,E9-Q-2427,Common,23
8182,E9-Q-2428,Common,24
8182,E9-Q-2429,Common,25
8182,E9-Q-2430,Common,26
8182,E9-Q-2431,Common,27
8182,E9-Q-2432,Common,28
8182,E9-Q-2433,Common,29
8182,E9-Q-2434,Common,30
8182,E9-Q-2435,Common,31
8182,E9-Q-2436,Common,32
8182,E9-Q-2437,Common,33
8182,E9-Q-2438,Common,34
8182,E9-Q-2439,Common,35
8182,E9-Q-2440,Common,36
8183,E9-Q-1917,Exact,1
8183,E9-Q-1918,Exact,2
8183,E9-Q-1919,Exact,3
8183,E9-Q-1920,Exact,4
8183,E9-Q-1921,Exact,5
8183,E9-Q-2410,Common,6
8183,E9-Q-2411,Common,7
8183,E9-Q-2412,Common,8
8183,E9-Q-2413,Common,9
8183,E9-Q-2414,Common,10
8183,E9-Q-2415,Common,11
8183,E9-Q-2416,Common,12
8183,E9-Q-2417,Common,13
8183,E9-Q-2418,Common,14
8183,E9-Q-2419,Common,15
8183,E9-Q-2420,Common,16
8183,E9-Q-2421,Common,17
8183,E9-Q-2422,Common,18
8183,E9-Q-2423,Common,19
8183,E9-Q-2424,Common,20
8183,E9-Q-2425,Common,21
8183,E9-Q-2426,Common,22
8183,E9-Q-2427,Common,23
8183,E9-Q-2428,Common,24
8183,E9-Q-2429,Common,25
8183,E9-Q-2430,Common,26
8183,E9-Q-2431,Common,27
8183,E9-Q-2432,Common,28
8183,E9-Q-2433,Common,29
8183,E9-Q-2434,Common,30
8183,E9-Q-2435,Common,31
8183,E9-Q-2436,Common,32
8183,E9-Q-2437,Common,33
8183,E9-Q-2438,Common,34
8183,E9-Q-2439,Common,35
8183,E9-Q-2440,Common,36
8189,E9-Q-1922,Exact,1
8189,E9-Q-1923,Exact,2
8189,E9-Q-1924,Exact,3
8189,E9-Q-1925,Exact,4
8189,E9-Q-1926,Exact,5
8189,E9-Q-2410,Common,6
8189,E9-Q-2411,Common,7
8189,E9-Q-2412,Common,8
8189,E9-Q-2413,Common,9
8189,E9-Q-2414,Common,10
8189,E9-Q-2415,Common,11
8189,E9-Q-2416,Common,12
8189,E9-Q-2417,Common,13
8189,E9-Q-2418,Common,14
8189,E9-Q-2419,Common,15
8189,E9-Q-2420,Common,16
8189,E9-Q-2421,Common,17
8189,E9-Q-2422,Common,18
8189,E9-Q-2423,Common,19
8189,E9-Q-2424,Common,20
8189,E9-Q-2425,Common,21
8189,E9-Q-2426,Common,22
8189,E9-Q-2427,Common,23
8189,E9-Q-2428,Common,24
8189,E9-Q-2429,Common,25
8189,E9-Q-2430,Common,26
8189,E9-Q-2431,Common,27
8189,E9-Q-2432,Common,28
8189,E9-Q-2433,Common,29
8189,E9-Q-2434,Common,30
8189,E9-Q-2435,Common,31
8189,E9-Q-2436,Common,32
8189,E9-Q-2437,Common,33
8189,E9-Q-2438,Common,34
8189,E9-Q-2439,Common,35
8189,E9-Q-2440,Common,36
8211,E9-Q-1927,Exact,1
8211,E9-Q-1928,Exact,2
8211,E9-Q-1929,Exact,3
8211,E9-Q-1930,Exact,4
8211,E9-Q-1931,Exact,5
8211,E9-Q-2410,Common,6
8211,E9-Q-2411,Common,7
8211,E9-Q-2412,Common,8
8211,E9-Q-2413,Common,9
8211,E9-Q-2414,Common,10
8211,E9-Q-2415,Common,11
8211,E9-Q-2416,Common,12
8211,E9-Q-2417,Common,13
8211,E9-Q-2418,Common,14
8211,E9-Q-2419,Common,15
8211,E9-Q-2420,Common,16
8211,E9-Q-2421,Common,17
8211,E9-Q-2422,Common,18
8211,E9-Q-2423,Common,19
8211,E9-Q-2424,Common,20
8211,E9-Q-2425,Common,21
8211,E9-Q-2426,Common,22
8211,E9-Q-2427,Common,23
8211,E9-Q-2428,Common,24
8211,E9-Q-2429,Common,25
8211,E9-Q-2430,Common,26
8211,E9-Q-2431,Common,27
8211,E9-Q-2432,Common,28
8211,E9-Q-2433,Common,29
8211,E9-Q-2434,Common,30
8211,E9-Q-2435,Common,31
8211,E9-Q-2436,Common,32
8211,E9-Q-2437,Common,33
8211,E9-Q-2438,Common,34
8211,E9-Q-2439,Common,35
8211,E9-Q-2440,Common,36
8212,E9-Q-1932,Exact,1
8212,E9-Q-1933,Exact,2
8212,E9-Q-1934,Exact,3
8212,E9-Q-1935,Exact,4
8212,E9-Q-1936,Exact,5
8212,E9-Q-2410,Common,6
8212,E9-Q-2411,Common,7
8212,E9-Q-2412,Common,8
8212,E9-Q-2413,Common,9
8212,E9-Q-2414,Common,10
8212,E9-Q-2415,Common,11
8212,E9-Q-2416,Common,12
8212,E9-Q-2417,Common,13
8212,E9-Q-2418,Common,14
8212,E9-Q-2419,Common,15
8212,E9-Q-2420,Common,16
8212,E9-Q-2421,Common,17
8212,E9-Q-2422,Common,18
8212,E9-Q-2423,Common,19
8212,E9-Q-2424,Common,20
8212,E9-Q-2425,Common,21
8212,E9-Q-2426,Common,22
8212,E9-Q-2427,Common,23
8212,E9-Q-2428,Common,24
8212,E9-Q-2429,Common,25
8212,E9-Q-2430,Common,26
8212,E9-Q-2431,Common,27
8212,E9-Q-2432,Common,28
8212,E9-Q-2433,Common,29
8212,E9-Q-2434,Common,30
8212,E9-Q-2435,Common,31
8212,E9-Q-2436,Common,32
8212,E9-Q-2437,Common,33
8212,E9-Q-2438,Common,34
8212,E9-Q-2439,Common,35
8212,E9-Q-2440,Common,36
8213,E9-Q-1937,Exact,1
8213,E9-Q-1938,Exact,2
8213,E9-Q-1939,Exact,3
8213,E9-Q-1940,Exact,4
8213,E9-Q-1941,Exact,5
8213,E9-Q-2410,Common,6
8213,E9-Q-2411,Common,7
8213,E9-Q-2412,Common,8
8213,E9-Q-2413,Common,9
8213,E9-Q-2414,Common,10
8213,E9-Q-2415,Common,11
8213,E9-Q-2416,Common,12
8213,E9-Q-2417,Common,13
8213,E9-Q-2418,Common,14
8213,E9-Q-2419,Common,15
8213,E9-Q-2420,Common,16
8213,E9-Q-2421,Common,17
8213,E9-Q-2422,Common,18
8213,E9-Q-2423,Common,19
8213,E9-Q-2424,Common,20
8213,E9-Q-2425,Common,21
8213,E9-Q-2426,Common,22
8213,E9-Q-2427,Common,23
8213,E9-Q-2428,Common,24
8213,E9-Q-2429,Common,25
8213,E9-Q-2430,Common,26
8213,E9-Q-2431,Common,27
8213,E9-Q-2432,Common,28
8213,E9-Q-2433,Common,29
8213,E9-Q-2434,Common,30
8213,E9-Q-2435,Common,31
8213,E9-Q-2436,Common,32
8213,E9-Q-2437,Common,33
8213,E9-Q-2438,Common,34
8213,E9-Q-2439,Common,35
8213,E9-Q-2440,Common,36
8221,E9-Q-1942,Exact,1
8221,E9-Q-1943,Exact,2
8221,E9-Q-1944,Exact,3
8221,E9-Q-1945,Exact,4
8221,E9-Q-1946,Exact,5
8221,E9-Q-2410,Common,6
8221,E9-Q-2411,Common,7
8221,E9-Q-2412,Common,8
8221,E9-Q-2413,Common,9
8221,E9-Q-2414,Common,10
8221,E9-Q-2415,Common,11
8221,E9-Q-2416,Common,12
8221,E9-Q-2417,Common,13
8221,E9-Q-2418,Common,14
8221,E9-Q-2419,Common,15
8221,E9-Q-2420,Common,16
8221,E9-Q-2421,Common,17
8221,E9-Q-2422,Common,18
8221,E9-Q-2423,Common,19
8221,E9-Q-2424,Common,20
8221,E9-Q-2425,Common,21
8221,E9-Q-2426,Common,22
8221,E9-Q-2427,Common,23
8221,E9-Q-2428,Common,24
8221,E9-Q-2429,Common,25
8221,E9-Q-2430,Common,26
8221,E9-Q-2431,Common,27
8221,E9-Q-2432,Common,28
8221,E9-Q-2433,Common,29
8221,E9-Q-2434,Common,30
8221,E9-Q-2435,Common,31
8221,E9-Q-2436,Common,32
8221,E9-Q-2437,Common,33
8221,E9-Q-2438,Common,34
8221,E9-Q-2439,Common,35
8221,E9-Q-2440,Common,36
8311,E9-Q-1947,Exact,1
8311,E9-Q-1948,Exact,2
8311,E9-Q-1949,Exact,3
8311,E9-Q-1950,Exact,4
8311,E9-Q-1951,Exact,5
8311,E9-Q-2410,Common,6
8311,E9-Q-2411,Common,7
8311,E9-Q-2412,Common,8
8311,E9-Q-2413,Common,9
8311,E9-Q-2414,Common,10
8311,E9-Q-2415,Common,11
8311,E9-Q-2416,Common,12
8311,E9-Q-2417,Common,13
8311,E9-Q-2418,Common,14
8311,E9-Q-2419,Common,15
8311,E9-Q-2420,Common,16
8311,E9-Q-2421,Common,17
8311,E9-Q-2422,Common,18
8311,E9-Q-2423,Common,19
8311,E9-Q-2424,Common,20
8311,E9-Q-2425,Common,21
8311,E9-Q-2426,Common,22
8311,E9-Q-2427,Common,23
8311,E9-Q-2428,Common,24
8311,E9-Q-2429,Common,25
8311,E9-Q-2430,Common,26
8311,E9-Q-2431,Common,27
8311,E9-Q-2432,Common,28
8311,E9-Q-2433,Common,29
8311,E9-Q-2434,Common,30
8311,E9-Q-2435,Common,31
8311,E9-Q-2436,Common,32
8311,E9-Q-2437,Common,33
8311,E9-Q-2438,Common,34
8311,E9-Q-2439,Common,35
8311,E9-Q-2440,Common,36
8312,E9-Q-1952,Exact,1
8312,E9-Q-1953,Exact,2
8312,E9-Q-1954,Exact,3
8312,E9-Q-1955,Exact,4
8312,E9-Q-1956,Exact,5
8312,E9-Q-2410,Common,6
8312,E9-Q-2411,Common,7
8312,E9-Q-2412,Common,8
8312,E9-Q-2413,Common,9
8312,E9-Q-2414,Common,10
8312,E9-Q-2415,Common,11
8312,E9-Q-2416,Common,12
8312,E9-Q-2417,Common,13
8312,E9-Q-2418,Common,14
8312,E9-Q-2419,Common,15
8312,E9-Q-2420,Common,16
8312,E9-Q-2421,Common,17
8312,E9-Q-2422,Common,18
8312,E9-Q-2423,Common,19
8312,E9-Q-2424,Common,20
8312,E9-Q-2425,Common,21
8312,E9-Q-2426,Common,22
8312,E9-Q-2427,Common,23
8312,E9-Q-2428,Common,24
8312,E9-Q-2429,Common,25
8312,E9-Q-2430,Common,26
8312,E9-Q-2431,Common,27
8312,E9-Q-2432,Common,28
8312,E9-Q-2433,Common,29
8312,E9-Q-2434,Common,30
8312,E9-Q-2435,Common,31
8312,E9-Q-2436,Common,32
8312,E9-Q-2437,Common,33
8312,E9-Q-2438,Common,34
8312,E9-Q-2439,Common,35
8312,E9-Q-2440,Common,36
8331,E9-Q-1957,Exact,1
8331,E9-Q-1958,Exact,2
8331,E9-Q-1959,Exact,3
8331,E9-Q-1960,Exact,4
8331,E9-Q-1961,Exact,5
8331,E9-Q-2410,Common,6
8331,E9-Q-2411,Common,7
8331,E9-Q-2412,Common,8
8331,E9-Q-2413,Common,9
8331,E9-Q-2414,Common,10
8331,E9-Q-2415,Common,11
8331,E9-Q-2416,Common,12
8331,E9-Q-2417,Common,13
8331,E9-Q-2418,Common,14
8331,E9-Q-2419,Common,15
8331,E9-Q-2420,Common,16
8331,E9-Q-2421,Common,17
8331,E9-Q-2422,Common,18
8331,E9-Q-2423,Common,19
8331,E9-Q-2424,Common,20
8331,E9-Q-2425,Common,21
8331,E9-Q-2426,Common,22
8331,E9-Q-2427,Common,23
8331,E9-Q-2428,Common,24
8331,E9-Q-2429,Common,25
8331,E9-Q-2430,Common,26
8331,E9-Q-2431,Common,27
8331,E9-Q-2432,Common,28
8331,E9-Q-2433,Common,29
8331,E9-Q-2434,Common,30
8331,E9-Q-2435,Common,31
8331,E9-Q-2436,Common,32
8331,E9-Q-2437,Common,33
8331,E9-Q-2438,Common,34
8331,E9-Q-2439,Common,35
8331,E9-Q-2440,Common,36
8332,E9-Q-1962,Exact,1
8332,E9-Q-1963,Exact,2
8332,E9-Q-1964,Exact,3
8332,E9-Q-1965,Exact,4
8332,E9-Q-1966,Exact,5
8332,E9-Q-2410,Common,6
8332,E9-Q-2411,Common,7
8332,E9-Q-2412,Common,8
8332,E9-Q-2413,Common,9
8332,E9-Q-2414,Common,10
8332,E9-Q-2415,Common,11
8332,E9-Q-2416,Common,12
8332,E9-Q-2417,Common,13
8332,E9-Q-2418,Common,14
8332,E9-Q-2419,Common,15
8332,E9-Q-2420,Common,16
8332,E9-Q-2421,Common,17
8332,E9-Q-2422,Common,18
8332,E9-Q-2423,Common,19
8332,E9-Q-2424,Common,20
8332,E9-Q-2425,Common,21
8332,E9-Q-2426,Common,22
8332,E9-Q-2427,Common,23
8332,E9-Q-2428,Common,24
8332,E9-Q-2429,Common,25
8332,E9-Q-2430,Common,26
8332,E9-Q-2431,Common,27
8332,E9-Q-2432,Common,28
8332,E9-Q-2433,Common,29
8332,E9-Q-2434,Common,30
8332,E9-Q-2435,Common,31
8332,E9-Q-2436,Common,32
8332,E9-Q-2437,Common,33
8332,E9-Q-2438,Common,34
8332,E9-Q-2439,Common,35
8332,E9-Q-2440,Common,36
8341,E9-Q-1967,Exact,1
8341,E9-Q-1968,Exact,2
8341,E9-Q-1969,Exact,3
8341,E9-Q-1970,Exact,4
8341,E9-Q-1971,Exact,5
8341,E9-Q-2410,Common,6
8341,E9-Q-2411,Common,7
8341,E9-Q-2412,Common,8
8341,E9-Q-2413,Common,9
8341,E9-Q-2414,Common,10
8341,E9-Q-2415,Common,11
8341,E9-Q-2416,Common,12
8341,E9-Q-2417,Common,13
8341,E9-Q-2418,Common,14
8341,E9-Q-2419,Common,15
8341,E9-Q-2420,Common,16
8341,E9-Q-2421,Common,17
8341,E9-Q-2422,Common,18
8341,E9-Q-2423,Common,19
8341,E9-Q-2424,Common,20
8341,E9-Q-2425,Common,21
8341,E9-Q-2426,Common,22
8341,E9-Q-2427,Common,23
8341,E9-Q-2428,Common,24
8341,E9-Q-2429,Common,25
8341,E9-Q-2430,Common,26
8341,E9-Q-2431,Common,27
8341,E9-Q-2432,Common,28
8341,E9-Q-2433,Common,29
8341,E9-Q-2434,Common,30
8341,E9-Q-2435,Common,31
8341,E9-Q-2436,Common,32
8341,E9-Q-2437,Common,33
8341,E9-Q-2438,Common,34
8341,E9-Q-2439,Common,35
8341,E9-Q-2440,Common,36
8342,E9-Q-1972,Exact,1
8342,E9-Q-1973,Exact,2
8342,E9-Q-1974,Exact,3
8342,E9-Q-1975,Exact,4
8342,E9-Q-1976,Exact,5
8342,E9-Q-2410,Common,6
8342,E9-Q-2411,Common,7
8342,E9-Q-2412,Common,8
8342,E9-Q-2413,Common,9
8342,E9-Q-2414,Common,10
8342,E9-Q-2415,Common,11
8342,E9-Q-2416,Common,12
8342,E9-Q-2417,Common,13
8342,E9-Q-2418,Common,14
8342,E9-Q-2419,Common,15
8342,E9-Q-2420,Common,16
8342,E9-Q-2421,Common,17
8342,E9-Q-2422,Common,18
8342,E9-Q-2423,Common,19
8342,E9-Q-2424,Common,20
8342,E9-Q-2425,Common,21
8342,E9-Q-2426,Common,22
8342,E9-Q-2427,Common,23
8342,E9-Q-2428,Common,24
8342,E9-Q-2429,Common,25
8342,E9-Q-2430,Common,26
8342,E9-Q-2431,Common,27
8342,E9-Q-2432,Common,28
8342,E9-Q-2433,Common,29
8342,E9-Q-2434,Common,30
8342,E9-Q-2435,Common,31
8342,E9-Q-2436,Common,32
8342,E9-Q-2437,Common,33
8342,E9-Q-2438,Common,34
8342,E9-Q-2439,Common,35
8342,E9-Q-2440,Common,36
8343,E9-Q-1977,Exact,1
8343,E9-Q-1978,Exact,2
8343,E9-Q-1979,Exact,3
8343,E9-Q-1980,Exact,4
8343,E9-Q-1981,Exact,5
8343,E9-Q-2410,Common,6
8343,E9-Q-2411,Common,7
8343,E9-Q-2412,Common,8
8343,E9-Q-2413,Common,9
8343,E9-Q-2414,Common,10
8343,E9-Q-2415,Common,11
8343,E9-Q-2416,Common,12
8343,E9-Q-2417,Common,13
8343,E9-Q-2418,Common,14
8343,E9-Q-2419,Common,15
8343,E9-Q-2420,Common,16
8343,E9-Q-2421,Common,17
8343,E9-Q-2422,Common,18
8343,E9-Q-2423,Common,19
8343,E9-Q-2424,Common,20
8343,E9-Q-2425,Common,21
8343,E9-Q-2426,Common,22
8343,E9-Q-2427,Common,23
8343,E9-Q-2428,Common,24
8343,E9-Q-2429,Common,25
8343,E9-Q-2430,Common,26
8343,E9-Q-2431,Common,27
8343,E9-Q-2432,Common,28
8343,E9-Q-2433,Common,29
8343,E9-Q-2434,Common,30
8343,E9-Q-2435,Common,31
8343,E9-Q-2436,Common,32
8343,E9-Q-2437,Common,33
8343,E9-Q-2438,Common,34
8343,E9-Q-2439,Common,35
8343,E9-Q-2440,Common,36
8344,E9-Q-1982,Exact,1
8344,E9-Q-1983,Exact,2
8344,E9-Q-1984,Exact,3
8344,E9-Q-1985,Exact,4
8344,E9-Q-1986,Exact,5
8344,E9-Q-2410,Common,6
8344,E9-Q-2411,Common,7
8344,E9-Q-2412,Common,8
8344,E9-Q-2413,Common,9
8344,E9-Q-2414,Common,10
8344,E9-Q-2415,Common,11
8344,E9-Q-2416,Common,12
8344,E9-Q-2417,Common,13
8344,E9-Q-2418,Common,14
8344,E9-Q-2419,Common,15
8344,E9-Q-2420,Common,16
8344,E9-Q-2421,Common,17
8344,E9-Q-2422,Common,18
8344,E9-Q-2423,Common,19
8344,E9-Q-2424,Common,20
8344,E9-Q-2425,Common,21
8344,E9-Q-2426,Common,22
8344,E9-Q-2427,Common,23
8344,E9-Q-2428,Common,24
8344,E9-Q-2429,Common,25
8344,E9-Q-2430,Common,26
8344,E9-Q-2431,Common,27
8344,E9-Q-2432,Common,28
8344,E9-Q-2433,Common,29
8344,E9-Q-2434,Common,30
8344,E9-Q-2435,Common,31
8344,E9-Q-2436,Common,32
8344,E9-Q-2437,Common,33
8344,E9-Q-2438,Common,34
8344,E9-Q-2439,Common,35
8344,E9-Q-2440,Common,36
8351,E9-Q-1987,Exact,1
8351,E9-Q-1988,Exact,2
8351,E9-Q-1989,Exact,3
8351,E9-Q-1990,Exact,4
8351,E9-Q-1991,Exact,5
8351,E9-Q-2410,Common,6
8351,E9-Q-2411,Common,7
8351,E9-Q-2412,Common,8
8351,E9-Q-2413,Common,9
8351,E9-Q-2414,Common,10
8351,E9-Q-2415,Common,11
8351,E9-Q-2416,Common,12
8351,E9-Q-2417,Common,13
8351,E9-Q-2418,Common,14
8351,E9-Q-2419,Common,15
8351,E9-Q-2420,Common,16
8351,E9-Q-2421,Common,17
8351,E9-Q-2422,Common,18
8351,E9-Q-2423,Common,19
8351,E9-Q-2424,Common,20
8351,E9-Q-2425,Common,21
8351,E9-Q-2426,Common,22
8351,E9-Q-2427,Common,23
8351,E9-Q-2428,Common,24
8351,E9-Q-2429,Common,25
8351,E9-Q-2430,Common,26
8351,E9-Q-2431,Common,27
8351,E9-Q-2432,Common,28
8351,E9-Q-2433,Common,29
8351,E9-Q-2434,Common,30
8351,E9-Q-2435,Common,31
8351,E9-Q-2436,Common,32
8351,E9-Q-2437,Common,33
8351,E9-Q-2438,Common,34
8351,E9-Q-2439,Common,35
8351,E9-Q-2440,Common,36
9111,E9-Q-1992,Exact,1
9111,E9-Q-1993,Exact,2
9111,E9-Q-1994,Exact,3
9111,E9-Q-1995,Exact,4
9111,E9-Q-1996,Exact,5
9111,E9-Q-2410,Common,6
9111,E9-Q-2411,Common,7
9111,E9-Q-2412,Common,8
9111,E9-Q-2413,Common,9
9111,E9-Q-2414,Common,10
9111,E9-Q-2415,Common,11
9111,E9-Q-2416,Common,12
9111,E9-Q-2417,Common,13
9111,E9-Q-2418,Common,14
9111,E9-Q-2419,Common,15
9111,E9-Q-2420,Common,16
9111,E9-Q-2421,Common,17
9111,E9-Q-2422,Common,18
9111,E9-Q-2423,Common,19
9111,E9-Q-2424,Common,20
9111,E9-Q-2425,Common,21
9111,E9-Q-2426,Common,22
9111,E9-Q-2427,Common,23
9111,E9-Q-2428,Common,24
9111,E9-Q-2429,Common,25
9111,E9-Q-2430,Common,26
9111,E9-Q-2431,Common,27
9111,E9-Q-2432,Common,28
9111,E9-Q-2433,Common,29
9111,E9-Q-2434,Common,30
9111,E9-Q-2435,Common,31
9111,E9-Q-2436,Common,32
9111,E9-Q-2437,Common,33
9111,E9-Q-2438,Common,34
9111,E9-Q-2439,Common,35
9111,E9-Q-2440,Common,36
9112,E9-Q-1997,Exact,1
9112,E9-Q-1998,Exact,2
9112,E9-Q-1999,Exact,3
9112,E9-Q-2000,Exact,4
9112,E9-Q-2001,Exact,5
9112,E9-Q-2410,Common,6
9112,E9-Q-2411,Common,7
9112,E9-Q-2412,Common,8
9112,E9-Q-2413,Common,9
9112,E9-Q-2414,Common,10
9112,E9-Q-2415,Common,11
9112,E9-Q-2416,Common,12
9112,E9-Q-2417,Common,13
9112,E9-Q-2418,Common,14
9112,E9-Q-2419,Common,15
9112,E9-Q-2420,Common,16
9112,E9-Q-2421,Common,17
9112,E9-Q-2422,Common,18
9112,E9-Q-2423,Common,19
9112,E9-Q-2424,Common,20
9112,E9-Q-2425,Common,21
9112,E9-Q-2426,Common,22
9112,E9-Q-2427,Common,23
9112,E9-Q-2428,Common,24
9112,E9-Q-2429,Common,25
9112,E9-Q-2430,Common,26
9112,E9-Q-2431,Common,27
9112,E9-Q-2432,Common,28
9112,E9-Q-2433,Common,29
9112,E9-Q-2434,Common,30
9112,E9-Q-2435,Common,31
9112,E9-Q-2436,Common,32
9112,E9-Q-2437,Common,33
9112,E9-Q-2438,Common,34
9112,E9-Q-2439,Common,35
9112,E9-Q-2440,Common,36
9121,E9-Q-2002,Exact,1
9121,E9-Q-2003,Exact,2
9121,E9-Q-2004,Exact,3
9121,E9-Q-2005,Exact,4
9121,E9-Q-2006,Exact,5
9121,E9-Q-2410,Common,6
9121,E9-Q-2411,Common,7
9121,E9-Q-2412,Common,8
9121,E9-Q-2413,Common,9
9121,E9-Q-2414,Common,10
9121,E9-Q-2415,Common,11
9121,E9-Q-2416,Common,12
9121,E9-Q-2417,Common,13
9121,E9-Q-2418,Common,14
9121,E9-Q-2419,Common,15
9121,E9-Q-2420,Common,16
9121,E9-Q-2421,Common,17
9121,E9-Q-2422,Common,18
9121,E9-Q-2423,Common,19
9121,E9-Q-2424,Common,20
9121,E9-Q-2425,Common,21
9121,E9-Q-2426,Common,22
9121,E9-Q-2427,Common,23
9121,E9-Q-2428,Common,24
9121,E9-Q-2429,Common,25
9121,E9-Q-2430,Common,26
9121,E9-Q-2431,Common,27
9121,E9-Q-2432,Common,28
9121,E9-Q-2433,Common,29
9121,E9-Q-2434,Common,30
9121,E9-Q-2435,Common,31
9121,E9-Q-2436,Common,32
9121,E9-Q-2437,Common,33
9121,E9-Q-2438,Common,34
9121,E9-Q-2439,Common,35
9121,E9-Q-2440,Common,36
9122,E9-Q-2007,Exact,1
9122,E9-Q-2008,Exact,2
9122,E9-Q-2009,Exact,3
9122,E9-Q-2010,Exact,4
9122,E9-Q-2011,Exact,5
9122,E9-Q-2410,Common,6
9122,E9-Q-2411,Common,7
9122,E9-Q-2412,Common,8
9122,E9-Q-2413,Common,9
9122,E9-Q-2414,Common,10
9122,E9-Q-2415,Common,11
9122,E9-Q-2416,Common,12
9122,E9-Q-2417,Common,13
9122,E9-Q-2418,Common,14
9122,E9-Q-2419,Common,15
9122,E9-Q-2420,Common,16
9122,E9-Q-2421,Common,17
9122,E9-Q-2422,Common,18
9122,E9-Q-2423,Common,19
9122,E9-Q-2424,Common,20
9122,E9-Q-2425,Common,21
9122,E9-Q-2426,Common,22
9122,E9-Q-2427,Common,23
9122,E9-Q-2428,Common,24
9122,E9-Q-2429,Common,25
9122,E9-Q-2430,Common,26
9122,E9-Q-2431,Common,27
9122,E9-Q-2432,Common,28
9122,E9-Q-2433,Common,29
9122,E9-Q-2434,Common,30
9122,E9-Q-2435,Common,31
9122,E9-Q-2436,Common,32
9122,E9-Q-2437,Common,33
9122,E9-Q-2438,Common,34
9122,E9-Q-2439,Common,35
9122,E9-Q-2440,Common,36
9123,E9-Q-2012,Exact,1
9123,E9-Q-2013,Exact,2
9123,E9-Q-2014,Exact,3
9123,E9-Q-2015,Exact,4
9123,E9-Q-2016,Exact,5
9123,E9-Q-2410,Common,6
9123,E9-Q-2411,Common,7
9123,E9-Q-2412,Common,8
9123,E9-Q-2413,Common,9
9123,E9-Q-2414,Common,10
9123,E9-Q-2415,Common,11
9123,E9-Q-2416,Common,12
9123,E9-Q-2417,Common,13
9123,E9-Q-2418,Common,14
9123,E9-Q-2419,Common,15
9123,E9-Q-2420,Common,16
9123,E9-Q-2421,Common,17
9123,E9-Q-2422,Common,18
9123,E9-Q-2423,Common,19
9123,E9-Q-2424,Common,20
9123,E9-Q-2425,Common,21
9123,E9-Q-2426,Common,22
9123,E9-Q-2427,Common,23
9123,E9-Q-2428,Common,24
9123,E9-Q-2429,Common,25
9123,E9-Q-2430,Common,26
9123,E9-Q-2431,Common,27
9123,E9-Q-2432,Common,28
9123,E9-Q-2433,Common,29
9123,E9-Q-2434,Common,30
9123,E9-Q-2435,Common,31
9123,E9-Q-2436,Common,32
9123,E9-Q-2437,Common,33
9123,E9-Q-2438,Common,34
9123,E9-Q-2439,Common,35
9123,E9-Q-2440,Common,36
9129,E9-Q-2017,Exact,1
9129,E9-Q-2018,Exact,2
9129,E9-Q-2019,Exact,3
9129,E9-Q-2020,Exact,4
9129,E9-Q-2021,Exact,5
9129,E9-Q-2410,Common,6
9129,E9-Q-2411,Common,7
9129,E9-Q-2412,Common,8
9129,E9-Q-2413,Common,9
9129,E9-Q-2414,Common,10
9129,E9-Q-2415,Common,11
9129,E9-Q-2416,Common,12
9129,E9-Q-2417,Common,13
9129,E9-Q-2418,Common,14
9129,E9-Q-2419,Common,15
9129,E9-Q-2420,Common,16
9129,E9-Q-2421,Common,17
9129,E9-Q-2422,Common,18
9129,E9-Q-2423,Common,19
9129,E9-Q-2424,Common,20
9129,E9-Q-2425,Common,21
9129,E9-Q-2426,Common,22
9129,E9-Q-2427,Common,23
9129,E9-Q-2428,Common,24
9129,E9-Q-2429,Common,25
9129,E9-Q-2430,Common,26
9129,E9-Q-2431,Common,27
9129,E9-Q-2432,Common,28
9129,E9-Q-2433,Common,29
9129,E9-Q-2434,Common,30
9129,E9-Q-2435,Common,31
9129,E9-Q-2436,Common,32
9129,E9-Q-2437,Common,33
9129,E9-Q-2438,Common,34
9129,E9-Q-2439,Common,35
9129,E9-Q-2440,Common,36
9211,E9-Q-2022,Exact,1
9211,E9-Q-2023,Exact,2
9211,E9-Q-2024,Exact,3
9211,E9-Q-2025,Exact,4
9211,E9-Q-2026,Exact,5
9211,E9-Q-2410,Common,6
9211,E9-Q-2411,Common,7
9211,E9-Q-2412,Common,8
9211,E9-Q-2413,Common,9
9211,E9-Q-2414,Common,10
9211,E9-Q-2415,Common,11
9211,E9-Q-2416,Common,12
9211,E9-Q-2417,Common,13
9211,E9-Q-2418,Common,14
9211,E9-Q-2419,Common,15
9211,E9-Q-2420,Common,16
9211,E9-Q-2421,Common,17
9211,E9-Q-2422,Common,18
9211,E9-Q-2423,Common,19
9211,E9-Q-2424,Common,20
9211,E9-Q-2425,Common,21
9211,E9-Q-2426,Common,22
9211,E9-Q-2427,Common,23
9211,E9-Q-2428,Common,24
9211,E9-Q-2429,Common,25
9211,E9-Q-2430,Common,26
9211,E9-Q-2431,Common,27
9211,E9-Q-2432,Common,28
9211,E9-Q-2433,Common,29
9211,E9-Q-2434,Common,30
9211,E9-Q-2435,Common,31
9211,E9-Q-2436,Common,32
9211,E9-Q-2437,Common,33
9211,E9-Q-2438,Common,34
9211,E9-Q-2439,Common,35
9211,E9-Q-2440,Common,36
9212,E9-Q-2027,Exact,1
9212,E9-Q-2028,Exact,2
9212,E9-Q-2029,Exact,3
9212,E9-Q-2030,Exact,4
9212,E9-Q-2031,Exact,5
9212,E9-Q-2410,Common,6
9212,E9-Q-2411,Common,7
9212,E9-Q-2412,Common,8
9212,E9-Q-2413,Common,9
9212,E9-Q-2414,Common,10
9212,E9-Q-2415,Common,11
9212,E9-Q-2416,Common,12
9212,E9-Q-2417,Common,13
9212,E9-Q-2418,Common,14
9212,E9-Q-2419,Common,15
9212,E9-Q-2420,Common,16
9212,E9-Q-2421,Common,17
9212,E9-Q-2422,Common,18
9212,E9-Q-2423,Common,19
9212,E9-Q-2424,Common,20
9212,E9-Q-2425,Common,21
9212,E9-Q-2426,Common,22
9212,E9-Q-2427,Common,23
9212,E9-Q-2428,Common,24
9212,E9-Q-2429,Common,25
9212,E9-Q-2430,Common,26
9212,E9-Q-2431,Common,27
9212,E9-Q-2432,Common,28
9212,E9-Q-2433,Common,29
9212,E9-Q-2434,Common,30
9212,E9-Q-2435,Common,31
9212,E9-Q-2436,Common,32
9212,E9-Q-2437,Common,33
9212,E9-Q-2438,Common,34
9212,E9-Q-2439,Common,35
9212,E9-Q-2440,Common,36
9213,E9-Q-2032,Exact,1
9213,E9-Q-2033,Exact,2
9213,E9-Q-2034,Exact,3
9213,E9-Q-2035,Exact,4
9213,E9-Q-2036,Exact,5
9213,E9-Q-2410,Common,6
9213,E9-Q-2411,Common,7
9213,E9-Q-2412,Common,8
9213,E9-Q-2413,Common,9
9213,E9-Q-2414,Common,10
9213,E9-Q-2415,Common,11
9213,E9-Q-2416,Common,12
9213,E9-Q-2417,Common,13
9213,E9-Q-2418,Common,14
9213,E9-Q-2419,Common,15
9213,E9-Q-2420,Common,16
9213,E9-Q-2421,Common,17
9213,E9-Q-2422,Common,18
9213,E9-Q-2423,Common,19
9213,E9-Q-2424,Common,20
9213,E9-Q-2425,Common,21
9213,E9-Q-2426,Common,22
9213,E9-Q-2427,Common,23
9213,E9-Q-2428,Common,24
9213,E9-Q-2429,Common,25
9213,E9-Q-2430,Common,26
9213,E9-Q-2431,Common,27
9213,E9-Q-2432,Common,28
9213,E9-Q-2433,Common,29
9213,E9-Q-2434,Common,30
9213,E9-Q-2435,Common,31
9213,E9-Q-2436,Common,32
9213,E9-Q-2437,Common,33
9213,E9-Q-2438,Common,34
9213,E9-Q-2439,Common,35
9213,E9-Q-2440,Common,36
9214,E9-Q-2037,Exact,1
9214,E9-Q-2038,Exact,2
9214,E9-Q-2039,Exact,3
9214,E9-Q-2040,Exact,4
9214,E9-Q-2041,Exact,5
9214,E9-Q-2410,Common,6
9214,E9-Q-2411,Common,7
9214,E9-Q-2412,Common,8
9214,E9-Q-2413,Common,9
9214,E9-Q-2414,Common,10
9214,E9-Q-2415,Common,11
9214,E9-Q-2416,Common,12
9214,E9-Q-2417,Common,13
9214,E9-Q-2418,Common,14
9214,E9-Q-2419,Common,15
9214,E9-Q-2420,Common,16
9214,E9-Q-2421,Common,17
9214,E9-Q-2422,Common,18
9214,E9-Q-2423,Common,19
9214,E9-Q-2424,Common,20
9214,E9-Q-2425,Common,21
9214,E9-Q-2426,Common,22
9214,E9-Q-2427,Common,23
9214,E9-Q-2428,Common,24
9214,E9-Q-2429,Common,25
9214,E9-Q-2430,Common,26
9214,E9-Q-2431,Common,27
9214,E9-Q-2432,Common,28
9214,E9-Q-2433,Common,29
9214,E9-Q-2434,Common,30
9214,E9-Q-2435,Common,31
9214,E9-Q-2436,Common,32
9214,E9-Q-2437,Common,33
9214,E9-Q-2438,Common,34
9214,E9-Q-2439,Common,35
9214,E9-Q-2440,Common,36
9215,E9-Q-2042,Exact,1
9215,E9-Q-2043,Exact,2
9215,E9-Q-2044,Exact,3
9215,E9-Q-2045,Exact,4
9215,E9-Q-2046,Exact,5
9215,E9-Q-2410,Common,6
9215,E9-Q-2411,Common,7
9215,E9-Q-2412,Common,8
9215,E9-Q-2413,Common,9
9215,E9-Q-2414,Common,10
9215,E9-Q-2415,Common,11
9215,E9-Q-2416,Common,12
9215,E9-Q-2417,Common,13
9215,E9-Q-2418,Common,14
9215,E9-Q-2419,Common,15
9215,E9-Q-2420,Common,16
9215,E9-Q-2421,Common,17
9215,E9-Q-2422,Common,18
9215,E9-Q-2423,Common,19
9215,E9-Q-2424,Common,20
9215,E9-Q-2425,Common,21
9215,E9-Q-2426,Common,22
9215,E9-Q-2427,Common,23
9215,E9-Q-2428,Common,24
9215,E9-Q-2429,Common,25
9215,E9-Q-2430,Common,26
9215,E9-Q-2431,Common,27
9215,E9-Q-2432,Common,28
9215,E9-Q-2433,Common,29
9215,E9-Q-2434,Common,30
9215,E9-Q-2435,Common,31
9215,E9-Q-2436,Common,32
9215,E9-Q-2437,Common,33
9215,E9-Q-2438,Common,34
9215,E9-Q-2439,Common,35
9215,E9-Q-2440,Common,36
9216,E9-Q-2047,Exact,1
9216,E9-Q-2048,Exact,2
9216,E9-Q-2049,Exact,3
9216,E9-Q-2050,Exact,4
9216,E9-Q-2051,Exact,5
9216,E9-Q-2410,Common,6
9216,E9-Q-2411,Common,7
9216,E9-Q-2412,Common,8
9216,E9-Q-2413,Common,9
9216,E9-Q-2414,Common,10
9216,E9-Q-2415,Common,11
9216,E9-Q-2416,Common,12
9216,E9-Q-2417,Common,13
9216,E9-Q-2418,Common,14
9216,E9-Q-2419,Common,15
9216,E9-Q-2420,Common,16
9216,E9-Q-2421,Common,17
9216,E9-Q-2422,Common,18
9216,E9-Q-2423,Common,19
9216,E9-Q-2424,Common,20
9216,E9-Q-2425,Common,21
9216,E9-Q-2426,Common,22
9216,E9-Q-2427,Common,23
9216,E9-Q-2428,Common,24
9216,E9-Q-2429,Common,25
9216,E9-Q-2430,Common,26
9216,E9-Q-2431,Common,27
9216,E9-Q-2432,Common,28
9216,E9-Q-2433,Common,29
9216,E9-Q-2434,Common,30
9216,E9-Q-2435,Common,31
9216,E9-Q-2436,Common,32
9216,E9-Q-2437,Common,33
9216,E9-Q-2438,Common,34
9216,E9-Q-2439,Common,35
9216,E9-Q-2440,Common,36
9219,E9-Q-2052,Exact,1
9219,E9-Q-2053,Exact,2
9219,E9-Q-2054,Exact,3
9219,E9-Q-2055,Exact,4
9219,E9-Q-2056,Exact,5
9219,E9-Q-2410,Common,6
9219,E9-Q-2411,Common,7
9219,E9-Q-2412,Common,8
9219,E9-Q-2413,Common,9
9219,E9-Q-2414,Common,10
9219,E9-Q-2415,Common,11
9219,E9-Q-2416,Common,12
9219,E9-Q-2417,Common,13
9219,E9-Q-2418,Common,14
9219,E9-Q-2419,Common,15
9219,E9-Q-2420,Common,16
9219,E9-Q-2421,Common,17
9219,E9-Q-2422,Common,18
9219,E9-Q-2423,Common,19
9219,E9-Q-2424,Common,20
9219,E9-Q-2425,Common,21
9219,E9-Q-2426,Common,22
9219,E9-Q-2427,Common,23
9219,E9-Q-2428,Common,24
9219,E9-Q-2429,Common,25
9219,E9-Q-2430,Common,26
9219,E9-Q-2431,Common,27
9219,E9-Q-2432,Common,28
9219,E9-Q-2433,Common,29
9219,E9-Q-2434,Common,30
9219,E9-Q-2435,Common,31
9219,E9-Q-2436,Common,32
9219,E9-Q-2437,Common,33
9219,E9-Q-2438,Common,34
9219,E9-Q-2439,Common,35
9219,E9-Q-2440,Common,36
9311,E9-Q-2057,Exact,1
9311,E9-Q-2058,Exact,2
9311,E9-Q-2059,Exact,3
9311,E9-Q-2060,Exact,4
9311,E9-Q-2061,Exact,5
9311,E9-Q-2410,Common,6
9311,E9-Q-2411,Common,7
9311,E9-Q-2412,Common,8
9311,E9-Q-2413,Common,9
9311,E9-Q-2414,Common,10
9311,E9-Q-2415,Common,11
9311,E9-Q-2416,Common,12
9311,E9-Q-2417,Common,13
9311,E9-Q-2418,Common,14
9311,E9-Q-2419,Common,15
9311,E9-Q-2420,Common,16
9311,E9-Q-2421,Common,17
9311,E9-Q-2422,Common,18
9311,E9-Q-2423,Common,19
9311,E9-Q-2424,Common,20
9311,E9-Q-2425,Common,21
9311,E9-Q-2426,Common,22
9311,E9-Q-2427,Common,23
9311,E9-Q-2428,Common,24
9311,E9-Q-2429,Common,25
9311,E9-Q-2430,Common,26
9311,E9-Q-2431,Common,27
9311,E9-Q-2432,Common,28
9311,E9-Q-2433,Common,29
9311,E9-Q-2434,Common,30
9311,E9-Q-2435,Common,31
9311,E9-Q-2436,Common,32
9311,E9-Q-2437,Common,33
9311,E9-Q-2438,Common,34
9311,E9-Q-2439,Common,35
9311,E9-Q-2440,Common,36
9312,E9-Q-2062,Exact,1
9312,E9-Q-2063,Exact,2
9312,E9-Q-2064,Exact,3
9312,E9-Q-2065,Exact,4
9312,E9-Q-2066,Exact,5
9312,E9-Q-2410,Common,6
9312,E9-Q-2411,Common,7
9312,E9-Q-2412,Common,8
9312,E9-Q-2413,Common,9
9312,E9-Q-2414,Common,10
9312,E9-Q-2415,Common,11
9312,E9-Q-2416,Common,12
9312,E9-Q-2417,Common,13
9312,E9-Q-2418,Common,14
9312,E9-Q-2419,Common,15
9312,E9-Q-2420,Common,16
9312,E9-Q-2421,Common,17
9312,E9-Q-2422,Common,18
9312,E9-Q-2423,Common,19
9312,E9-Q-2424,Common,20
9312,E9-Q-2425,Common,21
9312,E9-Q-2426,Common,22
9312,E9-Q-2427,Common,23
9312,E9-Q-2428,Common,24
9312,E9-Q-2429,Common,25
9312,E9-Q-2430,Common,26
9312,E9-Q-2431,Common,27
9312,E9-Q-2432,Common,28
9312,E9-Q-2433,Common,29
9312,E9-Q-2434,Common,30
9312,E9-Q-2435,Common,31
9312,E9-Q-2436,Common,32
9312,E9-Q-2437,Common,33
9312,E9-Q-2438,Common,34
9312,E9-Q-2439,Common,35
9312,E9-Q-2440,Common,36
9313,E9-Q-2067,Exact,1
9313,E9-Q-2068,Exact,2
9313,E9-Q-2069,Exact,3
9313,E9-Q-2070,Exact,4
9313,E9-Q-2071,Exact,5
9313,E9-Q-2410,Common,6
9313,E9-Q-2411,Common,7
9313,E9-Q-2412,Common,8
9313,E9-Q-2413,Common,9
9313,E9-Q-2414,Common,10
9313,E9-Q-2415,Common,11
9313,E9-Q-2416,Common,12
9313,E9-Q-2417,Common,13
9313,E9-Q-2418,Common,14
9313,E9-Q-2419,Common,15
9313,E9-Q-2420,Common,16
9313,E9-Q-2421,Common,17
9313,E9-Q-2422,Common,18
9313,E9-Q-2423,Common,19
9313,E9-Q-2424,Common,20
9313,E9-Q-2425,Common,21
9313,E9-Q-2426,Common,22
9313,E9-Q-2427,Common,23
9313,E9-Q-2428,Common,24
9313,E9-Q-2429,Common,25
9313,E9-Q-2430,Common,26
9313,E9-Q-2431,Common,27
9313,E9-Q-2432,Common,28
9313,E9-Q-2433,Common,29
9313,E9-Q-2434,Common,30
9313,E9-Q-2435,Common,31
9313,E9-Q-2436,Common,32
9313,E9-Q-2437,Common,33
9313,E9-Q-2438,Common,34
9313,E9-Q-2439,Common,35
9313,E9-Q-2440,Common,36
9321,E9-Q-2072,Exact,1
9321,E9-Q-2073,Exact,2
9321,E9-Q-2074,Exact,3
9321,E9-Q-2075,Exact,4
9321,E9-Q-2076,Exact,5
9321,E9-Q-2410,Common,6
9321,E9-Q-2411,Common,7
9321,E9-Q-2412,Common,8
9321,E9-Q-2413,Common,9
9321,E9-Q-2414,Common,10
9321,E9-Q-2415,Common,11
9321,E9-Q-2416,Common,12
9321,E9-Q-2417,Common,13
9321,E9-Q-2418,Common,14
9321,E9-Q-2419,Common,15
9321,E9-Q-2420,Common,16
9321,E9-Q-2421,Common,17
9321,E9-Q-2422,Common,18
9321,E9-Q-2423,Common,19
9321,E9-Q-2424,Common,20
9321,E9-Q-2425,Common,21
9321,E9-Q-2426,Common,22
9321,E9-Q-2427,Common,23
9321,E9-Q-2428,Common,24
9321,E9-Q-2429,Common,25
9321,E9-Q-2430,Common,26
9321,E9-Q-2431,Common,27
9321,E9-Q-2432,Common,28
9321,E9-Q-2433,Common,29
9321,E9-Q-2434,Common,30
9321,E9-Q-2435,Common,31
9321,E9-Q-2436,Common,32
9321,E9-Q-2437,Common,33
9321,E9-Q-2438,Common,34
9321,E9-Q-2439,Common,35
9321,E9-Q-2440,Common,36
9329,E9-Q-2077,Exact,1
9329,E9-Q-2078,Exact,2
9329,E9-Q-2079,Exact,3
9329,E9-Q-2080,Exact,4
9329,E9-Q-2081,Exact,5
9329,E9-Q-2410,Common,6
9329,E9-Q-2411,Common,7
9329,E9-Q-2412,Common,8
9329,E9-Q-2413,Common,9
9329,E9-Q-2414,Common,10
9329,E9-Q-2415,Common,11
9329,E9-Q-2416,Common,12
9329,E9-Q-2417,Common,13
9329,E9-Q-2418,Common,14
9329,E9-Q-2419,Common,15
9329,E9-Q-2420,Common,16
9329,E9-Q-2421,Common,17
9329,E9-Q-2422,Common,18
9329,E9-Q-2423,Common,19
9329,E9-Q-2424,Common,20
9329,E9-Q-2425,Common,21
9329,E9-Q-2426,Common,22
9329,E9-Q-2427,Common,23
9329,E9-Q-2428,Common,24
9329,E9-Q-2429,Common,25
9329,E9-Q-2430,Common,26
9329,E9-Q-2431,Common,27
9329,E9-Q-2432,Common,28
9329,E9-Q-2433,Common,29
9329,E9-Q-2434,Common,30
9329,E9-Q-2435,Common,31
9329,E9-Q-2436,Common,32
9329,E9-Q-2437,Common,33
9329,E9-Q-2438,Common,34
9329,E9-Q-2439,Common,35
9329,E9-Q-2440,Common,36
9331,E9-Q-2082,Exact,1
9331,E9-Q-2083,Exact,2
9331,E9-Q-2084,Exact,3
9331,E9-Q-2085,Exact,4
9331,E9-Q-2086,Exact,5
9331,E9-Q-2410,Common,6
9331,E9-Q-2411,Common,7
9331,E9-Q-2412,Common,8
9331,E9-Q-2413,Common,9
9331,E9-Q-2414,Common,10
9331,E9-Q-2415,Common,11
9331,E9-Q-2416,Common,12
9331,E9-Q-2417,Common,13
9331,E9-Q-2418,Common,14
9331,E9-Q-2419,Common,15
9331,E9-Q-2420,Common,16
9331,E9-Q-2421,Common,17
9331,E9-Q-2422,Common,18
9331,E9-Q-2423,Common,19
9331,E9-Q-2424,Common,20
9331,E9-Q-2425,Common,21
9331,E9-Q-2426,Common,22
9331,E9-Q-2427,Common,23
9331,E9-Q-2428,Common,24
9331,E9-Q-2429,Common,25
9331,E9-Q-2430,Common,26
9331,E9-Q-2431,Common,27
9331,E9-Q-2432,Common,28
9331,E9-Q-2433,Common,29
9331,E9-Q-2434,Common,30
9331,E9-Q-2435,Common,31
9331,E9-Q-2436,Common,32
9331,E9-Q-2437,Common,33
9331,E9-Q-2438,Common,34
9331,E9-Q-2439,Common,35
9331,E9-Q-2440,Common,36
9332,E9-Q-2087,Exact,1
9332,E9-Q-2088,Exact,2
9332,E9-Q-2089,Exact,3
9332,E9-Q-2090,Exact,4
9332,E9-Q-2091,Exact,5
9332,E9-Q-2410,Common,6
9332,E9-Q-2411,Common,7
9332,E9-Q-2412,Common,8
9332,E9-Q-2413,Common,9
9332,E9-Q-2414,Common,10
9332,E9-Q-2415,Common,11
9332,E9-Q-2416,Common,12
9332,E9-Q-2417,Common,13
9332,E9-Q-2418,Common,14
9332,E9-Q-2419,Common,15
9332,E9-Q-2420,Common,16
9332,E9-Q-2421,Common,17
9332,E9-Q-2422,Common,18
9332,E9-Q-2423,Common,19
9332,E9-Q-2424,Common,20
9332,E9-Q-2425,Common,21
9332,E9-Q-2426,Common,22
9332,E9-Q-2427,Common,23
9332,E9-Q-2428,Common,24
9332,E9-Q-2429,Common,25
9332,E9-Q-2430,Common,26
9332,E9-Q-2431,Common,27
9332,E9-Q-2432,Common,28
9332,E9-Q-2433,Common,29
9332,E9-Q-2434,Common,30
9332,E9-Q-2435,Common,31
9332,E9-Q-2436,Common,32
9332,E9-Q-2437,Common,33
9332,E9-Q-2438,Common,34
9332,E9-Q-2439,Common,35
9332,E9-Q-2440,Common,36
9333,E9-Q-2092,Exact,1
9333,E9-Q-2093,Exact,2
9333,E9-Q-2094,Exact,3
9333,E9-Q-2095,Exact,4
9333,E9-Q-2096,Exact,5
9333,E9-Q-2410,Common,6
9333,E9-Q-2411,Common,7
9333,E9-Q-2412,Common,8
9333,E9-Q-2413,Common,9
9333,E9-Q-2414,Common,10
9333,E9-Q-2415,Common,11
9333,E9-Q-2416,Common,12
9333,E9-Q-2417,Common,13
9333,E9-Q-2418,Common,14
9333,E9-Q-2419,Common,15
9333,E9-Q-2420,Common,16
9333,E9-Q-2421,Common,17
9333,E9-Q-2422,Common,18
9333,E9-Q-2423,Common,19
9333,E9-Q-2424,Common,20
9333,E9-Q-2425,Common,21
9333,E9-Q-2426,Common,22
9333,E9-Q-2427,Common,23
9333,E9-Q-2428,Common,24
9333,E9-Q-2429,Common,25
9333,E9-Q-2430,Common,26
9333,E9-Q-2431,Common,27
9333,E9-Q-2432,Common,28
9333,E9-Q-2433,Common,29
9333,E9-Q-2434,Common,30
9333,E9-Q-2435,Common,31
9333,E9-Q-2436,Common,32
9333,E9-Q-2437,Common,33
9333,E9-Q-2438,Common,34
9333,E9-Q-2439,Common,35
9333,E9-Q-2440,Common,36
9334,E9-Q-2097,Exact,1
9334,E9-Q-2098,Exact,2
9334,E9-Q-2099,Exact,3
9334,E9-Q-2100,Exact,4
9334,E9-Q-2101,Exact,5
9334,E9-Q-2410,Common,6
9334,E9-Q-2411,Common,7
9334,E9-Q-2412,Common,8
9334,E9-Q-2413,Common,9
9334,E9-Q-2414,Common,10
9334,E9-Q-2415,Common,11
9334,E9-Q-2416,Common,12
9334,E9-Q-2417,Common,13
9334,E9-Q-2418,Common,14
9334,E9-Q-2419,Common,15
9334,E9-Q-2420,Common,16
9334,E9-Q-2421,Common,17
9334,E9-Q-2422,Common,18
9334,E9-Q-2423,Common,19
9334,E9-Q-2424,Common,20
9334,E9-Q-2425,Common,21
9334,E9-Q-2426,Common,22
9334,E9-Q-2427,Common,23
9334,E9-Q-2428,Common,24
9334,E9-Q-2429,Common,25
9334,E9-Q-2430,Common,26
9334,E9-Q-2431,Common,27
9334,E9-Q-2432,Common,28
9334,E9-Q-2433,Common,29
9334,E9-Q-2434,Common,30
9334,E9-Q-2435,Common,31
9334,E9-Q-2436,Common,32
9334,E9-Q-2437,Common,33
9334,E9-Q-2438,Common,34
9334,E9-Q-2439,Common,35
9334,E9-Q-2440,Common,36
9411,E9-Q-2102,Exact,1
9411,E9-Q-2103,Exact,2
9411,E9-Q-2104,Exact,3
9411,E9-Q-2105,Exact,4
9411,E9-Q-2106,Exact,5
9411,E9-Q-2410,Common,6
9411,E9-Q-2411,Common,7
9411,E9-Q-2412,Common,8
9411,E9-Q-2413,Common,9
9411,E9-Q-2414,Common,10
9411,E9-Q-2415,Common,11
9411,E9-Q-2416,Common,12
9411,E9-Q-2417,Common,13
9411,E9-Q-2418,Common,14
9411,E9-Q-2419,Common,15
9411,E9-Q-2420,Common,16
9411,E9-Q-2421,Common,17
9411,E9-Q-2422,Common,18
9411,E9-Q-2423,Common,19
9411,E9-Q-2424,Common,20
9411,E9-Q-2425,Common,21
9411,E9-Q-2426,Common,22
9411,E9-Q-2427,Common,23
9411,E9-Q-2428,Common,24
9411,E9-Q-2429,Common,25
9411,E9-Q-2430,Common,26
9411,E9-Q-2431,Common,27
9411,E9-Q-2432,Common,28
9411,E9-Q-2433,Common,29
9411,E9-Q-2434,Common,30
9411,E9-Q-2435,Common,31
9411,E9-Q-2436,Common,32
9411,E9-Q-2437,Common,33
9411,E9-Q-2438,Common,34
9411,E9-Q-2439,Common,35
9411,E9-Q-2440,Common,36
9412,E9-Q-2107,Exact,1
9412,E9-Q-2108,Exact,2
9412,E9-Q-2109,Exact,3
9412,E9-Q-2110,Exact,4
9412,E9-Q-2111,Exact,5
9412,E9-Q-2410,Common,6
9412,E9-Q-2411,Common,7
9412,E9-Q-2412,Common,8
9412,E9-Q-2413,Common,9
9412,E9-Q-2414,Common,10
9412,E9-Q-2415,Common,11
9412,E9-Q-2416,Common,12
9412,E9-Q-2417,Common,13
9412,E9-Q-2418,Common,14
9412,E9-Q-2419,Common,15
9412,E9-Q-2420,Common,16
9412,E9-Q-2421,Common,17
9412,E9-Q-2422,Common,18
9412,E9-Q-2423,Common,19
9412,E9-Q-2424,Common,20
9412,E9-Q-2425,Common,21
9412,E9-Q-2426,Common,22
9412,E9-Q-2427,Common,23
9412,E9-Q-2428,Common,24
9412,E9-Q-2429,Common,25
9412,E9-Q-2430,Common,26
9412,E9-Q-2431,Common,27
9412,E9-Q-2432,Common,28
9412,E9-Q-2433,Common,29
9412,E9-Q-2434,Common,30
9412,E9-Q-2435,Common,31
9412,E9-Q-2436,Common,32
9412,E9-Q-2437,Common,33
9412,E9-Q-2438,Common,34
9412,E9-Q-2439,Common,35
9412,E9-Q-2440,Common,36
9511,E9-Q-2112,Exact,1
9511,E9-Q-2113,Exact,2
9511,E9-Q-2114,Exact,3
9511,E9-Q-2115,Exact,4
9511,E9-Q-2116,Exact,5
9511,E9-Q-2410,Common,6
9511,E9-Q-2411,Common,7
9511,E9-Q-2412,Common,8
9511,E9-Q-2413,Common,9
9511,E9-Q-2414,Common,10
9511,E9-Q-2415,Common,11
9511,E9-Q-2416,Common,12
9511,E9-Q-2417,Common,13
9511,E9-Q-2418,Common,14
9511,E9-Q-2419,Common,15
9511,E9-Q-2420,Common,16
9511,E9-Q-2421,Common,17
9511,E9-Q-2422,Common,18
9511,E9-Q-2423,Common,19
9511,E9-Q-2424,Common,20
9511,E9-Q-2425,Common,21
9511,E9-Q-2426,Common,22
9511,E9-Q-2427,Common,23
9511,E9-Q-2428,Common,24
9511,E9-Q-2429,Common,25
9511,E9-Q-2430,Common,26
9511,E9-Q-2431,Common,27
9511,E9-Q-2432,Common,28
9511,E9-Q-2433,Common,29
9511,E9-Q-2434,Common,30
9511,E9-Q-2435,Common,31
9511,E9-Q-2436,Common,32
9511,E9-Q-2437,Common,33
9511,E9-Q-2438,Common,34
9511,E9-Q-2439,Common,35
9511,E9-Q-2440,Common,36
9521,E9-Q-2117,Exact,1
9521,E9-Q-2118,Exact,2
9521,E9-Q-2119,Exact,3
9521,E9-Q-2120,Exact,4
9521,E9-Q-2121,Exact,5
9521,E9-Q-2410,Common,6
9521,E9-Q-2411,Common,7
9521,E9-Q-2412,Common,8
9521,E9-Q-2413,Common,9
9521,E9-Q-2414,Common,10
9521,E9-Q-2415,Common,11
9521,E9-Q-2416,Common,12
9521,E9-Q-2417,Common,13
9521,E9-Q-2418,Common,14
9521,E9-Q-2419,Common,15
9521,E9-Q-2420,Common,16
9521,E9-Q-2421,Common,17
9521,E9-Q-2422,Common,18
9521,E9-Q-2423,Common,19
9521,E9-Q-2424,Common,20
9521,E9-Q-2425,Common,21
9521,E9-Q-2426,Common,22
9521,E9-Q-2427,Common,23
9521,E9-Q-2428,Common,24
9521,E9-Q-2429,Common,25
9521,E9-Q-2430,Common,26
9521,E9-Q-2431,Common,27
9521,E9-Q-2432,Common,28
9521,E9-Q-2433,Common,29
9521,E9-Q-2434,Common,30
9521,E9-Q-2435,Common,31
9521,E9-Q-2436,Common,32
9521,E9-Q-2437,Common,33
9521,E9-Q-2438,Common,34
9521,E9-Q-2439,Common,35
9521,E9-Q-2440,Common,36
9611,E9-Q-2122,Exact,1
9611,E9-Q-2123,Exact,2
9611,E9-Q-2124,Exact,3
9611,E9-Q-2125,Exact,4
9611,E9-Q-2126,Exact,5
9611,E9-Q-2410,Common,6
9611,E9-Q-2411,Common,7
9611,E9-Q-2412,Common,8
9611,E9-Q-2413,Common,9
9611,E9-Q-2414,Common,10
9611,E9-Q-2415,Common,11
9611,E9-Q-2416,Common,12
9611,E9-Q-2417,Common,13
9611,E9-Q-2418,Common,14
9611,E9-Q-2419,Common,15
9611,E9-Q-2420,Common,16
9611,E9-Q-2421,Common,17
9611,E9-Q-2422,Common,18
9611,E9-Q-2423,Common,19
9611,E9-Q-2424,Common,20
9611,E9-Q-2425,Common,21
9611,E9-Q-2426,Common,22
9611,E9-Q-2427,Common,23
9611,E9-Q-2428,Common,24
9611,E9-Q-2429,Common,25
9611,E9-Q-2430,Common,26
9611,E9-Q-2431,Common,27
9611,E9-Q-2432,Common,28
9611,E9-Q-2433,Common,29
9611,E9-Q-2434,Common,30
9611,E9-Q-2435,Common,31
9611,E9-Q-2436,Common,32
9611,E9-Q-2437,Common,33
9611,E9-Q-2438,Common,34
9611,E9-Q-2439,Common,35
9611,E9-Q-2440,Common,36
9612,E9-Q-2127,Exact,1
9612,E9-Q-2128,Exact,2
9612,E9-Q-2129,Exact,3
9612,E9-Q-2130,Exact,4
9612,E9-Q-2131,Exact,5
9612,E9-Q-2410,Common,6
9612,E9-Q-2411,Common,7
9612,E9-Q-2412,Common,8
9612,E9-Q-2413,Common,9
9612,E9-Q-2414,Common,10
9612,E9-Q-2415,Common,11
9612,E9-Q-2416,Common,12
9612,E9-Q-2417,Common,13
9612,E9-Q-2418,Common,14
9612,E9-Q-2419,Common,15
9612,E9-Q-2420,Common,16
9612,E9-Q-2421,Common,17
9612,E9-Q-2422,Common,18
9612,E9-Q-2423,Common,19
9612,E9-Q-2424,Common,20
9612,E9-Q-2425,Common,21
9612,E9-Q-2426,Common,22
9612,E9-Q-2427,Common,23
9612,E9-Q-2428,Common,24
9612,E9-Q-2429,Common,25
9612,E9-Q-2430,Common,26
9612,E9-Q-2431,Common,27
9612,E9-Q-2432,Common,28
9612,E9-Q-2433,Common,29
9612,E9-Q-2434,Common,30
9612,E9-Q-2435,Common,31
9612,E9-Q-2436,Common,32
9612,E9-Q-2437,Common,33
9612,E9-Q-2438,Common,34
9612,E9-Q-2439,Common,35
9612,E9-Q-2440,Common,36
9613,E9-Q-2132,Exact,1
9613,E9-Q-2133,Exact,2
9613,E9-Q-2134,Exact,3
9613,E9-Q-2135,Exact,4
9613,E9-Q-2136,Exact,5
9613,E9-Q-2410,Common,6
9613,E9-Q-2411,Common,7
9613,E9-Q-2412,Common,8
9613,E9-Q-2413,Common,9
9613,E9-Q-2414,Common,10
9613,E9-Q-2415,Common,11
9613,E9-Q-2416,Common,12
9613,E9-Q-2417,Common,13
9613,E9-Q-2418,Common,14
9613,E9-Q-2419,Common,15
9613,E9-Q-2420,Common,16
9613,E9-Q-2421,Common,17
9613,E9-Q-2422,Common,18
9613,E9-Q-2423,Common,19
9613,E9-Q-2424,Common,20
9613,E9-Q-2425,Common,21
9613,E9-Q-2426,Common,22
9613,E9-Q-2427,Common,23
9613,E9-Q-2428,Common,24
9613,E9-Q-2429,Common,25
9613,E9-Q-2430,Common,26
9613,E9-Q-2431,Common,27
9613,E9-Q-2432,Common,28
9613,E9-Q-2433,Common,29
9613,E9-Q-2434,Common,30
9613,E9-Q-2435,Common,31
9613,E9-Q-2436,Common,32
9613,E9-Q-2437,Common,33
9613,E9-Q-2438,Common,34
9613,E9-Q-2439,Common,35
9613,E9-Q-2440,Common,36
9621,E9-Q-2137,Exact,1
9621,E9-Q-2138,Exact,2
9621,E9-Q-2139,Exact,3
9621,E9-Q-2140,Exact,4
9621,E9-Q-2141,Exact,5
9621,E9-Q-2410,Common,6
9621,E9-Q-2411,Common,7
9621,E9-Q-2412,Common,8
9621,E9-Q-2413,Common,9
9621,E9-Q-2414,Common,10
9621,E9-Q-2415,Common,11
9621,E9-Q-2416,Common,12
9621,E9-Q-2417,Common,13
9621,E9-Q-2418,Common,14
9621,E9-Q-2419,Common,15
9621,E9-Q-2420,Common,16
9621,E9-Q-2421,Common,17
9621,E9-Q-2422,Common,18
9621,E9-Q-2423,Common,19
9621,E9-Q-2424,Common,20
9621,E9-Q-2425,Common,21
9621,E9-Q-2426,Common,22
9621,E9-Q-2427,Common,23
9621,E9-Q-2428,Common,24
9621,E9-Q-2429,Common,25
9621,E9-Q-2430,Common,26
9621,E9-Q-2431,Common,27
9621,E9-Q-2432,Common,28
9621,E9-Q-2433,Common,29
9621,E9-Q-2434,Common,30
9621,E9-Q-2435,Common,31
9621,E9-Q-2436,Common,32
9621,E9-Q-2437,Common,33
9621,E9-Q-2438,Common,34
9621,E9-Q-2439,Common,35
9621,E9-Q-2440,Common,36
9622,E9-Q-2142,Exact,1
9622,E9-Q-2143,Exact,2
9622,E9-Q-2144,Exact,3
9622,E9-Q-2145,Exact,4
9622,E9-Q-2146,Exact,5
9622,E9-Q-2410,Common,6
9622,E9-Q-2411,Common,7
9622,E9-Q-2412,Common,8
9622,E9-Q-2413,Common,9
9622,E9-Q-2414,Common,10
9622,E9-Q-2415,Common,11
9622,E9-Q-2416,Common,12
9622,E9-Q-2417,Common,13
9622,E9-Q-2418,Common,14
9622,E9-Q-2419,Common,15
9622,E9-Q-2420,Common,16
9622,E9-Q-2421,Common,17
9622,E9-Q-2422,Common,18
9622,E9-Q-2423,Common,19
9622,E9-Q-2424,Common,20
9622,E9-Q-2425,Common,21
9622,E9-Q-2426,Common,22
9622,E9-Q-2427,Common,23
9622,E9-Q-2428,Common,24
9622,E9-Q-2429,Common,25
9622,E9-Q-2430,Common,26
9622,E9-Q-2431,Common,27
9622,E9-Q-2432,Common,28
9622,E9-Q-2433,Common,29
9622,E9-Q-2434,Common,30
9622,E9-Q-2435,Common,31
9622,E9-Q-2436,Common,32
9622,E9-Q-2437,Common,33
9622,E9-Q-2438,Common,34
9622,E9-Q-2439,Common,35
9622,E9-Q-2440,Common,36
9623,E9-Q-2147,Exact,1
9623,E9-Q-2148,Exact,2
9623,E9-Q-2149,Exact,3
9623,E9-Q-2150,Exact,4
9623,E9-Q-2151,Exact,5
9623,E9-Q-2410,Common,6
9623,E9-Q-2411,Common,7
9623,E9-Q-2412,Common,8
9623,E9-Q-2413,Common,9
9623,E9-Q-2414,Common,10
9623,E9-Q-2415,Common,11
9623,E9-Q-2416,Common,12
9623,E9-Q-2417,Common,13
9623,E9-Q-2418,Common,14
9623,E9-Q-2419,Common,15
9623,E9-Q-2420,Common,16
9623,E9-Q-2421,Common,17
9623,E9-Q-2422,Common,18
9623,E9-Q-2423,Common,19
9623,E9-Q-2424,Common,20
9623,E9-Q-2425,Common,21
9623,E9-Q-2426,Common,22
9623,E9-Q-2427,Common,23
9623,E9-Q-2428,Common,24
9623,E9-Q-2429,Common,25
9623,E9-Q-2430,Common,26
9623,E9-Q-2431,Common,27
9623,E9-Q-2432,Common,28
9623,E9-Q-2433,Common,29
9623,E9-Q-2434,Common,30
9623,E9-Q-2435,Common,31
9623,E9-Q-2436,Common,32
9623,E9-Q-2437,Common,33
9623,E9-Q-2438,Common,34
9623,E9-Q-2439,Common,35
9623,E9-Q-2440,Common,36
9624,E9-Q-2152,Exact,1
9624,E9-Q-2153,Exact,2
9624,E9-Q-2154,Exact,3
9624,E9-Q-2155,Exact,4
9624,E9-Q-2156,Exact,5
9624,E9-Q-2410,Common,6
9624,E9-Q-2411,Common,7
9624,E9-Q-2412,Common,8
9624,E9-Q-2413,Common,9
9624,E9-Q-2414,Common,10
9624,E9-Q-2415,Common,11
9624,E9-Q-2416,Common,12
9624,E9-Q-2417,Common,13
9624,E9-Q-2418,Common,14
9624,E9-Q-2419,Common,15
9624,E9-Q-2420,Common,16
9624,E9-Q-2421,Common,17
9624,E9-Q-2422,Common,18
9624,E9-Q-2423,Common,19
9624,E9-Q-2424,Common,20
9624,E9-Q-2425,Common,21
9624,E9-Q-2426,Common,22
9624,E9-Q-2427,Common,23
9624,E9-Q-2428,Common,24
9624,E9-Q-2429,Common,25
9624,E9-Q-2430,Common,26
9624,E9-Q-2431,Common,27
9624,E9-Q-2432,Common,28
9624,E9-Q-2433,Common,29
9624,E9-Q-2434,Common,30
9624,E9-Q-2435,Common,31
9624,E9-Q-2436,Common,32
9624,E9-Q-2437,Common,33
9624,E9-Q-2438,Common,34
9624,E9-Q-2439,Common,35
9624,E9-Q-2440,Common,36
9625,E9-Q-2157,Exact,1
9625,E9-Q-2158,Exact,2
9625,E9-Q-2159,Exact,3
9625,E9-Q-2160,Exact,4
9625,E9-Q-2161,Exact,5
9625,E9-Q-2410,Common,6
9625,E9-Q-2411,Common,7
9625,E9-Q-2412,Common,8
9625,E9-Q-2413,Common,9
9625,E9-Q-2414,Common,10
9625,E9-Q-2415,Common,11
9625,E9-Q-2416,Common,12
9625,E9-Q-2417,Common,13
9625,E9-Q-2418,Common,14
9625,E9-Q-2419,Common,15
9625,E9-Q-2420,Common,16
9625,E9-Q-2421,Common,17
9625,E9-Q-2422,Common,18
9625,E9-Q-2423,Common,19
9625,E9-Q-2424,Common,20
9625,E9-Q-2425,Common,21
9625,E9-Q-2426,Common,22
9625,E9-Q-2427,Common,23
9625,E9-Q-2428,Common,24
9625,E9-Q-2429,Common,25
9625,E9-Q-2430,Common,26
9625,E9-Q-2431,Common,27
9625,E9-Q-2432,Common,28
9625,E9-Q-2433,Common,29
9625,E9-Q-2434,Common,30
9625,E9-Q-2435,Common,31
9625,E9-Q-2436,Common,32
9625,E9-Q-2437,Common,33
9625,E9-Q-2438,Common,34
9625,E9-Q-2439,Common,35
9625,E9-Q-2440,Common,36
1212,E9-Q-2162,Exact,1
1212,E9-Q-2163,Exact,2
1212,E9-Q-0341,Family,3
1212,E9-Q-0342,Family,4
1212,E9-Q-0343,Family,5
1212,E9-Q-0344,Family,6
1212,E9-Q-0345,Family,7
1212,E9-Q-2410,Common,8
1212,E9-Q-2411,Common,9
1212,E9-Q-2412,Common,10
1212,E9-Q-2413,Common,11
1212,E9-Q-2414,Common,12
1212,E9-Q-2415,Common,13
1212,E9-Q-2416,Common,14
1212,E9-Q-2417,Common,15
1212,E9-Q-2418,Common,16
1212,E9-Q-2419,Common,17
1212,E9-Q-2420,Common,18
1212,E9-Q-2421,Common,19
1212,E9-Q-2422,Common,20
1212,E9-Q-2423,Common,21
1212,E9-Q-2424,Common,22
1212,E9-Q-2425,Common,23
1212,E9-Q-2426,Common,24
1212,E9-Q-2427,Common,25
1212,E9-Q-2428,Common,26
1212,E9-Q-2429,Common,27
1212,E9-Q-2430,Common,28
1212,E9-Q-2431,Common,29
1212,E9-Q-2432,Common,30
1212,E9-Q-2433,Common,31
1212,E9-Q-2434,Common,32
1212,E9-Q-2435,Common,33
1212,E9-Q-2436,Common,34
1212,E9-Q-2437,Common,35
1212,E9-Q-2438,Common,36
1212,E9-Q-2439,Common,37
1212,E9-Q-2440,Common,38
1213,E9-Q-2164,Exact,1
1213,E9-Q-2165,Exact,2
1213,E9-Q-0341,Family,3
1213,E9-Q-0342,Family,4
1213,E9-Q-0343,Family,5
1213,E9-Q-0344,Family,6
1213,E9-Q-0345,Family,7
1213,E9-Q-2410,Common,8
1213,E9-Q-2411,Common,9
1213,E9-Q-2412,Common,10
1213,E9-Q-2413,Common,11
1213,E9-Q-2414,Common,12
1213,E9-Q-2415,Common,13
1213,E9-Q-2416,Common,14
1213,E9-Q-2417,Common,15
1213,E9-Q-2418,Common,16
1213,E9-Q-2419,Common,17
1213,E9-Q-2420,Common,18
1213,E9-Q-2421,Common,19
1213,E9-Q-2422,Common,20
1213,E9-Q-2423,Common,21
1213,E9-Q-2424,Common,22
1213,E9-Q-2425,Common,23
1213,E9-Q-2426,Common,24
1213,E9-Q-2427,Common,25
1213,E9-Q-2428,Common,26
1213,E9-Q-2429,Common,27
1213,E9-Q-2430,Common,28
1213,E9-Q-2431,Common,29
1213,E9-Q-2432,Common,30
1213,E9-Q-2433,Common,31
1213,E9-Q-2434,Common,32
1213,E9-Q-2435,Common,33
1213,E9-Q-2436,Common,34
1213,E9-Q-2437,Common,35
1213,E9-Q-2438,Common,36
1213,E9-Q-2439,Common,37
1213,E9-Q-2440,Common,38
1215,E9-Q-2166,Exact,1
1215,E9-Q-2167,Exact,2
1215,E9-Q-0341,Family,3
1215,E9-Q-0342,Family,4
1215,E9-Q-0343,Family,5
1215,E9-Q-0344,Family,6
1215,E9-Q-0345,Family,7
1215,E9-Q-2410,Common,8
1215,E9-Q-2411,Common,9
1215,E9-Q-2412,Common,10
1215,E9-Q-2413,Common,11
1215,E9-Q-2414,Common,12
1215,E9-Q-2415,Common,13
1215,E9-Q-2416,Common,14
1215,E9-Q-2417,Common,15
1215,E9-Q-2418,Common,16
1215,E9-Q-2419,Common,17
1215,E9-Q-2420,Common,18
1215,E9-Q-2421,Common,19
1215,E9-Q-2422,Common,20
1215,E9-Q-2423,Common,21
1215,E9-Q-2424,Common,22
1215,E9-Q-2425,Common,23
1215,E9-Q-2426,Common,24
1215,E9-Q-2427,Common,25
1215,E9-Q-2428,Common,26
1215,E9-Q-2429,Common,27
1215,E9-Q-2430,Common,28
1215,E9-Q-2431,Common,29
1215,E9-Q-2432,Common,30
1215,E9-Q-2433,Common,31
1215,E9-Q-2434,Common,32
1215,E9-Q-2435,Common,33
1215,E9-Q-2436,Common,34
1215,E9-Q-2437,Common,35
1215,E9-Q-2438,Common,36
1215,E9-Q-2439,Common,37
1215,E9-Q-2440,Common,38
1216,E9-Q-2168,Exact,1
1216,E9-Q-2169,Exact,2
1216,E9-Q-0341,Family,3
1216,E9-Q-0342,Family,4
1216,E9-Q-0343,Family,5
1216,E9-Q-0344,Family,6
1216,E9-Q-0345,Family,7
1216,E9-Q-2410,Common,8
1216,E9-Q-2411,Common,9
1216,E9-Q-2412,Common,10
1216,E9-Q-2413,Common,11
1216,E9-Q-2414,Common,12
1216,E9-Q-2415,Common,13
1216,E9-Q-2416,Common,14
1216,E9-Q-2417,Common,15
1216,E9-Q-2418,Common,16
1216,E9-Q-2419,Common,17
1216,E9-Q-2420,Common,18
1216,E9-Q-2421,Common,19
1216,E9-Q-2422,Common,20
1216,E9-Q-2423,Common,21
1216,E9-Q-2424,Common,22
1216,E9-Q-2425,Common,23
1216,E9-Q-2426,Common,24
1216,E9-Q-2427,Common,25
1216,E9-Q-2428,Common,26
1216,E9-Q-2429,Common,27
1216,E9-Q-2430,Common,28
1216,E9-Q-2431,Common,29
1216,E9-Q-2432,Common,30
1216,E9-Q-2433,Common,31
1216,E9-Q-2434,Common,32
1216,E9-Q-2435,Common,33
1216,E9-Q-2436,Common,34
1216,E9-Q-2437,Common,35
1216,E9-Q-2438,Common,36
1216,E9-Q-2439,Common,37
1216,E9-Q-2440,Common,38
1219,E9-Q-2170,Exact,1
1219,E9-Q-2171,Exact,2
1219,E9-Q-0341,Family,3
1219,E9-Q-0342,Family,4
1219,E9-Q-0343,Family,5
1219,E9-Q-0344,Family,6
1219,E9-Q-0345,Family,7
1219,E9-Q-2410,Common,8
1219,E9-Q-2411,Common,9
1219,E9-Q-2412,Common,10
1219,E9-Q-2413,Common,11
1219,E9-Q-2414,Common,12
1219,E9-Q-2415,Common,13
1219,E9-Q-2416,Common,14
1219,E9-Q-2417,Common,15
1219,E9-Q-2418,Common,16
1219,E9-Q-2419,Common,17
1219,E9-Q-2420,Common,18
1219,E9-Q-2421,Common,19
1219,E9-Q-2422,Common,20
1219,E9-Q-2423,Common,21
1219,E9-Q-2424,Common,22
1219,E9-Q-2425,Common,23
1219,E9-Q-2426,Common,24
1219,E9-Q-2427,Common,25
1219,E9-Q-2428,Common,26
1219,E9-Q-2429,Common,27
1219,E9-Q-2430,Common,28
1219,E9-Q-2431,Common,29
1219,E9-Q-2432,Common,30
1219,E9-Q-2433,Common,31
1219,E9-Q-2434,Common,32
1219,E9-Q-2435,Common,33
1219,E9-Q-2436,Common,34
1219,E9-Q-2437,Common,35
1219,E9-Q-2438,Common,36
1219,E9-Q-2439,Common,37
1219,E9-Q-2440,Common,38
1222,E9-Q-2172,Exact,1
1222,E9-Q-2173,Exact,2
1222,E9-Q-0346,Family,3
1222,E9-Q-0347,Family,4
1222,E9-Q-0348,Family,5
1222,E9-Q-0349,Family,6
1222,E9-Q-0350,Family,7
1222,E9-Q-2410,Common,8
1222,E9-Q-2411,Common,9
1222,E9-Q-2412,Common,10
1222,E9-Q-2413,Common,11
1222,E9-Q-2414,Common,12
1222,E9-Q-2415,Common,13
1222,E9-Q-2416,Common,14
1222,E9-Q-2417,Common,15
1222,E9-Q-2418,Common,16
1222,E9-Q-2419,Common,17
1222,E9-Q-2420,Common,18
1222,E9-Q-2421,Common,19
1222,E9-Q-2422,Common,20
1222,E9-Q-2423,Common,21
1222,E9-Q-2424,Common,22
1222,E9-Q-2425,Common,23
1222,E9-Q-2426,Common,24
1222,E9-Q-2427,Common,25
1222,E9-Q-2428,Common,26
1222,E9-Q-2429,Common,27
1222,E9-Q-2430,Common,28
1222,E9-Q-2431,Common,29
1222,E9-Q-2432,Common,30
1222,E9-Q-2433,Common,31
1222,E9-Q-2434,Common,32
1222,E9-Q-2435,Common,33
1222,E9-Q-2436,Common,34
1222,E9-Q-2437,Common,35
1222,E9-Q-2438,Common,36
1222,E9-Q-2439,Common,37
1222,E9-Q-2440,Common,38
1223,E9-Q-2174,Exact,1
1223,E9-Q-2175,Exact,2
1223,E9-Q-0346,Family,3
1223,E9-Q-0347,Family,4
1223,E9-Q-0348,Family,5
1223,E9-Q-0349,Family,6
1223,E9-Q-0350,Family,7
1223,E9-Q-2410,Common,8
1223,E9-Q-2411,Common,9
1223,E9-Q-2412,Common,10
1223,E9-Q-2413,Common,11
1223,E9-Q-2414,Common,12
1223,E9-Q-2415,Common,13
1223,E9-Q-2416,Common,14
1223,E9-Q-2417,Common,15
1223,E9-Q-2418,Common,16
1223,E9-Q-2419,Common,17
1223,E9-Q-2420,Common,18
1223,E9-Q-2421,Common,19
1223,E9-Q-2422,Common,20
1223,E9-Q-2423,Common,21
1223,E9-Q-2424,Common,22
1223,E9-Q-2425,Common,23
1223,E9-Q-2426,Common,24
1223,E9-Q-2427,Common,25
1223,E9-Q-2428,Common,26
1223,E9-Q-2429,Common,27
1223,E9-Q-2430,Common,28
1223,E9-Q-2431,Common,29
1223,E9-Q-2432,Common,30
1223,E9-Q-2433,Common,31
1223,E9-Q-2434,Common,32
1223,E9-Q-2435,Common,33
1223,E9-Q-2436,Common,34
1223,E9-Q-2437,Common,35
1223,E9-Q-2438,Common,36
1223,E9-Q-2439,Common,37
1223,E9-Q-2440,Common,38
1322,E9-Q-2176,Exact,1
1322,E9-Q-2177,Exact,2
1322,E9-Q-0351,Family,3
1322,E9-Q-0352,Family,4
1322,E9-Q-0353,Family,5
1322,E9-Q-0354,Family,6
1322,E9-Q-0355,Family,7
1322,E9-Q-2410,Common,8
1322,E9-Q-2411,Common,9
1322,E9-Q-2412,Common,10
1322,E9-Q-2413,Common,11
1322,E9-Q-2414,Common,12
1322,E9-Q-2415,Common,13
1322,E9-Q-2416,Common,14
1322,E9-Q-2417,Common,15
1322,E9-Q-2418,Common,16
1322,E9-Q-2419,Common,17
1322,E9-Q-2420,Common,18
1322,E9-Q-2421,Common,19
1322,E9-Q-2422,Common,20
1322,E9-Q-2423,Common,21
1322,E9-Q-2424,Common,22
1322,E9-Q-2425,Common,23
1322,E9-Q-2426,Common,24
1322,E9-Q-2427,Common,25
1322,E9-Q-2428,Common,26
1322,E9-Q-2429,Common,27
1322,E9-Q-2430,Common,28
1322,E9-Q-2431,Common,29
1322,E9-Q-2432,Common,30
1322,E9-Q-2433,Common,31
1322,E9-Q-2434,Common,32
1322,E9-Q-2435,Common,33
1322,E9-Q-2436,Common,34
1322,E9-Q-2437,Common,35
1322,E9-Q-2438,Common,36
1322,E9-Q-2439,Common,37
1322,E9-Q-2440,Common,38
1323,E9-Q-2178,Exact,1
1323,E9-Q-2179,Exact,2
1323,E9-Q-0351,Family,3
1323,E9-Q-0352,Family,4
1323,E9-Q-0353,Family,5
1323,E9-Q-0354,Family,6
1323,E9-Q-0355,Family,7
1323,E9-Q-2410,Common,8
1323,E9-Q-2411,Common,9
1323,E9-Q-2412,Common,10
1323,E9-Q-2413,Common,11
1323,E9-Q-2414,Common,12
1323,E9-Q-2415,Common,13
1323,E9-Q-2416,Common,14
1323,E9-Q-2417,Common,15
1323,E9-Q-2418,Common,16
1323,E9-Q-2419,Common,17
1323,E9-Q-2420,Common,18
1323,E9-Q-2421,Common,19
1323,E9-Q-2422,Common,20
1323,E9-Q-2423,Common,21
1323,E9-Q-2424,Common,22
1323,E9-Q-2425,Common,23
1323,E9-Q-2426,Common,24
1323,E9-Q-2427,Common,25
1323,E9-Q-2428,Common,26
1323,E9-Q-2429,Common,27
1323,E9-Q-2430,Common,28
1323,E9-Q-2431,Common,29
1323,E9-Q-2432,Common,30
1323,E9-Q-2433,Common,31
1323,E9-Q-2434,Common,32
1323,E9-Q-2435,Common,33
1323,E9-Q-2436,Common,34
1323,E9-Q-2437,Common,35
1323,E9-Q-2438,Common,36
1323,E9-Q-2439,Common,37
1323,E9-Q-2440,Common,38
1324,E9-Q-2180,Exact,1
1324,E9-Q-2181,Exact,2
1324,E9-Q-0351,Family,3
1324,E9-Q-0352,Family,4
1324,E9-Q-0353,Family,5
1324,E9-Q-0354,Family,6
1324,E9-Q-0355,Family,7
1324,E9-Q-2410,Common,8
1324,E9-Q-2411,Common,9
1324,E9-Q-2412,Common,10
1324,E9-Q-2413,Common,11
1324,E9-Q-2414,Common,12
1324,E9-Q-2415,Common,13
1324,E9-Q-2416,Common,14
1324,E9-Q-2417,Common,15
1324,E9-Q-2418,Common,16
1324,E9-Q-2419,Common,17
1324,E9-Q-2420,Common,18
1324,E9-Q-2421,Common,19
1324,E9-Q-2422,Common,20
1324,E9-Q-2423,Common,21
1324,E9-Q-2424,Common,22
1324,E9-Q-2425,Common,23
1324,E9-Q-2426,Common,24
1324,E9-Q-2427,Common,25
1324,E9-Q-2428,Common,26
1324,E9-Q-2429,Common,27
1324,E9-Q-2430,Common,28
1324,E9-Q-2431,Common,29
1324,E9-Q-2432,Common,30
1324,E9-Q-2433,Common,31
1324,E9-Q-2434,Common,32
1324,E9-Q-2435,Common,33
1324,E9-Q-2436,Common,34
1324,E9-Q-2437,Common,35
1324,E9-Q-2438,Common,36
1324,E9-Q-2439,Common,37
1324,E9-Q-2440,Common,38
2142,E9-Q-2182,Exact,1
2142,E9-Q-2183,Exact,2
2142,E9-Q-0359,Family,3
2142,E9-Q-0360,Family,4
2142,E9-Q-0361,Family,5
2142,E9-Q-0362,Family,6
2142,E9-Q-0363,Family,7
2142,E9-Q-2410,Common,8
2142,E9-Q-2411,Common,9
2142,E9-Q-2412,Common,10
2142,E9-Q-2413,Common,11
2142,E9-Q-2414,Common,12
2142,E9-Q-2415,Common,13
2142,E9-Q-2416,Common,14
2142,E9-Q-2417,Common,15
2142,E9-Q-2418,Common,16
2142,E9-Q-2419,Common,17
2142,E9-Q-2420,Common,18
2142,E9-Q-2421,Common,19
2142,E9-Q-2422,Common,20
2142,E9-Q-2423,Common,21
2142,E9-Q-2424,Common,22
2142,E9-Q-2425,Common,23
2142,E9-Q-2426,Common,24
2142,E9-Q-2427,Common,25
2142,E9-Q-2428,Common,26
2142,E9-Q-2429,Common,27
2142,E9-Q-2430,Common,28
2142,E9-Q-2431,Common,29
2142,E9-Q-2432,Common,30
2142,E9-Q-2433,Common,31
2142,E9-Q-2434,Common,32
2142,E9-Q-2435,Common,33
2142,E9-Q-2436,Common,34
2142,E9-Q-2437,Common,35
2142,E9-Q-2438,Common,36
2142,E9-Q-2439,Common,37
2142,E9-Q-2440,Common,38
2143,E9-Q-2184,Exact,1
2143,E9-Q-2185,Exact,2
2143,E9-Q-0359,Family,3
2143,E9-Q-0360,Family,4
2143,E9-Q-0361,Family,5
2143,E9-Q-0362,Family,6
2143,E9-Q-0363,Family,7
2143,E9-Q-2410,Common,8
2143,E9-Q-2411,Common,9
2143,E9-Q-2412,Common,10
2143,E9-Q-2413,Common,11
2143,E9-Q-2414,Common,12
2143,E9-Q-2415,Common,13
2143,E9-Q-2416,Common,14
2143,E9-Q-2417,Common,15
2143,E9-Q-2418,Common,16
2143,E9-Q-2419,Common,17
2143,E9-Q-2420,Common,18
2143,E9-Q-2421,Common,19
2143,E9-Q-2422,Common,20
2143,E9-Q-2423,Common,21
2143,E9-Q-2424,Common,22
2143,E9-Q-2425,Common,23
2143,E9-Q-2426,Common,24
2143,E9-Q-2427,Common,25
2143,E9-Q-2428,Common,26
2143,E9-Q-2429,Common,27
2143,E9-Q-2430,Common,28
2143,E9-Q-2431,Common,29
2143,E9-Q-2432,Common,30
2143,E9-Q-2433,Common,31
2143,E9-Q-2434,Common,32
2143,E9-Q-2435,Common,33
2143,E9-Q-2436,Common,34
2143,E9-Q-2437,Common,35
2143,E9-Q-2438,Common,36
2143,E9-Q-2439,Common,37
2143,E9-Q-2440,Common,38
2145,E9-Q-2186,Exact,1
2145,E9-Q-2187,Exact,2
2145,E9-Q-0359,Family,3
2145,E9-Q-0360,Family,4
2145,E9-Q-0361,Family,5
2145,E9-Q-0362,Family,6
2145,E9-Q-0363,Family,7
2145,E9-Q-2410,Common,8
2145,E9-Q-2411,Common,9
2145,E9-Q-2412,Common,10
2145,E9-Q-2413,Common,11
2145,E9-Q-2414,Common,12
2145,E9-Q-2415,Common,13
2145,E9-Q-2416,Common,14
2145,E9-Q-2417,Common,15
2145,E9-Q-2418,Common,16
2145,E9-Q-2419,Common,17
2145,E9-Q-2420,Common,18
2145,E9-Q-2421,Common,19
2145,E9-Q-2422,Common,20
2145,E9-Q-2423,Common,21
2145,E9-Q-2424,Common,22
2145,E9-Q-2425,Common,23
2145,E9-Q-2426,Common,24
2145,E9-Q-2427,Common,25
2145,E9-Q-2428,Common,26
2145,E9-Q-2429,Common,27
2145,E9-Q-2430,Common,28
2145,E9-Q-2431,Common,29
2145,E9-Q-2432,Common,30
2145,E9-Q-2433,Common,31
2145,E9-Q-2434,Common,32
2145,E9-Q-2435,Common,33
2145,E9-Q-2436,Common,34
2145,E9-Q-2437,Common,35
2145,E9-Q-2438,Common,36
2145,E9-Q-2439,Common,37
2145,E9-Q-2440,Common,38
2146,E9-Q-2188,Exact,1
2146,E9-Q-2189,Exact,2
2146,E9-Q-0359,Family,3
2146,E9-Q-0360,Family,4
2146,E9-Q-0361,Family,5
2146,E9-Q-0362,Family,6
2146,E9-Q-0363,Family,7
2146,E9-Q-2410,Common,8
2146,E9-Q-2411,Common,9
2146,E9-Q-2412,Common,10
2146,E9-Q-2413,Common,11
2146,E9-Q-2414,Common,12
2146,E9-Q-2415,Common,13
2146,E9-Q-2416,Common,14
2146,E9-Q-2417,Common,15
2146,E9-Q-2418,Common,16
2146,E9-Q-2419,Common,17
2146,E9-Q-2420,Common,18
2146,E9-Q-2421,Common,19
2146,E9-Q-2422,Common,20
2146,E9-Q-2423,Common,21
2146,E9-Q-2424,Common,22
2146,E9-Q-2425,Common,23
2146,E9-Q-2426,Common,24
2146,E9-Q-2427,Common,25
2146,E9-Q-2428,Common,26
2146,E9-Q-2429,Common,27
2146,E9-Q-2430,Common,28
2146,E9-Q-2431,Common,29
2146,E9-Q-2432,Common,30
2146,E9-Q-2433,Common,31
2146,E9-Q-2434,Common,32
2146,E9-Q-2435,Common,33
2146,E9-Q-2436,Common,34
2146,E9-Q-2437,Common,35
2146,E9-Q-2438,Common,36
2146,E9-Q-2439,Common,37
2146,E9-Q-2440,Common,38
2149,E9-Q-2190,Exact,1
2149,E9-Q-2191,Exact,2
2149,E9-Q-0359,Family,3
2149,E9-Q-0360,Family,4
2149,E9-Q-0361,Family,5
2149,E9-Q-0362,Family,6
2149,E9-Q-0363,Family,7
2149,E9-Q-2410,Common,8
2149,E9-Q-2411,Common,9
2149,E9-Q-2412,Common,10
2149,E9-Q-2413,Common,11
2149,E9-Q-2414,Common,12
2149,E9-Q-2415,Common,13
2149,E9-Q-2416,Common,14
2149,E9-Q-2417,Common,15
2149,E9-Q-2418,Common,16
2149,E9-Q-2419,Common,17
2149,E9-Q-2420,Common,18
2149,E9-Q-2421,Common,19
2149,E9-Q-2422,Common,20
2149,E9-Q-2423,Common,21
2149,E9-Q-2424,Common,22
2149,E9-Q-2425,Common,23
2149,E9-Q-2426,Common,24
2149,E9-Q-2427,Common,25
2149,E9-Q-2428,Common,26
2149,E9-Q-2429,Common,27
2149,E9-Q-2430,Common,28
2149,E9-Q-2431,Common,29
2149,E9-Q-2432,Common,30
2149,E9-Q-2433,Common,31
2149,E9-Q-2434,Common,32
2149,E9-Q-2435,Common,33
2149,E9-Q-2436,Common,34
2149,E9-Q-2437,Common,35
2149,E9-Q-2438,Common,36
2149,E9-Q-2439,Common,37
2149,E9-Q-2440,Common,38
2181,E9-Q-2192,Exact,1
2181,E9-Q-2193,Exact,2
2181,E9-Q-0364,Family,3
2181,E9-Q-0365,Family,4
2181,E9-Q-0366,Family,5
2181,E9-Q-0367,Family,6
2181,E9-Q-0368,Family,7
2181,E9-Q-2410,Common,8
2181,E9-Q-2411,Common,9
2181,E9-Q-2412,Common,10
2181,E9-Q-2413,Common,11
2181,E9-Q-2414,Common,12
2181,E9-Q-2415,Common,13
2181,E9-Q-2416,Common,14
2181,E9-Q-2417,Common,15
2181,E9-Q-2418,Common,16
2181,E9-Q-2419,Common,17
2181,E9-Q-2420,Common,18
2181,E9-Q-2421,Common,19
2181,E9-Q-2422,Common,20
2181,E9-Q-2423,Common,21
2181,E9-Q-2424,Common,22
2181,E9-Q-2425,Common,23
2181,E9-Q-2426,Common,24
2181,E9-Q-2427,Common,25
2181,E9-Q-2428,Common,26
2181,E9-Q-2429,Common,27
2181,E9-Q-2430,Common,28
2181,E9-Q-2431,Common,29
2181,E9-Q-2432,Common,30
2181,E9-Q-2433,Common,31
2181,E9-Q-2434,Common,32
2181,E9-Q-2435,Common,33
2181,E9-Q-2436,Common,34
2181,E9-Q-2437,Common,35
2181,E9-Q-2438,Common,36
2181,E9-Q-2439,Common,37
2181,E9-Q-2440,Common,38
2183,E9-Q-2194,Exact,1
2183,E9-Q-2195,Exact,2
2183,E9-Q-0364,Family,3
2183,E9-Q-0365,Family,4
2183,E9-Q-0366,Family,5
2183,E9-Q-0367,Family,6
2183,E9-Q-0368,Family,7
2183,E9-Q-2410,Common,8
2183,E9-Q-2411,Common,9
2183,E9-Q-2412,Common,10
2183,E9-Q-2413,Common,11
2183,E9-Q-2414,Common,12
2183,E9-Q-2415,Common,13
2183,E9-Q-2416,Common,14
2183,E9-Q-2417,Common,15
2183,E9-Q-2418,Common,16
2183,E9-Q-2419,Common,17
2183,E9-Q-2420,Common,18
2183,E9-Q-2421,Common,19
2183,E9-Q-2422,Common,20
2183,E9-Q-2423,Common,21
2183,E9-Q-2424,Common,22
2183,E9-Q-2425,Common,23
2183,E9-Q-2426,Common,24
2183,E9-Q-2427,Common,25
2183,E9-Q-2428,Common,26
2183,E9-Q-2429,Common,27
2183,E9-Q-2430,Common,28
2183,E9-Q-2431,Common,29
2183,E9-Q-2432,Common,30
2183,E9-Q-2433,Common,31
2183,E9-Q-2434,Common,32
2183,E9-Q-2435,Common,33
2183,E9-Q-2436,Common,34
2183,E9-Q-2437,Common,35
2183,E9-Q-2438,Common,36
2183,E9-Q-2439,Common,37
2183,E9-Q-2440,Common,38
2222,E9-Q-2196,Exact,1
2222,E9-Q-2197,Exact,2
2222,E9-Q-0370,Family,3
2222,E9-Q-0371,Family,4
2222,E9-Q-0372,Family,5
2222,E9-Q-0373,Family,6
2222,E9-Q-0374,Family,7
2222,E9-Q-2410,Common,8
2222,E9-Q-2411,Common,9
2222,E9-Q-2412,Common,10
2222,E9-Q-2413,Common,11
2222,E9-Q-2414,Common,12
2222,E9-Q-2415,Common,13
2222,E9-Q-2416,Common,14
2222,E9-Q-2417,Common,15
2222,E9-Q-2418,Common,16
2222,E9-Q-2419,Common,17
2222,E9-Q-2420,Common,18
2222,E9-Q-2421,Common,19
2222,E9-Q-2422,Common,20
2222,E9-Q-2423,Common,21
2222,E9-Q-2424,Common,22
2222,E9-Q-2425,Common,23
2222,E9-Q-2426,Common,24
2222,E9-Q-2427,Common,25
2222,E9-Q-2428,Common,26
2222,E9-Q-2429,Common,27
2222,E9-Q-2430,Common,28
2222,E9-Q-2431,Common,29
2222,E9-Q-2432,Common,30
2222,E9-Q-2433,Common,31
2222,E9-Q-2434,Common,32
2222,E9-Q-2435,Common,33
2222,E9-Q-2436,Common,34
2222,E9-Q-2437,Common,35
2222,E9-Q-2438,Common,36
2222,E9-Q-2439,Common,37
2222,E9-Q-2440,Common,38
2261,E9-Q-2198,Exact,1
2261,E9-Q-2199,Exact,2
2261,E9-Q-0375,Family,3
2261,E9-Q-0376,Family,4
2261,E9-Q-0377,Family,5
2261,E9-Q-0378,Family,6
2261,E9-Q-0379,Family,7
2261,E9-Q-2410,Common,8
2261,E9-Q-2411,Common,9
2261,E9-Q-2412,Common,10
2261,E9-Q-2413,Common,11
2261,E9-Q-2414,Common,12
2261,E9-Q-2415,Common,13
2261,E9-Q-2416,Common,14
2261,E9-Q-2417,Common,15
2261,E9-Q-2418,Common,16
2261,E9-Q-2419,Common,17
2261,E9-Q-2420,Common,18
2261,E9-Q-2421,Common,19
2261,E9-Q-2422,Common,20
2261,E9-Q-2423,Common,21
2261,E9-Q-2424,Common,22
2261,E9-Q-2425,Common,23
2261,E9-Q-2426,Common,24
2261,E9-Q-2427,Common,25
2261,E9-Q-2428,Common,26
2261,E9-Q-2429,Common,27
2261,E9-Q-2430,Common,28
2261,E9-Q-2431,Common,29
2261,E9-Q-2432,Common,30
2261,E9-Q-2433,Common,31
2261,E9-Q-2434,Common,32
2261,E9-Q-2435,Common,33
2261,E9-Q-2436,Common,34
2261,E9-Q-2437,Common,35
2261,E9-Q-2438,Common,36
2261,E9-Q-2439,Common,37
2261,E9-Q-2440,Common,38
2263,E9-Q-2200,Exact,1
2263,E9-Q-2201,Exact,2
2263,E9-Q-0375,Family,3
2263,E9-Q-0376,Family,4
2263,E9-Q-0377,Family,5
2263,E9-Q-0378,Family,6
2263,E9-Q-0379,Family,7
2263,E9-Q-2410,Common,8
2263,E9-Q-2411,Common,9
2263,E9-Q-2412,Common,10
2263,E9-Q-2413,Common,11
2263,E9-Q-2414,Common,12
2263,E9-Q-2415,Common,13
2263,E9-Q-2416,Common,14
2263,E9-Q-2417,Common,15
2263,E9-Q-2418,Common,16
2263,E9-Q-2419,Common,17
2263,E9-Q-2420,Common,18
2263,E9-Q-2421,Common,19
2263,E9-Q-2422,Common,20
2263,E9-Q-2423,Common,21
2263,E9-Q-2424,Common,22
2263,E9-Q-2425,Common,23
2263,E9-Q-2426,Common,24
2263,E9-Q-2427,Common,25
2263,E9-Q-2428,Common,26
2263,E9-Q-2429,Common,27
2263,E9-Q-2430,Common,28
2263,E9-Q-2431,Common,29
2263,E9-Q-2432,Common,30
2263,E9-Q-2433,Common,31
2263,E9-Q-2434,Common,32
2263,E9-Q-2435,Common,33
2263,E9-Q-2436,Common,34
2263,E9-Q-2437,Common,35
2263,E9-Q-2438,Common,36
2263,E9-Q-2439,Common,37
2263,E9-Q-2440,Common,38
2265,E9-Q-2202,Exact,1
2265,E9-Q-2203,Exact,2
2265,E9-Q-0375,Family,3
2265,E9-Q-0376,Family,4
2265,E9-Q-0377,Family,5
2265,E9-Q-0378,Family,6
2265,E9-Q-0379,Family,7
2265,E9-Q-2410,Common,8
2265,E9-Q-2411,Common,9
2265,E9-Q-2412,Common,10
2265,E9-Q-2413,Common,11
2265,E9-Q-2414,Common,12
2265,E9-Q-2415,Common,13
2265,E9-Q-2416,Common,14
2265,E9-Q-2417,Common,15
2265,E9-Q-2418,Common,16
2265,E9-Q-2419,Common,17
2265,E9-Q-2420,Common,18
2265,E9-Q-2421,Common,19
2265,E9-Q-2422,Common,20
2265,E9-Q-2423,Common,21
2265,E9-Q-2424,Common,22
2265,E9-Q-2425,Common,23
2265,E9-Q-2426,Common,24
2265,E9-Q-2427,Common,25
2265,E9-Q-2428,Common,26
2265,E9-Q-2429,Common,27
2265,E9-Q-2430,Common,28
2265,E9-Q-2431,Common,29
2265,E9-Q-2432,Common,30
2265,E9-Q-2433,Common,31
2265,E9-Q-2434,Common,32
2265,E9-Q-2435,Common,33
2265,E9-Q-2436,Common,34
2265,E9-Q-2437,Common,35
2265,E9-Q-2438,Common,36
2265,E9-Q-2439,Common,37
2265,E9-Q-2440,Common,38
2266,E9-Q-2204,Exact,1
2266,E9-Q-2205,Exact,2
2266,E9-Q-0375,Family,3
2266,E9-Q-0376,Family,4
2266,E9-Q-0377,Family,5
2266,E9-Q-0378,Family,6
2266,E9-Q-0379,Family,7
2266,E9-Q-2410,Common,8
2266,E9-Q-2411,Common,9
2266,E9-Q-2412,Common,10
2266,E9-Q-2413,Common,11
2266,E9-Q-2414,Common,12
2266,E9-Q-2415,Common,13
2266,E9-Q-2416,Common,14
2266,E9-Q-2417,Common,15
2266,E9-Q-2418,Common,16
2266,E9-Q-2419,Common,17
2266,E9-Q-2420,Common,18
2266,E9-Q-2421,Common,19
2266,E9-Q-2422,Common,20
2266,E9-Q-2423,Common,21
2266,E9-Q-2424,Common,22
2266,E9-Q-2425,Common,23
2266,E9-Q-2426,Common,24
2266,E9-Q-2427,Common,25
2266,E9-Q-2428,Common,26
2266,E9-Q-2429,Common,27
2266,E9-Q-2430,Common,28
2266,E9-Q-2431,Common,29
2266,E9-Q-2432,Common,30
2266,E9-Q-2433,Common,31
2266,E9-Q-2434,Common,32
2266,E9-Q-2435,Common,33
2266,E9-Q-2436,Common,34
2266,E9-Q-2437,Common,35
2266,E9-Q-2438,Common,36
2266,E9-Q-2439,Common,37
2266,E9-Q-2440,Common,38
2267,E9-Q-2206,Exact,1
2267,E9-Q-2207,Exact,2
2267,E9-Q-0375,Family,3
2267,E9-Q-0376,Family,4
2267,E9-Q-0377,Family,5
2267,E9-Q-0378,Family,6
2267,E9-Q-0379,Family,7
2267,E9-Q-2410,Common,8
2267,E9-Q-2411,Common,9
2267,E9-Q-2412,Common,10
2267,E9-Q-2413,Common,11
2267,E9-Q-2414,Common,12
2267,E9-Q-2415,Common,13
2267,E9-Q-2416,Common,14
2267,E9-Q-2417,Common,15
2267,E9-Q-2418,Common,16
2267,E9-Q-2419,Common,17
2267,E9-Q-2420,Common,18
2267,E9-Q-2421,Common,19
2267,E9-Q-2422,Common,20
2267,E9-Q-2423,Common,21
2267,E9-Q-2424,Common,22
2267,E9-Q-2425,Common,23
2267,E9-Q-2426,Common,24
2267,E9-Q-2427,Common,25
2267,E9-Q-2428,Common,26
2267,E9-Q-2429,Common,27
2267,E9-Q-2430,Common,28
2267,E9-Q-2431,Common,29
2267,E9-Q-2432,Common,30
2267,E9-Q-2433,Common,31
2267,E9-Q-2434,Common,32
2267,E9-Q-2435,Common,33
2267,E9-Q-2436,Common,34
2267,E9-Q-2437,Common,35
2267,E9-Q-2438,Common,36
2267,E9-Q-2439,Common,37
2267,E9-Q-2440,Common,38
2268,E9-Q-2208,Exact,1
2268,E9-Q-2209,Exact,2
2268,E9-Q-0375,Family,3
2268,E9-Q-0376,Family,4
2268,E9-Q-0377,Family,5
2268,E9-Q-0378,Family,6
2268,E9-Q-0379,Family,7
2268,E9-Q-2410,Common,8
2268,E9-Q-2411,Common,9
2268,E9-Q-2412,Common,10
2268,E9-Q-2413,Common,11
2268,E9-Q-2414,Common,12
2268,E9-Q-2415,Common,13
2268,E9-Q-2416,Common,14
2268,E9-Q-2417,Common,15
2268,E9-Q-2418,Common,16
2268,E9-Q-2419,Common,17
2268,E9-Q-2420,Common,18
2268,E9-Q-2421,Common,19
2268,E9-Q-2422,Common,20
2268,E9-Q-2423,Common,21
2268,E9-Q-2424,Common,22
2268,E9-Q-2425,Common,23
2268,E9-Q-2426,Common,24
2268,E9-Q-2427,Common,25
2268,E9-Q-2428,Common,26
2268,E9-Q-2429,Common,27
2268,E9-Q-2430,Common,28
2268,E9-Q-2431,Common,29
2268,E9-Q-2432,Common,30
2268,E9-Q-2433,Common,31
2268,E9-Q-2434,Common,32
2268,E9-Q-2435,Common,33
2268,E9-Q-2436,Common,34
2268,E9-Q-2437,Common,35
2268,E9-Q-2438,Common,36
2268,E9-Q-2439,Common,37
2268,E9-Q-2440,Common,38
2269,E9-Q-2210,Exact,1
2269,E9-Q-2211,Exact,2
2269,E9-Q-0375,Family,3
2269,E9-Q-0376,Family,4
2269,E9-Q-0377,Family,5
2269,E9-Q-0378,Family,6
2269,E9-Q-0379,Family,7
2269,E9-Q-2410,Common,8
2269,E9-Q-2411,Common,9
2269,E9-Q-2412,Common,10
2269,E9-Q-2413,Common,11
2269,E9-Q-2414,Common,12
2269,E9-Q-2415,Common,13
2269,E9-Q-2416,Common,14
2269,E9-Q-2417,Common,15
2269,E9-Q-2418,Common,16
2269,E9-Q-2419,Common,17
2269,E9-Q-2420,Common,18
2269,E9-Q-2421,Common,19
2269,E9-Q-2422,Common,20
2269,E9-Q-2423,Common,21
2269,E9-Q-2424,Common,22
2269,E9-Q-2425,Common,23
2269,E9-Q-2426,Common,24
2269,E9-Q-2427,Common,25
2269,E9-Q-2428,Common,26
2269,E9-Q-2429,Common,27
2269,E9-Q-2430,Common,28
2269,E9-Q-2431,Common,29
2269,E9-Q-2432,Common,30
2269,E9-Q-2433,Common,31
2269,E9-Q-2434,Common,32
2269,E9-Q-2435,Common,33
2269,E9-Q-2436,Common,34
2269,E9-Q-2437,Common,35
2269,E9-Q-2438,Common,36
2269,E9-Q-2439,Common,37
2269,E9-Q-2440,Common,38
2342,E9-Q-2212,Exact,1
2342,E9-Q-2213,Exact,2
2342,E9-Q-0380,Family,3
2342,E9-Q-0381,Family,4
2342,E9-Q-0382,Family,5
2342,E9-Q-0383,Family,6
2342,E9-Q-0384,Family,7
2342,E9-Q-2410,Common,8
2342,E9-Q-2411,Common,9
2342,E9-Q-2412,Common,10
2342,E9-Q-2413,Common,11
2342,E9-Q-2414,Common,12
2342,E9-Q-2415,Common,13
2342,E9-Q-2416,Common,14
2342,E9-Q-2417,Common,15
2342,E9-Q-2418,Common,16
2342,E9-Q-2419,Common,17
2342,E9-Q-2420,Common,18
2342,E9-Q-2421,Common,19
2342,E9-Q-2422,Common,20
2342,E9-Q-2423,Common,21
2342,E9-Q-2424,Common,22
2342,E9-Q-2425,Common,23
2342,E9-Q-2426,Common,24
2342,E9-Q-2427,Common,25
2342,E9-Q-2428,Common,26
2342,E9-Q-2429,Common,27
2342,E9-Q-2430,Common,28
2342,E9-Q-2431,Common,29
2342,E9-Q-2432,Common,30
2342,E9-Q-2433,Common,31
2342,E9-Q-2434,Common,32
2342,E9-Q-2435,Common,33
2342,E9-Q-2436,Common,34
2342,E9-Q-2437,Common,35
2342,E9-Q-2438,Common,36
2342,E9-Q-2439,Common,37
2342,E9-Q-2440,Common,38
2412,E9-Q-2214,Exact,1
2412,E9-Q-2215,Exact,2
2412,E9-Q-0385,Family,3
2412,E9-Q-0386,Family,4
2412,E9-Q-0387,Family,5
2412,E9-Q-0388,Family,6
2412,E9-Q-0389,Family,7
2412,E9-Q-2410,Common,8
2412,E9-Q-2411,Common,9
2412,E9-Q-2412,Common,10
2412,E9-Q-2413,Common,11
2412,E9-Q-2414,Common,12
2412,E9-Q-2415,Common,13
2412,E9-Q-2416,Common,14
2412,E9-Q-2417,Common,15
2412,E9-Q-2418,Common,16
2412,E9-Q-2419,Common,17
2412,E9-Q-2420,Common,18
2412,E9-Q-2421,Common,19
2412,E9-Q-2422,Common,20
2412,E9-Q-2423,Common,21
2412,E9-Q-2424,Common,22
2412,E9-Q-2425,Common,23
2412,E9-Q-2426,Common,24
2412,E9-Q-2427,Common,25
2412,E9-Q-2428,Common,26
2412,E9-Q-2429,Common,27
2412,E9-Q-2430,Common,28
2412,E9-Q-2431,Common,29
2412,E9-Q-2432,Common,30
2412,E9-Q-2433,Common,31
2412,E9-Q-2434,Common,32
2412,E9-Q-2435,Common,33
2412,E9-Q-2436,Common,34
2412,E9-Q-2437,Common,35
2412,E9-Q-2438,Common,36
2412,E9-Q-2439,Common,37
2412,E9-Q-2440,Common,38
2413,E9-Q-2216,Exact,1
2413,E9-Q-2217,Exact,2
2413,E9-Q-0385,Family,3
2413,E9-Q-0386,Family,4
2413,E9-Q-0387,Family,5
2413,E9-Q-0388,Family,6
2413,E9-Q-0389,Family,7
2413,E9-Q-2410,Common,8
2413,E9-Q-2411,Common,9
2413,E9-Q-2412,Common,10
2413,E9-Q-2413,Common,11
2413,E9-Q-2414,Common,12
2413,E9-Q-2415,Common,13
2413,E9-Q-2416,Common,14
2413,E9-Q-2417,Common,15
2413,E9-Q-2418,Common,16
2413,E9-Q-2419,Common,17
2413,E9-Q-2420,Common,18
2413,E9-Q-2421,Common,19
2413,E9-Q-2422,Common,20
2413,E9-Q-2423,Common,21
2413,E9-Q-2424,Common,22
2413,E9-Q-2425,Common,23
2413,E9-Q-2426,Common,24
2413,E9-Q-2427,Common,25
2413,E9-Q-2428,Common,26
2413,E9-Q-2429,Common,27
2413,E9-Q-2430,Common,28
2413,E9-Q-2431,Common,29
2413,E9-Q-2432,Common,30
2413,E9-Q-2433,Common,31
2413,E9-Q-2434,Common,32
2413,E9-Q-2435,Common,33
2413,E9-Q-2436,Common,34
2413,E9-Q-2437,Common,35
2413,E9-Q-2438,Common,36
2413,E9-Q-2439,Common,37
2413,E9-Q-2440,Common,38
2422,E9-Q-2218,Exact,1
2422,E9-Q-2219,Exact,2
2422,E9-Q-0390,Family,3
2422,E9-Q-0391,Family,4
2422,E9-Q-0392,Family,5
2422,E9-Q-0393,Family,6
2422,E9-Q-0394,Family,7
2422,E9-Q-2410,Common,8
2422,E9-Q-2411,Common,9
2422,E9-Q-2412,Common,10
2422,E9-Q-2413,Common,11
2422,E9-Q-2414,Common,12
2422,E9-Q-2415,Common,13
2422,E9-Q-2416,Common,14
2422,E9-Q-2417,Common,15
2422,E9-Q-2418,Common,16
2422,E9-Q-2419,Common,17
2422,E9-Q-2420,Common,18
2422,E9-Q-2421,Common,19
2422,E9-Q-2422,Common,20
2422,E9-Q-2423,Common,21
2422,E9-Q-2424,Common,22
2422,E9-Q-2425,Common,23
2422,E9-Q-2426,Common,24
2422,E9-Q-2427,Common,25
2422,E9-Q-2428,Common,26
2422,E9-Q-2429,Common,27
2422,E9-Q-2430,Common,28
2422,E9-Q-2431,Common,29
2422,E9-Q-2432,Common,30
2422,E9-Q-2433,Common,31
2422,E9-Q-2434,Common,32
2422,E9-Q-2435,Common,33
2422,E9-Q-2436,Common,34
2422,E9-Q-2437,Common,35
2422,E9-Q-2438,Common,36
2422,E9-Q-2439,Common,37
2422,E9-Q-2440,Common,38
2423,E9-Q-2220,Exact,1
2423,E9-Q-2221,Exact,2
2423,E9-Q-0390,Family,3
2423,E9-Q-0391,Family,4
2423,E9-Q-0392,Family,5
2423,E9-Q-0393,Family,6
2423,E9-Q-0394,Family,7
2423,E9-Q-2410,Common,8
2423,E9-Q-2411,Common,9
2423,E9-Q-2412,Common,10
2423,E9-Q-2413,Common,11
2423,E9-Q-2414,Common,12
2423,E9-Q-2415,Common,13
2423,E9-Q-2416,Common,14
2423,E9-Q-2417,Common,15
2423,E9-Q-2418,Common,16
2423,E9-Q-2419,Common,17
2423,E9-Q-2420,Common,18
2423,E9-Q-2421,Common,19
2423,E9-Q-2422,Common,20
2423,E9-Q-2423,Common,21
2423,E9-Q-2424,Common,22
2423,E9-Q-2425,Common,23
2423,E9-Q-2426,Common,24
2423,E9-Q-2427,Common,25
2423,E9-Q-2428,Common,26
2423,E9-Q-2429,Common,27
2423,E9-Q-2430,Common,28
2423,E9-Q-2431,Common,29
2423,E9-Q-2432,Common,30
2423,E9-Q-2433,Common,31
2423,E9-Q-2434,Common,32
2423,E9-Q-2435,Common,33
2423,E9-Q-2436,Common,34
2423,E9-Q-2437,Common,35
2423,E9-Q-2438,Common,36
2423,E9-Q-2439,Common,37
2423,E9-Q-2440,Common,38
2424,E9-Q-2222,Exact,1
2424,E9-Q-2223,Exact,2
2424,E9-Q-0390,Family,3
2424,E9-Q-0391,Family,4
2424,E9-Q-0392,Family,5
2424,E9-Q-0393,Family,6
2424,E9-Q-0394,Family,7
2424,E9-Q-2410,Common,8
2424,E9-Q-2411,Common,9
2424,E9-Q-2412,Common,10
2424,E9-Q-2413,Common,11
2424,E9-Q-2414,Common,12
2424,E9-Q-2415,Common,13
2424,E9-Q-2416,Common,14
2424,E9-Q-2417,Common,15
2424,E9-Q-2418,Common,16
2424,E9-Q-2419,Common,17
2424,E9-Q-2420,Common,18
2424,E9-Q-2421,Common,19
2424,E9-Q-2422,Common,20
2424,E9-Q-2423,Common,21
2424,E9-Q-2424,Common,22
2424,E9-Q-2425,Common,23
2424,E9-Q-2426,Common,24
2424,E9-Q-2427,Common,25
2424,E9-Q-2428,Common,26
2424,E9-Q-2429,Common,27
2424,E9-Q-2430,Common,28
2424,E9-Q-2431,Common,29
2424,E9-Q-2432,Common,30
2424,E9-Q-2433,Common,31
2424,E9-Q-2434,Common,32
2424,E9-Q-2435,Common,33
2424,E9-Q-2436,Common,34
2424,E9-Q-2437,Common,35
2424,E9-Q-2438,Common,36
2424,E9-Q-2439,Common,37
2424,E9-Q-2440,Common,38
2425,E9-Q-2224,Exact,1
2425,E9-Q-2225,Exact,2
2425,E9-Q-0390,Family,3
2425,E9-Q-0391,Family,4
2425,E9-Q-0392,Family,5
2425,E9-Q-0393,Family,6
2425,E9-Q-0394,Family,7
2425,E9-Q-2410,Common,8
2425,E9-Q-2411,Common,9
2425,E9-Q-2412,Common,10
2425,E9-Q-2413,Common,11
2425,E9-Q-2414,Common,12
2425,E9-Q-2415,Common,13
2425,E9-Q-2416,Common,14
2425,E9-Q-2417,Common,15
2425,E9-Q-2418,Common,16
2425,E9-Q-2419,Common,17
2425,E9-Q-2420,Common,18
2425,E9-Q-2421,Common,19
2425,E9-Q-2422,Common,20
2425,E9-Q-2423,Common,21
2425,E9-Q-2424,Common,22
2425,E9-Q-2425,Common,23
2425,E9-Q-2426,Common,24
2425,E9-Q-2427,Common,25
2425,E9-Q-2428,Common,26
2425,E9-Q-2429,Common,27
2425,E9-Q-2430,Common,28
2425,E9-Q-2431,Common,29
2425,E9-Q-2432,Common,30
2425,E9-Q-2433,Common,31
2425,E9-Q-2434,Common,32
2425,E9-Q-2435,Common,33
2425,E9-Q-2436,Common,34
2425,E9-Q-2437,Common,35
2425,E9-Q-2438,Common,36
2425,E9-Q-2439,Common,37
2425,E9-Q-2440,Common,38
2426,E9-Q-2226,Exact,1
2426,E9-Q-2227,Exact,2
2426,E9-Q-0390,Family,3
2426,E9-Q-0391,Family,4
2426,E9-Q-0392,Family,5
2426,E9-Q-0393,Family,6
2426,E9-Q-0394,Family,7
2426,E9-Q-2410,Common,8
2426,E9-Q-2411,Common,9
2426,E9-Q-2412,Common,10
2426,E9-Q-2413,Common,11
2426,E9-Q-2414,Common,12
2426,E9-Q-2415,Common,13
2426,E9-Q-2416,Common,14
2426,E9-Q-2417,Common,15
2426,E9-Q-2418,Common,16
2426,E9-Q-2419,Common,17
2426,E9-Q-2420,Common,18
2426,E9-Q-2421,Common,19
2426,E9-Q-2422,Common,20
2426,E9-Q-2423,Common,21
2426,E9-Q-2424,Common,22
2426,E9-Q-2425,Common,23
2426,E9-Q-2426,Common,24
2426,E9-Q-2427,Common,25
2426,E9-Q-2428,Common,26
2426,E9-Q-2429,Common,27
2426,E9-Q-2430,Common,28
2426,E9-Q-2431,Common,29
2426,E9-Q-2432,Common,30
2426,E9-Q-2433,Common,31
2426,E9-Q-2434,Common,32
2426,E9-Q-2435,Common,33
2426,E9-Q-2436,Common,34
2426,E9-Q-2437,Common,35
2426,E9-Q-2438,Common,36
2426,E9-Q-2439,Common,37
2426,E9-Q-2440,Common,38
2432,E9-Q-2228,Exact,1
2432,E9-Q-2229,Exact,2
2432,E9-Q-0395,Family,3
2432,E9-Q-0396,Family,4
2432,E9-Q-0397,Family,5
2432,E9-Q-0398,Family,6
2432,E9-Q-0399,Family,7
2432,E9-Q-2410,Common,8
2432,E9-Q-2411,Common,9
2432,E9-Q-2412,Common,10
2432,E9-Q-2413,Common,11
2432,E9-Q-2414,Common,12
2432,E9-Q-2415,Common,13
2432,E9-Q-2416,Common,14
2432,E9-Q-2417,Common,15
2432,E9-Q-2418,Common,16
2432,E9-Q-2419,Common,17
2432,E9-Q-2420,Common,18
2432,E9-Q-2421,Common,19
2432,E9-Q-2422,Common,20
2432,E9-Q-2423,Common,21
2432,E9-Q-2424,Common,22
2432,E9-Q-2425,Common,23
2432,E9-Q-2426,Common,24
2432,E9-Q-2427,Common,25
2432,E9-Q-2428,Common,26
2432,E9-Q-2429,Common,27
2432,E9-Q-2430,Common,28
2432,E9-Q-2431,Common,29
2432,E9-Q-2432,Common,30
2432,E9-Q-2433,Common,31
2432,E9-Q-2434,Common,32
2432,E9-Q-2435,Common,33
2432,E9-Q-2436,Common,34
2432,E9-Q-2437,Common,35
2432,E9-Q-2438,Common,36
2432,E9-Q-2439,Common,37
2432,E9-Q-2440,Common,38
2433,E9-Q-2230,Exact,1
2433,E9-Q-2231,Exact,2
2433,E9-Q-0395,Family,3
2433,E9-Q-0396,Family,4
2433,E9-Q-0397,Family,5
2433,E9-Q-0398,Family,6
2433,E9-Q-0399,Family,7
2433,E9-Q-2410,Common,8
2433,E9-Q-2411,Common,9
2433,E9-Q-2412,Common,10
2433,E9-Q-2413,Common,11
2433,E9-Q-2414,Common,12
2433,E9-Q-2415,Common,13
2433,E9-Q-2416,Common,14
2433,E9-Q-2417,Common,15
2433,E9-Q-2418,Common,16
2433,E9-Q-2419,Common,17
2433,E9-Q-2420,Common,18
2433,E9-Q-2421,Common,19
2433,E9-Q-2422,Common,20
2433,E9-Q-2423,Common,21
2433,E9-Q-2424,Common,22
2433,E9-Q-2425,Common,23
2433,E9-Q-2426,Common,24
2433,E9-Q-2427,Common,25
2433,E9-Q-2428,Common,26
2433,E9-Q-2429,Common,27
2433,E9-Q-2430,Common,28
2433,E9-Q-2431,Common,29
2433,E9-Q-2432,Common,30
2433,E9-Q-2433,Common,31
2433,E9-Q-2434,Common,32
2433,E9-Q-2435,Common,33
2433,E9-Q-2436,Common,34
2433,E9-Q-2437,Common,35
2433,E9-Q-2438,Common,36
2433,E9-Q-2439,Common,37
2433,E9-Q-2440,Common,38
2434,E9-Q-2232,Exact,1
2434,E9-Q-2233,Exact,2
2434,E9-Q-0395,Family,3
2434,E9-Q-0396,Family,4
2434,E9-Q-0397,Family,5
2434,E9-Q-0398,Family,6
2434,E9-Q-0399,Family,7
2434,E9-Q-2410,Common,8
2434,E9-Q-2411,Common,9
2434,E9-Q-2412,Common,10
2434,E9-Q-2413,Common,11
2434,E9-Q-2414,Common,12
2434,E9-Q-2415,Common,13
2434,E9-Q-2416,Common,14
2434,E9-Q-2417,Common,15
2434,E9-Q-2418,Common,16
2434,E9-Q-2419,Common,17
2434,E9-Q-2420,Common,18
2434,E9-Q-2421,Common,19
2434,E9-Q-2422,Common,20
2434,E9-Q-2423,Common,21
2434,E9-Q-2424,Common,22
2434,E9-Q-2425,Common,23
2434,E9-Q-2426,Common,24
2434,E9-Q-2427,Common,25
2434,E9-Q-2428,Common,26
2434,E9-Q-2429,Common,27
2434,E9-Q-2430,Common,28
2434,E9-Q-2431,Common,29
2434,E9-Q-2432,Common,30
2434,E9-Q-2433,Common,31
2434,E9-Q-2434,Common,32
2434,E9-Q-2435,Common,33
2434,E9-Q-2436,Common,34
2434,E9-Q-2437,Common,35
2434,E9-Q-2438,Common,36
2434,E9-Q-2439,Common,37
2434,E9-Q-2440,Common,38
2513,E9-Q-2234,Exact,1
2513,E9-Q-2235,Exact,2
2513,E9-Q-0400,Family,3
2513,E9-Q-0401,Family,4
2513,E9-Q-0402,Family,5
2513,E9-Q-0403,Family,6
2513,E9-Q-0404,Family,7
2513,E9-Q-2410,Common,8
2513,E9-Q-2411,Common,9
2513,E9-Q-2412,Common,10
2513,E9-Q-2413,Common,11
2513,E9-Q-2414,Common,12
2513,E9-Q-2415,Common,13
2513,E9-Q-2416,Common,14
2513,E9-Q-2417,Common,15
2513,E9-Q-2418,Common,16
2513,E9-Q-2419,Common,17
2513,E9-Q-2420,Common,18
2513,E9-Q-2421,Common,19
2513,E9-Q-2422,Common,20
2513,E9-Q-2423,Common,21
2513,E9-Q-2424,Common,22
2513,E9-Q-2425,Common,23
2513,E9-Q-2426,Common,24
2513,E9-Q-2427,Common,25
2513,E9-Q-2428,Common,26
2513,E9-Q-2429,Common,27
2513,E9-Q-2430,Common,28
2513,E9-Q-2431,Common,29
2513,E9-Q-2432,Common,30
2513,E9-Q-2433,Common,31
2513,E9-Q-2434,Common,32
2513,E9-Q-2435,Common,33
2513,E9-Q-2436,Common,34
2513,E9-Q-2437,Common,35
2513,E9-Q-2438,Common,36
2513,E9-Q-2439,Common,37
2513,E9-Q-2440,Common,38
2514,E9-Q-2236,Exact,1
2514,E9-Q-2237,Exact,2
2514,E9-Q-0400,Family,3
2514,E9-Q-0401,Family,4
2514,E9-Q-0402,Family,5
2514,E9-Q-0403,Family,6
2514,E9-Q-0404,Family,7
2514,E9-Q-2410,Common,8
2514,E9-Q-2411,Common,9
2514,E9-Q-2412,Common,10
2514,E9-Q-2413,Common,11
2514,E9-Q-2414,Common,12
2514,E9-Q-2415,Common,13
2514,E9-Q-2416,Common,14
2514,E9-Q-2417,Common,15
2514,E9-Q-2418,Common,16
2514,E9-Q-2419,Common,17
2514,E9-Q-2420,Common,18
2514,E9-Q-2421,Common,19
2514,E9-Q-2422,Common,20
2514,E9-Q-2423,Common,21
2514,E9-Q-2424,Common,22
2514,E9-Q-2425,Common,23
2514,E9-Q-2426,Common,24
2514,E9-Q-2427,Common,25
2514,E9-Q-2428,Common,26
2514,E9-Q-2429,Common,27
2514,E9-Q-2430,Common,28
2514,E9-Q-2431,Common,29
2514,E9-Q-2432,Common,30
2514,E9-Q-2433,Common,31
2514,E9-Q-2434,Common,32
2514,E9-Q-2435,Common,33
2514,E9-Q-2436,Common,34
2514,E9-Q-2437,Common,35
2514,E9-Q-2438,Common,36
2514,E9-Q-2439,Common,37
2514,E9-Q-2440,Common,38
2519,E9-Q-2238,Exact,1
2519,E9-Q-2239,Exact,2
2519,E9-Q-0400,Family,3
2519,E9-Q-0401,Family,4
2519,E9-Q-0402,Family,5
2519,E9-Q-0403,Family,6
2519,E9-Q-0404,Family,7
2519,E9-Q-2410,Common,8
2519,E9-Q-2411,Common,9
2519,E9-Q-2412,Common,10
2519,E9-Q-2413,Common,11
2519,E9-Q-2414,Common,12
2519,E9-Q-2415,Common,13
2519,E9-Q-2416,Common,14
2519,E9-Q-2417,Common,15
2519,E9-Q-2418,Common,16
2519,E9-Q-2419,Common,17
2519,E9-Q-2420,Common,18
2519,E9-Q-2421,Common,19
2519,E9-Q-2422,Common,20
2519,E9-Q-2423,Common,21
2519,E9-Q-2424,Common,22
2519,E9-Q-2425,Common,23
2519,E9-Q-2426,Common,24
2519,E9-Q-2427,Common,25
2519,E9-Q-2428,Common,26
2519,E9-Q-2429,Common,27
2519,E9-Q-2430,Common,28
2519,E9-Q-2431,Common,29
2519,E9-Q-2432,Common,30
2519,E9-Q-2433,Common,31
2519,E9-Q-2434,Common,32
2519,E9-Q-2435,Common,33
2519,E9-Q-2436,Common,34
2519,E9-Q-2437,Common,35
2519,E9-Q-2438,Common,36
2519,E9-Q-2439,Common,37
2519,E9-Q-2440,Common,38
2521,E9-Q-2240,Exact,1
2521,E9-Q-2241,Exact,2
2521,E9-Q-0405,Family,3
2521,E9-Q-0406,Family,4
2521,E9-Q-0407,Family,5
2521,E9-Q-0408,Family,6
2521,E9-Q-0409,Family,7
2521,E9-Q-2410,Common,8
2521,E9-Q-2411,Common,9
2521,E9-Q-2412,Common,10
2521,E9-Q-2413,Common,11
2521,E9-Q-2414,Common,12
2521,E9-Q-2415,Common,13
2521,E9-Q-2416,Common,14
2521,E9-Q-2417,Common,15
2521,E9-Q-2418,Common,16
2521,E9-Q-2419,Common,17
2521,E9-Q-2420,Common,18
2521,E9-Q-2421,Common,19
2521,E9-Q-2422,Common,20
2521,E9-Q-2423,Common,21
2521,E9-Q-2424,Common,22
2521,E9-Q-2425,Common,23
2521,E9-Q-2426,Common,24
2521,E9-Q-2427,Common,25
2521,E9-Q-2428,Common,26
2521,E9-Q-2429,Common,27
2521,E9-Q-2430,Common,28
2521,E9-Q-2431,Common,29
2521,E9-Q-2432,Common,30
2521,E9-Q-2433,Common,31
2521,E9-Q-2434,Common,32
2521,E9-Q-2435,Common,33
2521,E9-Q-2436,Common,34
2521,E9-Q-2437,Common,35
2521,E9-Q-2438,Common,36
2521,E9-Q-2439,Common,37
2521,E9-Q-2440,Common,38
2523,E9-Q-2242,Exact,1
2523,E9-Q-2243,Exact,2
2523,E9-Q-0405,Family,3
2523,E9-Q-0406,Family,4
2523,E9-Q-0407,Family,5
2523,E9-Q-0408,Family,6
2523,E9-Q-0409,Family,7
2523,E9-Q-2410,Common,8
2523,E9-Q-2411,Common,9
2523,E9-Q-2412,Common,10
2523,E9-Q-2413,Common,11
2523,E9-Q-2414,Common,12
2523,E9-Q-2415,Common,13
2523,E9-Q-2416,Common,14
2523,E9-Q-2417,Common,15
2523,E9-Q-2418,Common,16
2523,E9-Q-2419,Common,17
2523,E9-Q-2420,Common,18
2523,E9-Q-2421,Common,19
2523,E9-Q-2422,Common,20
2523,E9-Q-2423,Common,21
2523,E9-Q-2424,Common,22
2523,E9-Q-2425,Common,23
2523,E9-Q-2426,Common,24
2523,E9-Q-2427,Common,25
2523,E9-Q-2428,Common,26
2523,E9-Q-2429,Common,27
2523,E9-Q-2430,Common,28
2523,E9-Q-2431,Common,29
2523,E9-Q-2432,Common,30
2523,E9-Q-2433,Common,31
2523,E9-Q-2434,Common,32
2523,E9-Q-2435,Common,33
2523,E9-Q-2436,Common,34
2523,E9-Q-2437,Common,35
2523,E9-Q-2438,Common,36
2523,E9-Q-2439,Common,37
2523,E9-Q-2440,Common,38
2524,E9-Q-2244,Exact,1
2524,E9-Q-2245,Exact,2
2524,E9-Q-0405,Family,3
2524,E9-Q-0406,Family,4
2524,E9-Q-0407,Family,5
2524,E9-Q-0408,Family,6
2524,E9-Q-0409,Family,7
2524,E9-Q-2410,Common,8
2524,E9-Q-2411,Common,9
2524,E9-Q-2412,Common,10
2524,E9-Q-2413,Common,11
2524,E9-Q-2414,Common,12
2524,E9-Q-2415,Common,13
2524,E9-Q-2416,Common,14
2524,E9-Q-2417,Common,15
2524,E9-Q-2418,Common,16
2524,E9-Q-2419,Common,17
2524,E9-Q-2420,Common,18
2524,E9-Q-2421,Common,19
2524,E9-Q-2422,Common,20
2524,E9-Q-2423,Common,21
2524,E9-Q-2424,Common,22
2524,E9-Q-2425,Common,23
2524,E9-Q-2426,Common,24
2524,E9-Q-2427,Common,25
2524,E9-Q-2428,Common,26
2524,E9-Q-2429,Common,27
2524,E9-Q-2430,Common,28
2524,E9-Q-2431,Common,29
2524,E9-Q-2432,Common,30
2524,E9-Q-2433,Common,31
2524,E9-Q-2434,Common,32
2524,E9-Q-2435,Common,33
2524,E9-Q-2436,Common,34
2524,E9-Q-2437,Common,35
2524,E9-Q-2438,Common,36
2524,E9-Q-2439,Common,37
2524,E9-Q-2440,Common,38
3112,E9-Q-2246,Exact,1
3112,E9-Q-2247,Exact,2
3112,E9-Q-0412,Family,3
3112,E9-Q-0413,Family,4
3112,E9-Q-0414,Family,5
3112,E9-Q-0415,Family,6
3112,E9-Q-0416,Family,7
3112,E9-Q-2410,Common,8
3112,E9-Q-2411,Common,9
3112,E9-Q-2412,Common,10
3112,E9-Q-2413,Common,11
3112,E9-Q-2414,Common,12
3112,E9-Q-2415,Common,13
3112,E9-Q-2416,Common,14
3112,E9-Q-2417,Common,15
3112,E9-Q-2418,Common,16
3112,E9-Q-2419,Common,17
3112,E9-Q-2420,Common,18
3112,E9-Q-2421,Common,19
3112,E9-Q-2422,Common,20
3112,E9-Q-2423,Common,21
3112,E9-Q-2424,Common,22
3112,E9-Q-2425,Common,23
3112,E9-Q-2426,Common,24
3112,E9-Q-2427,Common,25
3112,E9-Q-2428,Common,26
3112,E9-Q-2429,Common,27
3112,E9-Q-2430,Common,28
3112,E9-Q-2431,Common,29
3112,E9-Q-2432,Common,30
3112,E9-Q-2433,Common,31
3112,E9-Q-2434,Common,32
3112,E9-Q-2435,Common,33
3112,E9-Q-2436,Common,34
3112,E9-Q-2437,Common,35
3112,E9-Q-2438,Common,36
3112,E9-Q-2439,Common,37
3112,E9-Q-2440,Common,38
3113,E9-Q-2248,Exact,1
3113,E9-Q-2249,Exact,2
3113,E9-Q-0412,Family,3
3113,E9-Q-0413,Family,4
3113,E9-Q-0414,Family,5
3113,E9-Q-0415,Family,6
3113,E9-Q-0416,Family,7
3113,E9-Q-2410,Common,8
3113,E9-Q-2411,Common,9
3113,E9-Q-2412,Common,10
3113,E9-Q-2413,Common,11
3113,E9-Q-2414,Common,12
3113,E9-Q-2415,Common,13
3113,E9-Q-2416,Common,14
3113,E9-Q-2417,Common,15
3113,E9-Q-2418,Common,16
3113,E9-Q-2419,Common,17
3113,E9-Q-2420,Common,18
3113,E9-Q-2421,Common,19
3113,E9-Q-2422,Common,20
3113,E9-Q-2423,Common,21
3113,E9-Q-2424,Common,22
3113,E9-Q-2425,Common,23
3113,E9-Q-2426,Common,24
3113,E9-Q-2427,Common,25
3113,E9-Q-2428,Common,26
3113,E9-Q-2429,Common,27
3113,E9-Q-2430,Common,28
3113,E9-Q-2431,Common,29
3113,E9-Q-2432,Common,30
3113,E9-Q-2433,Common,31
3113,E9-Q-2434,Common,32
3113,E9-Q-2435,Common,33
3113,E9-Q-2436,Common,34
3113,E9-Q-2437,Common,35
3113,E9-Q-2438,Common,36
3113,E9-Q-2439,Common,37
3113,E9-Q-2440,Common,38
3114,E9-Q-2250,Exact,1
3114,E9-Q-2251,Exact,2
3114,E9-Q-0412,Family,3
3114,E9-Q-0413,Family,4
3114,E9-Q-0414,Family,5
3114,E9-Q-0415,Family,6
3114,E9-Q-0416,Family,7
3114,E9-Q-2410,Common,8
3114,E9-Q-2411,Common,9
3114,E9-Q-2412,Common,10
3114,E9-Q-2413,Common,11
3114,E9-Q-2414,Common,12
3114,E9-Q-2415,Common,13
3114,E9-Q-2416,Common,14
3114,E9-Q-2417,Common,15
3114,E9-Q-2418,Common,16
3114,E9-Q-2419,Common,17
3114,E9-Q-2420,Common,18
3114,E9-Q-2421,Common,19
3114,E9-Q-2422,Common,20
3114,E9-Q-2423,Common,21
3114,E9-Q-2424,Common,22
3114,E9-Q-2425,Common,23
3114,E9-Q-2426,Common,24
3114,E9-Q-2427,Common,25
3114,E9-Q-2428,Common,26
3114,E9-Q-2429,Common,27
3114,E9-Q-2430,Common,28
3114,E9-Q-2431,Common,29
3114,E9-Q-2432,Common,30
3114,E9-Q-2433,Common,31
3114,E9-Q-2434,Common,32
3114,E9-Q-2435,Common,33
3114,E9-Q-2436,Common,34
3114,E9-Q-2437,Common,35
3114,E9-Q-2438,Common,36
3114,E9-Q-2439,Common,37
3114,E9-Q-2440,Common,38
3116,E9-Q-2252,Exact,1
3116,E9-Q-2253,Exact,2
3116,E9-Q-0412,Family,3
3116,E9-Q-0413,Family,4
3116,E9-Q-0414,Family,5
3116,E9-Q-0415,Family,6
3116,E9-Q-0416,Family,7
3116,E9-Q-2410,Common,8
3116,E9-Q-2411,Common,9
3116,E9-Q-2412,Common,10
3116,E9-Q-2413,Common,11
3116,E9-Q-2414,Common,12
3116,E9-Q-2415,Common,13
3116,E9-Q-2416,Common,14
3116,E9-Q-2417,Common,15
3116,E9-Q-2418,Common,16
3116,E9-Q-2419,Common,17
3116,E9-Q-2420,Common,18
3116,E9-Q-2421,Common,19
3116,E9-Q-2422,Common,20
3116,E9-Q-2423,Common,21
3116,E9-Q-2424,Common,22
3116,E9-Q-2425,Common,23
3116,E9-Q-2426,Common,24
3116,E9-Q-2427,Common,25
3116,E9-Q-2428,Common,26
3116,E9-Q-2429,Common,27
3116,E9-Q-2430,Common,28
3116,E9-Q-2431,Common,29
3116,E9-Q-2432,Common,30
3116,E9-Q-2433,Common,31
3116,E9-Q-2434,Common,32
3116,E9-Q-2435,Common,33
3116,E9-Q-2436,Common,34
3116,E9-Q-2437,Common,35
3116,E9-Q-2438,Common,36
3116,E9-Q-2439,Common,37
3116,E9-Q-2440,Common,38
3117,E9-Q-2254,Exact,1
3117,E9-Q-2255,Exact,2
3117,E9-Q-0412,Family,3
3117,E9-Q-0413,Family,4
3117,E9-Q-0414,Family,5
3117,E9-Q-0415,Family,6
3117,E9-Q-0416,Family,7
3117,E9-Q-2410,Common,8
3117,E9-Q-2411,Common,9
3117,E9-Q-2412,Common,10
3117,E9-Q-2413,Common,11
3117,E9-Q-2414,Common,12
3117,E9-Q-2415,Common,13
3117,E9-Q-2416,Common,14
3117,E9-Q-2417,Common,15
3117,E9-Q-2418,Common,16
3117,E9-Q-2419,Common,17
3117,E9-Q-2420,Common,18
3117,E9-Q-2421,Common,19
3117,E9-Q-2422,Common,20
3117,E9-Q-2423,Common,21
3117,E9-Q-2424,Common,22
3117,E9-Q-2425,Common,23
3117,E9-Q-2426,Common,24
3117,E9-Q-2427,Common,25
3117,E9-Q-2428,Common,26
3117,E9-Q-2429,Common,27
3117,E9-Q-2430,Common,28
3117,E9-Q-2431,Common,29
3117,E9-Q-2432,Common,30
3117,E9-Q-2433,Common,31
3117,E9-Q-2434,Common,32
3117,E9-Q-2435,Common,33
3117,E9-Q-2436,Common,34
3117,E9-Q-2437,Common,35
3117,E9-Q-2438,Common,36
3117,E9-Q-2439,Common,37
3117,E9-Q-2440,Common,38
3119,E9-Q-2256,Exact,1
3119,E9-Q-2257,Exact,2
3119,E9-Q-0412,Family,3
3119,E9-Q-0413,Family,4
3119,E9-Q-0414,Family,5
3119,E9-Q-0415,Family,6
3119,E9-Q-0416,Family,7
3119,E9-Q-2410,Common,8
3119,E9-Q-2411,Common,9
3119,E9-Q-2412,Common,10
3119,E9-Q-2413,Common,11
3119,E9-Q-2414,Common,12
3119,E9-Q-2415,Common,13
3119,E9-Q-2416,Common,14
3119,E9-Q-2417,Common,15
3119,E9-Q-2418,Common,16
3119,E9-Q-2419,Common,17
3119,E9-Q-2420,Common,18
3119,E9-Q-2421,Common,19
3119,E9-Q-2422,Common,20
3119,E9-Q-2423,Common,21
3119,E9-Q-2424,Common,22
3119,E9-Q-2425,Common,23
3119,E9-Q-2426,Common,24
3119,E9-Q-2427,Common,25
3119,E9-Q-2428,Common,26
3119,E9-Q-2429,Common,27
3119,E9-Q-2430,Common,28
3119,E9-Q-2431,Common,29
3119,E9-Q-2432,Common,30
3119,E9-Q-2433,Common,31
3119,E9-Q-2434,Common,32
3119,E9-Q-2435,Common,33
3119,E9-Q-2436,Common,34
3119,E9-Q-2437,Common,35
3119,E9-Q-2438,Common,36
3119,E9-Q-2439,Common,37
3119,E9-Q-2440,Common,38
3312,E9-Q-2258,Exact,1
3312,E9-Q-2259,Exact,2
3312,E9-Q-0422,Family,3
3312,E9-Q-0423,Family,4
3312,E9-Q-0424,Family,5
3312,E9-Q-0425,Family,6
3312,E9-Q-0426,Family,7
3312,E9-Q-2410,Common,8
3312,E9-Q-2411,Common,9
3312,E9-Q-2412,Common,10
3312,E9-Q-2413,Common,11
3312,E9-Q-2414,Common,12
3312,E9-Q-2415,Common,13
3312,E9-Q-2416,Common,14
3312,E9-Q-2417,Common,15
3312,E9-Q-2418,Common,16
3312,E9-Q-2419,Common,17
3312,E9-Q-2420,Common,18
3312,E9-Q-2421,Common,19
3312,E9-Q-2422,Common,20
3312,E9-Q-2423,Common,21
3312,E9-Q-2424,Common,22
3312,E9-Q-2425,Common,23
3312,E9-Q-2426,Common,24
3312,E9-Q-2427,Common,25
3312,E9-Q-2428,Common,26
3312,E9-Q-2429,Common,27
3312,E9-Q-2430,Common,28
3312,E9-Q-2431,Common,29
3312,E9-Q-2432,Common,30
3312,E9-Q-2433,Common,31
3312,E9-Q-2434,Common,32
3312,E9-Q-2435,Common,33
3312,E9-Q-2436,Common,34
3312,E9-Q-2437,Common,35
3312,E9-Q-2438,Common,36
3312,E9-Q-2439,Common,37
3312,E9-Q-2440,Common,38
3313,E9-Q-2260,Exact,1
3313,E9-Q-2261,Exact,2
3313,E9-Q-0422,Family,3
3313,E9-Q-0423,Family,4
3313,E9-Q-0424,Family,5
3313,E9-Q-0425,Family,6
3313,E9-Q-0426,Family,7
3313,E9-Q-2410,Common,8
3313,E9-Q-2411,Common,9
3313,E9-Q-2412,Common,10
3313,E9-Q-2413,Common,11
3313,E9-Q-2414,Common,12
3313,E9-Q-2415,Common,13
3313,E9-Q-2416,Common,14
3313,E9-Q-2417,Common,15
3313,E9-Q-2418,Common,16
3313,E9-Q-2419,Common,17
3313,E9-Q-2420,Common,18
3313,E9-Q-2421,Common,19
3313,E9-Q-2422,Common,20
3313,E9-Q-2423,Common,21
3313,E9-Q-2424,Common,22
3313,E9-Q-2425,Common,23
3313,E9-Q-2426,Common,24
3313,E9-Q-2427,Common,25
3313,E9-Q-2428,Common,26
3313,E9-Q-2429,Common,27
3313,E9-Q-2430,Common,28
3313,E9-Q-2431,Common,29
3313,E9-Q-2432,Common,30
3313,E9-Q-2433,Common,31
3313,E9-Q-2434,Common,32
3313,E9-Q-2435,Common,33
3313,E9-Q-2436,Common,34
3313,E9-Q-2437,Common,35
3313,E9-Q-2438,Common,36
3313,E9-Q-2439,Common,37
3313,E9-Q-2440,Common,38
3314,E9-Q-2262,Exact,1
3314,E9-Q-2263,Exact,2
3314,E9-Q-0422,Family,3
3314,E9-Q-0423,Family,4
3314,E9-Q-0424,Family,5
3314,E9-Q-0425,Family,6
3314,E9-Q-0426,Family,7
3314,E9-Q-2410,Common,8
3314,E9-Q-2411,Common,9
3314,E9-Q-2412,Common,10
3314,E9-Q-2413,Common,11
3314,E9-Q-2414,Common,12
3314,E9-Q-2415,Common,13
3314,E9-Q-2416,Common,14
3314,E9-Q-2417,Common,15
3314,E9-Q-2418,Common,16
3314,E9-Q-2419,Common,17
3314,E9-Q-2420,Common,18
3314,E9-Q-2421,Common,19
3314,E9-Q-2422,Common,20
3314,E9-Q-2423,Common,21
3314,E9-Q-2424,Common,22
3314,E9-Q-2425,Common,23
3314,E9-Q-2426,Common,24
3314,E9-Q-2427,Common,25
3314,E9-Q-2428,Common,26
3314,E9-Q-2429,Common,27
3314,E9-Q-2430,Common,28
3314,E9-Q-2431,Common,29
3314,E9-Q-2432,Common,30
3314,E9-Q-2433,Common,31
3314,E9-Q-2434,Common,32
3314,E9-Q-2435,Common,33
3314,E9-Q-2436,Common,34
3314,E9-Q-2437,Common,35
3314,E9-Q-2438,Common,36
3314,E9-Q-2439,Common,37
3314,E9-Q-2440,Common,38
3315,E9-Q-2264,Exact,1
3315,E9-Q-2265,Exact,2
3315,E9-Q-0422,Family,3
3315,E9-Q-0423,Family,4
3315,E9-Q-0424,Family,5
3315,E9-Q-0425,Family,6
3315,E9-Q-0426,Family,7
3315,E9-Q-2410,Common,8
3315,E9-Q-2411,Common,9
3315,E9-Q-2412,Common,10
3315,E9-Q-2413,Common,11
3315,E9-Q-2414,Common,12
3315,E9-Q-2415,Common,13
3315,E9-Q-2416,Common,14
3315,E9-Q-2417,Common,15
3315,E9-Q-2418,Common,16
3315,E9-Q-2419,Common,17
3315,E9-Q-2420,Common,18
3315,E9-Q-2421,Common,19
3315,E9-Q-2422,Common,20
3315,E9-Q-2423,Common,21
3315,E9-Q-2424,Common,22
3315,E9-Q-2425,Common,23
3315,E9-Q-2426,Common,24
3315,E9-Q-2427,Common,25
3315,E9-Q-2428,Common,26
3315,E9-Q-2429,Common,27
3315,E9-Q-2430,Common,28
3315,E9-Q-2431,Common,29
3315,E9-Q-2432,Common,30
3315,E9-Q-2433,Common,31
3315,E9-Q-2434,Common,32
3315,E9-Q-2435,Common,33
3315,E9-Q-2436,Common,34
3315,E9-Q-2437,Common,35
3315,E9-Q-2438,Common,36
3315,E9-Q-2439,Common,37
3315,E9-Q-2440,Common,38
3342,E9-Q-2266,Exact,1
3342,E9-Q-2267,Exact,2
3342,E9-Q-0427,Family,3
3342,E9-Q-0428,Family,4
3342,E9-Q-0429,Family,5
3342,E9-Q-0430,Family,6
3342,E9-Q-0431,Family,7
3342,E9-Q-2410,Common,8
3342,E9-Q-2411,Common,9
3342,E9-Q-2412,Common,10
3342,E9-Q-2413,Common,11
3342,E9-Q-2414,Common,12
3342,E9-Q-2415,Common,13
3342,E9-Q-2416,Common,14
3342,E9-Q-2417,Common,15
3342,E9-Q-2418,Common,16
3342,E9-Q-2419,Common,17
3342,E9-Q-2420,Common,18
3342,E9-Q-2421,Common,19
3342,E9-Q-2422,Common,20
3342,E9-Q-2423,Common,21
3342,E9-Q-2424,Common,22
3342,E9-Q-2425,Common,23
3342,E9-Q-2426,Common,24
3342,E9-Q-2427,Common,25
3342,E9-Q-2428,Common,26
3342,E9-Q-2429,Common,27
3342,E9-Q-2430,Common,28
3342,E9-Q-2431,Common,29
3342,E9-Q-2432,Common,30
3342,E9-Q-2433,Common,31
3342,E9-Q-2434,Common,32
3342,E9-Q-2435,Common,33
3342,E9-Q-2436,Common,34
3342,E9-Q-2437,Common,35
3342,E9-Q-2438,Common,36
3342,E9-Q-2439,Common,37
3342,E9-Q-2440,Common,38
3343,E9-Q-2268,Exact,1
3343,E9-Q-2269,Exact,2
3343,E9-Q-0427,Family,3
3343,E9-Q-0428,Family,4
3343,E9-Q-0429,Family,5
3343,E9-Q-0430,Family,6
3343,E9-Q-0431,Family,7
3343,E9-Q-2410,Common,8
3343,E9-Q-2411,Common,9
3343,E9-Q-2412,Common,10
3343,E9-Q-2413,Common,11
3343,E9-Q-2414,Common,12
3343,E9-Q-2415,Common,13
3343,E9-Q-2416,Common,14
3343,E9-Q-2417,Common,15
3343,E9-Q-2418,Common,16
3343,E9-Q-2419,Common,17
3343,E9-Q-2420,Common,18
3343,E9-Q-2421,Common,19
3343,E9-Q-2422,Common,20
3343,E9-Q-2423,Common,21
3343,E9-Q-2424,Common,22
3343,E9-Q-2425,Common,23
3343,E9-Q-2426,Common,24
3343,E9-Q-2427,Common,25
3343,E9-Q-2428,Common,26
3343,E9-Q-2429,Common,27
3343,E9-Q-2430,Common,28
3343,E9-Q-2431,Common,29
3343,E9-Q-2432,Common,30
3343,E9-Q-2433,Common,31
3343,E9-Q-2434,Common,32
3343,E9-Q-2435,Common,33
3343,E9-Q-2436,Common,34
3343,E9-Q-2437,Common,35
3343,E9-Q-2438,Common,36
3343,E9-Q-2439,Common,37
3343,E9-Q-2440,Common,38
3344,E9-Q-2270,Exact,1
3344,E9-Q-2271,Exact,2
3344,E9-Q-0427,Family,3
3344,E9-Q-0428,Family,4
3344,E9-Q-0429,Family,5
3344,E9-Q-0430,Family,6
3344,E9-Q-0431,Family,7
3344,E9-Q-2410,Common,8
3344,E9-Q-2411,Common,9
3344,E9-Q-2412,Common,10
3344,E9-Q-2413,Common,11
3344,E9-Q-2414,Common,12
3344,E9-Q-2415,Common,13
3344,E9-Q-2416,Common,14
3344,E9-Q-2417,Common,15
3344,E9-Q-2418,Common,16
3344,E9-Q-2419,Common,17
3344,E9-Q-2420,Common,18
3344,E9-Q-2421,Common,19
3344,E9-Q-2422,Common,20
3344,E9-Q-2423,Common,21
3344,E9-Q-2424,Common,22
3344,E9-Q-2425,Common,23
3344,E9-Q-2426,Common,24
3344,E9-Q-2427,Common,25
3344,E9-Q-2428,Common,26
3344,E9-Q-2429,Common,27
3344,E9-Q-2430,Common,28
3344,E9-Q-2431,Common,29
3344,E9-Q-2432,Common,30
3344,E9-Q-2433,Common,31
3344,E9-Q-2434,Common,32
3344,E9-Q-2435,Common,33
3344,E9-Q-2436,Common,34
3344,E9-Q-2437,Common,35
3344,E9-Q-2438,Common,36
3344,E9-Q-2439,Common,37
3344,E9-Q-2440,Common,38
4221,E9-Q-2272,Exact,1
4221,E9-Q-2273,Exact,2
4221,E9-Q-0432,Family,3
4221,E9-Q-0433,Family,4
4221,E9-Q-0434,Family,5
4221,E9-Q-0435,Family,6
4221,E9-Q-0436,Family,7
4221,E9-Q-2410,Common,8
4221,E9-Q-2411,Common,9
4221,E9-Q-2412,Common,10
4221,E9-Q-2413,Common,11
4221,E9-Q-2414,Common,12
4221,E9-Q-2415,Common,13
4221,E9-Q-2416,Common,14
4221,E9-Q-2417,Common,15
4221,E9-Q-2418,Common,16
4221,E9-Q-2419,Common,17
4221,E9-Q-2420,Common,18
4221,E9-Q-2421,Common,19
4221,E9-Q-2422,Common,20
4221,E9-Q-2423,Common,21
4221,E9-Q-2424,Common,22
4221,E9-Q-2425,Common,23
4221,E9-Q-2426,Common,24
4221,E9-Q-2427,Common,25
4221,E9-Q-2428,Common,26
4221,E9-Q-2429,Common,27
4221,E9-Q-2430,Common,28
4221,E9-Q-2431,Common,29
4221,E9-Q-2432,Common,30
4221,E9-Q-2433,Common,31
4221,E9-Q-2434,Common,32
4221,E9-Q-2435,Common,33
4221,E9-Q-2436,Common,34
4221,E9-Q-2437,Common,35
4221,E9-Q-2438,Common,36
4221,E9-Q-2439,Common,37
4221,E9-Q-2440,Common,38
4223,E9-Q-2274,Exact,1
4223,E9-Q-2275,Exact,2
4223,E9-Q-0432,Family,3
4223,E9-Q-0433,Family,4
4223,E9-Q-0434,Family,5
4223,E9-Q-0435,Family,6
4223,E9-Q-0436,Family,7
4223,E9-Q-2410,Common,8
4223,E9-Q-2411,Common,9
4223,E9-Q-2412,Common,10
4223,E9-Q-2413,Common,11
4223,E9-Q-2414,Common,12
4223,E9-Q-2415,Common,13
4223,E9-Q-2416,Common,14
4223,E9-Q-2417,Common,15
4223,E9-Q-2418,Common,16
4223,E9-Q-2419,Common,17
4223,E9-Q-2420,Common,18
4223,E9-Q-2421,Common,19
4223,E9-Q-2422,Common,20
4223,E9-Q-2423,Common,21
4223,E9-Q-2424,Common,22
4223,E9-Q-2425,Common,23
4223,E9-Q-2426,Common,24
4223,E9-Q-2427,Common,25
4223,E9-Q-2428,Common,26
4223,E9-Q-2429,Common,27
4223,E9-Q-2430,Common,28
4223,E9-Q-2431,Common,29
4223,E9-Q-2432,Common,30
4223,E9-Q-2433,Common,31
4223,E9-Q-2434,Common,32
4223,E9-Q-2435,Common,33
4223,E9-Q-2436,Common,34
4223,E9-Q-2437,Common,35
4223,E9-Q-2438,Common,36
4223,E9-Q-2439,Common,37
4223,E9-Q-2440,Common,38
4224,E9-Q-2276,Exact,1
4224,E9-Q-2277,Exact,2
4224,E9-Q-0432,Family,3
4224,E9-Q-0433,Family,4
4224,E9-Q-0434,Family,5
4224,E9-Q-0435,Family,6
4224,E9-Q-0436,Family,7
4224,E9-Q-2410,Common,8
4224,E9-Q-2411,Common,9
4224,E9-Q-2412,Common,10
4224,E9-Q-2413,Common,11
4224,E9-Q-2414,Common,12
4224,E9-Q-2415,Common,13
4224,E9-Q-2416,Common,14
4224,E9-Q-2417,Common,15
4224,E9-Q-2418,Common,16
4224,E9-Q-2419,Common,17
4224,E9-Q-2420,Common,18
4224,E9-Q-2421,Common,19
4224,E9-Q-2422,Common,20
4224,E9-Q-2423,Common,21
4224,E9-Q-2424,Common,22
4224,E9-Q-2425,Common,23
4224,E9-Q-2426,Common,24
4224,E9-Q-2427,Common,25
4224,E9-Q-2428,Common,26
4224,E9-Q-2429,Common,27
4224,E9-Q-2430,Common,28
4224,E9-Q-2431,Common,29
4224,E9-Q-2432,Common,30
4224,E9-Q-2433,Common,31
4224,E9-Q-2434,Common,32
4224,E9-Q-2435,Common,33
4224,E9-Q-2436,Common,34
4224,E9-Q-2437,Common,35
4224,E9-Q-2438,Common,36
4224,E9-Q-2439,Common,37
4224,E9-Q-2440,Common,38
4225,E9-Q-2278,Exact,1
4225,E9-Q-2279,Exact,2
4225,E9-Q-0432,Family,3
4225,E9-Q-0433,Family,4
4225,E9-Q-0434,Family,5
4225,E9-Q-0435,Family,6
4225,E9-Q-0436,Family,7
4225,E9-Q-2410,Common,8
4225,E9-Q-2411,Common,9
4225,E9-Q-2412,Common,10
4225,E9-Q-2413,Common,11
4225,E9-Q-2414,Common,12
4225,E9-Q-2415,Common,13
4225,E9-Q-2416,Common,14
4225,E9-Q-2417,Common,15
4225,E9-Q-2418,Common,16
4225,E9-Q-2419,Common,17
4225,E9-Q-2420,Common,18
4225,E9-Q-2421,Common,19
4225,E9-Q-2422,Common,20
4225,E9-Q-2423,Common,21
4225,E9-Q-2424,Common,22
4225,E9-Q-2425,Common,23
4225,E9-Q-2426,Common,24
4225,E9-Q-2427,Common,25
4225,E9-Q-2428,Common,26
4225,E9-Q-2429,Common,27
4225,E9-Q-2430,Common,28
4225,E9-Q-2431,Common,29
4225,E9-Q-2432,Common,30
4225,E9-Q-2433,Common,31
4225,E9-Q-2434,Common,32
4225,E9-Q-2435,Common,33
4225,E9-Q-2436,Common,34
4225,E9-Q-2437,Common,35
4225,E9-Q-2438,Common,36
4225,E9-Q-2439,Common,37
4225,E9-Q-2440,Common,38
4226,E9-Q-2280,Exact,1
4226,E9-Q-2281,Exact,2
4226,E9-Q-0432,Family,3
4226,E9-Q-0433,Family,4
4226,E9-Q-0434,Family,5
4226,E9-Q-0435,Family,6
4226,E9-Q-0436,Family,7
4226,E9-Q-2410,Common,8
4226,E9-Q-2411,Common,9
4226,E9-Q-2412,Common,10
4226,E9-Q-2413,Common,11
4226,E9-Q-2414,Common,12
4226,E9-Q-2415,Common,13
4226,E9-Q-2416,Common,14
4226,E9-Q-2417,Common,15
4226,E9-Q-2418,Common,16
4226,E9-Q-2419,Common,17
4226,E9-Q-2420,Common,18
4226,E9-Q-2421,Common,19
4226,E9-Q-2422,Common,20
4226,E9-Q-2423,Common,21
4226,E9-Q-2424,Common,22
4226,E9-Q-2425,Common,23
4226,E9-Q-2426,Common,24
4226,E9-Q-2427,Common,25
4226,E9-Q-2428,Common,26
4226,E9-Q-2429,Common,27
4226,E9-Q-2430,Common,28
4226,E9-Q-2431,Common,29
4226,E9-Q-2432,Common,30
4226,E9-Q-2433,Common,31
4226,E9-Q-2434,Common,32
4226,E9-Q-2435,Common,33
4226,E9-Q-2436,Common,34
4226,E9-Q-2437,Common,35
4226,E9-Q-2438,Common,36
4226,E9-Q-2439,Common,37
4226,E9-Q-2440,Common,38
4229,E9-Q-2282,Exact,1
4229,E9-Q-2283,Exact,2
4229,E9-Q-0432,Family,3
4229,E9-Q-0433,Family,4
4229,E9-Q-0434,Family,5
4229,E9-Q-0435,Family,6
4229,E9-Q-0436,Family,7
4229,E9-Q-2410,Common,8
4229,E9-Q-2411,Common,9
4229,E9-Q-2412,Common,10
4229,E9-Q-2413,Common,11
4229,E9-Q-2414,Common,12
4229,E9-Q-2415,Common,13
4229,E9-Q-2416,Common,14
4229,E9-Q-2417,Common,15
4229,E9-Q-2418,Common,16
4229,E9-Q-2419,Common,17
4229,E9-Q-2420,Common,18
4229,E9-Q-2421,Common,19
4229,E9-Q-2422,Common,20
4229,E9-Q-2423,Common,21
4229,E9-Q-2424,Common,22
4229,E9-Q-2425,Common,23
4229,E9-Q-2426,Common,24
4229,E9-Q-2427,Common,25
4229,E9-Q-2428,Common,26
4229,E9-Q-2429,Common,27
4229,E9-Q-2430,Common,28
4229,E9-Q-2431,Common,29
4229,E9-Q-2432,Common,30
4229,E9-Q-2433,Common,31
4229,E9-Q-2434,Common,32
4229,E9-Q-2435,Common,33
4229,E9-Q-2436,Common,34
4229,E9-Q-2437,Common,35
4229,E9-Q-2438,Common,36
4229,E9-Q-2439,Common,37
4229,E9-Q-2440,Common,38
6112,E9-Q-2284,Exact,1
6112,E9-Q-2285,Exact,2
6112,E9-Q-0442,Family,3
6112,E9-Q-0443,Family,4
6112,E9-Q-0444,Family,5
6112,E9-Q-0445,Family,6
6112,E9-Q-0446,Family,7
6112,E9-Q-2410,Common,8
6112,E9-Q-2411,Common,9
6112,E9-Q-2412,Common,10
6112,E9-Q-2413,Common,11
6112,E9-Q-2414,Common,12
6112,E9-Q-2415,Common,13
6112,E9-Q-2416,Common,14
6112,E9-Q-2417,Common,15
6112,E9-Q-2418,Common,16
6112,E9-Q-2419,Common,17
6112,E9-Q-2420,Common,18
6112,E9-Q-2421,Common,19
6112,E9-Q-2422,Common,20
6112,E9-Q-2423,Common,21
6112,E9-Q-2424,Common,22
6112,E9-Q-2425,Common,23
6112,E9-Q-2426,Common,24
6112,E9-Q-2427,Common,25
6112,E9-Q-2428,Common,26
6112,E9-Q-2429,Common,27
6112,E9-Q-2430,Common,28
6112,E9-Q-2431,Common,29
6112,E9-Q-2432,Common,30
6112,E9-Q-2433,Common,31
6112,E9-Q-2434,Common,32
6112,E9-Q-2435,Common,33
6112,E9-Q-2436,Common,34
6112,E9-Q-2437,Common,35
6112,E9-Q-2438,Common,36
6112,E9-Q-2439,Common,37
6112,E9-Q-2440,Common,38
6113,E9-Q-2286,Exact,1
6113,E9-Q-2287,Exact,2
6113,E9-Q-0442,Family,3
6113,E9-Q-0443,Family,4
6113,E9-Q-0444,Family,5
6113,E9-Q-0445,Family,6
6113,E9-Q-0446,Family,7
6113,E9-Q-2410,Common,8
6113,E9-Q-2411,Common,9
6113,E9-Q-2412,Common,10
6113,E9-Q-2413,Common,11
6113,E9-Q-2414,Common,12
6113,E9-Q-2415,Common,13
6113,E9-Q-2416,Common,14
6113,E9-Q-2417,Common,15
6113,E9-Q-2418,Common,16
6113,E9-Q-2419,Common,17
6113,E9-Q-2420,Common,18
6113,E9-Q-2421,Common,19
6113,E9-Q-2422,Common,20
6113,E9-Q-2423,Common,21
6113,E9-Q-2424,Common,22
6113,E9-Q-2425,Common,23
6113,E9-Q-2426,Common,24
6113,E9-Q-2427,Common,25
6113,E9-Q-2428,Common,26
6113,E9-Q-2429,Common,27
6113,E9-Q-2430,Common,28
6113,E9-Q-2431,Common,29
6113,E9-Q-2432,Common,30
6113,E9-Q-2433,Common,31
6113,E9-Q-2434,Common,32
6113,E9-Q-2435,Common,33
6113,E9-Q-2436,Common,34
6113,E9-Q-2437,Common,35
6113,E9-Q-2438,Common,36
6113,E9-Q-2439,Common,37
6113,E9-Q-2440,Common,38
6114,E9-Q-2288,Exact,1
6114,E9-Q-2289,Exact,2
6114,E9-Q-0442,Family,3
6114,E9-Q-0443,Family,4
6114,E9-Q-0444,Family,5
6114,E9-Q-0445,Family,6
6114,E9-Q-0446,Family,7
6114,E9-Q-2410,Common,8
6114,E9-Q-2411,Common,9
6114,E9-Q-2412,Common,10
6114,E9-Q-2413,Common,11
6114,E9-Q-2414,Common,12
6114,E9-Q-2415,Common,13
6114,E9-Q-2416,Common,14
6114,E9-Q-2417,Common,15
6114,E9-Q-2418,Common,16
6114,E9-Q-2419,Common,17
6114,E9-Q-2420,Common,18
6114,E9-Q-2421,Common,19
6114,E9-Q-2422,Common,20
6114,E9-Q-2423,Common,21
6114,E9-Q-2424,Common,22
6114,E9-Q-2425,Common,23
6114,E9-Q-2426,Common,24
6114,E9-Q-2427,Common,25
6114,E9-Q-2428,Common,26
6114,E9-Q-2429,Common,27
6114,E9-Q-2430,Common,28
6114,E9-Q-2431,Common,29
6114,E9-Q-2432,Common,30
6114,E9-Q-2433,Common,31
6114,E9-Q-2434,Common,32
6114,E9-Q-2435,Common,33
6114,E9-Q-2436,Common,34
6114,E9-Q-2437,Common,35
6114,E9-Q-2438,Common,36
6114,E9-Q-2439,Common,37
6114,E9-Q-2440,Common,38
6115,E9-Q-2290,Exact,1
6115,E9-Q-2291,Exact,2
6115,E9-Q-0442,Family,3
6115,E9-Q-0443,Family,4
6115,E9-Q-0444,Family,5
6115,E9-Q-0445,Family,6
6115,E9-Q-0446,Family,7
6115,E9-Q-2410,Common,8
6115,E9-Q-2411,Common,9
6115,E9-Q-2412,Common,10
6115,E9-Q-2413,Common,11
6115,E9-Q-2414,Common,12
6115,E9-Q-2415,Common,13
6115,E9-Q-2416,Common,14
6115,E9-Q-2417,Common,15
6115,E9-Q-2418,Common,16
6115,E9-Q-2419,Common,17
6115,E9-Q-2420,Common,18
6115,E9-Q-2421,Common,19
6115,E9-Q-2422,Common,20
6115,E9-Q-2423,Common,21
6115,E9-Q-2424,Common,22
6115,E9-Q-2425,Common,23
6115,E9-Q-2426,Common,24
6115,E9-Q-2427,Common,25
6115,E9-Q-2428,Common,26
6115,E9-Q-2429,Common,27
6115,E9-Q-2430,Common,28
6115,E9-Q-2431,Common,29
6115,E9-Q-2432,Common,30
6115,E9-Q-2433,Common,31
6115,E9-Q-2434,Common,32
6115,E9-Q-2435,Common,33
6115,E9-Q-2436,Common,34
6115,E9-Q-2437,Common,35
6115,E9-Q-2438,Common,36
6115,E9-Q-2439,Common,37
6115,E9-Q-2440,Common,38
7211,E9-Q-2292,Exact,1
7211,E9-Q-2293,Exact,2
7211,E9-Q-0447,Family,3
7211,E9-Q-0448,Family,4
7211,E9-Q-0449,Family,5
7211,E9-Q-0450,Family,6
7211,E9-Q-0451,Family,7
7211,E9-Q-2410,Common,8
7211,E9-Q-2411,Common,9
7211,E9-Q-2412,Common,10
7211,E9-Q-2413,Common,11
7211,E9-Q-2414,Common,12
7211,E9-Q-2415,Common,13
7211,E9-Q-2416,Common,14
7211,E9-Q-2417,Common,15
7211,E9-Q-2418,Common,16
7211,E9-Q-2419,Common,17
7211,E9-Q-2420,Common,18
7211,E9-Q-2421,Common,19
7211,E9-Q-2422,Common,20
7211,E9-Q-2423,Common,21
7211,E9-Q-2424,Common,22
7211,E9-Q-2425,Common,23
7211,E9-Q-2426,Common,24
7211,E9-Q-2427,Common,25
7211,E9-Q-2428,Common,26
7211,E9-Q-2429,Common,27
7211,E9-Q-2430,Common,28
7211,E9-Q-2431,Common,29
7211,E9-Q-2432,Common,30
7211,E9-Q-2433,Common,31
7211,E9-Q-2434,Common,32
7211,E9-Q-2435,Common,33
7211,E9-Q-2436,Common,34
7211,E9-Q-2437,Common,35
7211,E9-Q-2438,Common,36
7211,E9-Q-2439,Common,37
7211,E9-Q-2440,Common,38
7213,E9-Q-2294,Exact,1
7213,E9-Q-2295,Exact,2
7213,E9-Q-0447,Family,3
7213,E9-Q-0448,Family,4
7213,E9-Q-0449,Family,5
7213,E9-Q-0450,Family,6
7213,E9-Q-0451,Family,7
7213,E9-Q-2410,Common,8
7213,E9-Q-2411,Common,9
7213,E9-Q-2412,Common,10
7213,E9-Q-2413,Common,11
7213,E9-Q-2414,Common,12
7213,E9-Q-2415,Common,13
7213,E9-Q-2416,Common,14
7213,E9-Q-2417,Common,15
7213,E9-Q-2418,Common,16
7213,E9-Q-2419,Common,17
7213,E9-Q-2420,Common,18
7213,E9-Q-2421,Common,19
7213,E9-Q-2422,Common,20
7213,E9-Q-2423,Common,21
7213,E9-Q-2424,Common,22
7213,E9-Q-2425,Common,23
7213,E9-Q-2426,Common,24
7213,E9-Q-2427,Common,25
7213,E9-Q-2428,Common,26
7213,E9-Q-2429,Common,27
7213,E9-Q-2430,Common,28
7213,E9-Q-2431,Common,29
7213,E9-Q-2432,Common,30
7213,E9-Q-2433,Common,31
7213,E9-Q-2434,Common,32
7213,E9-Q-2435,Common,33
7213,E9-Q-2436,Common,34
7213,E9-Q-2437,Common,35
7213,E9-Q-2438,Common,36
7213,E9-Q-2439,Common,37
7213,E9-Q-2440,Common,38
7214,E9-Q-2296,Exact,1
7214,E9-Q-2297,Exact,2
7214,E9-Q-0447,Family,3
7214,E9-Q-0448,Family,4
7214,E9-Q-0449,Family,5
7214,E9-Q-0450,Family,6
7214,E9-Q-0451,Family,7
7214,E9-Q-2410,Common,8
7214,E9-Q-2411,Common,9
7214,E9-Q-2412,Common,10
7214,E9-Q-2413,Common,11
7214,E9-Q-2414,Common,12
7214,E9-Q-2415,Common,13
7214,E9-Q-2416,Common,14
7214,E9-Q-2417,Common,15
7214,E9-Q-2418,Common,16
7214,E9-Q-2419,Common,17
7214,E9-Q-2420,Common,18
7214,E9-Q-2421,Common,19
7214,E9-Q-2422,Common,20
7214,E9-Q-2423,Common,21
7214,E9-Q-2424,Common,22
7214,E9-Q-2425,Common,23
7214,E9-Q-2426,Common,24
7214,E9-Q-2427,Common,25
7214,E9-Q-2428,Common,26
7214,E9-Q-2429,Common,27
7214,E9-Q-2430,Common,28
7214,E9-Q-2431,Common,29
7214,E9-Q-2432,Common,30
7214,E9-Q-2433,Common,31
7214,E9-Q-2434,Common,32
7214,E9-Q-2435,Common,33
7214,E9-Q-2436,Common,34
7214,E9-Q-2437,Common,35
7214,E9-Q-2438,Common,36
7214,E9-Q-2439,Common,37
7214,E9-Q-2440,Common,38
7215,E9-Q-2298,Exact,1
7215,E9-Q-2299,Exact,2
7215,E9-Q-0447,Family,3
7215,E9-Q-0448,Family,4
7215,E9-Q-0449,Family,5
7215,E9-Q-0450,Family,6
7215,E9-Q-0451,Family,7
7215,E9-Q-2410,Common,8
7215,E9-Q-2411,Common,9
7215,E9-Q-2412,Common,10
7215,E9-Q-2413,Common,11
7215,E9-Q-2414,Common,12
7215,E9-Q-2415,Common,13
7215,E9-Q-2416,Common,14
7215,E9-Q-2417,Common,15
7215,E9-Q-2418,Common,16
7215,E9-Q-2419,Common,17
7215,E9-Q-2420,Common,18
7215,E9-Q-2421,Common,19
7215,E9-Q-2422,Common,20
7215,E9-Q-2423,Common,21
7215,E9-Q-2424,Common,22
7215,E9-Q-2425,Common,23
7215,E9-Q-2426,Common,24
7215,E9-Q-2427,Common,25
7215,E9-Q-2428,Common,26
7215,E9-Q-2429,Common,27
7215,E9-Q-2430,Common,28
7215,E9-Q-2431,Common,29
7215,E9-Q-2432,Common,30
7215,E9-Q-2433,Common,31
7215,E9-Q-2434,Common,32
7215,E9-Q-2435,Common,33
7215,E9-Q-2436,Common,34
7215,E9-Q-2437,Common,35
7215,E9-Q-2438,Common,36
7215,E9-Q-2439,Common,37
7215,E9-Q-2440,Common,38
7232,E9-Q-2300,Exact,1
7232,E9-Q-2301,Exact,2
7232,E9-Q-0452,Family,3
7232,E9-Q-0453,Family,4
7232,E9-Q-0454,Family,5
7232,E9-Q-0455,Family,6
7232,E9-Q-0456,Family,7
7232,E9-Q-2410,Common,8
7232,E9-Q-2411,Common,9
7232,E9-Q-2412,Common,10
7232,E9-Q-2413,Common,11
7232,E9-Q-2414,Common,12
7232,E9-Q-2415,Common,13
7232,E9-Q-2416,Common,14
7232,E9-Q-2417,Common,15
7232,E9-Q-2418,Common,16
7232,E9-Q-2419,Common,17
7232,E9-Q-2420,Common,18
7232,E9-Q-2421,Common,19
7232,E9-Q-2422,Common,20
7232,E9-Q-2423,Common,21
7232,E9-Q-2424,Common,22
7232,E9-Q-2425,Common,23
7232,E9-Q-2426,Common,24
7232,E9-Q-2427,Common,25
7232,E9-Q-2428,Common,26
7232,E9-Q-2429,Common,27
7232,E9-Q-2430,Common,28
7232,E9-Q-2431,Common,29
7232,E9-Q-2432,Common,30
7232,E9-Q-2433,Common,31
7232,E9-Q-2434,Common,32
7232,E9-Q-2435,Common,33
7232,E9-Q-2436,Common,34
7232,E9-Q-2437,Common,35
7232,E9-Q-2438,Common,36
7232,E9-Q-2439,Common,37
7232,E9-Q-2440,Common,38
7233,E9-Q-2302,Exact,1
7233,E9-Q-2303,Exact,2
7233,E9-Q-0452,Family,3
7233,E9-Q-0453,Family,4
7233,E9-Q-0454,Family,5
7233,E9-Q-0455,Family,6
7233,E9-Q-0456,Family,7
7233,E9-Q-2410,Common,8
7233,E9-Q-2411,Common,9
7233,E9-Q-2412,Common,10
7233,E9-Q-2413,Common,11
7233,E9-Q-2414,Common,12
7233,E9-Q-2415,Common,13
7233,E9-Q-2416,Common,14
7233,E9-Q-2417,Common,15
7233,E9-Q-2418,Common,16
7233,E9-Q-2419,Common,17
7233,E9-Q-2420,Common,18
7233,E9-Q-2421,Common,19
7233,E9-Q-2422,Common,20
7233,E9-Q-2423,Common,21
7233,E9-Q-2424,Common,22
7233,E9-Q-2425,Common,23
7233,E9-Q-2426,Common,24
7233,E9-Q-2427,Common,25
7233,E9-Q-2428,Common,26
7233,E9-Q-2429,Common,27
7233,E9-Q-2430,Common,28
7233,E9-Q-2431,Common,29
7233,E9-Q-2432,Common,30
7233,E9-Q-2433,Common,31
7233,E9-Q-2434,Common,32
7233,E9-Q-2435,Common,33
7233,E9-Q-2436,Common,34
7233,E9-Q-2437,Common,35
7233,E9-Q-2438,Common,36
7233,E9-Q-2439,Common,37
7233,E9-Q-2440,Common,38
7234,E9-Q-2304,Exact,1
7234,E9-Q-2305,Exact,2
7234,E9-Q-0452,Family,3
7234,E9-Q-0453,Family,4
7234,E9-Q-0454,Family,5
7234,E9-Q-0455,Family,6
7234,E9-Q-0456,Family,7
7234,E9-Q-2410,Common,8
7234,E9-Q-2411,Common,9
7234,E9-Q-2412,Common,10
7234,E9-Q-2413,Common,11
7234,E9-Q-2414,Common,12
7234,E9-Q-2415,Common,13
7234,E9-Q-2416,Common,14
7234,E9-Q-2417,Common,15
7234,E9-Q-2418,Common,16
7234,E9-Q-2419,Common,17
7234,E9-Q-2420,Common,18
7234,E9-Q-2421,Common,19
7234,E9-Q-2422,Common,20
7234,E9-Q-2423,Common,21
7234,E9-Q-2424,Common,22
7234,E9-Q-2425,Common,23
7234,E9-Q-2426,Common,24
7234,E9-Q-2427,Common,25
7234,E9-Q-2428,Common,26
7234,E9-Q-2429,Common,27
7234,E9-Q-2430,Common,28
7234,E9-Q-2431,Common,29
7234,E9-Q-2432,Common,30
7234,E9-Q-2433,Common,31
7234,E9-Q-2434,Common,32
7234,E9-Q-2435,Common,33
7234,E9-Q-2436,Common,34
7234,E9-Q-2437,Common,35
7234,E9-Q-2438,Common,36
7234,E9-Q-2439,Common,37
7234,E9-Q-2440,Common,38
7239,E9-Q-2306,Exact,1
7239,E9-Q-2307,Exact,2
7239,E9-Q-0452,Family,3
7239,E9-Q-0453,Family,4
7239,E9-Q-0454,Family,5
7239,E9-Q-0455,Family,6
7239,E9-Q-0456,Family,7
7239,E9-Q-2410,Common,8
7239,E9-Q-2411,Common,9
7239,E9-Q-2412,Common,10
7239,E9-Q-2413,Common,11
7239,E9-Q-2414,Common,12
7239,E9-Q-2415,Common,13
7239,E9-Q-2416,Common,14
7239,E9-Q-2417,Common,15
7239,E9-Q-2418,Common,16
7239,E9-Q-2419,Common,17
7239,E9-Q-2420,Common,18
7239,E9-Q-2421,Common,19
7239,E9-Q-2422,Common,20
7239,E9-Q-2423,Common,21
7239,E9-Q-2424,Common,22
7239,E9-Q-2425,Common,23
7239,E9-Q-2426,Common,24
7239,E9-Q-2427,Common,25
7239,E9-Q-2428,Common,26
7239,E9-Q-2429,Common,27
7239,E9-Q-2430,Common,28
7239,E9-Q-2431,Common,29
7239,E9-Q-2432,Common,30
7239,E9-Q-2433,Common,31
7239,E9-Q-2434,Common,32
7239,E9-Q-2435,Common,33
7239,E9-Q-2436,Common,34
7239,E9-Q-2437,Common,35
7239,E9-Q-2438,Common,36
7239,E9-Q-2439,Common,37
7239,E9-Q-2440,Common,38
8321,E9-Q-2308,Exact,1
8321,E9-Q-2309,Exact,2
8321,E9-Q-0457,Family,3
8321,E9-Q-0458,Family,4
8321,E9-Q-0459,Family,5
8321,E9-Q-0460,Family,6
8321,E9-Q-0461,Family,7
8321,E9-Q-2410,Common,8
8321,E9-Q-2411,Common,9
8321,E9-Q-2412,Common,10
8321,E9-Q-2413,Common,11
8321,E9-Q-2414,Common,12
8321,E9-Q-2415,Common,13
8321,E9-Q-2416,Common,14
8321,E9-Q-2417,Common,15
8321,E9-Q-2418,Common,16
8321,E9-Q-2419,Common,17
8321,E9-Q-2420,Common,18
8321,E9-Q-2421,Common,19
8321,E9-Q-2422,Common,20
8321,E9-Q-2423,Common,21
8321,E9-Q-2424,Common,22
8321,E9-Q-2425,Common,23
8321,E9-Q-2426,Common,24
8321,E9-Q-2427,Common,25
8321,E9-Q-2428,Common,26
8321,E9-Q-2429,Common,27
8321,E9-Q-2430,Common,28
8321,E9-Q-2431,Common,29
8321,E9-Q-2432,Common,30
8321,E9-Q-2433,Common,31
8321,E9-Q-2434,Common,32
8321,E9-Q-2435,Common,33
8321,E9-Q-2436,Common,34
8321,E9-Q-2437,Common,35
8321,E9-Q-2438,Common,36
8321,E9-Q-2439,Common,37
8321,E9-Q-2440,Common,38
0121,E9-Q-2310,Exact,1
0121,E9-Q-2311,Exact,2
0121,E9-Q-2312,Exact,3
0121,E9-Q-2313,Exact,4
0121,E9-Q-2314,Exact,5
0121,E9-Q-2410,Common,6
0121,E9-Q-2411,Common,7
0121,E9-Q-2412,Common,8
0121,E9-Q-2413,Common,9
0121,E9-Q-2414,Common,10
0121,E9-Q-2415,Common,11
0121,E9-Q-2416,Common,12
0121,E9-Q-2417,Common,13
0121,E9-Q-2418,Common,14
0121,E9-Q-2419,Common,15
0121,E9-Q-2420,Common,16
0121,E9-Q-2421,Common,17
0121,E9-Q-2422,Common,18
0121,E9-Q-2423,Common,19
0121,E9-Q-2424,Common,20
0121,E9-Q-2425,Common,21
0121,E9-Q-2426,Common,22
0121,E9-Q-2427,Common,23
0121,E9-Q-2428,Common,24
0121,E9-Q-2429,Common,25
0121,E9-Q-2430,Common,26
0121,E9-Q-2431,Common,27
0121,E9-Q-2432,Common,28
0121,E9-Q-2433,Common,29
0121,E9-Q-2434,Common,30
0121,E9-Q-2435,Common,31
0121,E9-Q-2436,Common,32
0121,E9-Q-2437,Common,33
0121,E9-Q-2438,Common,34
0121,E9-Q-2439,Common,35
0121,E9-Q-2440,Common,36
0131,E9-Q-2315,Exact,1
0131,E9-Q-2316,Exact,2
0131,E9-Q-2317,Exact,3
0131,E9-Q-2318,Exact,4
0131,E9-Q-2319,Exact,5
0131,E9-Q-2410,Common,6
0131,E9-Q-2411,Common,7
0131,E9-Q-2412,Common,8
0131,E9-Q-2413,Common,9
0131,E9-Q-2414,Common,10
0131,E9-Q-2415,Common,11
0131,E9-Q-2416,Common,12
0131,E9-Q-2417,Common,13
0131,E9-Q-2418,Common,14
0131,E9-Q-2419,Common,15
0131,E9-Q-2420,Common,16
0131,E9-Q-2421,Common,17
0131,E9-Q-2422,Common,18
0131,E9-Q-2423,Common,19
0131,E9-Q-2424,Common,20
0131,E9-Q-2425,Common,21
0131,E9-Q-2426,Common,22
0131,E9-Q-2427,Common,23
0131,E9-Q-2428,Common,24
0131,E9-Q-2429,Common,25
0131,E9-Q-2430,Common,26
0131,E9-Q-2431,Common,27
0131,E9-Q-2432,Common,28
0131,E9-Q-2433,Common,29
0131,E9-Q-2434,Common,30
0131,E9-Q-2435,Common,31
0131,E9-Q-2436,Common,32
0131,E9-Q-2437,Common,33
0131,E9-Q-2438,Common,34
0131,E9-Q-2439,Common,35
0131,E9-Q-2440,Common,36
0211,E9-Q-2320,Exact,1
0211,E9-Q-2321,Exact,2
0211,E9-Q-2322,Exact,3
0211,E9-Q-2323,Exact,4
0211,E9-Q-2324,Exact,5
0211,E9-Q-2410,Common,6
0211,E9-Q-2411,Common,7
0211,E9-Q-2412,Common,8
0211,E9-Q-2413,Common,9
0211,E9-Q-2414,Common,10
0211,E9-Q-2415,Common,11
0211,E9-Q-2416,Common,12
0211,E9-Q-2417,Common,13
0211,E9-Q-2418,Common,14
0211,E9-Q-2419,Common,15
0211,E9-Q-2420,Common,16
0211,E9-Q-2421,Common,17
0211,E9-Q-2422,Common,18
0211,E9-Q-2423,Common,19
0211,E9-Q-2424,Common,20
0211,E9-Q-2425,Common,21
0211,E9-Q-2426,Common,22
0211,E9-Q-2427,Common,23
0211,E9-Q-2428,Common,24
0211,E9-Q-2429,Common,25
0211,E9-Q-2430,Common,26
0211,E9-Q-2431,Common,27
0211,E9-Q-2432,Common,28
0211,E9-Q-2433,Common,29
0211,E9-Q-2434,Common,30
0211,E9-Q-2435,Common,31
0211,E9-Q-2436,Common,32
0211,E9-Q-2437,Common,33
0211,E9-Q-2438,Common,34
0211,E9-Q-2439,Common,35
0211,E9-Q-2440,Common,36
0221,E9-Q-2325,Exact,1
0221,E9-Q-2326,Exact,2
0221,E9-Q-2327,Exact,3
0221,E9-Q-2328,Exact,4
0221,E9-Q-2329,Exact,5
0221,E9-Q-2410,Common,6
0221,E9-Q-2411,Common,7
0221,E9-Q-2412,Common,8
0221,E9-Q-2413,Common,9
0221,E9-Q-2414,Common,10
0221,E9-Q-2415,Common,11
0221,E9-Q-2416,Common,12
0221,E9-Q-2417,Common,13
0221,E9-Q-2418,Common,14
0221,E9-Q-2419,Common,15
0221,E9-Q-2420,Common,16
0221,E9-Q-2421,Common,17
0221,E9-Q-2422,Common,18
0221,E9-Q-2423,Common,19
0221,E9-Q-2424,Common,20
0221,E9-Q-2425,Common,21
0221,E9-Q-2426,Common,22
0221,E9-Q-2427,Common,23
0221,E9-Q-2428,Common,24
0221,E9-Q-2429,Common,25
0221,E9-Q-2430,Common,26
0221,E9-Q-2431,Common,27
0221,E9-Q-2432,Common,28
0221,E9-Q-2433,Common,29
0221,E9-Q-2434,Common,30
0221,E9-Q-2435,Common,31
0221,E9-Q-2436,Common,32
0221,E9-Q-2437,Common,33
0221,E9-Q-2438,Common,34
0221,E9-Q-2439,Common,35
0221,E9-Q-2440,Common,36
0311,E9-Q-2330,Exact,1
0311,E9-Q-2331,Exact,2
0311,E9-Q-2332,Exact,3
0311,E9-Q-2333,Exact,4
0311,E9-Q-2334,Exact,5
0311,E9-Q-2410,Common,6
0311,E9-Q-2411,Common,7
0311,E9-Q-2412,Common,8
0311,E9-Q-2413,Common,9
0311,E9-Q-2414,Common,10
0311,E9-Q-2415,Common,11
0311,E9-Q-2416,Common,12
0311,E9-Q-2417,Common,13
0311,E9-Q-2418,Common,14
0311,E9-Q-2419,Common,15
0311,E9-Q-2420,Common,16
0311,E9-Q-2421,Common,17
0311,E9-Q-2422,Common,18
0311,E9-Q-2423,Common,19
0311,E9-Q-2424,Common,20
0311,E9-Q-2425,Common,21
0311,E9-Q-2426,Common,22
0311,E9-Q-2427,Common,23
0311,E9-Q-2428,Common,24
0311,E9-Q-2429,Common,25
0311,E9-Q-2430,Common,26
0311,E9-Q-2431,Common,27
0311,E9-Q-2432,Common,28
0311,E9-Q-2433,Common,29
0311,E9-Q-2434,Common,30
0311,E9-Q-2435,Common,31
0311,E9-Q-2436,Common,32
0311,E9-Q-2437,Common,33
0311,E9-Q-2438,Common,34
0311,E9-Q-2439,Common,35
0311,E9-Q-2440,Common,36
0321,E9-Q-2335,Exact,1
0321,E9-Q-2336,Exact,2
0321,E9-Q-2337,Exact,3
0321,E9-Q-2338,Exact,4
0321,E9-Q-2339,Exact,5
0321,E9-Q-2410,Common,6
0321,E9-Q-2411,Common,7
0321,E9-Q-2412,Common,8
0321,E9-Q-2413,Common,9
0321,E9-Q-2414,Common,10
0321,E9-Q-2415,Common,11
0321,E9-Q-2416,Common,12
0321,E9-Q-2417,Common,13
0321,E9-Q-2418,Common,14
0321,E9-Q-2419,Common,15
0321,E9-Q-2420,Common,16
0321,E9-Q-2421,Common,17
0321,E9-Q-2422,Common,18
0321,E9-Q-2423,Common,19
0321,E9-Q-2424,Common,20
0321,E9-Q-2425,Common,21
0321,E9-Q-2426,Common,22
0321,E9-Q-2427,Common,23
0321,E9-Q-2428,Common,24
0321,E9-Q-2429,Common,25
0321,E9-Q-2430,Common,26
0321,E9-Q-2431,Common,27
0321,E9-Q-2432,Common,28
0321,E9-Q-2433,Common,29
0321,E9-Q-2434,Common,30
0321,E9-Q-2435,Common,31
0321,E9-Q-2436,Common,32
0321,E9-Q-2437,Common,33
0321,E9-Q-2438,Common,34
0321,E9-Q-2439,Common,35
0321,E9-Q-2440,Common,36
1619,E9-Q-2340,Exact,1
1619,E9-Q-2341,Exact,2
1619,E9-Q-2342,Exact,3
1619,E9-Q-2343,Exact,4
1619,E9-Q-2344,Exact,5
1619,E9-Q-2410,Common,6
1619,E9-Q-2411,Common,7
1619,E9-Q-2412,Common,8
1619,E9-Q-2413,Common,9
1619,E9-Q-2414,Common,10
1619,E9-Q-2415,Common,11
1619,E9-Q-2416,Common,12
1619,E9-Q-2417,Common,13
1619,E9-Q-2418,Common,14
1619,E9-Q-2419,Common,15
1619,E9-Q-2420,Common,16
1619,E9-Q-2421,Common,17
1619,E9-Q-2422,Common,18
1619,E9-Q-2423,Common,19
1619,E9-Q-2424,Common,20
1619,E9-Q-2425,Common,21
1619,E9-Q-2426,Common,22
1619,E9-Q-2427,Common,23
1619,E9-Q-2428,Common,24
1619,E9-Q-2429,Common,25
1619,E9-Q-2430,Common,26
1619,E9-Q-2431,Common,27
1619,E9-Q-2432,Common,28
1619,E9-Q-2433,Common,29
1619,E9-Q-2434,Common,30
1619,E9-Q-2435,Common,31
1619,E9-Q-2436,Common,32
1619,E9-Q-2437,Common,33
1619,E9-Q-2438,Common,34
1619,E9-Q-2439,Common,35
1619,E9-Q-2440,Common,36
2179,E9-Q-2345,Exact,1
2179,E9-Q-2346,Exact,2
2179,E9-Q-2347,Exact,3
2179,E9-Q-2348,Exact,4
2179,E9-Q-2349,Exact,5
2179,E9-Q-2410,Common,6
2179,E9-Q-2411,Common,7
2179,E9-Q-2412,Common,8
2179,E9-Q-2413,Common,9
2179,E9-Q-2414,Common,10
2179,E9-Q-2415,Common,11
2179,E9-Q-2416,Common,12
2179,E9-Q-2417,Common,13
2179,E9-Q-2418,Common,14
2179,E9-Q-2419,Common,15
2179,E9-Q-2420,Common,16
2179,E9-Q-2421,Common,17
2179,E9-Q-2422,Common,18
2179,E9-Q-2423,Common,19
2179,E9-Q-2424,Common,20
2179,E9-Q-2425,Common,21
2179,E9-Q-2426,Common,22
2179,E9-Q-2427,Common,23
2179,E9-Q-2428,Common,24
2179,E9-Q-2429,Common,25
2179,E9-Q-2430,Common,26
2179,E9-Q-2431,Common,27
2179,E9-Q-2432,Common,28
2179,E9-Q-2433,Common,29
2179,E9-Q-2434,Common,30
2179,E9-Q-2435,Common,31
2179,E9-Q-2436,Common,32
2179,E9-Q-2437,Common,33
2179,E9-Q-2438,Common,34
2179,E9-Q-2439,Common,35
2179,E9-Q-2440,Common,36
2619,E9-Q-2350,Exact,1
2619,E9-Q-2351,Exact,2
2619,E9-Q-2352,Exact,3
2619,E9-Q-2353,Exact,4
2619,E9-Q-2354,Exact,5
2619,E9-Q-2410,Common,6
2619,E9-Q-2411,Common,7
2619,E9-Q-2412,Common,8
2619,E9-Q-2413,Common,9
2619,E9-Q-2414,Common,10
2619,E9-Q-2415,Common,11
2619,E9-Q-2416,Common,12
2619,E9-Q-2417,Common,13
2619,E9-Q-2418,Common,14
2619,E9-Q-2419,Common,15
2619,E9-Q-2420,Common,16
2619,E9-Q-2421,Common,17
2619,E9-Q-2422,Common,18
2619,E9-Q-2423,Common,19
2619,E9-Q-2424,Common,20
2619,E9-Q-2425,Common,21
2619,E9-Q-2426,Common,22
2619,E9-Q-2427,Common,23
2619,E9-Q-2428,Common,24
2619,E9-Q-2429,Common,25
2619,E9-Q-2430,Common,26
2619,E9-Q-2431,Common,27
2619,E9-Q-2432,Common,28
2619,E9-Q-2433,Common,29
2619,E9-Q-2434,Common,30
2619,E9-Q-2435,Common,31
2619,E9-Q-2436,Common,32
2619,E9-Q-2437,Common,33
2619,E9-Q-2438,Common,34
2619,E9-Q-2439,Common,35
2619,E9-Q-2440,Common,36
2919,E9-Q-2355,Exact,1
2919,E9-Q-2356,Exact,2
2919,E9-Q-2357,Exact,3
2919,E9-Q-2358,Exact,4
2919,E9-Q-2359,Exact,5
2919,E9-Q-0410,Family,6
2919,E9-Q-0411,Family,7
2919,E9-Q-2410,Common,8
2919,E9-Q-2411,Common,9
2919,E9-Q-2412,Common,10
2919,E9-Q-2413,Common,11
2919,E9-Q-2414,Common,12
2919,E9-Q-2415,Common,13
2919,E9-Q-2416,Common,14
2919,E9-Q-2417,Common,15
2919,E9-Q-2418,Common,16
2919,E9-Q-2419,Common,17
2919,E9-Q-2420,Common,18
2919,E9-Q-2421,Common,19
2919,E9-Q-2422,Common,20
2919,E9-Q-2423,Common,21
2919,E9-Q-2424,Common,22
2919,E9-Q-2425,Common,23
2919,E9-Q-2426,Common,24
2919,E9-Q-2427,Common,25
2919,E9-Q-2428,Common,26
2919,E9-Q-2429,Common,27
2919,E9-Q-2430,Common,28
2919,E9-Q-2431,Common,29
2919,E9-Q-2432,Common,30
2919,E9-Q-2433,Common,31
2919,E9-Q-2434,Common,32
2919,E9-Q-2435,Common,33
2919,E9-Q-2436,Common,34
2919,E9-Q-2437,Common,35
2919,E9-Q-2438,Common,36
2919,E9-Q-2439,Common,37
2919,E9-Q-2440,Common,38
3129,E9-Q-2360,Exact,1
3129,E9-Q-2361,Exact,2
3129,E9-Q-2362,Exact,3
3129,E9-Q-2363,Exact,4
3129,E9-Q-2364,Exact,5
3129,E9-Q-2410,Common,6
3129,E9-Q-2411,Common,7
3129,E9-Q-2412,Common,8
3129,E9-Q-2413,Common,9
3129,E9-Q-2414,Common,10
3129,E9-Q-2415,Common,11
3129,E9-Q-2416,Common,12
3129,E9-Q-2417,Common,13
3129,E9-Q-2418,Common,14
3129,E9-Q-2419,Common,15
3129,E9-Q-2420,Common,16
3129,E9-Q-2421,Common,17
3129,E9-Q-2422,Common,18
3129,E9-Q-2423,Common,19
3129,E9-Q-2424,Common,20
3129,E9-Q-2425,Common,21
3129,E9-Q-2426,Common,22
3129,E9-Q-2427,Common,23
3129,E9-Q-2428,Common,24
3129,E9-Q-2429,Common,25
3129,E9-Q-2430,Common,26
3129,E9-Q-2431,Common,27
3129,E9-Q-2432,Common,28
3129,E9-Q-2433,Common,29
3129,E9-Q-2434,Common,30
3129,E9-Q-2435,Common,31
3129,E9-Q-2436,Common,32
3129,E9-Q-2437,Common,33
3129,E9-Q-2438,Common,34
3129,E9-Q-2439,Common,35
3129,E9-Q-2440,Common,36
3139,E9-Q-2365,Exact,1
3139,E9-Q-2366,Exact,2
3139,E9-Q-2367,Exact,3
3139,E9-Q-2368,Exact,4
3139,E9-Q-2369,Exact,5
3139,E9-Q-2410,Common,6
3139,E9-Q-2411,Common,7
3139,E9-Q-2412,Common,8
3139,E9-Q-2413,Common,9
3139,E9-Q-2414,Common,10
3139,E9-Q-2415,Common,11
3139,E9-Q-2416,Common,12
3139,E9-Q-2417,Common,13
3139,E9-Q-2418,Common,14
3139,E9-Q-2419,Common,15
3139,E9-Q-2420,Common,16
3139,E9-Q-2421,Common,17
3139,E9-Q-2422,Common,18
3139,E9-Q-2423,Common,19
3139,E9-Q-2424,Common,20
3139,E9-Q-2425,Common,21
3139,E9-Q-2426,Common,22
3139,E9-Q-2427,Common,23
3139,E9-Q-2428,Common,24
3139,E9-Q-2429,Common,25
3139,E9-Q-2430,Common,26
3139,E9-Q-2431,Common,27
3139,E9-Q-2432,Common,28
3139,E9-Q-2433,Common,29
3139,E9-Q-2434,Common,30
3139,E9-Q-2435,Common,31
3139,E9-Q-2436,Common,32
3139,E9-Q-2437,Common,33
3139,E9-Q-2438,Common,34
3139,E9-Q-2439,Common,35
3139,E9-Q-2440,Common,36
3159,E9-Q-2370,Exact,1
3159,E9-Q-2371,Exact,2
3159,E9-Q-2372,Exact,3
3159,E9-Q-2373,Exact,4
3159,E9-Q-2374,Exact,5
3159,E9-Q-2410,Common,6
3159,E9-Q-2411,Common,7
3159,E9-Q-2412,Common,8
3159,E9-Q-2413,Common,9
3159,E9-Q-2414,Common,10
3159,E9-Q-2415,Common,11
3159,E9-Q-2416,Common,12
3159,E9-Q-2417,Common,13
3159,E9-Q-2418,Common,14
3159,E9-Q-2419,Common,15
3159,E9-Q-2420,Common,16
3159,E9-Q-2421,Common,17
3159,E9-Q-2422,Common,18
3159,E9-Q-2423,Common,19
3159,E9-Q-2424,Common,20
3159,E9-Q-2425,Common,21
3159,E9-Q-2426,Common,22
3159,E9-Q-2427,Common,23
3159,E9-Q-2428,Common,24
3159,E9-Q-2429,Common,25
3159,E9-Q-2430,Common,26
3159,E9-Q-2431,Common,27
3159,E9-Q-2432,Common,28
3159,E9-Q-2433,Common,29
3159,E9-Q-2434,Common,30
3159,E9-Q-2435,Common,31
3159,E9-Q-2436,Common,32
3159,E9-Q-2437,Common,33
3159,E9-Q-2438,Common,34
3159,E9-Q-2439,Common,35
3159,E9-Q-2440,Common,36
3719,E9-Q-2375,Exact,1
3719,E9-Q-2376,Exact,2
3719,E9-Q-2377,Exact,3
3719,E9-Q-2378,Exact,4
3719,E9-Q-2379,Exact,5
3719,E9-Q-2410,Common,6
3719,E9-Q-2411,Common,7
3719,E9-Q-2412,Common,8
3719,E9-Q-2413,Common,9
3719,E9-Q-2414,Common,10
3719,E9-Q-2415,Common,11
3719,E9-Q-2416,Common,12
3719,E9-Q-2417,Common,13
3719,E9-Q-2418,Common,14
3719,E9-Q-2419,Common,15
3719,E9-Q-2420,Common,16
3719,E9-Q-2421,Common,17
3719,E9-Q-2422,Common,18
3719,E9-Q-2423,Common,19
3719,E9-Q-2424,Common,20
3719,E9-Q-2425,Common,21
3719,E9-Q-2426,Common,22
3719,E9-Q-2427,Common,23
3719,E9-Q-2428,Common,24
3719,E9-Q-2429,Common,25
3719,E9-Q-2430,Common,26
3719,E9-Q-2431,Common,27
3719,E9-Q-2432,Common,28
3719,E9-Q-2433,Common,29
3719,E9-Q-2434,Common,30
3719,E9-Q-2435,Common,31
3719,E9-Q-2436,Common,32
3719,E9-Q-2437,Common,33
3719,E9-Q-2438,Common,34
3719,E9-Q-2439,Common,35
3719,E9-Q-2440,Common,36
5329,E9-Q-2380,Exact,1
5329,E9-Q-2381,Exact,2
5329,E9-Q-2382,Exact,3
5329,E9-Q-2383,Exact,4
5329,E9-Q-2384,Exact,5
5329,E9-Q-2410,Common,6
5329,E9-Q-2411,Common,7
5329,E9-Q-2412,Common,8
5329,E9-Q-2413,Common,9
5329,E9-Q-2414,Common,10
5329,E9-Q-2415,Common,11
5329,E9-Q-2416,Common,12
5329,E9-Q-2417,Common,13
5329,E9-Q-2418,Common,14
5329,E9-Q-2419,Common,15
5329,E9-Q-2420,Common,16
5329,E9-Q-2421,Common,17
5329,E9-Q-2422,Common,18
5329,E9-Q-2423,Common,19
5329,E9-Q-2424,Common,20
5329,E9-Q-2425,Common,21
5329,E9-Q-2426,Common,22
5329,E9-Q-2427,Common,23
5329,E9-Q-2428,Common,24
5329,E9-Q-2429,Common,25
5329,E9-Q-2430,Common,26
5329,E9-Q-2431,Common,27
5329,E9-Q-2432,Common,28
5329,E9-Q-2433,Common,29
5329,E9-Q-2434,Common,30
5329,E9-Q-2435,Common,31
5329,E9-Q-2436,Common,32
5329,E9-Q-2437,Common,33
5329,E9-Q-2438,Common,34
5329,E9-Q-2439,Common,35
5329,E9-Q-2440,Common,36
5419,E9-Q-2385,Exact,1
5419,E9-Q-2386,Exact,2
5419,E9-Q-2387,Exact,3
5419,E9-Q-2388,Exact,4
5419,E9-Q-2389,Exact,5
5419,E9-Q-2410,Common,6
5419,E9-Q-2411,Common,7
5419,E9-Q-2412,Common,8
5419,E9-Q-2413,Common,9
5419,E9-Q-2414,Common,10
5419,E9-Q-2415,Common,11
5419,E9-Q-2416,Common,12
5419,E9-Q-2417,Common,13
5419,E9-Q-2418,Common,14
5419,E9-Q-2419,Common,15
5419,E9-Q-2420,Common,16
5419,E9-Q-2421,Common,17
5419,E9-Q-2422,Common,18
5419,E9-Q-2423,Common,19
5419,E9-Q-2424,Common,20
5419,E9-Q-2425,Common,21
5419,E9-Q-2426,Common,22
5419,E9-Q-2427,Common,23
5419,E9-Q-2428,Common,24
5419,E9-Q-2429,Common,25
5419,E9-Q-2430,Common,26
5419,E9-Q-2431,Common,27
5419,E9-Q-2432,Common,28
5419,E9-Q-2433,Common,29
5419,E9-Q-2434,Common,30
5419,E9-Q-2435,Common,31
5419,E9-Q-2436,Common,32
5419,E9-Q-2437,Common,33
5419,E9-Q-2438,Common,34
5419,E9-Q-2439,Common,35
5419,E9-Q-2440,Common,36
7319,E9-Q-2390,Exact,1
7319,E9-Q-2391,Exact,2
7319,E9-Q-2392,Exact,3
7319,E9-Q-2393,Exact,4
7319,E9-Q-2394,Exact,5
7319,E9-Q-2410,Common,6
7319,E9-Q-2411,Common,7
7319,E9-Q-2412,Common,8
7319,E9-Q-2413,Common,9
7319,E9-Q-2414,Common,10
7319,E9-Q-2415,Common,11
7319,E9-Q-2416,Common,12
7319,E9-Q-2417,Common,13
7319,E9-Q-2418,Common,14
7319,E9-Q-2419,Common,15
7319,E9-Q-2420,Common,16
7319,E9-Q-2421,Common,17
7319,E9-Q-2422,Common,18
7319,E9-Q-2423,Common,19
7319,E9-Q-2424,Common,20
7319,E9-Q-2425,Common,21
7319,E9-Q-2426,Common,22
7319,E9-Q-2427,Common,23
7319,E9-Q-2428,Common,24
7319,E9-Q-2429,Common,25
7319,E9-Q-2430,Common,26
7319,E9-Q-2431,Common,27
7319,E9-Q-2432,Common,28
7319,E9-Q-2433,Common,29
7319,E9-Q-2434,Common,30
7319,E9-Q-2435,Common,31
7319,E9-Q-2436,Common,32
7319,E9-Q-2437,Common,33
7319,E9-Q-2438,Common,34
7319,E9-Q-2439,Common,35
7319,E9-Q-2440,Common,36
7639,E9-Q-2395,Exact,1
7639,E9-Q-2396,Exact,2
7639,E9-Q-2397,Exact,3
7639,E9-Q-2398,Exact,4
7639,E9-Q-2399,Exact,5
7639,E9-Q-2410,Common,6
7639,E9-Q-2411,Common,7
7639,E9-Q-2412,Common,8
7639,E9-Q-2413,Common,9
7639,E9-Q-2414,Common,10
7639,E9-Q-2415,Common,11
7639,E9-Q-2416,Common,12
7639,E9-Q-2417,Common,13
7639,E9-Q-2418,Common,14
7639,E9-Q-2419,Common,15
7639,E9-Q-2420,Common,16
7639,E9-Q-2421,Common,17
7639,E9-Q-2422,Common,18
7639,E9-Q-2423,Common,19
7639,E9-Q-2424,Common,20
7639,E9-Q-2425,Common,21
7639,E9-Q-2426,Common,22
7639,E9-Q-2427,Common,23
7639,E9-Q-2428,Common,24
7639,E9-Q-2429,Common,25
7639,E9-Q-2430,Common,26
7639,E9-Q-2431,Common,27
7639,E9-Q-2432,Common,28
7639,E9-Q-2433,Common,29
7639,E9-Q-2434,Common,30
7639,E9-Q-2435,Common,31
7639,E9-Q-2436,Common,32
7639,E9-Q-2437,Common,33
7639,E9-Q-2438,Common,34
7639,E9-Q-2439,Common,35
7639,E9-Q-2440,Common,36
8219,E9-Q-2400,Exact,1
8219,E9-Q-2401,Exact,2
8219,E9-Q-2402,Exact,3
8219,E9-Q-2403,Exact,4
8219,E9-Q-2404,Exact,5
8219,E9-Q-2410,Common,6
8219,E9-Q-2411,Common,7
8219,E9-Q-2412,Common,8
8219,E9-Q-2413,Common,9
8219,E9-Q-2414,Common,10
8219,E9-Q-2415,Common,11
8219,E9-Q-2416,Common,12
8219,E9-Q-2417,Common,13
8219,E9-Q-2418,Common,14
8219,E9-Q-2419,Common,15
8219,E9-Q-2420,Common,16
8219,E9-Q-2421,Common,17
8219,E9-Q-2422,Common,18
8219,E9-Q-2423,Common,19
8219,E9-Q-2424,Common,20
8219,E9-Q-2425,Common,21
8219,E9-Q-2426,Common,22
8219,E9-Q-2427,Common,23
8219,E9-Q-2428,Common,24
8219,E9-Q-2429,Common,25
8219,E9-Q-2430,Common,26
8219,E9-Q-2431,Common,27
8219,E9-Q-2432,Common,28
8219,E9-Q-2433,Common,29
8219,E9-Q-2434,Common,30
8219,E9-Q-2435,Common,31
8219,E9-Q-2436,Common,32
8219,E9-Q-2437,Common,33
8219,E9-Q-2438,Common,34
8219,E9-Q-2439,Common,35
8219,E9-Q-2440,Common,36
9629,E9-Q-2405,Exact,1
9629,E9-Q-2406,Exact,2
9629,E9-Q-2407,Exact,3
9629,E9-Q-2408,Exact,4
9629,E9-Q-2409,Exact,5
9629,E9-Q-2410,Common,6
9629,E9-Q-2411,Common,7
9629,E9-Q-2412,Common,8
9629,E9-Q-2413,Common,9
9629,E9-Q-2414,Common,10
9629,E9-Q-2415,Common,11
9629,E9-Q-2416,Common,12
9629,E9-Q-2417,Common,13
9629,E9-Q-2418,Common,14
9629,E9-Q-2419,Common,15
9629,E9-Q-2420,Common,16
9629,E9-Q-2421,Common,17
9629,E9-Q-2422,Common,18
9629,E9-Q-2423,Common,19
9629,E9-Q-2424,Common,20
9629,E9-Q-2425,Common,21
9629,E9-Q-2426,Common,22
9629,E9-Q-2427,Common,23
9629,E9-Q-2428,Common,24
9629,E9-Q-2429,Common,25
9629,E9-Q-2430,Common,26
9629,E9-Q-2431,Common,27
9629,E9-Q-2432,Common,28
9629,E9-Q-2433,Common,29
9629,E9-Q-2434,Common,30
9629,E9-Q-2435,Common,31
9629,E9-Q-2436,Common,32
9629,E9-Q-2437,Common,33
9629,E9-Q-2438,Common,34
9629,E9-Q-2439,Common,35
9629,E9-Q-2440,Common,36
