occupation_code,level,parent_code,title,description,skill_level,source,source_year
0,major,,ARMED FORCES,,,MASCO 2020,2020
01,sub_major,0,OTHER ELEMENTARY WORKERS,,,MASCO 2020,2020
011,minor,01,PROFESSIONAL DUTY OFFICERS (MA),,,MASCO 2020,2020
0111,unit,011,PROFESSIONAL DUTY OFFICERS (MA),"Professional Duty Officers (MA) comprise medical officers, dental officers and pharmacy officers, classified as a combat support group, which provides medical assistance to front- line combatants in wartime. However, in peacetime, this group provides medical services, in order of priority, to the Malaysian Armed Forces covering military personnel, their families, ex- military personnel and civilians in need of their services. In addition, professional duty officers are actively involved in community projects in the rural areas. ARMED FORCES Skills level Description",,MASCO 2020,2020
012,minor,01,GENERAL DUTY OFFICERS (MA),,,MASCO 2020,2020
0121,unit,012,GENERAL DUTY OFFICERS (MA),"General Duty Officers (MA) have the leadership role in combat groups, combat support groups and service support groups. The combat group consists of troops in the forefront of battle during wartime. The combat support group provides assistance to the combat group, while the service support group provides logistical support to all the groups.",,MASCO 2020,2020
013,minor,01,PERSONNEL OF OTHER RANKS (MA),,,MASCO 2020,2020
0131,unit,013,PERSONNEL OF OTHER RANKS (MA),"Personnel of Other Ranks (MA) assist superiors in ensuring that the mission they have been assigned is successfully executed. In addition, the performance of duties depends on the speciality of the corps/regiment to which they belong.",,MASCO 2020,2020
02,sub_major,0,OTHER ELEMENTARY WORKERS,,,MASCO 2020,2020
021,minor,02,GENERAL DUTY OFFICERS (RMN),,,MASCO 2020,2020
0211,unit,021,GENERAL DUTY OFFICERS (RMN),"General Duty Officers (RMN) are responsible for planning, training, monitoring and supervising activities to ensure the readiness of the Naval Fleet in the face of surface and sub-surface threats.",,MASCO 2020,2020
022,minor,02,PERSONNEL OF OTHER RANKS (RMN),,,MASCO 2020,2020
0221,unit,022,PERSONNEL OF OTHER RANKS (RMN),Personnel of Other Ranks (RMN) comprise sailors and administrative and management staff who provide support to the navy as a whole. All members play their roles and functions based on their area of expertise in their respective fields.,,MASCO 2020,2020
03,sub_major,0,OTHER ELEMENTARY WORKERS,,,MASCO 2020,2020
031,minor,03,GENERAL DUTY OFFICERS (RMAF),,,MASCO 2020,2020
0311,unit,031,GENERAL DUTY OFFICERS (RMAF),"General Duty Officers (RMAF) are responsible for planning, training, monitoring and supervising to ensure the sovereignty and security of the country’s airspace are protected from intrusion by foreign elements.",,MASCO 2020,2020
032,minor,03,PERSONNEL OF OTHER RANKS (RMAF),,,MASCO 2020,2020
0321,unit,032,PERSONNEL OF OTHER RANKS (RMAF),Personnel of Other Ranks (RMAF) consist of crew and administration and management staff to support the organisation and operations of the Royal Malaysian Air Force as a whole. All personnel play their role and functions based on their area of expertise in their respective fields.,,MASCO 2020,2020
1,major,,MANAGERS,,,MASCO 2020,2020
11,sub_major,1,"CHIEF EXECUTIVES, SENIOR OFFICIALS AND LEGISLATORS",,,MASCO 2020,2020
111,minor,11,LEGISLATORS AND SENIOR OFFICIALS,,,MASCO 2020,2020
1111,unit,111,LEGISLATORS,"Legislators determine, formulate and direct policies of national, state, regional or local governments and international governmental agencies, and make, ratify, amend or repeal laws, public rules and regulations.",,MASCO 2020,2020
1112,unit,111,SENIOR GOVERNMENT OFFICIALS,"Senior Government Officials advise governments on policy matters, oversee the interpretation and implementation of government policies and legislation by government departments and agencies, represent their country abroad and act on its behalf, or carry out similar tasks in intergovernmental organisations. They plan, organise, direct, control and evaluate the overall activities of municipal or local, regional and national government departments, councils, agencies or commissions in accordance with legislation and policies established by government and legislative bodies.",,MASCO 2020,2020
1113,unit,111,TRADITIONAL CHIEFS AND HEADS OF VILLAGE,"Traditional Chiefs and Heads of Village perform a variety of legislative, administrative and ceremonial tasks and duties determined by traditions, as well as by the division of rights and responsibilities between village heads and the local, regional and national authorities.",,MASCO 2020,2020
1114,unit,111,SENIOR OFFICIALS OF SPECIAL-INTEREST ORGANISATIONS,"Senior Officials of Special-Interest Organisations determine, formulate and direct the implementation of policies of special interest organisations such as political party organisations, trade unions, employers’ organisations, trade and industry associations, humanitarian or charity organisations, or sports associations, and act on their behalf.",,MASCO 2020,2020
112,minor,11,MANAGING DIRECTORS AND CHIEF EXECUTIVES,,,MASCO 2020,2020
1121,unit,112,MANAGING DIRECTORS AND CHIEF EXECUTIVES,"Managing Directors and Chief Executives formulate and review policies and plan, direct, coordinate and evaluate the overall activities of enterprises or organisations (except special interest organisations and government departments) with the support of other managers, usually within guidelines established by a board of directors or a governing body to whom they are answerable for the operations undertaken and results.",,MASCO 2020,2020
12,sub_major,1,ADMINISTRATIVE AND COMMERCIAL MANAGERS,,,MASCO 2020,2020
121,minor,12,BUSINESS SERVICES AND ADMINISTRATION MANAGERS,,,MASCO 2020,2020
1211,unit,121,FINANCE MANAGERS,"Finance Managers plan, direct and coordinate the financial operations of an enterprise or organization, in consultation with senior managers and with managers of other departments or sections, or of enterprises that provide financial services to other enterprises and organizations.",,MASCO 2020,2020
1212,unit,121,HUMAN RESOURCE MANAGERS,"Human Resource Managers plan, organise, direct, control and coordinate policies concerning the personnel, industrial relations and occupational safety and health of an enterprise or organisation, or of enterprises that provide human resource services to other enterprises and organisations.",,MASCO 2020,2020
1213,unit,121,POLICY AND PLANNING MANAGERS,"Policy and Planning Managers plan, organise, coordinate and advise on policy and strategic planning activities within the government or for non-government organisations and private sector agencies, or manage the activities of enterprises that provide policy and strategic planning services.",,MASCO 2020,2020
1214,unit,121,BUSINESS SERVICES MANAGERS,"Business Services Managers plan, organise, direct, control and coordinate sales and marketing activities of an enterprise or organisation.",,MASCO 2020,2020
1215,unit,121,ADMINISTRATIVE MANAGERS,"Administrative Managers plan, organise, direct, develop, review and improve administrative systems, policies and procedures of an enterprise or organisation.",,MASCO 2020,2020
1216,unit,121,QUALITY MANAGERS,"Quality Managers plan, direct and responsible for overall development, implementation, and maintenance of the organization’s Quality Management System (QMS). b) supervising the inspections of incoming materials, ensuring that they meet the needs of theorganization; c) managing monitoring, measurement and review of quality standards; d) leading the team of quality engineers, inspectors, auditors, analysts, and technicians; e) maintaining standards, regulations / laws, issues and matters relating to product quality (service); f) performing related tasks; and g) managing, planning, scheduling and monitoring the work of other employees.",,MASCO 2020,2020
1219,unit,121,BUSINESS SERVICES AND ADMINISTRATION MANAGERS NOT ELSEWHERE,CLASSIFIED This unit group covers Business Services and Administration Not Elsewhere Classified in Minor Group 121: Business Services and Administration Managers.,,MASCO 2020,2020
122,minor,12,"SALES, MARKETING AND DEVELOPMENT MANAGERS",,,MASCO 2020,2020
1221,unit,122,SALES AND MARKETING MANAGERS,"Sales and Marketing Managers plan , organise , direct , control and coordinate activities concerning the sales and marketing of an enterprise or organisation , or of enterprises that provide sales and marketing services to other enterprises and organisations .",,MASCO 2020,2020
1222,unit,122,ADVERTISING AND PUBLIC RELATIONS MANAGERS,"Advertising and Public Relations Managers plan, organise, direct, control and coordinate the advertising and public relations activities of enterprises and organisations or of enterprises that provide related services to other enterprises and organisations.",,MASCO 2020,2020
1223,unit,122,RESEARCH AND DEVELOPMENT MANAGERS,"Research and Development Managers plan, organise, direct, control and coordinate the research and development activities of organisations or of enterprises that provide development",,MASCO 2020,2020
13,sub_major,1,PRODUCTION AND MANUFACTURING MANAGERS,,,MASCO 2020,2020
131,minor,13,PRODUCTION MANAGERS,,,MASCO 2020,2020
1311,unit,131,"AGRICULTURAL, FORESTRY AND LIVESTOCK PRODUCTION MANAGERS","Agricultural, Forestry and Livestock Production Managers plan, organise, direct, control and coordinate large scale production operations in agriculture, horticulture and forestry to cultivate and harvest crops, and breed and raise livestock.",,MASCO 2020,2020
1312,unit,131,AQUACULTURE AND FISHERIES PRODUCTION MANAGERS,"Aquaculture and Fisheries Production Managers plan, organise, direct, control and coordinate aquaculture and fishery production operations to catch and process fish or shellfish, and to breed fish, shellfish or other forms of aquatic life as cash crops or for release into freshwater or saltwater.",,MASCO 2020,2020
132,minor,13,"MANUFACTURING, MINING, CONSTRUCTION AND DISTRIBUTION",,,MASCO 2020,2020
1321,unit,132,MANUFACTURING MANAGERS,"Manufacturing Managers plan, organise, direct, control and coordinate manufacturing production activities of large enterprises or manage a small manufacturing company.",,MASCO 2020,2020
1322,unit,132,MINING MANAGERS,"Mining Managers plan, organise, direct, control and coordinate the activities concerning mining, quarrying and oil and gas extraction operations.",,MASCO 2020,2020
1323,unit,132,CONSTRUCTION MANAGERS,"Construction Managers plan, organise, direct, control and coordinate activities concerning the construction of civil engineering projects, buildings and dwellings.",,MASCO 2020,2020
1324,unit,132,"SUPPLY, DISTRIBUTION AND RELATED MANAGERS","Supply, Distribution and Related Managers plan, organise, direct, control and coordinate the supply, transport, storage and distribution of goods.",,MASCO 2020,2020
14,sub_major,1,"HOSPITALITY, RETAIL AND OTHER SERVICES MANAGERS",,,MASCO 2020,2020
141,minor,14,HOTEL AND RESTAURANT MANAGERS,,,MASCO 2020,2020
1411,unit,141,HOTEL AND HOMESTAY MANAGERS,"Hotel and Homestay Managers plan, organise, direct, control and coordinate the operations of hotels, motels and similar establishments to provide accommodation and other services including food and beverage operations and housekeeping.",,MASCO 2020,2020
1412,unit,141,RESTAURANT MANAGERS,"Restaurant Managers plan, organise, direct, control and coordinate the operations of cafes, restaurants and related establishments to provide dining and catering services.",,MASCO 2020,2020
142,minor,14,RETAIL AND WHOLESALE TRADE MANAGERS,,,MASCO 2020,2020
1421,unit,142,RETAIL AND WHOLESALE TRADE MANAGERS,"Retail and Wholesale Trade Managers plan, organise, direct, control and coordinate the operations of establishments that sell goods on a retail or wholesale basis.",,MASCO 2020,2020
15,sub_major,1,INFORMATION AND COMMUNICATIONS TECHNOLOGY MANAGERS,,,MASCO 2020,2020
151,minor,15,INFORMATION AND COMMUNICATIONS TECHNOLOGY MANAGERS,,,MASCO 2020,2020
1511,unit,151,INFORMATION AND COMMUNICATIONS TECHNOLOGY MANAGERS,"Information and Communications Technology Managers organise, plan, direct, control and coordinate the acquisition, development, maintenance and use of computers and telecommunications systems.",,MASCO 2020,2020
16,sub_major,1,SERVICES MANAGERS,,,MASCO 2020,2020
161,minor,16,PROFESSIONAL SERVICES MANAGERS,,,MASCO 2020,2020
1611,unit,161,CHILD CARE SERVICES MANAGERS,"Child Care Services Managers plan, control and coordinate activities concerning childcare",,MASCO 2020,2020
1612,unit,161,HEALTH SERVICES MANAGERS,"Health Services Managers plan, control and coordinate activities concerning clinical and community health care services in hospitals, clinics, public health agencies and similar organisations.",,MASCO 2020,2020
1613,unit,161,AGED CARE SERVICES MANAGERS,"Aged Care Services Managers plan, control and coordinate activities concerning care for individuals and families due to the effects of ageing.",,MASCO 2020,2020
1614,unit,161,SOCIAL WELFARE MANAGERS,"Social Welfare Managers plan, control and coordinate activities concerning social and community service programmes and assist in planning and implementing local welfare programmes.",,MASCO 2020,2020
1615,unit,161,EDUCATION MANAGERS,"Education Managers plan, control and coordinate and evaluate the educational and administrative aspects in primary and secondary schools, colleges and faculties and departments in universities and other educational institutions.",,MASCO 2020,2020
1616,unit,161,FINANCIAL AND INSURANCE SERVICES BRANCH MANAGERS,"Financial and Insurance Services Branch Managers plan, control and coordinate the branches of institutions that provide financial and insurance services such as banks, credit unions and insurance companies for one or more of their branches or department.",,MASCO 2020,2020
1617,unit,161,LEGAL MANAGERS,"Legal Managers plan, control and coordinate the operations of establishments concerning legal terminology, procedures and documents.",,MASCO 2020,2020
1618,unit,161,PROPERTY MANAGERS,"Property Managers handle fees charged on real estate and raise the investment value of real estate by managing the real estate as well as oversee the performance of income-producing commercial or residential properties to ensure that real estate investments achieve their expected revenues. Task Include: a) handling the financial operations of the property, ensuring that rent is collected and that mortgages, taxes, insurance premiums, salaries and maintenance bills are paid on time; b) supervising the preparation of financial statements and periodic reports to the owners on the status of the property, occupancy rates, expiration dates of leases and other matters; c) negotiating contracts for caretaking, security, groundskeeping, rubbish disposal, and other services; d) monitoring the performance of contractors and investigating and resolving complaints from residents and tenants when services are not satisfactory; e) understanding and complying with relevant legislation, ensuring that renting and advertising practices are not discriminatory, and that the property itself complies with all local, state and federal regulations and building code; f) making budgetary estimates; g) planning and controlling the use of resources and hiring of workers; h) performing related tasks; and i) managing, planning, scheduling and monitoring the tasks of other workers.",,MASCO 2020,2020
1619,unit,161,PROFESSIONAL SERVICES MANAGERS NOT ELSEWHERE CLASSIFIED,This unit group covers Professional Services Managers Not Elsewhere Classified in Minor Group 161: Professional Services Managers.,,MASCO 2020,2020
162,minor,16,OTHER SERVICES MANAGERS,,,MASCO 2020,2020
1621,unit,162,SPORTS AND RECREATION CENTRE MANAGERS,"Sport and Recreation Centre Managers plan, direct and coordinate the operations of establishments that provide sports and recreational, travelling and similar services.",,MASCO 2020,2020
1622,unit,162,"PERSONAL CARE, CLEANING AND RELATED SERVICES MANAGERS","Personal Care, Cleaning and Related Services Managers plan, direct and coordinate the operations of establishments that provide personal care, cleaning, housekeeping, sanitation and sewerage or similar services.",,MASCO 2020,2020
1623,unit,162,SECURITY MANAGERS,"Security Managers plan, direct and coordinate the operations of the establishment concerning security.",,MASCO 2020,2020
1624,unit,162,"CULTURAL CENTRE, MUSEUM AND LIBRARY MANAGERS","Cultural Centre, Museum and Library Managers plan, direct and coordinate the operations of establishments concerning culture, museum and library.",,MASCO 2020,2020
1629,unit,162,OTHER SERVICES MANAGERS NOT ELSEWHERE CLASSIFIED,This unit group covers Other Services Managers Not Elsewhere Classified in Minor Group 162: Other Services Managers.,,MASCO 2020,2020
2,major,,PROFESSIONALS,,,MASCO 2020,2020
21,sub_major,2,SCIENCE AND ENGINEERING PROFESSIONALS,,,MASCO 2020,2020
211,minor,21,"PHYSICISTS, CHEMISTS AND RELATED PROFESSIONALS",,,MASCO 2020,2020
2111,unit,211,PHYSICISTS AND ASTRONOMERS,"Physicists and Astronomers conduct research, improve or develop concepts, theories and operational methods, or apply scientific knowledge relating to physics and astronomy in industrial, medical, military or other fields.",,MASCO 2020,2020
2112,unit,211,METEOROLOGISTS AND SEISMOLOGISTS,"Meteorologists and Seismologists conduct research, improve or develop concepts, theories and operational methods related to the composition, structure and dynamics of the atmosphere and prepare detailed or long-term weather forecasts used in aviation, shipping, agriculture and other areas and for the information of the general public.",,MASCO 2020,2020
2113,unit,211,CHEMISTS,"Chemists conduct research, improve or develop concepts, theories and operational methods, or apply scientific knowledge relating to chemistry, mainly to test, develop and improve materials, and industrial products and processes.",,MASCO 2020,2020
2114,unit,211,GEOLOGISTS AND GEOPHYSICISTS,"Geologists and Geophysicists conduct research, improve or develop concepts, theories and operational methods, or apply scientific knowledge relating to geology and geophysics in such fields as oil, gas and mineral exploitation, water conservation, civil engineering, telecommunications and navigation, and assess development projects and the effects of waste disposal on the environment.",,MASCO 2020,2020
212,minor,21,"MATHEMATICIANS, ACTUARIES AND STATISTICIANS",,,MASCO 2020,2020
2121,unit,212,"MATHEMATICIANS, ACTUARIES AND STATISTICIANS","Mathematicians, Actuaries and Statisticians conduct research and improve or develop mathematical, actuarial and statistical concepts, theories, operational methods, and techniques, and advise on or engage in their practical application in such fields as engineering, business, social and other sciences.",,MASCO 2020,2020
213,minor,21,LIFE SCIENCE PROFESSIONALS,,,MASCO 2020,2020
2131,unit,213,"BIOLOGISTS, BOTANISTS, ZOOLOGISTS AND RELATED PROFESSIONALS","Biologists, Botanists, Zoologists and Related Professionals conduct research, improve or develop concepts, theories and operational methods, and study living organisms and their interactions with one another and with the environment, and apply this knowledge to solve human health and environmental problems. They work in diverse fields such as botany, zoology, ecology, marine biology, genetics, immunology, pharmacology, toxicology, physiology, bacteriology and virology.",,MASCO 2020,2020
2132,unit,213,"FARMING, FORESTRY PLANTATION AND FISHERIES ADVISERS","Farming, Forestry Plantation and Fisheries Advisers study, provide assistance and advice on farm, forestry and fisheries management, including cultivation, fertilisation, harvesting, soil erosion and composition, disease prevention, nutrition, crop rotation and marketing. They develop techniques for increasing productivity, and study and develop plans and policies for land and fisheries management.",,MASCO 2020,2020
2133,unit,213,ENVIRONMENTAL PROTECTION PROFESSIONALS,"Environmental Protection Professionals study and assess the effects of human activity on the environment such as air, water and noise pollution, soil contamination, climate change, toxic waste and depletion and degradation of natural resources. They develop plans and solutions to protect, conserve, preserve, minimise and prevent further damage to the environment.",,MASCO 2020,2020
2134,unit,213,"PHARMACOLOGISTS, PATHOLOGISTS AND RELATED PROFESSIONALS","Pharmacologists, Pathologists and Related Professionals conduct research, improve or develop concepts, theories and operational methods, and apply scientific knowledge relating to anatomy, biochemistry, biophysics, physiology, pathology or pharmacology in such fields as medicine, agriculture or industry.",,MASCO 2020,2020
214,minor,21,ENGINEERING PROFESSIONALS (EXCLUDING ELECTROTECHNOLOGY),,,MASCO 2020,2020
2141,unit,214,INDUSTRIAL AND PRODUCTION ENGINEERS,"Industrial and Production Engineers plan, conduct research, design and oversee the construction, operation and maintenance process and installation of plants. They establish programmes for the coordination of manufacturing activities and assess the cost effectiveness and safety.",,MASCO 2020,2020
2142,unit,214,CIVIL ENGINEERS,"Civil Engineers plan, conduct research, advise on, design and direct construction activity; manage the operation and maintenance of civil engineering structures; or study and advise on technological aspects of particular materials.",,MASCO 2020,2020
2143,unit,214,ENVIRONMENTAL ENGINEERS,"Environmental Engineers conduct research, advise on, design and direct implementation of solutions to prevent, control or remedy negative impacts of human activity on the environment utilising a variety of engineering disciplines. They conduct environmental assessments of construction and civil engineering projects and apply engineering principles to pollution control, recycling and waste disposal.",,MASCO 2020,2020
2144,unit,214,MECHANICAL ENGINEERS,"Mechanical Engineers conduct research and advise on design, and direct the production of machinery and equipment and industrial plant systems, and advise on and direct their functioning, maintenance and repairs, or study and advise on technological aspects of particular materials, products or processes.",,MASCO 2020,2020
2145,unit,214,CHEMICAL ENGINEERS,"Chemical Engineers conduct research and develop, design and advise on and direct commercial- scale chemical processes and production of various substances and items such as crude oil, petroleum derivatives, food and drink products, medicaments or synthetic materials, and direct maintenance and repair of industrial plants, or study and advise on technological aspects of particular materials, products or processes.",,MASCO 2020,2020
2146,unit,214,"MINING ENGINEERS, METALLURGISTS AND RELATED PROFESSIONALS","Mining Engineers, Metallurgists and Related Professionals conduct research, design and develop and maintain commercial-scale methods of extracting metals from their ores or minerals, water and oil or gas from the earth and of developing new alloys, ceramic and other materials, or study and advise on technological aspects of particular materials, products or processes.",,MASCO 2020,2020
2149,unit,214,ENGINEERING PROFESSIONALS (EXCLUDING,"ELECTROTECHNOLOGY) NOT ELSEWHERE CLASSIFIED This unit group covers Engineering Professionals (Excluding Electrotechnology) Not Elsewhere Classified in Minor Group 214: Engineering Professionals (Excluding Electrotechnology). For example, this group include Explosive Ordnance Engineer, Marine Salvage Engineer, Nuclear Engineer and Nuclear Power Engineer.",,MASCO 2020,2020
215,minor,21,ELECTROTECHNOLOGY ENGINEERS,,,MASCO 2020,2020
2151,unit,215,ELECTRICAL ENGINEERS,"Electrical Engineers conduct research and advise on, design and direct the construction and operation of electrical systems, components, motors and equipment, and advise on and direct their maintenance and repair, or study and advise on technological aspects of electrical engineering materials, products and processes.",,MASCO 2020,2020
2152,unit,215,ELECTRONIC ENGINEERS,"Electronic Engineers conduct research on, design and direct the maintenance and repair of electronic systems. They study and advise on technological aspects of electronic engineering materials, products and processes.",,MASCO 2020,2020
2153,unit,215,TELECOMMUNICATIONS ENGINEERS,"Telecommunications Engineers conduct research, design and direct the maintenance, repair of systems and telecommunications equipment. They study and advise on technological aspects of materials, products and processes in telecommunications engineering.",,MASCO 2020,2020
216,minor,21,"ARCHITECTS, PLANNERS, SURVEYORS AND DESIGNERS",,,MASCO 2020,2020
2161,unit,216,BUILDING ARCHITECTS,"Building Architects plan, advise on and design recreational, institutional, residential, commercial and industrial buildings, and plan and monitor their construction, maintenance and rehabilitation.",,MASCO 2020,2020
2162,unit,216,LANDSCAPE ARCHITECTS,"Landscape Architects plan and design the recreational, layout of towns and landscapes, and plan and monitor their construction, maintenance and rehabilitation.",,MASCO 2020,2020
2163,unit,216,PRODUCT AND GARMENT DESIGNERS,"Product and Garment Designers design and develop products for manufacture and prepare designs and specifications of products for mass, batch and one-off production.",,MASCO 2020,2020
2164,unit,216,TOWN AND TRAFFIC PLANNERS,"Town and Traffic Planners develop and advise on and design of recreational, institutional, residential, layout of towns, landscapes and traffic systems, and plan and monitor their construction, maintenance and repair.",,MASCO 2020,2020
2165,unit,216,CARTOGRAPHERS AND SURVEYORS,"Cartographers and Surveyors apply surveying methods and techniques to determine the exact position of natural and constructed features and boundaries of land, seas, underground areas and celestial bodies, and prepare or revise digital, graphic and pictorial representations of maps and charts, applying scientific and mathematical principle.",,MASCO 2020,2020
2166,unit,216,GRAPHIC AND MULTIMEDIA DESIGNERS,"Graphic and Multimedia Designers design information content for visual and audio communication, publications and display using film, electronic, digital and other forms of visual and audio media. They create special effects, animation, or other visual images for use in computer games, movies, music videos, print media and advertisements.",,MASCO 2020,2020
217,minor,21,"SHIP, AIRCRAFT AND TRAIN/ LOCOMOTIVE CONTROLLERS",,,MASCO 2020,2020
2171,unit,217,SHIP ENGINEERS,"Ship Engineers control and participate in the operation, maintenance and repair of electrical and electronic equipment and machinery on board, or perform related supporting functions.",,MASCO 2020,2020
2172,unit,217,SHIP DECK OFFICERS AND PILOTS,Ship Deck Officers and Pilots command and navigate ships and perform related functions in port.,,MASCO 2020,2020
2173,unit,217,AIRCRAFT PILOTS AND RELATED PROFESSIONALS,"Aircraft Pilots and Related Professionals control the operation of mechanical, electrical and electronic equipment in order to navigate aircraft and perform pre-flight and in-flight tasks.",,MASCO 2020,2020
2174,unit,217,AIR TRAFFIC CONTROLLERS,"Air Traffic Controllers direct aircraft movements in the air and on the ground using radio, radar and lighting systems, and provide information relevant to the operation of aircraft.",,MASCO 2020,2020
2175,unit,217,TRAIN/ LOCOMOTIVE CONTROLLERS,"Train/ Locomotive Controllers direct train/ locomotive movements on the ground using radio, radar and lighting systems, and provide information relevant to the operation of the train/ locomotive.",,MASCO 2020,2020
2179,unit,217,TRANSPORT CONTROLLERS NOT ELSEWHERE CLASSIFIED,"This unit group covers Transport Controllers Not Elsewhere Classified in Minor Group 217: Ship, Aircraft and Train/ Locomotive Controllers.",,MASCO 2020,2020
218,minor,21,"MINING, MANUFACTURING AND CONSTRUCTION PROFESSIONALS",,,MASCO 2020,2020
2181,unit,218,MINING PROFESSIONALS,"Mining Professionals conduct research and improve or develop concepts, theories and operational methods, or apply existing knowledge concerning the mining activities such as extracting coal, ore, stone, clay and other solid minerals from the earth.",,MASCO 2020,2020
2182,unit,218,MANUFACTURING PROFESSIONALS,"Manufacturing Professionals conduct research and improve or develop concepts, theories and operational methods, or apply existing knowledge concerning the production of food, paper, sawmill, warehouse as well as quality assurance.",,MASCO 2020,2020
2183,unit,218,CONSTRUCTION PROFESSIONALS,"Construction Professionals conduct research and improve or develop concepts, theories and operational methods, or apply existing knowledge concerning construction projects.",,MASCO 2020,2020
22,sub_major,2,HEALTH PROFESSIONALS,,,MASCO 2020,2020
221,minor,22,MEDICAL DOCTORS,,,MASCO 2020,2020
2211,unit,221,GENERALIST MEDICAL PRACTITIONERS,"Generalist Medical Practitioners diagnose, treat and prevent illnesses, infections, injuries and other physical and mental impairments and maintain general health in humans through application of the principles and procedures of modern medicine. They are responsible for the provision of continuing and comprehensive medical care to individuals, families and communities.",,MASCO 2020,2020
2212,unit,221,SPECIALIST MEDICAL PRACTITIONERS,"Specialist Medical Practitioners diagnose, treat and prevent illnesses, infections, injuries and other physical and mental impairments in humans, using specialised testing, diagnostic, medical, surgical, physical and psychiatric techniques through application of the principles and procedures of modern medicine. They specialise in certain disease categories or methods of treatment and may conduct medical education and research in their chosen areas of specialisation.",,MASCO 2020,2020
222,minor,22,NURSING AND MIDWIFERY PROFESSIONALS,,,MASCO 2020,2020
2221,unit,222,NURSING PROFESSIONALS,"Nursing Professionals provide treatment, support and care for people who are in need of nursing care due to the effects of ageing, illness, injury or other physical or mental impairment, or potential risks to health.",,MASCO 2020,2020
2222,unit,222,MIDWIFERY PROFESSIONALS,"Midwifery Professionals deliver babies, provide ante-natal and post-natal care and advise parents on the care of infants.",,MASCO 2020,2020
223,minor,22,TRADITIONAL AND COMPLEMENTARY MEDICINE PROFESSIONALS,,,MASCO 2020,2020
2231,unit,223,TRADITIONAL AND COMPLEMENTARY MEDICINE PROFESSIONALS,"Traditional and Complementary Medicine Professionals apply traditional medicine knowledge to the prevention, diagnosis and treatment of human illnesses.",,MASCO 2020,2020
224,minor,22,PARAMEDICAL PRACTITIONERS,,,MASCO 2020,2020
2241,unit,224,PARAMEDICAL PRACTITIONERS,"Paramedical Practitioners providing service advisor, diagnostics, treatment and limited prevention in scope and complexity from what a medical doctor does. They work autonomously, or with limited surveillance from medical doctor, and apply preliminary clinical procedures to treat and prevent disease, injuries and physical or mental disorders to a specific community.",,MASCO 2020,2020
225,minor,22,VETERINARIANS,,,MASCO 2020,2020
2251,unit,225,VETERINARIANS,"Veterinarians diagnose, prevent and treat diseases, injuries and dysfunctions of animals. They may provide care to a wide range of animals or specialise in the treatment of a particular animal group or in a particular speciality area, or provide professional services to commercial firms producing biological and pharmaceutical products.",,MASCO 2020,2020
226,minor,22,OTHER HEALTH PROFESSIONALS,,,MASCO 2020,2020
2261,unit,226,DENTISTS,"Dentists diagnose, treat and prevent diseases, injuries and abnormalities of the teeth, mouth, jaws and associated tissues by applying the principles and procedures of modern dentistry. They use a broad range of specialised diagnostic, surgical and other techniques to promote and restore oral health.",,MASCO 2020,2020
2262,unit,226,PHARMACISTS,"Pharmacists store and dispense medicine and offer consultation on the use of the medicine and its effects as per the prescription of a medical doctor and other health professional. They assist in research, preparation of tests and monitor medical therapy to enhance human health.",,MASCO 2020,2020
2263,unit,226,ENVIRONMENTAL AND OCCUPATIONAL HEALTH AND HYGIENE,"Environmental and Occupational Health and Hygiene Professionals assess, plan and conduct programmes to identify, monitor and control environmental factors that can potentially affect human health to ensure safe and healthy workplaces, and to prevent disease or injury caused by chemical, physical, radiological and biological agents or ergonomic factors.",,MASCO 2020,2020
2264,unit,226,PHYSIOTHERAPISTS,"Physiotherapists assess, plan and conduct rehabilitative programmes that improve or restore human motor functions, enhance movement ability, relieve pain syndromes, and treat or prevent physical malfunction associated with injuries, diseases and other impairments. They apply a broad range of physical therapies and techniques such as movement, ultrasound, heating, laser and other techniques.",,MASCO 2020,2020
2265,unit,226,DIETICIANS AND NUTRITIONISTS,"Dieticians and Nutritionists plan and supervise the preparation of diets for individuals or groups, supervise and evaluate health programmes and assist in appraising the various factors related to nutrition and food problems in the community.",,MASCO 2020,2020
2266,unit,226,AUDIOLOGISTS AND SPEECH THERAPISTS,"Audiologists and Speech Therapists evaluate, manage and treat physical disorders affecting human hearing, speech and communication. They prescribe corrective devices or rehabilitative therapies for hearing loss, speech disorders, and related sensory and neural problems and provide counselling on hearing and safe communication.",,MASCO 2020,2020
2267,unit,226,OPTOMETRISTS AND OPHTHALMIC OPTICIANS,Optometrists and Ophthalmic Opticians examine and treat disorders of the eyes and visual system and advise on eye care and prescribe optical aids or other therapies.,,MASCO 2020,2020
2268,unit,226,OCCUPATIONAL THERAPISTS,"Occupational Therapists help people of all ages who have physical, mental or social problems to adapt to any aspect of their life in order to lead more productive, independent and meaningful lives. Problems may have been from birth, caused by injury, illness, disability or ageing.",,MASCO 2020,2020
2269,unit,226,HEALTH PROFESSIONALS NOT ELSEWHERE CLASSIFIED,"This unit group covers Health Professionals Not Elsewhere Classified in Minor Group 226: Other Health Professionals. This group include X-Ray Technician, Instructor and Perfusionist.",,MASCO 2020,2020
23,sub_major,2,TEACHING PROFESSIONALS,,,MASCO 2020,2020
231,minor,23,UNIVERSITY AND HIGHER EDUCATION TEACHING PROFESSIONALS,,,MASCO 2020,2020
2311,unit,231,UNIVERSITY AND HIGHER EDUCATION TEACHING PROFESSIONALS,University and Higher Education Teaching Professionals prepare and deliver lectures and conduct tutorials in one or more subjects within a prescribed course of study at a university or other higher educational institution. They conduct research and prepare academic papers and books.,,MASCO 2020,2020
232,minor,23,VOCATIONAL EDUCATION TEACHERS,,,MASCO 2020,2020
2321,unit,232,VOCATIONAL EDUCATION TEACHERS,"Vocational Education Teachers teach or instruct vocational subjects at educational institutions, secondary schools and colleges. They prepare students for employment in specific occupations or occupational areas for which university or higher education is not normally required.",,MASCO 2020,2020
233,minor,23,SECONDARY EDUCATION TEACHERS,,,MASCO 2020,2020
2331,unit,233,SECONDARY SCHOOL TEACHERS,Secondary School Teachers teach one or more subjects in secondary school and organise educational activities.,,MASCO 2020,2020
234,minor,23,PRIMARY SCHOOL AND EARLY CHILDHOOD TEACHERS,,,MASCO 2020,2020
2341,unit,234,PRIMARY SCHOOL TEACHERS,Primary School Teachers teach various subjects at the primary education level.,,MASCO 2020,2020
2342,unit,234,EARLY CHILDHOOD EDUCATORS,"Early Childhood Educators promote physical, mental and social development of pre-school children through educational activities and games.",,MASCO 2020,2020
235,minor,23,"MUSIC, ARTS AND PERFORMING ARTS TEACHERS",,,MASCO 2020,2020
2351,unit,235,MUSIC TEACHERS,"Music Teachers teach theory, practical and performance in music and organise educational activities.",,MASCO 2020,2020
2352,unit,235,ARTS TEACHERS,"Arts Teachers teach theory, practical and performance in arts, including fine and applied arts such as painting and sculpture design and crafts.",,MASCO 2020,2020
2353,unit,235,PERFORMING ARTS TEACHERS,"Performing Arts Teachers teach theory and practical in performing arts, dance, drama, visual and other performing arts.",,MASCO 2020,2020
236,minor,23,LANGUAGE TEACHERS,,,MASCO 2020,2020
2361,unit,236,LANGUAGE TEACHERS,"Language Teachers plan, prepare and organise language programme activities.",,MASCO 2020,2020
237,minor,23,RELIGIOUS TEACHERS,,,MASCO 2020,2020
2371,unit,237,RELIGIOUS TEACHERS,Religious Teachers teach a course in religion and theology.,,MASCO 2020,2020
238,minor,23,TECHNOLOGY SKILLS AND TECHNICAL TRAINERS,,,MASCO 2020,2020
2381,unit,238,VOCATIONAL TRAINING OFFICERS,"Vocational Training Officers develop the National Occupational Skill Standards (NOSS), curriculum and training materials, teach or train students for employment purposes in one or more subjects such as petrochemistry; pharmacy; wood-based products; rubber and rubber-based products; oil palm-based industries; food processing; electrical and electronic equipment; medical devices; textiles and apparel; machinery and equipment; metals; transport equipment; business and professional services; integrated logistics services; ICT services; trade distribution; construction services; education and training; health services; tourism services.",,MASCO 2020,2020
239,minor,23,OTHER TEACHING PROFESSIONALS,,,MASCO 2020,2020
2391,unit,239,EDUCATION METHOD SPECIALISTS,"Education Method Specialists conduct research and develop or advise on teaching methods, courses and teaching aids. They review and examine teachers’ work, the functions of educational institutions and the results achieved and recommend changes and improvements.",,MASCO 2020,2020
2392,unit,239,SPECIAL NEEDS TEACHERS,"Special Needs Teachers teach physically or mentally disabled children, youths or adults, or those with learning difficulties or other special needs. They promote the social, emotional, intellectual and physical development of their students.",,MASCO 2020,2020
2393,unit,239,INFORMATION TECHNOLOGY TRAINERS,"Information Technology Trainers develop, schedule and conduct training programmes and courses for computer and other information technology users.",,MASCO 2020,2020
2399,unit,239,TEACHING PROFESSIONALS NOT ELSEWHERE CLASSIFIED,"This unit group covers Teaching Professionals Not Elsewhere Classified in Minor Group 239: Other Teaching Professionals. This group include Kesatria Officer, Educational Counsellor, Teacher, Adult Education and Tuition Teacher.",,MASCO 2020,2020
24,sub_major,2,BUSINESS AND ADMINISTRATION PROFESSIONALS,,,MASCO 2020,2020
241,minor,24,FINANCE PROFESSIONALS,,,MASCO 2020,2020
2411,unit,241,ACCOUNTANTS AND AUDITORS,"Accountants and Auditors plan, organise and administer accounting systems, and examine and analyse the accounting and financial records of individuals and establishments to ensure accuracy and compliance with established accounting standards and procedures.",,MASCO 2020,2020
2412,unit,241,FINANCIAL AND INVESTMENT ADVISERS,Financial and Investment Advisers develop financial plans for individuals and organisations and invest and manage funds on their behalf.,,MASCO 2020,2020
2413,unit,241,FINANCIAL ANALYSTS,Financial Analysts conduct quantitative analyses of information affecting investments in public and private institutions.,,MASCO 2020,2020
242,minor,24,ADMINISTRATION PROFESSIONALS,,,MASCO 2020,2020
2421,unit,242,MANAGEMENT AND ORGANISATION ANALYSTS,"Management and Organisation Analysts assist organisations to achieve greater efficiency and solve organisational problems. They study organisational structures, methods, systems and procedures.",,MASCO 2020,2020
2422,unit,242,POLICY ADMINISTRATION PROFESSIONALS,"Policy Administration Professionals plan, devise and execute policies on management of human resource and the organisation, financial resources, the economy, administration and development of regions/districts/local areas/land, social planning and administration, international relations and foreign affairs (including foreign services), national security/ defence and information technology management.",,MASCO 2020,2020
2423,unit,242,PERSONNEL AND CAREER PROFESSIONALS,"Personnel and Career Professionals provide professional business services related to personnel policies such as employee recruitment or development, occupational analyses and vocational guidance.",,MASCO 2020,2020
2424,unit,242,TRAINING AND STAFF DEVELOPMENT PROFESSIONALS,"Training and Staff Development Professionals plan, develop, conduct and evaluate training and development programmes to ensure that the management and staff acquire skills and develop the competencies required by the organisation to meet organisational objectives.",,MASCO 2020,2020
2425,unit,242,ADMINISTRATIVE PROFESSIONALS,"Administrative Professionals handle work related to financial management, supply and development procurement, management, services of personnel, office administration, official functions, consular matters and other administrative duties.",,MASCO 2020,2020
2426,unit,242,RESEARCH AND DEVELOPMENT PROFESSIONALS,"Research and Development Professionals plan, execute policies and responsible for basic research and science to the development of technology and new inventions.",,MASCO 2020,2020
243,minor,24,"SALES, MARKETING AND PUBLIC RELATIONS PROFESSIONALS",,,MASCO 2020,2020
2431,unit,243,ADVERTISING AND MARKETING PROFESSIONALS,Advertising and Marketing Professionals develop and coordinate advertising strategies and campaigns and develop market opportunities for new and existing goods and services.,,MASCO 2020,2020
2432,unit,243,PUBLIC RELATIONS PROFESSIONALS,"Public Relations Professionals improve, advise or apply operational methods to build, maintain and manage communications between an organisation and the public.",,MASCO 2020,2020
2433,unit,243,TECHNICAL AND MEDICAL SALES PROFESSIONALS (EXCLUDING ICT),"Technical and Medical Sales Professionals (Excluding ICT) improve, advise or apply operational methods specialised in the sale of medical and healthcare products including installations, equipment and technical products and related services, and provide specialised information as required.",,MASCO 2020,2020
2434,unit,243,INFORMATION AND COMMUNICATIONS TECHNOLOGY (ICT) SALES,"Information and Communications Technology (ICT) Sales Professionals sell a range of computer hardware, software and other information and communications technology goods and",,MASCO 2020,2020
25,sub_major,2,INFORMATION AND COMMUNICATIONS TECHNOLOGY PROFESSIONALS,,,MASCO 2020,2020
251,minor,25,SOFTWARE AND APPLICATION DEVELOPERS AND ANALYSTS,,,MASCO 2020,2020
2511,unit,251,COMPUTER SYSTEMS ANALYSTS,"Computer Systems Analysts gather and analyse facts on operations, procedures and systems for transfer into a program appropriate for data processing equipment, and recommend computer use to increase productivity efficiency and organisational profit.",,MASCO 2020,2020
2512,unit,251,SOFTWARE DEVELOPERS,"Software Developers study, analyse and evaluate requirements for existing or new software applications and operating systems, and design, develop, test and maintain software solutions to meet the requirements.",,MASCO 2020,2020
2513,unit,251,WEB AND MULTIMEDIA DEVELOPERS,"Web and Multimedia Developers combine design and technical knowledge to study, analyse, evaluate, design, programme and modify websites and applications that display text, graphics, animation, imaging, audio and video, and other interactive media.",,MASCO 2020,2020
2514,unit,251,APPLICATION PROGRAMMERS,Application Programmers write and maintain programmable code outlined in technical instructions and specifications for software applications and operating systems.,,MASCO 2020,2020
2519,unit,251,SOFTWARE AND APPLICATION DEVELOPERS AND ANALYSTS NOT,"ELSEWHERE CLASSIFIED This unit group covers Software and Application Developers and Analysts Not Elsewhere Classified in minor group 251: Software and Application Developers and Analysts. As an example, this group include Software Tester, System Tester and Quality Assurance Engineer.",,MASCO 2020,2020
252,minor,25,DATABASE AND NETWORK PROFESSIONALS,,,MASCO 2020,2020
2521,unit,252,DATABASE DESIGNERS AND ADMINISTRATORS,"Database Designers and Administrators design, develop, control, maintain and support the optimal performance and security of databases.",,MASCO 2020,2020
2522,unit,252,INFORMATION TECHNOLOGY SYSTEM ADMINISTRATORS,"Information Technology System Administrators develop, maintain and support optimal performance and control security of information technology systems.",,MASCO 2020,2020
2523,unit,252,COMPUTER NETWORK PROFESSIONALS,"Computer Network Professionals research, analyse and recommend strategies for network architecture and development. They implement, manage, maintain and configure network hardware and software, and monitor, troubleshoot and optimise performance.",,MASCO 2020,2020
2524,unit,252,DATA PROFESSIONALS,"Data Professionals is the collection of workforces primarily specialising in the data science field, ie that provides meaningful information based on large amounts of complex data or big data. It combines different fields of work in statistics and computation to interpret data for decision-making purposes.",,MASCO 2020,2020
253,minor,25,INFORMATION TECHNOLOGY SECURITY PROFESSIONALS,,,MASCO 2020,2020
2531,unit,253,CYBERSECURITY PROFESSIONALS,"Cybersecurity Professionals includes not only technically focused staff, but also those who apply knowledge of cybersecurity when preparing their organization to successfully implement its mission. A knowledgeable and skilled cybersecurity workforce is needed to address cybersecurity risks within an organization’s overall risk management process. Task include: a) conceptualizing, designing, procuring, and/or building secure information technology (IT) systems, with responsibility for aspects of system and/or network development; b) providing the support, administration, and maintenance necessary to ensure effective and efficient information technology (IT) system performance and security; c) providing leadership, management, direction, or development and advocacy so the organization may effectively conduct cybersecurity work; d) identifying, analyzing, and mitigates threats to internal information technology (IT) systems and/or networks; e) performing highly-specialized review and evaluation of incoming cybersecurity information to determine its usefulness for intelligence; f) providing specialized denial and deception operations and collection of cybersecurity information that may be used to develop intelligence; and g) investigating cybersecurity events or crimes related to information technology (IT) systems, networks, and digital evidence.",,MASCO 2020,2020
254,minor,25,CREATIVE AND DIGITAL CONTENT PROFESSIONALS,,,MASCO 2020,2020
2541,unit,254,ANIMATION AND VISUAL EFFECTS PROFESSIONALS,"Animation and Visual Effects Professionals combine artistic and technical knowledge to conceptualize, plan, create, produce, develop digital content that display text, graphics, animation, imaging, audio and video, and other content type for animation, visual effects (vfx), new media and other linear digital media format. Task Include: a) conceptualizing the digital content with artistic and technical knowledge; b) planning and organize the workflow and production pipeline to ensure quality output; c) defining the content either visually, verbally or in written form regarding to the final output format; d) implementing or assisting in the implementation of that digital content; e) analysing and evaluating multiple options in decision-making process to make sure the most optimum solution is chosen; f) communicating clearly with the with supervisor and subordinates to ensure task deliveries are met in a timely manner; g) collaborating proactively with the other members of the team including from different expertise to solve problems; h) iterating creation of digital content to improve output quality; i) performing related tasks through digital content creation tools, rendering pipeline, tools and technology; and j) enhancing knowledge and coordinating work performance.",,MASCO 2020,2020
2542,unit,254,DIGITAL GAMES AND eSPORTS PROFESSIONALS,"Digital Games and eSports Professionals combine artistic and technical knowledge to conceptualize, plan, create, produce, develop digital content that display text, graphics, animation, imaging, audio and video, and other content type for games, Virtual Reality (VR)/ Augmented Reality (AR) and other non-linear digital media format. Task Include: a) organising the creation of a game content, makes it happen on time and within the budget; b) creating the look, feel and story of a game, decides how the game will play; c) creating the artwork, such 2D, 3D, animation for visual art assets for the game; d) composing the music and creates the sound effects, integrates them into the game; e) implementing features and functionalities through the programming to make the game fun to play; f) testing the game to identify the mistakes in games, checks them for bugs, glitches and any errors; g) sollaborating proactively with the other members of the team including from different expertise to solve problems; h) optimising digital content for real-time performance efficiency; i) performing related tasks through digital content creation tools, game engines, tools and technology; and j) enhancing knowledge and coordinating work performance.",,MASCO 2020,2020
2543,unit,254,CREATIVE CONTENT DESIGNERS PROFESSIONALS,"Creative Content Designers Professionals combine artistic and technical knowledge to conceptualize, plan, create, produce, develop digital content that display text, graphics, animation, imaging, audio and video, and other content type for various digital media including both linear and non-linear format. Task Include: a) creating world class, user centered designs through considerations of user research, business requirements, customer feedback and usability study findings; b) developing conceptual diagrams, wireframes, visual mockups, prototypes and visual design of web and mobile applications; c) developing and maintaining detailed user interface specifications; d) presenting design works to user experience, product, business owners for review and feedback; e) creating and implementing usability studies, personality, navigational structures, and affinity diagrams; f) providing usability recommendations based on industry best practices, analytics, and user behavior; g) collaborating proactively with the other members of the team including from different expertise to solve problems; h) optimising user experience based on the compilation of data analytics of user activities; i) performing related tasks through digital content creation tools, visualization software, tools and technology; and j) enhancing knowledge and coordinating work performance.",,MASCO 2020,2020
26,sub_major,2,LEGAL PROFESSIONALS,,,MASCO 2020,2020
261,minor,26,LEGAL PROFESSIONALS,,,MASCO 2020,2020
2611,unit,261,LAWYERS,"Lawyers give clients legal advise on a wide variety of subjects and plead cases or conduct prosecutions in courts, or instruct barristers or advocates to plead in higher courts of justice.",,MASCO 2020,2020
2612,unit,261,JUDGES,Judges preside over criminal and civil proceedings in courts of law.,,MASCO 2020,2020
2619,unit,261,LEGAL PROFESSIONALS NOT ELSEWHERE CLASSIFIED,"This unit group covers Legal Professionals Not Classified Elsewhere in Minor Group 261: Legal Professionals. As an example, this group include Commissioner for Oaths, Register of Court, Trust Officer and Public Trustee.",,MASCO 2020,2020
27,sub_major,2,HOSPITALITY AND RELATED SERVICES PROFESSIONALS,,,MASCO 2020,2020
271,minor,27,HOTEL AND RESTAURANT PROFESSIONALS,,,MASCO 2020,2020
2711,unit,271,HOTEL PROFESSIONALS,"Hotel Professionals conduct research, plan, develop, and improve operational management of hotels, motels and similar establishments providing accommodation and other services, including front office (reception, concierge and reservations), food and beverage operations and housekeeping.",,MASCO 2020,2020
2712,unit,271,RESTAURANT PROFESSIONALS,"Restaurant Professionals conduct research, plan, develop and improve the operational management of cafes, restaurants and similar establishments providing food and catering",,MASCO 2020,2020
28,sub_major,2,SOCIAL AND CULTURAL PROFESSIONALS,,,MASCO 2020,2020
281,minor,28,"LIBRARIANS, ARCHIVISTS AND CURATORS",,,MASCO 2020,2020
2811,unit,281,ARCHIVISTS AND CURATORS,"Archivists and Curators collect, appraise and ensure the safekeeping and preservation of the collections of libraries, archives, museums, art galleries and similar establishments. They plan, devise and implement systems for the safekeeping of records and historically valuable documents.",,MASCO 2020,2020
2812,unit,281,LIBRARIANS AND RELATED INFORMATION PROFESSIONALS,"Librarians and Related Information Professionals collect, select, organise and maintain library collections and other information repositories, organise and control other library services and provide information for users.",,MASCO 2020,2020
282,minor,28,SOCIAL AND RELIGIOUS PROFESSIONALS,,,MASCO 2020,2020
2821,unit,282,ECONOMISTS,"Economists conduct research, monitor data, analyse information and prepare reports, and resolve economic and business problems. They develop models for analysis and understanding and make predictions of future economic circumstances and trends.",,MASCO 2020,2020
2822,unit,282,"SOCIOLOGISTS, ANTHROPOLOGISTS AND RELATED PROFESSIONALS","Sociologists, Anthropologists and Related Professionals investigate and describe the social structure of societies, the origin and evolution of humanity, and the interdependence between environmental conditions and human activities. They provide advice on their findings in the formulation of economic and social policies.",,MASCO 2020,2020
2823,unit,282,"PHILOSOPHERS, HISTORIANS AND POLITICAL SCIENTISTS","Philosophers, Historians and Political Scientists conduct research and describe past events and activities including the development of social and economic structures and institutions, and political movements.",,MASCO 2020,2020
2824,unit,282,PSYCHOLOGISTS,"Psychologists research into and study human mental processes and behaviour and apply this knowledge to promote personal, social, educational or occupational adjustment and development.",,MASCO 2020,2020
2825,unit,282,SOCIAL WORK AND COUNSELLING PROFESSIONALS,"Social Work and Counselling Professionals provide advice and guidance to individuals, families, groups, communities and organisations in response to social and personal difficulties. They assist clients to develop skills, access the resources and support services needed to respond to issues arising from unemployment, poverty, disability, addiction, criminal and delinquent behaviour, marital and other problems.",,MASCO 2020,2020
2826,unit,282,RELIGIOUS PROFESSIONALS,"Religious Professionals function as perpetuators of sacred traditions, practices and beliefs. They lead religious ceremonies, provide spiritual and moral guidance and perform other functions associated with the practice of a religion.",,MASCO 2020,2020
283,minor,28,"AUTHORS, JOURNALISTS AND LINGUISTS",,,MASCO 2020,2020
2831,unit,283,AUTHORS AND RELATED WRITERS,"Authors and Related Writers plan, research and write books, scripts, original stories, plays, essays, speeches, manuals, specifications and other non-journalistic articles (excluding material for newspapers, magazines and other periodicals) for publication or presentation.",,MASCO 2020,2020
2832,unit,283,JOURNALISTS,"Journalists research, investigate, interpret and communicate news and public affairs through newspapers, television, radio and other media.",,MASCO 2020,2020
2833,unit,283,"TRANSLATORS, INTERPRETERS AND OTHER LINGUISTS","Translators, Interpreters and Other Linguists translate or interpret from one language into another and study the origin, development and structure of languages.",,MASCO 2020,2020
284,minor,28,CREATIVE AND PERFORMING ARTISTS,,,MASCO 2020,2020
2841,unit,284,VISUAL ARTISTS,"Visual Artists create and execute artistic works by sculpting, painting, drawing, cartooning, engraving or using related techniques.",,MASCO 2020,2020
2842,unit,284,"MUSICIANS, SINGERS AND COMPOSERS","Musicians, Singers and Composers write, arrange, compose and adapt musical works and conduct or participate in performances.",,MASCO 2020,2020
2843,unit,284,DANCERS AND CHOREOGRAPHERS,Dancers and Choreographers conceive and create or perform dances.,,MASCO 2020,2020
2844,unit,284,"FILM, STAGE AND RELATED DIRECTORS AND PRODUCERS","Film, Stage and Related Directors and Producers oversee, control and direct the technical and artistic aspects in film, television or radio productions or stage shows.",,MASCO 2020,2020
2845,unit,284,ACTORS,"Actor portray roles in films, television or radio productions and stage shows.",,MASCO 2020,2020
2846,unit,284,"ANNOUNCERS ON RADIO, TELEVISION AND OTHER MEDIA","Announcers on Radio, Television and Other Media read news bulletins, conduct interviews and make other announcements on radio, television or in theatres and other establishments.",,MASCO 2020,2020
2847,unit,284,"CLOWNS, MAGICIANS, ACROBATS AND RELATED PROFESSIONALS","Clowns, Magicians, Acrobats and Related Professionals entertain audiences in circuses and other places by performing a variety of acts.",,MASCO 2020,2020
2848,unit,284,ANIMAL KEEPERS AND TRAINERS,"Animal Keepers and Trainers care for, train and perform with animals in zoos, bird and aquatic parks.",,MASCO 2020,2020
2849,unit,284,CREATIVE AND PERFORMING ARTISTS NOT ELSEWHERE CLASSIFIED,"This unit group covers Creative and Performing Artists Not Elsewhere Classified in Minor Group 284: Creative and Performing Artists. As an example, this group include Cultural Officer Gred B41. Task Include: a) responsible for cultural development and artistic; b) taking photographs, editing, preparing photo captions and sending photographs of formal and informal activities for reference and retention; c) making coverage for films / videos with or without sound, filming a special programme, providing equipment, maintaining hygiene of studio and darkroom and equipment safety inside and outside the department; d) carrying out related tasks; and e) enhancing knowledge and coordinating work performance.",,MASCO 2020,2020
29,sub_major,2,REGULATORY GOVERNMENT PROFESSIONALS,,,MASCO 2020,2020
291,minor,29,REGULATORY BODY PROFESSIONALS,,,MASCO 2020,2020
2911,unit,291,PROFESSIONAL CUSTOMS AND BORDER INSPECTORS,"Professional Customs and Border Inspectors check persons and vehicles crossing national borders to administer and enforce relevant government regulations and laws. Tugas merangkumi: a) classifying goods in accordance with the tariffs, making price assessment for the collection of customs duty / sales tax, processing and approving the importation / exportation of dutiable goods subject to prohibitions of imports / exports at the entrance / exit points, tax-free zones and licensed warehouses; b) processing licence applications for excise warehouses, licensed warehouses and licensed manufacturing warehouses; c) auditing accounts of companies licensed under the Sales Tax Act and Service Tax Act for collection of sales / service tax; d) processing applications for exemption from sales tax, checking the stock and the use of dutiable goods of companies with customs duty exemption and processing tax remission applications; e) supervising passenger screening duties and conducting investigation into companies / individuals committing fraud / smuggling and performing other enforcement duties; f) detaining persons found to be in violation of customs or immigration laws and arranging for legal action such as deportation; g) checking, approving and issuing travel passes and documents; h) searching for and seizing contraband or undeclared merchandise including through vehicles, aircraft or boats; i) inspecting cargo, baggage and personal articles entering or leaving the country; and j) investigating applications for duty refunds and petitions for remission or mitigation of penalties when warranted.",,MASCO 2020,2020
2912,unit,291,PROFESIONAL TAXATION AND EXCISE OFFICIALS,"Professional Taxation and Excise Officials examine tax returns, bills of sale and other documents to determine the type and amount of taxes, duties and other types of fees to be paid by individuals or businesses, and refer exceptional or important cases to accountants, senior government officials or managers.",,MASCO 2020,2020
2913,unit,291,PROFESSIONAL GOVERNMENT SOCIAL BENEFIT OFFICIALS,"Professional Government Social Benefit Officials examine applications for government, financial or service programmes to determine eligibility and amount of benefit or appropriate services, referring exceptional or important cases to senior government officials or managers.",,MASCO 2020,2020
2914,unit,291,PROFESSIONAL GOVERNMENT LICENSING OFFICIALS,"Professional Government Licensing Officials examine applications for licences to export or import goods, set up businesses, build houses or other structures, or to determine eligibility of applications for issuing licences or passports, and identify specific conditions or restrictions to be attached to licences issued, refer exceptional or important cases to senior government officials or managers.",,MASCO 2020,2020
2915,unit,291,PROFESSIONAL POLICE OFFICIALS,"Professional Police Officials investigate facts, conduct, supervise and coordinate investigations to prevent crimes or solve criminal cases.",,MASCO 2020,2020
2916,unit,291,PROFESSIONAL CIVIL DEFENCE OFFICIALS,Professional Civil Defence Officials supervise and investigate civil cases by enforcing procedures and regulations.,,MASCO 2020,2020
2919,unit,291,REGULATORY GOVERNMENT PROFESSIONALS NOT ELSEWHERE CLASSIFIED,"This unit group covers Regulatory Government Professionals Not Elsewhere Classified in Minor Group 291: Regulatory Government Professionals. As an example, this group include Control Room Officer.",,MASCO 2020,2020
3,major,,TECHNICIANS AND ASSOCIATE PROFESSIONALS,,,MASCO 2020,2020
31,sub_major,3,SCIENCE AND ENGINEERING ASSOCIATE PROFESSIONALS,,,MASCO 2020,2020
311,minor,31,PHYSICAL AND ENGINEERING SCIENCE TECHNICIANS,,,MASCO 2020,2020
3111,unit,311,CHEMICAL AND PHYSICAL SCIENCE TECHNICIANS,"Chemical and Physical Science Technicians perform technical tasks to aid in research in chemistry, physics, geology, geophysics, meteorology and astronomy, and in the development of industrial, medical, military and other practical applications of research results. Skill Level Description",,MASCO 2020,2020
3112,unit,311,CIVIL ENGINEERING TECHNICIANS,"Civil Engineering Technicians perform technical tasks in civil engineering research, design, construction, operation, maintenance and repair of buildings and other structures such as water supply and wastewater treatment systems, bridges, roads, dams and airports.",,MASCO 2020,2020
3113,unit,311,ELECTRICAL ENGINEERING TECHNICIANS,"Electrical Engineering Technicians perform technical tasks to aid in electrical engineering research, and in the design, manufacture, assembly, construction, operation, maintenance and repair of electrical equipment, facilities and distribution systems.",,MASCO 2020,2020
3114,unit,311,ELECTRONICS ENGINEERING TECHNICIANS,"Electronics Engineering Technicians perform technical tasks to aid in electronic research, and in the design, manufacture, assembly, construction, operation, maintenance and repair of electronic equipment.",,MASCO 2020,2020
3115,unit,311,MECHANICAL ENGINEERING TECHNICIANS,"Mechanical Engineering Technicians perform technical tasks to aid in mechanical engineering research, and in the design, manufacture, assembly, construction, operation, maintenance and repair of machines, components and mechanical equipment.",,MASCO 2020,2020
3116,unit,311,CHEMICAL ENGINEERING TECHNICIANS,"Chemical Engineering Technicians perform technical tasks to aid in chemical engineering research, and in the design, manufacture, construction, operation, maintenance and repair of chemical plants.",,MASCO 2020,2020
3117,unit,311,MINING AND METALLURGICAL TECHNICIANS,"Mining and Metallurgical Technicians perform technical tasks to assist in research and experiments related to metallurgy in improving methods of extracting solid minerals, oil and gas, and in the design, construction, operation, maintenance and repair of mines and mine installations, of systems for transporting and storing oil and natural gas, and for extraction of metals from ores.",,MASCO 2020,2020
3118,unit,311,DRAUGHTSPERSONS AND SURVEYING TECHNICIANS,"Draughtspersons and Surveying Technicians prepare technical drawings, maps and illustrations from sketches, measurements and other data, and copy drawings and paintings onto printing plates.",,MASCO 2020,2020
3119,unit,311,INDUSTRIAL AND PRODUCTION TECHNICIANS,"Industrial and Production Technicians carrying out technical tasks to assist in industrial engineering and production research, designing, manufacturing, assembling, construction, operation and maintenance. Help coordinate manufacturing activities and evaluate cost- effectiveness and safety.",,MASCO 2020,2020
312,minor,31,"MINING, MANUFACTURING AND CONSTRUCTION SUPERVISORS",,,MASCO 2020,2020
3121,unit,312,MINING SUPERVISORS,Mining Supervisors oversee mining and quarrying operations and supervise and coordinate the activities of miners working in underground and surface mines and quarries.,,MASCO 2020,2020
3122,unit,312,MANUFACTURING SUPERVISORS,Manufacturing Supervisors coordinate and supervise the activities of process control,,MASCO 2020,2020
3123,unit,312,CONSTRUCTION SUPERVISORS,"Construction Supervisors coordinate, supervise and schedule the duties of workers engaged in the construction and repair of buildings and structures.",,MASCO 2020,2020
3129,unit,312,OTHER SUPERVISORS NOT ELSEWHERE CLASSIFIED,"This unit group covers Other Supervisors Not Elsewhere Classified in Minor Group 312: Mining, Manufacturing and Construction Supervisors. As an example, this group include Cleaning Supervisor.",,MASCO 2020,2020
313,minor,31,PROCESS CONTROL TECHNICIANS,,,MASCO 2020,2020
3131,unit,313,POWER PRODUCTION PLANT OPERATORS,"Power Production Plant Operators operate, monitor and maintain switchboards and related equipment in electrical control centres which control the production and distribution of electricity or other power in transmission networks. The equipment operated includes reactors, turbines, generators and other auxiliary equipment in electrical power generating stations.",,MASCO 2020,2020
3132,unit,313,INCINERATOR AND WATER TREATMENT PLANT OPERATORS,"Incinerator and Water Treatment Plant Operators monitor and operate computerised control systems and related equipment and monitor various types of plant such as incinerators, water treatment plants, sewage plants, air and gas compressors, pumping stations and refrigeration or heating and ventilation systems.",,MASCO 2020,2020
3133,unit,313,CHEMICAL PROCESSING PLANT CONTROLLERS,"Chemical Processing Plant Controllers operate and monitor chemical plants, adjust and maintain processing units and equipment which distil, filter, separate, heat or refine chemicals.",,MASCO 2020,2020
3134,unit,313,PETROLEUM AND NATURAL GAS REFINING PLANT OPERATORS,"Petroleum and Natural Gas Refining Plant Operators operate and monitor plants which refine, distil and treat petroleum, petroleum-based products and by-products or natural gas.",,MASCO 2020,2020
3135,unit,313,METAL PRODUCTION PROCESS CONTROLLERS,"Metal Production Process Controllers operate and monitor multi-function process control machinery and equipment to melt or reheat metal, or machines to cast metal.",,MASCO 2020,2020
3139,unit,313,PROCESS CONTROL TECHNICIANS NOT ELSEWHERE CLASSIFIED,This unit group covers Process Control Technicians Not Elsewhere Classified in Minor Group 313: Process Control Technicians.,,MASCO 2020,2020
314,minor,31,LIFE SCIENCE TECHNICIANS AND RELATED ASSOCIATE PROFESSIONALS,,,MASCO 2020,2020
3141,unit,314,LIFE SCIENCE TECHNICIANS (EXCLUDING MEDICAL),"Life Science Technicians (Excluding Medical) provide technical support to life science professionals undertaking research, analysis and testing of living organisms, and development and application of products and processes resulting from research in areas such as agriculture, natural resource management, environmental protection, plant and animal biology, microbiology, and cell and molecular biology.",,MASCO 2020,2020
3142,unit,314,AGRICULTURAL AND LIVESTOCK TECHNICIANS,"Agricultural and Livestock Technicians perform technical tasks related to research in agronomy, as well as with the development of agricultural applications of research results and provide technical and scientific support to agricultural scientists and farmers.",,MASCO 2020,2020
3143,unit,314,FORESTRY TECHNICIANS,"Forestry Technicians perform technical tasks related to research in forestry and forest management, harvesting, resource conservation and environmental protection as well as the development of forestry applications for research results.",,MASCO 2020,2020
3144,unit,314,FISHERY TECHNICIANS,"Fishery Technicians perform technical tasks related to research in fisheries, as well as with the development of fishery applications for research results.",,MASCO 2020,2020
315,minor,31,"SHIP, AIRCRAFT AND TRAIN TECHNICIANS",,,MASCO 2020,2020
3151,unit,315,AIRCRAFT TECHNICIANS,"Aircraft Technicians repair, overhaul, examine, test and service aircraft engines and other aircraft mechanical equipment.",,MASCO 2020,2020
3152,unit,315,SHIP/ MARINE TECHNICIANS,Ship/ Marine Technicians repair or service marine engine in workshops or on board.,,MASCO 2020,2020
3153,unit,315,TRAIN/ LOCOMOTIVE TECHNICIANS,Train/ Locomotive Technicians service and repair train/ locomotive engines.,,MASCO 2020,2020
3154,unit,315,MOTOR VEHICLE TECHNICIANS,Motor Vehicle Technicians service and repair vehicle engines.,,MASCO 2020,2020
3159,unit,315,TRANSPORT TECHNICIANS NOT ELSEWHERE CLASSIFIED,"This unit group covers Transport Technicians Not Elsewhere Classified in Minor Group 315: Ship, Aircraft and Train Technicians. As an example, this group include Road Transport Supervisor, Logistic Supervisor, Transport Supervisor, Halal Logistics, Operation and Green Technology Infrastructure Assistant Facilitator.",,MASCO 2020,2020
316,minor,31,NUCLEAR SCIENCE ASSOCIATE PROFESSIONALS,,,MASCO 2020,2020
3161,unit,316,NUCLEAR RESEARCH AND DEVELOPMENT ASSOCIATE PROFESSIONALS,"Nuclear Research and Development Associate Professionals collect and test samples to monitor results of nuclear experiments and contamination of humans, facilities and environment.",,MASCO 2020,2020
32,sub_major,3,HEALTH ASSOCIATE PROFESSIONALS,,,MASCO 2020,2020
321,minor,32,MEDICAL AND PHARMACEUTICAL TECHNICIANS,,,MASCO 2020,2020
3211,unit,321,MEDICAL IMAGING AND THERAPEUTIC EQUIPMENT TECHNICIANS,"Medical Imaging and Therapeutic Equipment Technicians test and operate radiography, ultrasound and other medical imaging equipment to produce images of the body for the purpose of diagnosis and treatment of injuries, diseases and other disabilities. They may perform radiation treatment on patients under the supervision of a radiologist or other medical professional.",,MASCO 2020,2020
3212,unit,321,MEDICAL AND PATHOLOGY LABORATORY TECHNICIANS,Medical and Pathology Laboratory Technicians perform clinical tests on body fluid and tissue specimens to obtain information on the health of the patient or the cause of death.,,MASCO 2020,2020
3213,unit,321,PHARMACEUTICAL TECHNICIANS AND ASSISTANTS,Pharmaceutical Technicians and Assistants dispense and prepare medicine under the guidance of pharmacists or other health professionals.,,MASCO 2020,2020
3214,unit,321,MEDICAL AND DENTAL PROSTHETIC TECHNICIANS,"Medical and Dental Prosthetic Technicians design, adjust, service and repair medical and dental devices and equipment according to prescription or instruction from health professionals. They make full or partial dentures, inlays, bridges and crowns of metal vulcanite or other composition plates from wax or plaster impressions.",,MASCO 2020,2020
3215,unit,321,ORTHOTIC AND PROSTHETIC TECHNICIANS,"Orthotic and Prosthetic Technicians measure, design, fabricate, fit or service a prosthetic as prescribed by a doctor, and assist in the formulation of the prosthesis prescription for the replacement of external parts of the human body lost due to amputation or congenital deformities or absences.",,MASCO 2020,2020
322,minor,32,NURSING AND MIDWIFERY ASSOCIATE PROFESSIONALS,,,MASCO 2020,2020
3221,unit,322,NURSING ASSOCIATE PROFESSIONALS (EXCEPT DENTAL),"Nursing Associate Professionals (Except Dental) provide basic nursing and personal care for people who are physically or mentally ill, disabled or infirm, and others in need of care due to risks to health.",,MASCO 2020,2020
3222,unit,322,MIDWIFERY ASSOCIATE PROFESSIONALS,"Midwifery Associate Professionals deliver or assist doctors in the delivery of babies, provide ante-natal and post-natal care and advise parents on baby care.",,MASCO 2020,2020
323,minor,32,TRADITIONAL AND COMPLEMENTARY MEDICINE ASSOCIATE PROFESSIONALS,,,MASCO 2020,2020
3231,unit,323,TRADITIONAL AND COMPLEMENTARY MEDICINE ASSOCIATE PROFESSIONALS,"Traditional and Complementary Medicine Associate Professionals treat mental and physical sickness using herbs, medicinal plants and other traditional techniques employed in the community and advise on methods to preserve or improve the health and well-being of a person.",,MASCO 2020,2020
324,minor,32,VETERINARY TECHNICIANS AND ASSISTANTS,,,MASCO 2020,2020
3241,unit,324,VETERINARY TECHNICIANS AND ASSISTANTS,"Veterinary Technicians and Assistants advise, carry out diagnostic, preventive and curative veterinary tasks more limited in scope and complexity than those carried out by veterinarians. They care for animals under treatment and assist veterinarians to perform procedures and treatment.",,MASCO 2020,2020
325,minor,32,OTHER HEALTH ASSOCIATE PROFESSIONALS,,,MASCO 2020,2020
3251,unit,325,DENTAL ASSISTANTS AND THERAPISTS,"Dental Assistants and Therapists carry out advisory, diagnostic, preventive and curative dental tasks more limited in scope and complexity than those carried out by dentists, and assist dentists by preparing and maintaining instruments and other equipment, preparing materials and helping patients prepare for examination and treatment.",,MASCO 2020,2020
3252,unit,325,MEDICAL RECORD AND HEALTH INFORMATION TECHNICIANS,"Medical Record and Health Information Technicians organise and evaluate the results of examinations, reports on x-rays and laboratory tests, diagnoses and treatment plans for completeness and accuracy.",,MASCO 2020,2020
3253,unit,325,COMMUNITY HEALTH WORKERS,"Community Health Workers carry out advisory, diagnostic, preventive and curative medical tasks more limited in scope and complexity than those carried out by medical doctors. They provide support and assistance to individuals and families in the health and social service system.",,MASCO 2020,2020
3254,unit,325,DISPENSING OPTICIANS,"Dispensing Opticians design, fit and dispense optical lenses based on a prescription from an ophthalmologist or optometrist for the correction of reduced visual acuity. They also advise patients on the wearing of and care for their spectacles and contact lenses.",,MASCO 2020,2020
3255,unit,325,PHYSIOTHERAPY TECHNICIANS AND ASSISTANTS,"Physiotherapy Technicians and Assistants provide physical therapy to patients whose movements have been affected by disease, injury or degeneration. The therapy has usually been prescribed by a physiotherapist or other health professional to rehabilitate the patients.",,MASCO 2020,2020
3256,unit,325,MEDICAL ASSISTANTS,Medical Assistants perform basic clinical and administrative tasks to support patient care under the direct supervision of a medical practitioner or other health professionals.,,MASCO 2020,2020
3257,unit,325,ENVIRONMENTAL AND OCCUPATIONAL HEALTH INSPECTORS AND,"ASSOCIATES Environmental and Occupational Health Inspectors and Associates inspect environmental factors which can affect human health, occupational safety and the goods production or",,MASCO 2020,2020
3258,unit,325,AMBULANCE ASSISTANTS,"Ambulance Assistants provide emergency health care to patients who are injured, sick, infirm, or otherwise physically or mentally impaired prior to and during transport to medical facilities.",,MASCO 2020,2020
3259,unit,325,HEALTH ASSOCIATE PROFESSIONALS NOT ELSEWHERE CLASSIFIED,This unit group covers Health Associate Professionals Not Elsewhere Classified in Minor Group 325: Other Health Associate Professionals.,,MASCO 2020,2020
33,sub_major,3,BUSINESS AND ADMINISTRATION ASSOCIATE PROFESSIONALS,,,MASCO 2020,2020
331,minor,33,FINANCIAL AND MATHEMATICAL ASSOCIATE PROFESSIONALS,,,MASCO 2020,2020
3311,unit,331,SECURITIES AND FINANCE DEALERS AND BROKERS,"Securities and Finance Dealers and Brokers buy and sell securities, stocks, bonds and other financial instruments, and deal on the foreign exchange on spot or on futures markets on behalf of their own company or for customers on a commission basis and recommend transactions to clients or senior management.",,MASCO 2020,2020
3312,unit,331,CREDIT AND LOAN OFFICERS,"Credit and Loan Officers analyse and evaluate financial information on applications for credit and loans and approve or disapprove, or recommend approval or disapproval to the management.",,MASCO 2020,2020
3313,unit,331,ACCOUNTING AND AUDITING ASSOCIATE PROFESSIONALS,Accounting And Auditing Associate Professionals maintain complete records of financial transactions of an undertaking and verify accuracy of documents and records relating to such transactions.,,MASCO 2020,2020
3314,unit,331,"STATISTICAL, MATHEMATICAL AND ACTUARIAL ASSOCIATE PROFESSIONALS","Statistical, Mathematical and Actuarial Associate Professionals assist in planning the collection, processing and presentation of mathematical, statistical or actuarial data and in carrying out these operations, usually under the guidance of mathematicians and related professionals or statisticians.",,MASCO 2020,2020
3315,unit,331,VALUERS AND LOSS ASSESSORS,Valuers and Loss Assessors value property and various goods and assess losses covered by insurance policies.,,MASCO 2020,2020
332,minor,33,SALES AND PURCHASING AGENTS AND BROKERS,,,MASCO 2020,2020
3321,unit,332,INSURANCE REPRESENTATIVES,"Insurance Representatives advise on and sell life, accident, automobile, liability, endowment, fire, marine and other types of insurance to new and existing clients.",,MASCO 2020,2020
3322,unit,332,COMMERCIAL SALES REPRESENTATIVES,"Commercial Sales Representatives sell various goods and services to retail, industrial, wholesale and other establishments and provide specific information on products as required.",,MASCO 2020,2020
3323,unit,332,BUYERS,"Buyers buy goods and services for use or resale on behalf of industrial, commercial, government or other enterprises and organisations.",,MASCO 2020,2020
3324,unit,332,TRADE BROKERS,"Trade Brokers buy and sell commodities, usually in bulk, and shipping services on a commission basis for their organisation or clients.",,MASCO 2020,2020
333,minor,33,BUSINESS SERVICES AGENTS,,,MASCO 2020,2020
3331,unit,333,CLEARING AND FORWARDING AGENTS,"Clearing and Forwarding Agents carry out customs clearing procedures and ensure that insurance, export/import licences and other formalities are in order.",,MASCO 2020,2020
3332,unit,333,CONFERENCE AND EVENT AGENTS,"Conference and Event Agents organise and coordinate services for conferences, events, functions, banquets and seminars.",,MASCO 2020,2020
3333,unit,333,EMPLOYMENT AGENTS AND CONTRACTORS,"Employment Agents and Contractors match jobseekers with vacancies, find workers for employers and contract labour for particular projects at the request of enterprises and other organisations.",,MASCO 2020,2020
3334,unit,333,REAL ESTATE AND PROPERTY AGENTS,"Real Estate and Property Agents arrange the sale, purchase, rental and lease of real estate, usually on behalf of clients and on a commission basis.",,MASCO 2020,2020
3339,unit,333,BUSINESS SERVICES AGENTS NOT ELSEWHERE CLASSIFIED,"This unit group covers Business Services Agents Not Elsewhere Classified in Minor Group 333: Business Services Agents. As an example, this group include Auctioneer, Literary Agent, Musical Perfomance Agent and Sports Agent.",,MASCO 2020,2020
334,minor,33,ADMINISTRATIVE AND SPECIALISED ASSOCIATE PROFESSIONALS,,,MASCO 2020,2020
3341,unit,334,ADMINISTRATIVE ASSOCIATE PROFESSIONALS,Administrative Associate Professionals carry out administrative duties in the support group.,,MASCO 2020,2020
3342,unit,334,LEGAL SECRETARIES,"Legal Secretaries apply specialised knowledge of legal terminology and procedures in providing support to legal professionals in communication, documentation and internal managerial coordination activities in law offices, legal departments of large firms and government offices.",,MASCO 2020,2020
3343,unit,334,ADMINISTRATIVE AND EXECUTIVE SECRETARIES,"Administrative and Executive Secretaries implement and support the communication, documentation and internal managerial coordination activities of an organisational unit to assist the head of unit and other members of staff and/or prepare correspondence, reports and records of proceedings and other specialised documentation.",,MASCO 2020,2020
3344,unit,334,MEDICAL SECRETARIES,"Medical Secretaries using specialised knowledge of medical terminology and procedures, assist the head of unit and other members of staff in implementing and supporting the communication, documentation activities, administrative functions and internal managerial coordination.",,MASCO 2020,2020
34,sub_major,3,LEGAL ASSOCIATE PROFESSIONALS,,,MASCO 2020,2020
341,minor,34,LEGAL ASSOCIATE PROFESSIONALS,,,MASCO 2020,2020
3411,unit,341,LEGAL AND RELATED ASSOCIATE PROFESSIONALS,"Legal and Related Associate Professionals perform support functions in courts of law or in law offices, provide services related to such legal matters as insurance contracts, property transfers, granting of loans and other financial transactions or conduct investigations for clients.",,MASCO 2020,2020
35,sub_major,3,INFORMATION AND COMMUNICATIONS TECHNICIANS,,,MASCO 2020,2020
351,minor,35,INFORMATION AND COMMUNICATIONS TECHNOLOGY OPERATION AND USER,,,MASCO 2020,2020
3511,unit,351,INFORMATION,"AND COMMUNICATIONS TECHNOLOGY OPERATION Information and Communications Technology Operation Technicians assist in the day-to- day processing, operation and monitoring of information and communications technology systems, software and related computer equipment to ensure optimal performance.",,MASCO 2020,2020
3512,unit,351,INFORMATION AND COMMUNICATIONS TECHNOLOGY USER SUPPORT,"Information and Communications Technology User Support Technicians provide technical assistance to users, either directly or by telephone, e-mail or other electronic means, including diagnosing and resolving issues and problems with software, hardware, computer peripheral equipment, networks, databases and the Internet, and provide guidance and support in the deployment, installation and maintenance of systems.",,MASCO 2020,2020
3513,unit,351,COMPUTER NETWORK AND SYSTEMS TECHNICIANS,"Computer Network and Systems Technicians establish, operate and maintain network and other data communications systems.",,MASCO 2020,2020
3514,unit,351,WEB TECHNICIANS,"Web Technicians maintain, monitor and support the optimal functioning of Internet and Intranet websites and web server hardware and software.",,MASCO 2020,2020
352,minor,35,TELECOMMUNICATIONS AND BROADCASTING TECHNICIANS,,,MASCO 2020,2020
3521,unit,352,BROADCASTING AND AUDIO-VISUAL TECHNICIANS,"Broadcasting and Audio-Visual Technicians control technical functioning of equipment to record and edit images and sound and transmit radio and television broadcasts of images and sounds, as well as other types of telecommunications signals on land, sea or in aircraft.",,MASCO 2020,2020
3522,unit,352,TELECOMMUNICATIONS ENGINEERING TECHNICIANS,"Telecommunications Engineering Technicians perform technical tasks connected with telecommunications engineering research, as well as with the design, manufacture, assembly, construction, operation, maintenance and repair of telecommunications systems.",,MASCO 2020,2020
36,sub_major,3,"SOCIAL, CULTURAL AND RELATED ASSOCIATE PROFESSIONALS",,,MASCO 2020,2020
361,minor,36,SOCIAL AND RELIGIOUS ASSOCIATE PROFESSIONALS,,,MASCO 2020,2020
3611,unit,361,SOCIAL WORK ASSOCIATE PROFESSIONALS,Social Work Associate Professionals offer clients guidance and implement social assistance programmes and community service and assist clients in dealing with personal and social problems.,,MASCO 2020,2020
3612,unit,361,RELIGIOUS ASSOCIATE PROFESSIONALS,"Religious Associate Professionals provide support to Ministers or to a religious community, undertake religious work, preach and propagate the teachings of a particular religion and endeavour to improve well-being through the power of faith and spiritual advice.",,MASCO 2020,2020
362,minor,36,"SPORTS, SELF DEFENCE AND FITNESS ASSOCIATE PROFESSIONALS",,,MASCO 2020,2020
3621,unit,362,ATHLETES AND SPORTS PLAYERS,"Athletes and Sports Players participate in competitive sporting events. They train and compete, either individually or as part of a team, in their chosen sport.",,MASCO 2020,2020
3622,unit,362,"SPORTS COACHES, INSTRUCTORS AND OFFICIALS","Sports Coaches, Instructors and Officials work with amateur and professional sportspersons to enhance performance, encourage greater participation in sport, and organise and officiate at sporting events according to established rules.",,MASCO 2020,2020
3623,unit,362,FITNESS AND RECREATION INSTRUCTORS AND PROGRAMME LEADERS,"Fitness and Recreation Instructors and Programme Leaders lead, guide and instruct groups and individuals in recreational, fitness or outdoor adventure activities.",,MASCO 2020,2020
363,minor,36,ARTISTIC AND CULTURAL ASSOCIATE PROFESSIONALS,,,MASCO 2020,2020
3631,unit,363,PHOTOGRAPHERS,"Photographers take photographs, operate video cameras and other equipment to record and edit images.",,MASCO 2020,2020
3632,unit,363,INTERIOR DESIGNERS AND DECORATORS,"Interior Designers and Decorators plan and design commercial, industrial, public, retail and residential building interiors and design posters and other print materials. They coordinate and participate in construction and decoration.",,MASCO 2020,2020
3633,unit,363,"GALLERY, MUSEUM AND LIBRARY ASSOCIATE PROFESSIONALS","Gallery, Museum and Library Associate Professionals prepare works of art, specimens and artefacts for collection, and arrange and coordinate gallery displays.",,MASCO 2020,2020
3634,unit,363,ARTISTIC AND CULTURAL ASSOCIATE PROFESSIONALS,Artistic and Cultural Associate Professionals provide support for stage and in other areas of artistic and cultural endeavour.,,MASCO 2020,2020
3639,unit,363,ARTISTIC AND CULTURAL ASSOCIATE PROFESSIONALS NOT ELSEWHERE,CLASSIFIED This unit group includes Artistic and Cultural Associate Professionals Not Elsewhere Classified in Minor Group 363: Artistic and Cultural Associate Professionals.,,MASCO 2020,2020
364,minor,36,CULINARY ASSOCIATE PROFESSIONALS,,,MASCO 2020,2020
3641,unit,364,CHEFS,"Chefs plan menus, cook and create dishes in hotels, restaurants and other eating places, on board ships, on passenger trains and in private households.",,MASCO 2020,2020
37,sub_major,3,REGULATORY GOVERNMENT ASSOCIATE PROFESSIONALS,,,MASCO 2020,2020
371,minor,37,REGULATORY GOVERNMENT ASSOCIATE PROFESSIONALS,,,MASCO 2020,2020
3711,unit,371,CUSTOMS AND BORDER INSPECTOR ASSOCIATE PROFESSIONALS,Customs and Border Inspector Associate Professionals assist in checking persons and vehicles crossing national borders to administer and enforce relevant government regulations and laws.,,MASCO 2020,2020
3712,unit,371,TAXATION AND EXCISE OFFICIAL ASSOCIATE PROFESSIONALS,"Taxation and Excise Official Associate Professionals assist in examining tax returns, bills of sale and other documents to determine the type and amount of taxes, duties and other types of fees to be paid by individuals or businesses.",,MASCO 2020,2020
3713,unit,371,GOVERNMENT SOCIAL BENEFIT OFFICIAL ASSOCIATE PROFESSIONALS,"Government Social Benefit Official Associate Professionals assist in examining applications for government, financial or service programmes to determine eligibility and amount of benefit or appropriate services.",,MASCO 2020,2020
3714,unit,371,GOVERNMENT LICENSING OFFICIAL ASSOCIATE PROFESSIONALS,"Government Licensing Official Associate Professionals examine applications for licences to export or import goods, set up businesses, build houses or other structures, or to obtain passports, determine eligibility of applications for issuing licences or passports, and identify specific conditions or restrictions to be attached to licences issued.",,MASCO 2020,2020
3715,unit,371,POLICE OFFICERS,"Police Officers investigate, prevent and solve criminal cases.",,MASCO 2020,2020
3716,unit,371,CIVIL DEFENCE ASSOCIATE PROFESSIONALS,Civil Defence Associate Professionals supervise and investigate civil cases by enforcing laws procedures and regulations.,,MASCO 2020,2020
3719,unit,371,REGULATORY GOVERNMENT ASSOCIATE PROFESSIONALS NOT ELSEWHERE,"CLASSIFIED This unit group covers Regulatory Government Associate Professionals Not Elsewhere Classified in Minor Group 371: Regulatory Government Associate Professionals. As an example, this group include other rank Maritime Enforcement Officers Grade T5, Price Inspector, Fire and Safety Inspector and Weight and Measure Inspector.",,MASCO 2020,2020
4,major,,CLERICAL SUPPORT WORKERS,,,MASCO 2020,2020
41,sub_major,4,OFFICE CLERKS,,,MASCO 2020,2020
411,minor,41,GENERAL OFFICE CLERKS,,,MASCO 2020,2020
4111,unit,411,GENERAL OFFICE CLERKS,General Office Clerks perform a range of clerical and administrative tasks according to established procedures.,,MASCO 2020,2020
412,minor,41,SECRETARIES (GENERAL),,,MASCO 2020,2020
4121,unit,412,SECRETARIES (GENERAL),"Secretaries (General) use typewriters, personal computers or other word-processing equipment to transcribe correspondence and other documents, check and format documents prepared by other staff, deal with incoming and outgoing mail, screen requests for meetings or appointments, and perform a variety of administrative support tasks.",,MASCO 2020,2020
413,minor,41,KEYBOARD OPERATORS,,,MASCO 2020,2020
4131,unit,413,TYPISTS,"Typist type, edit and print using a typewriter, personal computer or other word processor, and record oral or written matter in shorthand.",,MASCO 2020,2020
4132,unit,413,DATA ENTRY CLERKS,"Data Entry Clerks enter codes, statistical, financial and other numerical data into electronic equipment, computerised databases, spreadsheets or other data repositories using a keyboard, mouse or optical scanner, or other data entry tools. They enter data into mechanical and electronic devices to perform mathematical calculations.",,MASCO 2020,2020
42,sub_major,4,CUSTOMER SERVICES CLERKS,,,MASCO 2020,2020
421,minor,42,"TELLERS, MONEY COLLECTORS AND RELATED CLERKS",,,MASCO 2020,2020
4211,unit,421,BANK TELLERS AND RELATED CLERKS,"Bank Tellers and Related Clerks deal directly with clients of banks or post offices in matters related to receiving, changing and paying out money, or providing mail services.",,MASCO 2020,2020
4212,unit,421,"BOOKMAKERS, CROUPIERS AND RELATED GAMING WORKERS","Bookmakers, Croupiers and Related Gaming Workers run the games, deal cards, collect bets, pay winners of bets, gambling or related games.",,MASCO 2020,2020
4213,unit,421,PAWNBROKERS AND MONEY-LENDERS,"Pawnbrokers and Money-Lenders lend money against articles deposited as pledges, or against property or other security.",,MASCO 2020,2020
4214,unit,421,DEBT AND RENT COLLECTORS AND RELATED WORKERS,"Debt and Rent Collectors and Related Workers collect rent, payments on overdue accounts and bad cheques, and collect donations for charity.",,MASCO 2020,2020
422,minor,42,CLIENT INFORMATION WORKERS,,,MASCO 2020,2020
4221,unit,422,TRAVEL CONSULTANTS AND RELATED CLERKS,"Travel Consultants and Related Clerks supply information, arrange travel itineraries, make travel and accommodation reservations and organise group tours.",,MASCO 2020,2020
4222,unit,422,CONTACT CENTRE INFORMATION CLERKS,"Contact Centre Information Clerks provide advice and information to clients, respond to clients’ queries regarding an organisation’s goods, services or policies and process financial transactions via telephone or electronic communications media such as e-mail. They are located in premises that may be far from clients.",,MASCO 2020,2020
4223,unit,422,TELEPHONE OPERATORS,"Telephone Operators operate telephone switchboards and consoles to establish telephone connections, receive caller inquiries and service problem reports, and record and deliver messages to staff or clients.",,MASCO 2020,2020
4224,unit,422,RECEPTIONISTS,"Receptionists receive and welcome visitors, clients, guests or patients and respond to queries and requests including arranging appointments as well as provide information on hotel or organisational services.",,MASCO 2020,2020
4225,unit,422,ENQUIRY CLERKS,"Enquiry Clerks respond to personal, written, electronic mail and telephone queries and complaints about the organisation’s goods, services and policies, provide information and refer people to other sources. They are assigned to locations which place them in direct contact with clients.",,MASCO 2020,2020
4226,unit,422,SURVEY AND MARKET RESEARCH INTERVIEWERS,Survey and Market Research Interviewers interview people and record their responses to survey and market research questions on a range of topics.,,MASCO 2020,2020
4229,unit,422,CLIENT INFORMATION WORKERS NOT ELSEWHERE CLASSIFIED,"This unit group includes Client Information Workers Not Elsewhere Classified in Minor Group 422: Client Information Workers. This group include Hospital Admissions Clerk, Eligibility Interviewer and Eligibility Specialist.",,MASCO 2020,2020
43,sub_major,4,NUMERICAL AND MATERIAL RECORDING CLERKS,,,MASCO 2020,2020
431,minor,43,NUMERICAL CLERKS,,,MASCO 2020,2020
4311,unit,431,ACCOUNTING AND BOOK-KEEPING CLERKS,"Accounting and Book-Keeping Clerks compute, classify and record numerical data to keep complete financial records. They perform any combination of routine calculating, notification and verifying duties to obtain primary financial data for use in management of accounting records.",,MASCO 2020,2020
4312,unit,431,"STATISTICAL, FINANCE AND INSURANCE CLERKS","Statistical, Finance and Insurance Clerks obtain, compile and compute statistical or actuarial data or perform clerical tasks related to the transactions of insurance, bank and other financial establishments.",,MASCO 2020,2020
432,minor,43,MATERIAL-RECORDING AND TRANSPORT CLERKS,,,MASCO 2020,2020
4321,unit,432,STOCK CLERKS,"Stock Clerks maintain records of goods produced and production materials received, weighed, issued, dispatched or kept in stock.",,MASCO 2020,2020
4322,unit,432,PRODUCTION CLERKS,"Production Clerks compute and ensure goods/operations are available on specified dates, and prepare and check production operation schedules. Task include: a) examining customers’ orders for goods and services; b) computing quantities, qualities and types of materials required for production; c) preparing production schedules, ensuring materials are available when needed and keeping related records; d) preparing or assisting in preparing production schedules based on customers’ orders and production capacity; e) verifying stocks, arranging deliveries and investigating delays; f) performing related tasks; and g) supervising, scheduling and monitoring the tasks of other workers. Example of the occupations classified here: (refer to index; unit group 4322) 4322-01 Clerk, Production 4322-02 Clerk, Production Control 4322-03 Clerk, Operation 4322-04 Clerk, Plantation",,MASCO 2020,2020
4323,unit,432,TRANSPORT CLERKS,"Transport Clerks keep records of operational aspects and coordinate the timing of rail, road, air and waterborne passenger and freight transport, and prepare reports for the management.",,MASCO 2020,2020
44,sub_major,4,OTHER CLERICAL SUPPORT WORKERS,,,MASCO 2020,2020
441,minor,44,OTHER CLERICAL SUPPORT WORKERS,,,MASCO 2020,2020
4411,unit,441,LIBRARY CLERKS,"Library Clerks issue and receive library materials, sort and organise books on shelves and provide general library information to users.",,MASCO 2020,2020
4412,unit,441,MAIL CARRIERS AND SORTING CLERKS,"Mail Carriers and Sorting Clerks sort, record, deliver and perform other duties related to mail",,MASCO 2020,2020
4413,unit,441,"CODING, PROOF-READING AND RELATED CLERKS","Coding, Proof-Reading and Related Clerks convert information into codes, verify and correct proofs and perform various clerical duties.",,MASCO 2020,2020
4414,unit,441,SCRIBES AND RELATED WORKERS,Scribes and Related Workers write letters and complete forms on behalf of illiterate persons.,,MASCO 2020,2020
4415,unit,441,FILING AND COPYING CLERKS,"Filing and Copying Clerks file correspondence, cards, invoices, receipts and other records in alphabetical or numerical order or according to the filing system used. They locate and remove material from file when requested and photocopy, scan or fax documents.",,MASCO 2020,2020
4416,unit,441,PERSONNEL CLERKS,"Personnel Clerks maintain and update personnel records such as information on transfers and promotions, performance evaluations, employee leave taken and accumulated, salaries, qualifications and training.",,MASCO 2020,2020
4419,unit,441,CLERICAL SUPPORT WORKERS NOT ELSEWHERE CLASSIFIED,"This unit group covers Clerical Support Workers Not Elsewhere Classified in Minor Group 441: Other Clerical Support Workers. As an example, this group include Assistant Wardrobe, Safety Clerk and Administrative (Legal) Grade L19.",,MASCO 2020,2020
5,major,,SERVICE AND SALES WORKERS,,,MASCO 2020,2020
51,sub_major,5,PERSONAL SERVICES WORKERS,,,MASCO 2020,2020
511,minor,51,"TRAVEL ATTENDANTS, CONDUCTORS AND GUIDES",,,MASCO 2020,2020
5111,unit,511,TRAVEL ATTENDANTS AND TRAVEL STEWARDS,Travel Attendants and Travel Stewards render personal services to ensure the comfort and safety of passengers. These include serving meals and beverages and coordinating housekeeping and social activities.,,MASCO 2020,2020
5112,unit,511,TRANSPORT CONDUCTORS,"Transport Conductors collect or issue tickets and are responsible for safety and comfort on trains, trams, buses and other public transport vehicles.",,MASCO 2020,2020
5113,unit,511,TRAVEL GUIDES,"Travel Guides accompany individuals or groups on sightseeing tours or excursions, describe points of interest and provide other guide services.",,MASCO 2020,2020
512,minor,51,COOKS,,,MASCO 2020,2020
5121,unit,512,COOKS,"Cooks plan, organise, prepare and cook food in hotels, restaurants and other public eating places, on board ships, passenger trains, private households and other institutions or establishments.",,MASCO 2020,2020
513,minor,51,WAITERS AND BARTENDERS,,,MASCO 2020,2020
5131,unit,513,WAITERS,"Waiters and waitresses serve food and beverages in commercial dining and drinking places such as clubs, institutions and canteens, on board ships and in passenger trains.",,MASCO 2020,2020
5132,unit,513,BARTENDERS,"Bartenders mix and serve alcoholic and non-alcoholic drinks directly to customers at a bar or counter, or through waiters.",,MASCO 2020,2020
514,minor,51,"HAIRDRESSERS, BEAUTICIANS AND RELATED WORKERS",,,MASCO 2020,2020
5141,unit,514,HAIRDRESSERS,"Hairdressers shampoo, cut, colour and style hair and massage and treat the scalp.",,MASCO 2020,2020
5142,unit,514,BEAUTICIANS AND RELATED WORKERS,"Beauticians and Related Workers give facial and body beauty treatments, apply cosmetics and give other kinds of treatment to individuals to improve their appearance.",,MASCO 2020,2020
515,minor,51,BUILDING AND HOUSEKEEPING SUPERVISORS,,,MASCO 2020,2020
5151,unit,515,"CLEANING AND HOUSEKEEPING SUPERVISORS IN OFFICES, HOTELS AND","OTHER ESTABLISHMENTS Cleaning and Housekeeping Supervisors in Offices, Hotels and Other Establishments organise, supervise and carry out housekeeping functions in order to keep clean and tidy the interiors and fixtures of hotels, offices and other establishments, as well as of aircraft, trains, buses and similar vehicles.",,MASCO 2020,2020
5152,unit,515,DOMESTIC HOUSEKEEPERS,"Domestic Housekeepers organise, supervise and carry out housekeeping functions in private households with or without the support of subordinate staff.",,MASCO 2020,2020
5153,unit,515,BUILDING CARETAKERS,"Building Caretakers take care of apartments, houses, hotels, hostels, offices and other buildings and maintain them in a clean and proper condition. They may supervise other workers and contractors depending on the size and nature of the building concerned.",,MASCO 2020,2020
516,minor,51,OTHER PERSONAL SERVICES WORKERS,,,MASCO 2020,2020
5161,unit,516,"ASTROLOGERS, FORTUNE-TELLERS AND RELATED WORKERS","Astrologers, Fortune-Tellers and Related Workers predict future events in people’s lives by practising astrology or related techniques and give warnings and advice on possible courses of action.",,MASCO 2020,2020
5162,unit,516,COMPANIONS AND VALETS,Companions and Valets provide companionship and attend to various personal needs of the employer.,,MASCO 2020,2020
5163,unit,516,UNDERTAKERS AND EMBALMERS,"Undertakers and Embalmers perform various tasks in the funeral of human remains. Tasks include; a) making arrangements for and conducting funerals and cremations; b) embalming human remains to retard or repress the process of decay; c) puncturing internal organs through the abdomen to remove natural fluids and gases; d) restoring injured portions of the body to their normal appearance by affixing pieces of moulded wax, plaster of Paris or other materials; e) making arrangements for and conducting funerals; f) interviewing family to obtain data about the deceased and other information and completing documents; g) bathing human remains and wrapping them in shroud; h) weeping during the recounting of the goodness, honesty of the deceased and exhibiting the sadness and grief of the deceased’s family in losing a loved one; and i) performing related tasks.",,MASCO 2020,2020
5164,unit,516,PET GROOMERS AND ANIMAL CARE WORKERS,"Pet Groomers and Animal Care Workers feed, care for, groom, bathe and exercise animals, and clean, disinfect and repair their cages and also specialise in grooming or maintaining a pet’s appearance.",,MASCO 2020,2020
5165,unit,516,DRIVING INSTRUCTORS,Driving Instructors teach students to drive and demonstrate proper driving techniques.,,MASCO 2020,2020
5169,unit,516,PERSONAL SERVICES WORKERS NOT ELSEWHERE CLASSIFIED,"This unit group includes Personal Services Workers Not Elsewhere Classified in Minor Group 516: Other Personal Services Workers. For an example, this group include Club Host, Guest Relations Officer and Event crew.",,MASCO 2020,2020
52,sub_major,5,SALES WORKERS,,,MASCO 2020,2020
521,minor,52,STREET AND MARKET SALESPERSONS,,,MASCO 2020,2020
5211,unit,521,STALL AND MARKET SALESPERSONS,Stall and Market Salespersons sell various goods from stalls in open-air or covered markets or from stalls in streets or other open spaces.,,MASCO 2020,2020
5212,unit,521,STREET FOOD SALESPERSONS,"Street Food Salespersons prepare and sell hot or cold food and drinks ready for immediate consumption on the streets and public places such as stations, cinemas or theatres.",,MASCO 2020,2020
522,minor,52,SHOP SALESPERSONS,,,MASCO 2020,2020
5221,unit,522,SHOPKEEPERS,Shopkeepers operate small retail shops either independently or with support from a small number of others.,,MASCO 2020,2020
5222,unit,522,SHOP SUPERVISORS,Shop Supervisors supervise and coordinate the activities of shop sales assistants and other workers in retail and wholesale shops such as supermarkets and department stores.,,MASCO 2020,2020
5223,unit,522,SHOP SALES ASSISTANTS,Shop Sales Assistants sell a range of goods and services directly to the public or on behalf of retail and wholesale establishments. They explain the functions and qualities of these goods or services.,,MASCO 2020,2020
523,minor,52,CASHIERS AND TICKET CLERKS,,,MASCO 2020,2020
5231,unit,523,CASHIERS AND TICKET CLERKS,Cashiers and Ticket Clerks receive directly from clients payment for goods or services in establishments such as shops and ticket offices or similar establishments.,,MASCO 2020,2020
524,minor,52,OTHER SALES WORKERS,,,MASCO 2020,2020
5241,unit,524,FASHION AND OTHER MODELS,"Fashion and Other Models wear and display clothing and accessories, and pose for photographs, film and video, advertising, still photography or for artistic creation.",,MASCO 2020,2020
5242,unit,524,SALES DEMONSTRATORS,"Sales Demonstrators demonstrate goods at commercial premises, exhibitions and private homes.",,MASCO 2020,2020
5243,unit,524,DOOR-TO-DOOR SALESPERSONS,"Door-to-Door Salespersons sell goods and services and solicit business for establishments by approaching or visiting potential customers, usually residents in private homes, by going from door to door.",,MASCO 2020,2020
5244,unit,524,CONTACT CENTRE SALESPERSONS,"Contact Centre Salespersons respond to telephone calls or other communication media to assist customers with specific queries, and promote goods and services, obtain sales and arrange sales visits.",,MASCO 2020,2020
5245,unit,524,SERVICE STATION AND PUMP ATTENDANTS,"provide services such as fuelling, cleaning, lubricating and performing minor repairs to motor vehicles.",,MASCO 2020,2020
5246,unit,524,FOOD COUNTER ATTENDANTS,"Food Counter Attendants serve customers at food counters and prepare simple food items in restaurants, cafeterias, hotels, fast food outlets, hospitals and other similar establishments.",,MASCO 2020,2020
5249,unit,524,SALES WORKERS NOT ELSEWHERE CLASSIFIED,This unit group includes Sales Workers Not Elsewhere Classified in Minor Group 524: Other Sales Workers. As an example this group include Rental Salesperson,,MASCO 2020,2020
53,sub_major,5,EDUCATION AND SOCIAL SERVICES WORKERS,,,MASCO 2020,2020
531,minor,53,CHILD CARE WORKERS AND TEACHERS’ AIDES,,,MASCO 2020,2020
5311,unit,531,CHILD CARE WORKERS,Child Care Workers provide care and supervision of children in residential homes and day care centres,,MASCO 2020,2020
5312,unit,531,TEACHERS AIDES,"Teachers Aides perform non-teaching duties to assist teachers, and provide care and supervision for children in schools and pre-schools.",,MASCO 2020,2020
532,minor,53,PERSONAL CARE WORKERS IN HEALTH SERVICES,,,MASCO 2020,2020
5321,unit,532,HEALTH CARE ASSISTANTS,"Health Care Assistants provide personal care and assistance with activities of daily living to patients and residents in a variety of health care settings such as hospitals, clinics and nursing care centres.",,MASCO 2020,2020
5322,unit,532,HOME-BASED PERSONAL CARE WORKERS,"Home-Based Personal Care Workers provide routine personal care and assistance with activities of daily living to persons in need of such care due to the effects of ageing, illness, injury or other physical or mental conditions in private homes and other residential settings.",,MASCO 2020,2020
5329,unit,532,PERSONAL CARE WORKERS IN HEALTH SERVICES NOT ELSEWHERE,CLASSIFIED This unit group includes Personal Care Workers in Health Services Not Elsewhere Classified in Minor Group 532: Personal Care Workers in Health Services.,,MASCO 2020,2020
54,sub_major,5,PROTECTIVE SERVICES WORKERS,,,MASCO 2020,2020
541,minor,54,PROTECTIVE SERVICES WORKERS,,,MASCO 2020,2020
5411,unit,541,FIRE FIGHTERS,"Fire Fighters prevent and extinguish fires, rescue lives, salvage property and conduct rescue efforts.",,MASCO 2020,2020
5412,unit,541,LOW RANK POLICE OFFICERS,Low Rank Police Officers maintain law and order and enforce laws and regulations.,,MASCO 2020,2020
5413,unit,541,PRISON GUARDS,"Prison Guards watch over and maintain discipline among inmates of prisons, reformatories or penitentiaries.",,MASCO 2020,2020
5414,unit,541,SECURITY GUARDS,"Security Guards watch over industrial plants, warehouses, houses and other property against fire, theft or illegal entry or accompanying vehicles transporting cash or valuables to protect against theft or robbery.",,MASCO 2020,2020
5415,unit,541,IMMIGRATION/ CUSTOMS OFFICERS AND ASSISTANTS,"Immigration/ Customs Officers and Assistants help to examine and assess the admissibility of all passengers at seaports and airports. They are involved in preventive work, searching of vehicles, freight and examination of documentation.",,MASCO 2020,2020
5419,unit,541,PROTECTIVE SERVICES WORKERS NOT ELSEWHERE CLASSIFIED,"This unit group includes Protective Services Workers Not Elsewhere Classified in Minor Group 541: Protective Service Workers. As an example, this group include Maritime enforcement officers of other Ranks Grade T1, Game warden, Park Warden, Animal Recreation and Wild Life Warden",,MASCO 2020,2020
6,major,,"SKILLED AGRICULTURAL, FORESTRY, LIVESTOCK AND FISHERY WORKERS",,,MASCO 2020,2020
61,sub_major,6,MARKET-ORIENTED SKILLED AGRICULTURAL AND LIVESTOCK WORKERS,,,MASCO 2020,2020
611,minor,61,MARKET GARDENERS AND CROP GROWERS,,,MASCO 2020,2020
6111,unit,611,FIELD CROP GROWERS,"Field Crop Growers plan and carry out the necessary operations to grow and harvest various types of field crops such as oil palm, rubber, coconut, tapioca, sugar cane and paddy for sale or delivery on a regular basis to wholesale buyers, marketing organisations or at markets.",,MASCO 2020,2020
6112,unit,611,SHRUB CROP GROWERS,"Shrub Crop Growers plan and carry out the necessary operations to grow and harvest shrubs for sale or delivery on a regular basis to wholesale buyers, marketing organisations or at markets.",,MASCO 2020,2020
6113,unit,611,"GARDENERS, HORTICULTURAL AND NURSERY GROWERS","Gardeners, Horticultural and Nursery Growers plan and carry out the necessary operations to grow vegetables by intensive cultivation techniques, to cultivate trees, shrubs, flowers and other plants and to produce saplings, bulbs and seeds for sale or delivery on a regular basis to wholesale buyers, marketing organisations or at markets.",,MASCO 2020,2020
6114,unit,611,MIXED CROP GROWERS,"Mixed Crop Growers plan and carry out the necessary operations to grow and harvest specific combinations of field crops, field vegetables, tree and shrub crops, garden, horticultural and nursery products, for sale or delivery on a regular basis to wholesale buyers, marketing organisations or at markets.",,MASCO 2020,2020
6115,unit,611,VEGETABLE GROWERS,"Vegetable Growers plan and carry out the necessary operations to grow and harvest various types of vegetables for sale or delivery on a regular basis to wholesale buyers, marketing organisations or at markets.",,MASCO 2020,2020
612,minor,61,ANIMAL PRODUCERS,,,MASCO 2020,2020
6121,unit,612,LIVESTOCK AND DAIRY PRODUCERS,"Livestock and Dairy Producers plan and carry out the necessary operations to breed, raise and tend livestock such as cattle, sheep, pigs, goats, horses, dogs and cats to be used as working, sporting or pet animals as well as to obtain meat, milk, wool, skin and other products for sale or delivery on a regular basis to wholesale buyers, marketing organisations or at markets.",,MASCO 2020,2020
6122,unit,612,POULTRY PRODUCERS,"Poultry Producers plan and carry out the necessary operations to breed, raise and tend poultry to produce eggs, meat, nest or feathers and breeding stock for sale or delivery on a regular basis to wholesale buyers, marketing organisations or at markets.",,MASCO 2020,2020
6123,unit,612,APIARISTS AND SERICULTURISTS,"Apiarists and Sericulturists plan and carry out the necessary operation to breed, raise and tend insects such as honey bees, silkworms and other species to produce honey, beeswax, silk and other products for sale or delivery on a regular basis to wholesalers, marketing organisations or at markets. AND FISHERY WORKERS",,MASCO 2020,2020
6129,unit,612,ANIMAL PRODUCERS AND RELATED WORKERS NOT ELSEWHERE CLASSIFIED,"This unit group includes Animal Producers and Related Workers Not Elsewhere Classified in Minor Group 612: Animal Producers. As an example, this group include Vaccinator, Worker, Incubator, Farmer, Snake and Farmer, Crocodile",,MASCO 2020,2020
613,minor,61,MIXED CROP AND ANIMAL PRODUCERS,,,MASCO 2020,2020
6131,unit,613,MIXED CROP AND ANIMAL PRODUCERS,"Mixed Crop and Animal Producers plan and carry out the necessary operations for mixed farming of the kind that produces a combination of both crops and animals and related products, for delivery or sale on a regular basis to wholesale buyers, marketing organisations or at markets.",,MASCO 2020,2020
62,sub_major,6,"MARKET-ORIENTED SKILLED FORESTRY, FISHERY AND HUNTING WORKERS",,,MASCO 2020,2020
621,minor,62,SKILLED FORESTRY AND RELATED WORKERS,,,MASCO 2020,2020
6211,unit,621,SKILLED FORESTRY AND RELATED WORKERS,"Skilled Forestry and Related Workers carry out the necessary operations to cultivate, conserve and exploit forests for sale or delivery on a regular basis to wholesale buyers, marketing organisations or at markets.",,MASCO 2020,2020
622,minor,62,"SKILLED FISHERY WORKERS, HUNTERS AND TRAPPERS",,,MASCO 2020,2020
6221,unit,622,FISHERY AND AQUACULTURE PRODUCERS,"Fishery and Aquaculture Producers plan and carry out the necessary operations to breed and cultivate fish, mussels, oysters and other forms of aquatic life and produce aquatic products such as fishballs, crackers, otak-otak, shells, sea cucumber, dried aquatic products and the cultivation of ornamental fish for sale or delivery on a regular basis to wholesalers, marketing organisations or at markets.",,MASCO 2020,2020
6222,unit,622,SKILLED INLAND AND COASTAL WATERS FISHERY WORKERS,"Skilled Inland and Coastal Waters Fishery Workers, alone or as crewmen of fishing boats, catch fish or gather other forms of aquatic life in inland or coastal waters for sale or delivery on a regular basis to wholesalers, marketing organisations or at markets.",,MASCO 2020,2020
6223,unit,622,SKILLED DEEP-SEA FISHERY WORKERS,"Skilled Deep-Sea Fishery Workers, as crewmen of fishing boats, catch deep-sea fish for sale or delivery on a regular basis to wholesalers, marketing organisations or at markets.",,MASCO 2020,2020
6224,unit,622,HUNTERS AND TRAPPERS,"Hunters and Trappers catch and kill mammals, birds or reptiles mainly to obtain meat, skin, feathers and other products for sale or delivery on a regular basis to wholesale buyers, marketing organisations or at markets.",,MASCO 2020,2020
63,sub_major,6,"SUBSISTENCE FARMERS, FISHERMEN, HUNTERS AND GATHERERS",,,MASCO 2020,2020
631,minor,63,SUBSISTENCE CROP FARMERS,,,MASCO 2020,2020
6311,unit,631,SUBSISTENCE CROP FARMERS,"Subsistence Crop Farmers grow and harvest field or tree and shrub crops, vegetables and fruit in order to provide food, shelter and a minimum cash income for themselves and their households.",,MASCO 2020,2020
632,minor,63,SUBSISTENCE LIVESTOCK FARMERS,,,MASCO 2020,2020
6321,unit,632,SUBSISTENCE LIVESTOCK FARMERS,"Subsistence Livestock Farmers breed, raise and tend livestock in order to provide food, shelter and a minimum cash income for themselves and their household.",,MASCO 2020,2020
633,minor,63,SUBSISTENCE MIXED CROP AND LIVESTOCK FARMERS,,,MASCO 2020,2020
6331,unit,633,SUBSISTENCE MIXED CROP AND LIVESTOCK FARMERS,"Subsistence Mixed Crop and Livestock Farmers grow and harvest field or tree and shrub crops and various mixed crops, vegetables and wild fruit, medicinal and other plants, hunt or trap animals or catch fish and gather various forms of aquatic life in order to provide food, shelter and a minimum cash income for themselves and their households.",,MASCO 2020,2020
634,minor,63,"SUBSISTENCE FISHERMEN, HUNTERS, TRAPPERS AND GATHERERS",,,MASCO 2020,2020
6341,unit,634,"SUBSISTENCE FISHERMEN, HUNTERS, TRAPPERS AND GATHERERS","Subsistence Fishermen, Hunters, Trappers and Gatherers gather wild fruit, medicinal and other plants, and hunt and trap animals, and catch fish and gather various forms of aquatic life in order to provide food, shelter and a minimum cash income for themselves and their households.",,MASCO 2020,2020
7,major,,CRAFT AND RELATED TRADES WORKERS,,,MASCO 2020,2020
71,sub_major,7,"SUBSISTENCE FARMERS, FISHERMEN, HUNTERS AND GATHERERS",,,MASCO 2020,2020
711,minor,71,BUILDING FRAME AND RELATED TRADES WORKERS,,,MASCO 2020,2020
7111,unit,711,HOUSE BUILDERS AND CONSTRUCTION WORKERS,"House Builders and Construction Workers erect, maintain and repair houses and similar small buildings using either traditional or modern techniques and materials.",,MASCO 2020,2020
7112,unit,711,BRICKLAYERS AND RELATED WORKERS,"Bricklayers and Related Workers lay bricks, pre-cut stones and other types of building blocks to construct and repair walls, partitions, arches and other structures.",,MASCO 2020,2020
7113,unit,711,"STONEMASONS, STONE CUTTERS, SPLITTERS AND CARVERS","Stonemasons, Stone Cutters, Splitters and Carvers cut and shape hard and soft stone blocks and slabs for the construction and maintenance of stone structures and monumental masonry, and carve designs and figures in stone.",,MASCO 2020,2020
7114,unit,711,"CONCRETE PLACERS, CONCRETE FINISHERS AND RELATED WORKERS","Concrete Placers, Concrete Finishers and Related Workers erect reinforced concrete frameworks and structures, make forms for moulding concrete, reinforce concrete surfaces, cement openings in walls or casings for wells, finish and repair cement surfaces and carry out terrazzo work.",,MASCO 2020,2020
7115,unit,711,CARPENTERS AND JOINERS,"Carpenters and Joiners cut, shape, assemble, erect, maintain and repair various types of wooden structures and fittings.",,MASCO 2020,2020
7119,unit,711,BUILDING FRAME AND RELATED TRADES WORKERS NOT ELSEWHERE,"CLASSIFIED This unit group includes Building Frame and Related Trades Workers Not Elsewhere Classified in Minor Group 711: Building Frame and Related Trades Workers. As an example, this group include Drain Layer, Demolition Worker, Erector, Billboard and Steeplejack.",,MASCO 2020,2020
712,minor,71,BUILDING FINISHERS AND RELATED TRADES WORKERS,,,MASCO 2020,2020
7121,unit,712,ROOFERS,Roofers build and repair roofs on all types of buildings using one or more kinds of materials.,,MASCO 2020,2020
7122,unit,712,FLOOR LAYERS AND TILE SETTERS,"Floor Layers and Tile Setters install, maintain and repair flooring, and cover floors, walls and other surfaces with tiles or mosaic panels for decorative or other purposes.",,MASCO 2020,2020
7123,unit,712,PLASTERERS,"Plasterers install, maintain and repair plasterboard in buildings, and apply decorative and protective coverings of plaster, cement and similar material to the interiors and exteriors of structures.",,MASCO 2020,2020
7124,unit,712,INSULATION WORKERS,"Insulation Workers apply and repair insulating materials to buildings, boilers, pipes or refrigeration and air-conditioning equipment.",,MASCO 2020,2020
7125,unit,712,GLAZIERS,"Glaziers measure, cut, finish, fit and install flat glass and mirrors.",,MASCO 2020,2020
7126,unit,712,PLUMBERS AND PIPE FITTERS,"Plumbers and Pipe Fitters assemble, install, repair and maintain pipe systems, fittings and fixtures for water, gas, drainage, sewerage systems, and hydraulic and pneumatic equipment.",,MASCO 2020,2020
7127,unit,712,AIR CONDITIONING AND REFRIGERATION MECHANICS,"Air Conditioning and Refrigeration Mechanics assemble, install, maintain and repair air conditioning and refrigeration systems and equipment.",,MASCO 2020,2020
713,minor,71,"PAINTERS, BUILDING STRUCTURE CLEANERS AND RELATED TRADES WORKERS",,,MASCO 2020,2020
7131,unit,713,PAINTERS AND RELATED WORKERS,"Painters and Related Workers prepare surfaces of buildings and other structures for painting, apply protective and decorative coats of paint or similar materials, or cover interior walls and ceilings of buildings with wallpaper or other finishes.",,MASCO 2020,2020
7132,unit,713,SPRAY PAINTERS AND VARNISHERS,Spray Painters and Varnishers operate spray painting and varnishing equipment to apply protective coatings to manufactured items or structures.,,MASCO 2020,2020
7133,unit,713,BUILDING STRUCTURE CLEANERS,"Building Structure Cleaners clean exterior surfaces of buildings and other structures, and remove soot from chimneys.",,MASCO 2020,2020
72,sub_major,7,"METAL, MACHINERY AND RELATED TRADES WORKERS",,,MASCO 2020,2020
721,minor,72,"SHEET AND STRUCTURAL METAL WORKERS, MOULDERS AND WELDERS AND",,,MASCO 2020,2020
7211,unit,721,METAL MOULDERS AND COREMAKERS,Metal Moulders and Coremakers make moulds and cores for casting metal.,,MASCO 2020,2020
7212,unit,721,WELDERS AND FLAME CUTTERS,"Welders and Flame Cutters weld and cut metal parts using gas flame, or an electric arc and other sources of heat to melt and cut or to melt and fuse metal.",,MASCO 2020,2020
7213,unit,721,SHEET-METAL WORKERS,"Sheet-Metal Workers make, install and repair articles and parts of articles of sheet metal such as stainless steel, copper, tin, brass, aluminium, zinc or galvanised iron.",,MASCO 2020,2020
7214,unit,721,STRUCTURAL-METAL PREPARERS AND ERECTORS,"Structural-Metal Preparers and Erectors assemble, erect and dismantle structural metal frames of buildings and other structures.",,MASCO 2020,2020
7215,unit,721,RIGGERS AND CABLE SPLICERS,"Riggers and Cable Splicers assemble rigging gear to move and position equipment and structural components, or install and maintain cables, ropes and wires on construction sites, buildings or other structures.",,MASCO 2020,2020
722,minor,72,"BLACKSMITHS, TOOLMAKERS AND RELATED TRADES WORKERS",,,MASCO 2020,2020
7221,unit,722,"BLACKSMITHS, HAMMERSMITHS AND FORGING-PRESS WORKERS","Blacksmiths, Hammersmiths and Forging-Press Workers draw wire, hammer and forge bars, rods, ingots and plates of iron, steel or other metals to make and repair various kinds of tools, metal articles, pieces of equipment, agricultural and related implements.",,MASCO 2020,2020
7222,unit,722,TOOLMAKERS AND RELATED WORKERS,"Toolmakers and Related Workers make and repair tools, sports guns, locks, dies, patterns and other metal articles, as well as make engines or machinery components, and parts thereof, using hand and machine tools to work metal to fine tolerances.",,MASCO 2020,2020
7223,unit,722,METAL WORKING MACHINE TOOL SETTERS AND OPERATORS,Metal Working Machine Tool Setters and Operators set and/or operate various working machine tools.,,MASCO 2020,2020
7224,unit,722,"METAL POLISHERS, WHEEL GRINDERS AND TOOL SHARPENERS","Metal Polishers, Wheel Grinders and Tool Sharpeners grind and polish metal surfaces and sharpen tools.",,MASCO 2020,2020
723,minor,72,MACHINERY MECHANICS AND REPAIRERS,,,MASCO 2020,2020
7231,unit,723,MOTOR VEHICLE MECHANICS AND REPAIRERS,"Motor Vehicle Mechanics and Repairers install, service and repair motor vehicles.",,MASCO 2020,2020
7232,unit,723,AIRCRAFT ENGINE MECHANICS AND REPAIRERS,"Aircraft Engine Mechanics and Repairers repair and maintain the operating condition of aircraft engines, including helicopter engines.",,MASCO 2020,2020
7233,unit,723,AGRICULTURAL AND INDUSTRIAL MACHINERY MECHANICS AND REPAIRERS,"Agricultural and Industrial Machinery Mechanics and Repairers repair, install, adjust or maintain agricultural and industrial production and processing machinery or refinery and pipeline distribution systems.",,MASCO 2020,2020
7234,unit,723,BICYCLE AND RELATED REPAIRERS,"Bicycle and Related Repairers install, maintain, service and repair mechanical and related equipment of bicycles, trishaws, baby carriages, wheelchairs and similar non-motorised transport.",,MASCO 2020,2020
7239,unit,723,MACHINERY MECHANICS AND REPAIRERS NOT ELSEWHERE CLASSIFIED,"Machinery Mechanics and Repairers Not Elsewhere Classified install, maintain, service and repair mechanical and related equipment for marine vessels, trains and the like.",,MASCO 2020,2020
73,sub_major,7,HANDICRAFT AND PRINTING WORKERS,,,MASCO 2020,2020
731,minor,73,HANDICRAFT WORKERS,,,MASCO 2020,2020
7311,unit,731,PRECISION INSTRUMENT MAKERS AND REPAIRERS,"Precision Instrument Makers and Repairers make, repair and calibrate mechanical watches, clocks, nautical, meteorological, optical, surgical, dental, orthopaedic and other precision instruments and equipment.",,MASCO 2020,2020
7312,unit,731,MUSICAL INSTRUMENT MAKERS AND TUNERS,"Musical Instrument Makers and Tuners make, repair, adjust and restore musical instruments and tune them to the required pitch using hand or tools. They usually specialise in one type of instrument.",,MASCO 2020,2020
7313,unit,731,JEWELLERY AND PRECIOUS METAL WORKERS,"Jewellery and Precious Metal Workers design, fabricate, adjust, repair or appraise jewellery, ceremonial or religious items, gold, silver, other precious metals or gems. They cut, file, polish and set stones including gems and diamonds, and engrave designs on jewellery and precious metal articles. They cut and polish diamonds for industrial purposes.",,MASCO 2020,2020
7314,unit,731,POTTERS AND RELATED WORKERS,"Potters and Related Workers make pottery, porcelain ware, bricks and tiles.",,MASCO 2020,2020
7315,unit,731,"GLASS MAKERS, CUTTERS, GRINDERS AND FINISHERS","Glass Makers, Cutters, Grinders and Finishers blow, mould, press, roll and shape molten glass, and cut, grind and polish glass.",,MASCO 2020,2020
7316,unit,731,"SIGN WRITERS, DECORATIVE PAINTERS, ENGRAVERS AND ETCHERS","Sign Writers, Decorative Painters, Engravers and Etchers design, illustrate and decorate silver, gold, steel or glass and other materials for personal, household use or for decorative purposes.",,MASCO 2020,2020
7317,unit,731,"HANDICRAFT WORKERS OF WOOD, BASKETRY AND RELATED MATERIALS","Handicraft Workers of Wood, Basketry and Related Materials apply traditional and/or modern techniques to prepare articles from wood, straw, rattan, reeds, stone, clay, shells and other materials, and carve, mould, assemble, weave or paint and decorate various articles for personal or household use or for decorative purposes.",,MASCO 2020,2020
7318,unit,731,"HANDICRAFT WORKERS OF TEXTILE, LEATHER AND RELATED MATERIALS","Handicraft Workers of Textile, Leather and Related Materials apply traditional and/or modern techniques to produce various articles for personal or household use, as well as for decorative purposes.",,MASCO 2020,2020
7319,unit,731,HANDICRAFT WORKERS NOT ELSEWHERE CLASSIFIED,"This unit group includes Handicraft Workers Not Elsewhere Classified in minor group 731: Handicraft Workers. As an example, this group include Badge Maker, Craftsman, Metal Toymaker and Accessories Maker",,MASCO 2020,2020
732,minor,73,PRINTING TRADES WORKERS,,,MASCO 2020,2020
7321,unit,732,PRE-PRESS WORKERS,"Pre-Press Workers proof, format, set and compose text and graphics in a form suitable for the various printing processes.",,MASCO 2020,2020
7322,unit,732,PRINTERS,"Printers print from stencils and operate printing equipment and maintain the machines before, during and after use.",,MASCO 2020,2020
7323,unit,732,PRINT FINISHING AND BINDING WORKERS,Print Finishing and Binding Workers bind books and other publications by hand or machine and finish printed products.,,MASCO 2020,2020
7324,unit,732,PRINTING AND PHOTO ENGRAVERS AND ETCHERS,"Printing and Photo Engravers and Etchers engrave lithographic stones and printing plates, rollers, dies and blocks by various processes, develop and process photographic film and make prints.",,MASCO 2020,2020
74,sub_major,7,ELECTRICAL AND ELECTRONIC TRADES WORKERS,,,MASCO 2020,2020
741,minor,74,ELECTRICAL EQUIPMENT INSTALLERS AND REPAIRERS,,,MASCO 2020,2020
7411,unit,741,BUILDING AND RELATED ELECTRICIANS,Building and Related Electricians service and repair electrical wiring systems in buildings.,,MASCO 2020,2020
7412,unit,741,ELECTRICAL MECHANICS AND FITTERS,"Electrical Mechanics and Fitters fit, adjust, install, service and repair electrical machinery and other electrical apparatus and equipment in buildings, factories, workshops or other places.",,MASCO 2020,2020
7413,unit,741,ELECTRICAL LINE INSTALLERS AND REPAIRERS,"Electrical Line Installers and Repairers install and repair power, telephone, telegraph and television lines and cables.",,MASCO 2020,2020
742,minor,74,ELECTRONICS AND TELECOMMUNICATIONS INSTALLERS AND REPAIRERS,,,MASCO 2020,2020
7421,unit,742,ELECTRONICS MECHANICS AND SERVICES,"Electronics Mechanics and Services fit, maintain, adjust and repair electronic equipment and machines such as commercial and office machines and electronic control systems.",,MASCO 2020,2020
7422,unit,742,INFORMATION AND COMMUNICATIONS TECHNOLOGY INSTALLERS AND,"Information and Communications Technology Installers and Services install, service and maintain telecommunications equipment, data transmission equipment, cables, antennae, and repair, fit and maintain computer equipment.",,MASCO 2020,2020
75,sub_major,7,FOOD PROCESSING AND RELATED WORKERS,,,MASCO 2020,2020
751,minor,75,FOOD PROCESSING AND RELATED WORKERS,,,MASCO 2020,2020
7511,unit,751,MEAT AND FISH PROCESSING WORKERS AND RELATED FOOD PREPARERS,"Meat and Fish Processing Workers and Related Food Preparers slaughter animals, clean, cut and dress meat and fish, and prepare related food items or preserve meat, fish and other food products by drying, salting or smoking.",,MASCO 2020,2020
7512,unit,751,"BAKERS, PASTRY, PASTA AND CONFECTIONERY MAKERS","Bakers, Pastry, Pasta and Confectionery Makers make various kinds of bread, buns, cakes and other flour products, as well as handmade chocolate and sugar confectionery.",,MASCO 2020,2020
7513,unit,751,DAIRY-PRODUCT MAKERS,"Dairy-Product Makers process butter and various types of cheese, cream or other dairy products.",,MASCO 2020,2020
7514,unit,751,"FRUIT, VEGETABLE AND RELATED PRESERVERS","Fruit, Vegetable and Related Preservers process or preserve fruit, nuts and related foods in various ways including cooking, drying, salting, or juice or oil extraction.",,MASCO 2020,2020
7515,unit,751,FOOD AND BEVERAGE TASTERS AND GRADERS,"Food and Beverage Tasters and Graders inspect, taste and grade various types of agricultural products, food and beverages.",,MASCO 2020,2020
7516,unit,751,TOBACCO PREPARERS AND TOBACCO PRODUCT MAKERS,Tobacco Preparers and Tobacco Product Makers prepare tobacco leaves and make various tobacco products.,,MASCO 2020,2020
76,sub_major,7,OTHER CRAFT WORKERS,,,MASCO 2020,2020
761,minor,76,"WOOD TREATERS, CABINET-MAKERS AND RELATED TRADES WORKERS",,,MASCO 2020,2020
7611,unit,761,WOOD TREATERS,Wood Treaters season and preserve wood.,,MASCO 2020,2020
7612,unit,761,CABINET-MAKERS AND RELATED WORKERS,"Cabinet-Makers and Related Workers make, decorate and repair wooden furniture, wheels or other wooden parts of vehicles, and other items such as pipes, shoes or racquets, and bats for sports using woodworking machines and specialised hand tools.",,MASCO 2020,2020
7613,unit,761,WOODWORKING-MACHINE TOOL SETTERS AND OPERATORS,"Woodworking-Machine Tool Setters and Operators set up or operate or monitor automatic or semi-automatic woodworking machines to fabricate or repair wooden parts of furniture, fixtures and other wood products.",,MASCO 2020,2020
762,minor,76,GARMENT AND RELATED WORKERS,,,MASCO 2020,2020
7621,unit,762,"TAILORS, DRESSMAKERS, FURRIERS AND HATTERS","Tailors, Dressmakers, Furriers and Hatters make suits and other clothing from cloth, leather or other materials, and repair tailored clothing or participate in the manufacture of ready-to- wear garments, or alter, repair and make hats and wigs.",,MASCO 2020,2020
7622,unit,762,GARMENT AND RELATED PATTERN-MAKERS AND CUTTERS,"Garment and Related Pattern-Makers and Cutters mark and cut textile, leather and other materials in the manufacture of garments, gloves and miscellaneous products.",,MASCO 2020,2020
7623,unit,762,SHOEMAKERS AND RELATED WORKERS,"Shoemakers and Related Workers make and repair standard or special footwear, hats and gloves, make natural or synthetic leather articles such as luggage, handbags and belts, or participate in the manufacture of related goods.",,MASCO 2020,2020
7624,unit,762,UPHOLSTERERS AND RELATED WORKERS,"Upholsterers and Related Workers install, repair and replace upholstery of furniture, fixtures, orthopaedic appliances, seats, panels, vinyl and other furnishings of automobiles, railway coaches, aircraft and ship. They also make and repair cushions, quilt and mattresses.",,MASCO 2020,2020
7625,unit,762,"PELT DRESSERS, TANNERS AND FELLMONGERS","Pelt Dressers, Tanners and Fellmongers prepare hides and skins for making leather products.",,MASCO 2020,2020
763,minor,76,OTHER CRAFT AND RELATED WORKERS,,,MASCO 2020,2020
7631,unit,763,UNDERWATER DIVERS,"Underwater Divers work under the surface of water with the aid of breathing apparatus to inspect, install, repair and remove equipment and structures, conduct tests or experiments, rig explosives, photograph structures or marine life, recover items or search for missing persons.",,MASCO 2020,2020
7632,unit,763,SHOTFIRERS AND BLASTERS,"Shotfirers and Blasters assemble, position and detonate explosives in order to move or break up soil and rocks, or demolish buildings.",,MASCO 2020,2020
7633,unit,763,PRODUCT GRADERS AND TESTERS (EXCLUDING FOODS AND BEVERAGES),"Product Graders and Testers (Excluding Foods and Beverages) inspect, test, sort, sample and weigh raw materials and goods produced or sold to ensure compliance with quality standards, identify defects, wear and deviations from specifications, and grade and classify them according to quality.",,MASCO 2020,2020
7634,unit,763,FUMIGATORS AND PEST AND WEED CONTROLLERS,"Fumigators and Pest and Weed Controllers use chemicals to remove harmful insects, small animals, wild plants and other unwanted organisms to prevent damage to crops and buildings and other structures and their surroundings and to prevent health risks.",,MASCO 2020,2020
7639,unit,763,OTHER RELATED CRAFT WORKERS NOT ELSEWHERE CLASSIFIED,"This unit group covers Other Related Craft Workers Not Elsewhere Classified in Minor Group 763: Other Craft and Related Workers. As an example, this group include Optical Lens Finisher, Optical Lens Moulder, Camera Operator and Skilled Assistant Grade H19",,MASCO 2020,2020
8,major,,PLANT AND MACHINE OPERATORS AND ASSEMBLERS,,,MASCO 2020,2020
81,sub_major,8,STATIONARY PLANT AND MACHINE OPERATORS,,,MASCO 2020,2020
811,minor,81,MINING AND MINERAL PROCESSING PLANT OPERATORS,,,MASCO 2020,2020
8111,unit,811,MINERS AND QUARRY WORKERS,"Miners and Quarry Workers operate machinery, plants sand hand tools, and extract solid minerals from underground and open cast mines or quarries.",,MASCO 2020,2020
8112,unit,811,MINERAL AND STONE PROCESSING PLANT OPERATORS,Mineral and Stone Processing Plant Operators operate and monitor machinery and equipment for processing mineral ores and stones.,,MASCO 2020,2020
8113,unit,811,WELL DRILLERS AND BORERS AND RELATED WORKERS,"Well Drillers, Borers and Related Workers position, assemble and operate drilling machinery and related equipment to dig wells, extract ores, liquids or gases, or for various other purposes.",,MASCO 2020,2020
8114,unit,811,"CEMENT, STONE AND OTHER MINERAL PRODUCTS MACHINE OPERATORS","Cement, Stone and Other Mineral Products Machine Operators operate and monitor extrusion, moulding, mixing, grinding and cutter machines which manufacture and finish various precast concrete and stone products, or which make cast stone for building purposes.",,MASCO 2020,2020
812,minor,81,METAL PROCESSING AND FINISHING PLANT OPERATORS,,,MASCO 2020,2020
8121,unit,812,METAL PROCESSING PLANT OPERATORS,"Metal Processing Plant Operators operate and monitor ore smelting, metal converting and refining furnaces, metal rolling mills, metal heat treating or metal extrusion plants.",,MASCO 2020,2020
8122,unit,812,"METAL FINISHING, PLATING AND COATING MACHINE OPERATORS","Metal Finishing, Plating and Coating Machine Operators operate and monitor equipment which finishes, plates and coats metal articles or parts in order to give them improved resistance to corrosion and abrasion, for decorative purposes, or to impart electrical or magnetic properties.",,MASCO 2020,2020
813,minor,81,CHEMICAL AND PHOTOGRAPHIC PRODUCTS PLANT AND MACHINE OPERATORS,,,MASCO 2020,2020
8131,unit,813,CHEMICAL PRODUCTS PLANT AND MACHINE OPERATORS,"Chemical Products Plant and Machine Operators monitor and operate units and machinery to blend, mix, process and package a wide range of chemical products.",,MASCO 2020,2020
8132,unit,813,PHOTOGRAPHIC PRODUCTS MACHINE OPERATORS,"Photographic Products Machine Operators operate and monitor equipment which makes photographic film and paper, and which processes exposed photographic film and makes prints.",,MASCO 2020,2020
814,minor,81,"RUBBER, PLASTIC AND PAPER PRODUCTS MACHINE OPERATORS",,,MASCO 2020,2020
8141,unit,814,RUBBER PRODUCTS MACHINE OPERATORS,"Rubber Products Machine Operators operate and monitor machines which knead and blend rubber and rubber compounds, and produce various components and products from natural and synthetic rubber such as moulded footwear, domestic articles, insulating materials, industrial accessories, or tyres for bicycles, automobiles, tractors, aircraft and other vehicles.",,MASCO 2020,2020
8142,unit,814,PLASTIC PRODUCTS MACHINE OPERATORS,Plastic Products Machine Operators operate and monitor machines which knead and blend compounds to obtain plastic materials and which make various plastic components and articles.,,MASCO 2020,2020
8143,unit,814,PAPER PRODUCTS MACHINE OPERATORS,"Paper Products Machine Operators operate and monitor machines which produce boxes, envelopes, bags and other products from paper, paperboard, cardboard, cellophane and similar materials.",,MASCO 2020,2020
815,minor,81,"TEXTILE, FUR AND LEATHER PRODUCTS MACHINE OPERATORS",,,MASCO 2020,2020
8151,unit,815,"FIBRE PREPARING, SPINNING AND WINDING MACHINE OPERATORS","Fibre Preparing, Spinning and Winding Machine Operators operate and monitor machines which prepare fibres, and spin, twist and wind yarn and thread.",,MASCO 2020,2020
8152,unit,815,WEAVING AND KNITTING MACHINE OPERATORS,Weaving and Knitting Machine Operators operate and monitor weaving and knitting machines and related equipment used to produce materials and fabrics.,,MASCO 2020,2020
8153,unit,815,SEWING MACHINE OPERATORS,"Sewing Machine Operators operate and monitor sewing machines to make, repair and renovate textile, fur, synthetic or leather garments, or embroider ornamental designs on garments or other materials.",,MASCO 2020,2020
8154,unit,815,"BLEACHING, DYEING AND FABRIC CLEANING MACHINE OPERATORS","Bleaching, Dyeing and Fabric Cleaning Machine Operators operate and monitor machines which bleach, dye, wash and otherwise treat fibres, yarn or cloth, or dry clean textile and leather articles.",,MASCO 2020,2020
8155,unit,815,FUR AND LEATHER PREPARING MACHINE OPERATORS,Fur and Leather Preparing Machine Operators operate and monitor various machines which prepare fur and leather.,,MASCO 2020,2020
8156,unit,815,SHOEMAKING AND RELATED MACHINE OPERATORS,"Shoemaking and Related Machine Operators operate and monitor machines which produce and repair standard or special footwear, handbags and other accessories, mainly made of leather.",,MASCO 2020,2020
8157,unit,815,LAUNDRY MACHINE OPERATORS,"Laundry Machine Operators operate laundry, dry cleaning, presser and fabric treatment machines in laundries and dry cleaning establishments.",,MASCO 2020,2020
8159,unit,815,"TEXTILE, FUR AND LEATHER PRODUCTS MACHINE OPERATORS NOT","ELESEWHERE CLASSIFIED This unit group includes Textile, Fur and Leather Products Machine Operators Not Elsewhere Classified Minor Group 815: Textile Products Machine operators. As an example this group include Machine Operator, Garment Cutting, Machine Cutter, Leather Garment, Machine Operator, Textile Cutting and Machine, Hat Making",,MASCO 2020,2020
816,minor,81,FOOD AND RELATED PRODUCTS MACHINE OPERATORS,,,MASCO 2020,2020
8161,unit,816,FOOD AND RELATED PRODUCTS MACHINE OPERATORS,"Food and Related Products Machine Operators operate and monitor machines which slaughter animals, process meat, process foodstuffs and related products, and process tobacco.",,MASCO 2020,2020
817,minor,81,WOOD PROCESSING AND PAPERMAKING PLANT OPERATORS,,,MASCO 2020,2020
8171,unit,817,PULP AND PAPERMAKING PLANT OPERATORS,"Pulp and Papermaking Plant Operators operate and monitor machinery and equipment which process materials such as wood, old paper, esparto, straw, scrap-pulp and paper into stock for use in papermaking.",,MASCO 2020,2020
8172,unit,817,WOOD PROCESSING PLANT OPERATORS,"Wood Processing Plant Operators operate and monitor machinery and equipment for sawing wood, cutting veneer and making plywood, particle board and chipboard, and otherwise prepare wood for further use.",,MASCO 2020,2020
8173,unit,817,WOOD PRODUCTS MACHINE OPERATORS,"Wood Products Machine Operators operate and monitor woodworking machines which perform repetitive work such as sawing, boring, shaping, planning, turning or carving wood to produce wood products.",,MASCO 2020,2020
818,minor,81,OTHER STATIONARY PLANT AND MACHINE OPERATORS,,,MASCO 2020,2020
8181,unit,818,GLASS AND CERAMICS PLANT OPERATORS,"Glass and Ceramics Plant Operators operate and monitor kilns, furnaces and other machinery and equipment used in the manufacture of glass, ceramics, porcelain, tiles or bricks. They operate machines to anneal, harden or decorate glass and ceramics.",,MASCO 2020,2020
8182,unit,818,STEAM ENGINE AND BOILER OPERATORS,"Steam Engine and Boiler Operators maintain and operate various types of steam engines, boilers, turbines and auxiliary equipment to provide power and other utility services for commercial, industrial and institutional buildings, at work sites and aboard ships. Tugas merangkumi: a) operating and monitoring coal or oil-fired steam engines or boilers; b) monitoring and checking the performance of equipment to ensure efficient operation and that boiler water, chemicals and fuel are maintained at required levels; c) testing the boiler water quality and taking necessary corrective action such as adding chemicals to prevent corrosion and harmful deposits; d) managing the operation of static plant / machinery of the department either steam boiler or internal combustion engine, scheduled / periodic maintenance of the boiler, boiler safety procedures as well as the support system connected to the boiler; and e) performing related tasks.",,MASCO 2020,2020
8183,unit,818,"PACKING, BOTTLING AND LABELLING MACHINE OPERATORS","Packing, Bottling and Labelling Machine Operators operate machines which pack, label and, if needed, add revenue stamps to products, packages and containers, or inspect finished products or parts in compliance with manufacturer’s standards, finish and appearance.",,MASCO 2020,2020
8189,unit,818,STATIONARY PLANT AND MACHINE OPERATORS NOT ELSEWHERE,"CLASSIFIED This unit group includes Stationary Plant and Machine Operators Not Elsewhere Classified in Minor Group 818: Other Stationary Plant and Machine Operators. As an example, this group include Machine Operator, Production Operator, Equipment and Machine Operator and Heavy Machinery Operator",,MASCO 2020,2020
82,sub_major,8,ASSEMBLERS,,,MASCO 2020,2020
821,minor,82,ASSEMBLERS,,,MASCO 2020,2020
8211,unit,821,MECHANICAL MACHINERY ASSEMBLERS,"Mechanical Machinery Assemblers assemble the components or parts of mechanical machinery such as the engine, motor vehicles, turbines and aircraft according to specifications.",,MASCO 2020,2020
8212,unit,821,ELECTRICAL AND ELECTRONIC EQUIPMENT ASSEMBLERS,Electrical and Electronic Equipment Assemblers assemble the components or parts of electrical and electronic equipment according to specifications.,,MASCO 2020,2020
8213,unit,821,"LEATHER, METAL, RUBBER AND PLASTIC PRODUCTS ASSEMBLERS","Leather, Metal, Rubber and Plastic Products Assemblers perform specialised tasks in assembling the leather, metal, rubber or plastic components or parts of various types of products such as toys, sports equipment and other products according to specifications.",,MASCO 2020,2020
8219,unit,821,ASSEMBLERS NOT ELSEWHERE CLASSIFIED,"This unit group includes Assemblers Not Elsewhere Classified in Minor Group 821: Assemblers. As an example, this group include Assembler, Wood Products, Assembler, Composite Products, Assembler, Textile Products and Assembler, Bicycle",,MASCO 2020,2020
822,minor,82,MACHINE-TOOL SETTER-OPERATORS,,,MASCO 2020,2020
8221,unit,822,MACHINE-TOOL SETTER-OPERATORS,Machine-Tool Setter-Operators set up and operate various machine tools for use at high tolerance levels.,,MASCO 2020,2020
83,sub_major,8,DRIVERS AND MOBILE PLANT OPERATORS,,,MASCO 2020,2020
831,minor,83,LOCOMOTIVE ENGINE DRIVERS AND RELATED WORKERS,,,MASCO 2020,2020
8311,unit,831,LOCOMOTIVE ENGINE DRIVERS,"Locomotive Engine Drivers drive or assist in driving locomotive engines, trains, monorails and similar engines to transport passengers and freight.",,MASCO 2020,2020
8312,unit,831,"RAILWAY BRAKE, SIGNAL AND SWITCH OPERATORS","Railway Brake, Signal and Switch Operators take charge of and safeguard railway freight trains during runs, control the movement of railway traffic by operating signals, switch rolling stock and make up trains in railway yards, make up trains for hauling in mines and control their movement.",,MASCO 2020,2020
832,minor,83,"CAR, VAN AND MOTORCYCLE DRIVERS",,,MASCO 2020,2020
8321,unit,832,MOTORCYCLE RIDERS (DRIVERS),"Motorcycle Riders (Drivers) drive and tend motorcycles or motorised tricycles equipped to transport materials, goods or passengers.",,MASCO 2020,2020
8322,unit,832,"CAR, TAXI AND VAN DRIVERS","Car, Taxi and Van Drivers drive and tend motorcars and vans to transport passengers, mail or goods.",,MASCO 2020,2020
833,minor,83,HEAVY TRUCK AND BUS DRIVERS,,,MASCO 2020,2020
8331,unit,833,BUS AND TRAM DRIVERS,"Bus and Tram Drivers drive and tend buses or street tramcars to transport passengers, mail or goods.",,MASCO 2020,2020
8332,unit,833,HEAVY TRUCK AND LORRY DRIVERS,"Heavy Truck and Lorry Drivers drive and tend heavy motor vehicles to transport goods, liquids and heavy materials over short or long distances.",,MASCO 2020,2020
834,minor,83,MOBILE PLANT OPERATORS,,,MASCO 2020,2020
8341,unit,834,MOBILE FARM AND FORESTRY PLANT OPERATORS,"Mobile Farm and Forestry Plant Operators drive or operate one or more types of motorised, mobile farm or forestry machinery or equipment used in farming, horticultural and forestry operations.",,MASCO 2020,2020
8342,unit,834,EARTH-MOVING AND RELATED PLANT OPERATORS,"Earth-Moving and Related Plant Operators operate machines to excavate, grade, level, smooth and compact earth or similar materials.",,MASCO 2020,2020
8343,unit,834,"CRANE, HOIST AND RELATED PLANT OPERATORS","Crane, Hoist and Related Plant Operators operate and monitor stationary and mobile cranes and other hoisting equipment.",,MASCO 2020,2020
8344,unit,834,LIFTING TRUCK OPERATORS,"Lifting Truck Operators drive, operate and monitor lifting trucks or similar vehicles to transport, lift and stack pallets with goods.",,MASCO 2020,2020
835,minor,83,SHIPS DECK CREWS AND RELATED WORKERS,,,MASCO 2020,2020
8351,unit,835,SHIPS DECK CREWS AND RELATED WORKERS,Ships Deck Crews and Related Workers carry out deck duties on board ships and similar duties on board other water-borne craft.,,MASCO 2020,2020
9,major,,ELEMENTARY OCCUPATIONS,,,MASCO 2020,2020
91,sub_major,9,CLEANERS AND HELPERS,,,MASCO 2020,2020
911,minor,91,"DOMESTIC, HOTEL AND OFFICE CLEANERS AND HELPERS",,,MASCO 2020,2020
9111,unit,911,DOMESTIC CLEANERS AND HELPERS,"Domestic Cleaners and Helpers sweep, vacuum clean, wash, polish, take care of household linen, purchase household supplies, prepare food, serve meals and perform various other domestic duties.",,MASCO 2020,2020
9112,unit,911,"CLEANERS AND HELPERS IN OFFICES, HOTELS AND OTHER","ESTABLISHMENTS Cleaners and Helpers and in Offices, Hotels and Other Establishments perform various cleaning tasks in order to keep clean and tidy the interiors and fixtures of hotels, offices and other establishments, as well as aircraft, trains, buses and similar vehicles.",,MASCO 2020,2020
912,minor,91,"VEHICLE, WINDOW, LAUNDRY AND OTHER HAND CLEANING WORKERS",,,MASCO 2020,2020
9121,unit,912,HAND LAUNDERERS AND IRONERS,Hand Launderers and Ironers iron or dry-clean linen and other textiles by hand.,,MASCO 2020,2020
9122,unit,912,VEHICLE CLEANERS,"Vehicle Cleaners wash, clean and polish vehicles.",,MASCO 2020,2020
9123,unit,912,SURFACE AND WINDOW CLEANERS,"Surface and Window cleaners wash and polish windows, other glass or non-glass surfaces.",,MASCO 2020,2020
9129,unit,912,OTHER CLEANING WORKERS NOT ELSEWHERE CLASSIFIED,"This unit group includes Other Cleaning Workers Not Elsewhere Classified in Minor Group 912: Vehicle, Window, Laundry and Other Hand Cleaning Workers. As an example, this include Worker, Toiletries, Working, Washing, Cleaner, Carpet and Cleaner, Swimming Pool",,MASCO 2020,2020
92,sub_major,9,"AGRICULTURAL, FORESTRY, FARMING AND FISHERY LABOURERS",,,MASCO 2020,2020
921,minor,92,"AGRICULTURAL, FORESTRY, FARMING AND FISHERY LABOURERS",,,MASCO 2020,2020
9211,unit,921,CROP FARM LABOURERS,"Crop Farm Labourers perform simple and routine tasks in the production of crops such as fruit, nuts, grains and vegetables.",,MASCO 2020,2020
9212,unit,921,LIVESTOCK FARM LABOURERS,Livestock Farm Labourers perform simple and routine tasks in the production of livestock including poultry and insects.,,MASCO 2020,2020
9213,unit,921,MIXED CROP AND LIVESTOCK FARM LABOURERS,Mixed Crop and Livestock Farm Labourers perform simple and routine tasks in the production of crops and livestock.,,MASCO 2020,2020
9214,unit,921,GARDEN AND HORTICULTURAL LABOURERS,Garden and Horticultural Labourers perform a variety of simple gardening tasks.,,MASCO 2020,2020
9215,unit,921,FORESTRY LABOURERS,"Forestry Labourers perform a variety of simple forestry, hunting and trapping tasks.",,MASCO 2020,2020
9216,unit,921,FISHERY AND AQUACULTURE LABOURERS,Fishery and Aquaculture Labourers perform a variety of simple and routine fishery and aquaculture tasks.,,MASCO 2020,2020
9219,unit,921,"AGRICULTURAL, FORESTRY, FARMING AND FISHERY LABOURERS","NOT ELSEWHERE CLASSIFIED This unit group includes Agricultural, Forestry, Farming and Fishery Labourers Not Elsewhere Classified in Minor Group: 921: Agricultural, Forestry, Farming and Fishery Labourers. As an example, this include Labourer, Crocodile Cage and Labourer, Snake Cage.",,MASCO 2020,2020
93,sub_major,9,"MINING, CONSTRUCTION, MANUFACTURING AND TRANSPORT LABOURERS",,,MASCO 2020,2020
931,minor,93,MINING AND CONSTRUCTION LABOURERS,,,MASCO 2020,2020
9311,unit,931,MINING AND QUARRYING LABOURERS,Mining and Quarrying Labourers perform simple and routine tasks related to mining or quarrying operations.,,MASCO 2020,2020
9312,unit,931,CIVIL ENGINEERING LABOURERS,"Civil Engineering Labourers perform a variety of routine tasks related to the building and maintenance of roads, dams and similar constructions.",,MASCO 2020,2020
9313,unit,931,BUILDING CONSTRUCTION LABOURERS,Building Construction Labourers perform a variety of routine tasks related to building construction and demolition work.,,MASCO 2020,2020
932,minor,93,MANUFACTURING LABOURERS,,,MASCO 2020,2020
9321,unit,932,MANUFACTURING LABOURERS,"Manufacturing Labourers weighing, packing and labelling goods and products by hand.",,MASCO 2020,2020
9329,unit,932,MANUFACTURING LABOURERS NOT ELSEWHERE CLASSIFIED,This unit group includes Manufacturing Labourers Not Elsewhere Classified in Minor Group 932: Manufacturing Labourers.,,MASCO 2020,2020
933,minor,93,TRANSPORT AND STORAGE LABOURERS,,,MASCO 2020,2020
9331,unit,933,HAND OR PEDAL VEHICLE DRIVERS,Hand or Pedal Vehicle Drivers propel cycles and similar vehicles to transport passengers or goods.,,MASCO 2020,2020
9332,unit,933,ANIMAL-DRAWN MACHINERY AND VEHICLE DRIVERS,Animal-Drawn Machinery and Vehicle Drivers drive animal-drawn vehicles to transport passengers or goods usually in connection with farming.,,MASCO 2020,2020
9333,unit,933,TRANSPORT AND STORAGE LABOURERS,"Transport and Storage Labourers carry out tasks such as packing, carrying, loading and unloading furniture and other household items, or loading and unloading ship and aircraft cargo and other freight, or carrying and stacking goods in various warehouses.",,MASCO 2020,2020
9334,unit,933,SHELF FILLERS,Shelf Fillers stock shelves and display areas and keep stock clean and in order in supermarkets and other retail and wholesale shops.,,MASCO 2020,2020
94,sub_major,9,FOOD PREPARATION ASSISTANTS,,,MASCO 2020,2020
941,minor,94,FOOD PREPARATION ASSISTANTS,,,MASCO 2020,2020
9411,unit,941,FAST FOOD PREPARERS,Fast Food Preparers prepare and cook foods and beverages that involve simple preparation processes and a small number of ingredients. They may take orders from customers and serve at counters or tables.,,MASCO 2020,2020
9412,unit,941,KITCHEN HELPERS,"Kitchen Helpers clean tables and kitchen areas, wash dishes, prepare ingredients, and perform various duties to assist cooks and chefs to prepare and serve food and beverages.",,MASCO 2020,2020
95,sub_major,9,STREET AND RELATED SALES AND SERVICE WORKERS,,,MASCO 2020,2020
951,minor,95,STREET AND RELATED SERVICE WORKERS,,,MASCO 2020,2020
9511,unit,951,STREET AND RELATED SERVICE WORKERS,"Street and Related Service Workers provide a variety of services on the street and in other public places including cleaning shoes, washing car windows, handing out leaflets, looking after property and provide other on-the-spot on the street.",,MASCO 2020,2020
952,minor,95,STREET VENDORS (EXCLUDING FOOD),,,MASCO 2020,2020
9521,unit,952,STREET VENDORS (EXCLUDING FOOD),Street Vendors (Excluding Food) sell usually a limited range of goods or provide services from barrows or kiosks on streets and public places.,,MASCO 2020,2020
96,sub_major,9,OTHER ELEMENTARY WORKERS,,,MASCO 2020,2020
961,minor,96,REFUSE COLLECTORS,,,MASCO 2020,2020
9611,unit,961,GARBAGE COLLECTORS,"Garbage Collectors collect and remove refuse and items for recycling from buildings, yards, streets and other public places.",,MASCO 2020,2020
9612,unit,961,REFUSE AND RECYCLABLE WASTE SORTERS,"Refuse and Recyclable Waste Sorters identify, collect and sort discarded items that are suitable for recycling at disposal sites and recycling enterprises or in buildings, streets and other public places.",,MASCO 2020,2020
9613,unit,961,SWEEPERS AND RELATED LABOURERS,"Sweepers and Related Labourers sweep and clean streets, parks, airports, stations and other public places.",,MASCO 2020,2020
962,minor,96,OTHER ELEMENTARY WORKERS,,,MASCO 2020,2020
9621,unit,962,"MESSENGERS, PACKAGE DELIVERERS AND LUGGAGE PORTERS","Messengers, Package Deliverers and Luggage Porters carry and deliver messages, packages and other items within an establishment or between establishments, to households and elsewhere, or carry luggage especially at hotels, stations and airports.",,MASCO 2020,2020
9622,unit,962,ODD-JOB PERSONS,"Odd-Job Persons clean, paint and maintain buildings, grounds and facilities, and undertake simple repairs.",,MASCO 2020,2020
9623,unit,962,METER READERS AND VENDING-MACHINE COLLECTORS,"Meter Readers and Vending-Machine Collectors fill stocks in vending machines and collect money from the machines or from parking meters and other coin-boxes, or read electricity, gas or water meters.",,MASCO 2020,2020
9624,unit,962,WATER AND FIREWOOD COLLECTORS,"Water and Firewood Collectors collect water and wood used for cooking, heating, cleaning and others.",,MASCO 2020,2020
9625,unit,962,ATTENDANTS,"Attendants are primarily concerned with the provision of services in offices, industrial or business, recreational and related establishments.",,MASCO 2020,2020
9629,unit,962,ELEMENTARY WORKERS NOT ELSEWHERE CLASSIFIED,"This unit group includes Elementary Workers Not Elsewhere Classified in Minor Group 962: Other Elementary Workers. As an example, this group include Labourer and Inflatable Worker",,MASCO 2020,2020
