isco_08,task_id,title,task_text,score_2025,potential25,potential23,mean_score_2025,source,source_year
1111,1,Legislators,"Presiding over or participating in the proceedings of legislative bodies and administrative councils of national, state, regional or local governments or legislative assemblies;",0.34,Not Exposed,Not affected,0.31,predicted,2025
1111,2,Legislators,"Determining, formulating and directing policies of national, state, regional or local governments;",0.3575,Not Exposed,Not affected,0.31,predicted,2025
1111,3,Legislators,"Making, ratifying, amending or repealing laws, public rules and regulations within a statutory or constitutional framework;",0.29,Not Exposed,Not affected,0.31,predicted,2025
1111,4,Legislators,Serving on government administrative boards or official committees;,0.25,Not Exposed,Not affected,0.31,predicted,2025
1111,5,Legislators,Investigating matters of concern to the public and promoting the interests of the constituencies which they represent;,0.345,Not Exposed,Not affected,0.31,predicted,2025
1111,6,Legislators,"Attending community functions and meetings to provide service to the community, understand public opinion and provide information on government plans;",0.335,Not Exposed,Not affected,0.31,predicted,2025
1111,7,Legislators,"Negotiating with other legislators and representatives of interest groups in order to reconcile differing interests, and to create policies and agreements;",0.2625,Not Exposed,Not affected,0.31,predicted,2025
1111,8,Legislators,"As members of the government, directing senior administrators and officials of government departments and agencies in the interpretation and implementation of government policies.",0.325,Not Exposed,Not affected,0.31,predicted,2025
1112,1,Senior Government Officials,"Advising national, state, regional or local governments and legislators on policy matters;",0.35,Minimal Exposure,Not affected,0.38,predicted,2025
1112,2,Senior Government Officials,"Advising on the preparation of government budgets, laws and regulations, including amendments;",0.435,Minimal Exposure,Not affected,0.38,predicted,2025
1112,3,Senior Government Officials,Establishing objectives for government departments or agencies in accordance with government legislation and policy;,0.355,Minimal Exposure,Not affected,0.38,predicted,2025
1112,4,Senior Government Officials,Formulating or approving and evaluating programmes and procedures for the implementation of government policies in conjunction or consultation with government;,0.355,Minimal Exposure,Not affected,0.38,predicted,2025
1112,5,Senior Government Officials,"Recommending, reviewing, evaluating and approving documents, briefs and reports submitted by middle managers and senior staff members;",0.535,Minimal Exposure,Not affected,0.38,predicted,2025
1112,6,Senior Government Officials,Ensuring appropriate systems and procedures are developed and implemented to provide budgetary control;,0.385,Minimal Exposure,Not affected,0.38,predicted,2025
1112,7,Senior Government Officials,Coordinating activities with other senior government managers and officials;,0.24,Minimal Exposure,Not affected,0.38,predicted,2025
1112,8,Senior Government Officials,Making presentations to legislative and other government committees regarding policies programmes or budgets;,0.375,Minimal Exposure,Not affected,0.38,predicted,2025
1112,9,Senior Government Officials,Overseeing the interpretation and implementation of government policies and legislation by government departments and agencies.,0.36,Minimal Exposure,Not affected,0.38,predicted,2025
1113,1,Traditional Chiefs and Heads of Villages,Allocating the use of communal land and other resources among households in the community or village;,0.315,Not Exposed,Augmentation Potential,0.23,predicted,2025
1113,2,Traditional Chiefs and Heads of Villages,Collecting and distributing surplus production of the community or village;,0.1475,Not Exposed,Augmentation Potential,0.23,predicted,2025
1113,3,Traditional Chiefs and Heads of Villages,Settling disputes between members of the community or village;,0.235,Not Exposed,Augmentation Potential,0.23,predicted,2025
1113,4,Traditional Chiefs and Heads of Villages,Disciplining members of the community or village for violation of rules and customs;,0.15,Not Exposed,Augmentation Potential,0.23,predicted,2025
1113,5,Traditional Chiefs and Heads of Villages,"Performing ceremonial duties in connection with births, marriages, deaths, harvests and other important occasions;",0.106,Not Exposed,Augmentation Potential,0.23,predicted,2025
1113,6,Traditional Chiefs and Heads of Villages,Representing the community or village on local or regional councils;,0.295,Not Exposed,Augmentation Potential,0.23,predicted,2025
1113,7,Traditional Chiefs and Heads of Villages,Informing the community or village about government rules and regulations.,0.365,Not Exposed,Augmentation Potential,0.23,predicted,2025
1114,1,Senior Officials of Special-interest Organizations,"Determining and formulating the policies, rules and regulations of the organization;",0.365,Minimal Exposure,Not affected,0.37,predicted,2025
1114,2,Senior Officials of Special-interest Organizations,"Planning, directing and coordinating the general functioning of the organization;",0.37,Minimal Exposure,Not affected,0.37,predicted,2025
1114,3,Senior Officials of Special-interest Organizations,"Reviewing the operations and results of the organization and reporting to boards of directors and governing bodies, the organization‚Äôs membership and funding agencies;",0.4,Minimal Exposure,Not affected,0.37,predicted,2025
1114,4,Senior Officials of Special-interest Organizations,"Negotiating on behalf of the organization, its members and relevant special-interest groups;",0.28,Minimal Exposure,Not affected,0.37,predicted,2025
1114,5,Senior Officials of Special-interest Organizations,"Promoting the interests of the organization, its members and relevant special-interest groups before the legislature, government or general public;",0.4225,Minimal Exposure,Not affected,0.37,predicted,2025
1114,6,Senior Officials of Special-interest Organizations,"Planning, organizing and directing sections charged with implementing the organization's policies, programmes, rules and regulations;",0.35,Minimal Exposure,Not affected,0.37,predicted,2025
1114,7,Senior Officials of Special-interest Organizations,Ensuring appropriate systems and procedures are developed and implemented to provide budgetary control;,0.3825,Minimal Exposure,Not affected,0.37,predicted,2025
1114,8,Senior Officials of Special-interest Organizations,Monitoring and evaluating performance of the organization or enterprise against established objectives and policies;,0.455,Minimal Exposure,Not affected,0.37,predicted,2025
1114,9,Senior Officials of Special-interest Organizations,"Representing the organization at official occasions and board meetings, in negotiations, at conventions, public hearings and forums.",0.29,Minimal Exposure,Not affected,0.37,predicted,2025
1211,1,Finance Managers,"Planning, directing and coordinating the financial operations of an enterprise or organization;",0.415,Minimal Exposure,Not affected,0.37,predicted,2025
1211,2,Finance Managers,"Assessing the financial situation of the enterprise or organization, preparing budgets and overseeing financial operations;",0.435,Minimal Exposure,Not affected,0.37,predicted,2025
1211,3,Finance Managers,Consulting with the chief executive and with managers of other departments or sections,0.3375,Minimal Exposure,Not affected,0.37,predicted,2025
1211,4,Finance Managers,"Establishing and managing budgets, controlling expenditure and ensuring the efficient use of resources;",0.37,Minimal Exposure,Not affected,0.37,predicted,2025
1211,5,Finance Managers,Establishing and directing operational and administrative procedures;,0.36,Minimal Exposure,Not affected,0.37,predicted,2025
1211,6,Finance Managers,Planning and directing daily operations;,0.38,Minimal Exposure,Not affected,0.37,predicted,2025
1211,7,Finance Managers,"Overseeing the selection, training and performance of staff;",0.32,Minimal Exposure,Not affected,0.37,predicted,2025
1211,8,Finance Managers,Representing the enterprise or organization in dealings with outside bodies.,0.365,Minimal Exposure,Not affected,0.37,predicted,2025
1212,1,Human Resource Managers,"Planning, directing and coordinating the personnel and industrial relations activities, policies and practices of an enterprise or organization;",0.36,Minimal Exposure,Not affected,0.36,predicted,2025
1212,2,Human Resource Managers,"Planning and organizing procedures for recruitment, training, promotion, transfer and dismissal of staff;",0.35,Minimal Exposure,Not affected,0.36,predicted,2025
1212,3,Human Resource Managers,Planning and organizing negotiations and procedures for determination of wage structures and level and for consultation with workers on conditions of employment;,0.315,Minimal Exposure,Not affected,0.36,predicted,2025
1212,4,Human Resource Managers,"Overseeing safety, health and related programmes and activities;",0.275,Minimal Exposure,Not affected,0.36,predicted,2025
1212,5,Human Resource Managers,"Establishing and managing budgets, controlling expenditure and ensuring the efficient use of resources;",0.375,Minimal Exposure,Not affected,0.36,predicted,2025
1212,6,Human Resource Managers,Establishing and directing operational and administrative procedures;,0.35,Minimal Exposure,Not affected,0.36,predicted,2025
1212,7,Human Resource Managers,Overseeing the development and implementation of management information systems;,0.475,Minimal Exposure,Not affected,0.36,predicted,2025
1212,8,Human Resource Managers,"Ensuring compliance with standards and legislation relating to employees rights, health and safety, equal opportunity and related concerns;",0.305,Minimal Exposure,Not affected,0.36,predicted,2025
1212,9,Human Resource Managers,"Overseeing the selection, training and performance of staff for the entire enterprise or organization;",0.36,Minimal Exposure,Not affected,0.36,predicted,2025
1212,10,Human Resource Managers,Consulting with senior management and with managers of other departments;,0.385,Minimal Exposure,Not affected,0.36,predicted,2025
1212,11,Human Resource Managers,Representing the enterprise or organization in dealings with outside bodies.,0.37,Minimal Exposure,Not affected,0.36,predicted,2025
1213,1,Policy and Planning Managers,"Developing, implementing and monitoring strategic plans, programmes, policies, processes, systems and procedures to achieve goals, objectives and work standards;",0.3625,Not Exposed,Not affected,0.36,predicted,2025
1213,2,Policy and Planning Managers,"Developing, directing, administering and participating in policy research and analysis;",0.4125,Not Exposed,Not affected,0.36,predicted,2025
1213,3,Policy and Planning Managers,Coordinating the implementation of policies and practices;,0.385,Not Exposed,Not affected,0.36,predicted,2025
1213,4,Policy and Planning Managers,Establishing activity measures and measurements of accountability;,0.3585,Not Exposed,Not affected,0.36,predicted,2025
1213,5,Policy and Planning Managers,Planning and directing daily operations;,0.355,Not Exposed,Not affected,0.36,predicted,2025
1213,6,Policy and Planning Managers,Leading and managing the activities of policy development and strategic planning staff;,0.355,Not Exposed,Not affected,0.36,predicted,2025
1213,7,Policy and Planning Managers,"Overseeing the selection, training and performance of staff;",0.28,Not Exposed,Not affected,0.36,predicted,2025
1213,8,Policy and Planning Managers,Consulting with senior management and with managers of other departments;,0.37,Not Exposed,Not affected,0.36,predicted,2025
1213,9,Policy and Planning Managers,"Representing the enterprise or organization in negotiations, and at conventions, seminars, public hearings and forums.",0.355,Not Exposed,Not affected,0.36,predicted,2025
1219,1,Business Services and Administration Managers Not Elsewhere Classified,"Providing administrative, strategic planning and operational support, research and advice to senior management on matters such as the management of building facilities and administrative services;",0.355,Exposed: Gradient 2,Not affected,0.42,predicted,2025
1219,2,Business Services and Administration Managers Not Elsewhere Classified,Developing and managing the organization's administrative and physical resources;,0.38,Exposed: Gradient 2,Not affected,0.42,predicted,2025
1219,3,Business Services and Administration Managers Not Elsewhere Classified,Developing and implementing administrative and procedural statements and guidelines for use by staff in the organization;,0.565,Exposed: Gradient 2,Not affected,0.42,predicted,2025
1219,4,Business Services and Administration Managers Not Elsewhere Classified,"Analysing complex resource management issues and initiatives that affect the organization, and preparing associated reports, correspondence and submissions;",0.555,Exposed: Gradient 2,Not affected,0.42,predicted,2025
1219,5,Business Services and Administration Managers Not Elsewhere Classified,Providing information and support for the preparation of financial reports and budgets;,0.565,Exposed: Gradient 2,Not affected,0.42,predicted,2025
1219,6,Business Services and Administration Managers Not Elsewhere Classified,"Leading, managing and developing administrative staff to ensure smooth business operations and the provision of accurate and timely information;",0.37,Exposed: Gradient 2,Not affected,0.42,predicted,2025
1219,7,Business Services and Administration Managers Not Elsewhere Classified,"Representing the enterprise or organization in negotiations, and at conventions, seminars, public hearings and forums;",0.37,Exposed: Gradient 2,Not affected,0.42,predicted,2025
1219,8,Business Services and Administration Managers Not Elsewhere Classified,"Establishing and managing budgets, controlling expenditure and ensuring the efficient use of resources;",0.365,Exposed: Gradient 2,Not affected,0.42,predicted,2025
1219,9,Business Services and Administration Managers Not Elsewhere Classified,Planning and directing daily operations;,0.365,Exposed: Gradient 2,Not affected,0.42,predicted,2025
1219,10,Business Services and Administration Managers Not Elsewhere Classified,"Overseeing the selection, training and performance of staff.",0.3,Exposed: Gradient 2,Not affected,0.42,predicted,2025
1221,1,Sales and Marketing Managers,Planning and organizing special sales and marketing programmes based on sales records and market assessments;,0.435,Exposed: Gradient 2,Not affected,0.41,predicted,2025
1221,2,Sales and Marketing Managers,"Determining price lists, discount and delivery terms, sales promotion budgets, sales methods, special incentives and campaigns;",0.5925,Exposed: Gradient 2,Not affected,0.41,predicted,2025
1221,3,Sales and Marketing Managers,Establishing and directing operational and administrative procedures related to sales and marketing activities;,0.445,Exposed: Gradient 2,Not affected,0.41,predicted,2025
1221,4,Sales and Marketing Managers,Leading and managing the activities of sales and marketing staff;,0.385,Exposed: Gradient 2,Not affected,0.41,predicted,2025
1221,5,Sales and Marketing Managers,Planning and directing daily operations;,0.355,Exposed: Gradient 2,Not affected,0.41,predicted,2025
1221,6,Sales and Marketing Managers,Establishing and managing budgets and controlling expenditure to ensure the efficient use of resources;,0.3875,Exposed: Gradient 2,Not affected,0.41,predicted,2025
1221,7,Sales and Marketing Managers,"Overseeing the selection, training and performance of staff;",0.3025,Exposed: Gradient 2,Not affected,0.41,predicted,2025
1221,8,Sales and Marketing Managers,"Representing the enterprise or organization at sales and marketing conventions, trade exhibitions and other forums.",0.395,Exposed: Gradient 2,Not affected,0.41,predicted,2025
1222,1,Advertising and Public Relations Managers,"Planning, directing and coordinating the advertising and public relations activities of an enterprise or organization;",0.445,Minimal Exposure,Not affected,0.39,predicted,2025
1222,2,Advertising and Public Relations Managers,"Negotiating advertising contracts with clients or with newspapers, radio and television stations, sports and cultural organizations and advertising agencies;",0.35,Minimal Exposure,Not affected,0.39,predicted,2025
1222,3,Advertising and Public Relations Managers,"Planning and managing information programmes to inform legislators, the mass media and the general public about the plans, accomplishments and points of view of the enterprise or organization;",0.435,Minimal Exposure,Not affected,0.39,predicted,2025
1222,4,Advertising and Public Relations Managers,Leading and managing the activities of advertising and public relations staff;,0.415,Minimal Exposure,Not affected,0.39,predicted,2025
1222,5,Advertising and Public Relations Managers,Establishing and managing budgets and controlling expenditure and ensuring the efficient use of resources;,0.416,Minimal Exposure,Not affected,0.39,predicted,2025
1222,6,Advertising and Public Relations Managers,Establishing and directing operational and administrative procedures;,0.345,Minimal Exposure,Not affected,0.39,predicted,2025
1222,7,Advertising and Public Relations Managers,Planning and directing daily operations;,0.385,Minimal Exposure,Not affected,0.39,predicted,2025
1222,8,Advertising and Public Relations Managers,"Overseeing the selection, training and performance of staff.",0.315,Minimal Exposure,Not affected,0.39,predicted,2025
1223,1,Research and Development Managers,"Planning, directing and coordinating research and development activities, in-house or commissioned from external research organizations, to develop new or improved technical processes, products, knowledge, or utilization of materials;",0.5,Minimal Exposure,Not affected,0.4,predicted,2025
1223,2,Research and Development Managers,"Planning the overall research and development programme of an enterprise or organization, specifying goals and budgetary requirements;",0.395,Minimal Exposure,Not affected,0.4,predicted,2025
1223,3,Research and Development Managers,Leading and managing the activities of research and development staff;,0.3575,Minimal Exposure,Not affected,0.4,predicted,2025
1223,4,Research and Development Managers,"Establishing and managing budgets, controlling expenditure and ensuring the efficient use of resources;",0.4,Minimal Exposure,Not affected,0.4,predicted,2025
1223,5,Research and Development Managers,Establishing and directing operational and administrative procedures;,0.465,Minimal Exposure,Not affected,0.4,predicted,2025
1223,6,Research and Development Managers,Planning and directing daily operations;,0.33,Minimal Exposure,Not affected,0.4,predicted,2025
1223,7,Research and Development Managers,"Overseeing the selection, training and performance of staff;",0.3225,Minimal Exposure,Not affected,0.4,predicted,2025
1223,8,Research and Development Managers,"Representing the enterprise or organization at conventions, seminars and conferences.",0.41,Minimal Exposure,Not affected,0.4,predicted,2025
1311,1,Agricultural and Forestry Production Managers,Monitoring agricultural and forestry market activity and planning production to meet contract requirements and market demand;,0.42,Minimal Exposure,Not affected,0.27,predicted,2025
1311,2,Agricultural and Forestry Production Managers,"Establishing and managing budgets, monitoring production output and costs, recording information such as farm management practices, and preparing financial and operational reports;",0.5650000000000001,Minimal Exposure,Not affected,0.27,predicted,2025
1311,3,Agricultural and Forestry Production Managers,Conferring with buyers to arrange for the sale of crops and livestock;,0.2575,Minimal Exposure,Not affected,0.27,predicted,2025
1311,4,Agricultural and Forestry Production Managers,"Contracting with farmers or independent owners for production of crops and livestock, or for management of production;",0.235,Minimal Exposure,Not affected,0.27,predicted,2025
1311,5,Agricultural and Forestry Production Managers,"Planning the type, intensity and sequence of farm operations (e.g. determining the best times for planting, spraying and harvesting);",0.395,Minimal Exposure,Not affected,0.27,predicted,2025
1311,6,Agricultural and Forestry Production Managers,Analysing soil to determine types and quantities of fertilizer required for maximum production;,0.25,Minimal Exposure,Not affected,0.27,predicted,2025
1311,7,Agricultural and Forestry Production Managers,"Purchasing machinery, equipment, and supplies such as tractors, seed, fertilizer, and chemicals;",0.18,Minimal Exposure,Not affected,0.27,predicted,2025
1311,8,Agricultural and Forestry Production Managers,"Identifying and controlling agricultural and forest environmental toxins, weeds, pests and diseases;",0.1875,Minimal Exposure,Not affected,0.27,predicted,2025
1311,9,Agricultural and Forestry Production Managers,"Organizing farming operations such as maintaining buildings, water supply systems and equipment;",0.14,Minimal Exposure,Not affected,0.27,predicted,2025
1311,10,Agricultural and Forestry Production Managers,"Directing and coordinating activities such as planting, irrigation, chemical application, harvesting, and grading;",0.135,Minimal Exposure,Not affected,0.27,predicted,2025
1311,11,Agricultural and Forestry Production Managers,"Inspecting plantations and fields to determine maturity dates of crops, or to estimate potential crop damage from weather;",0.249,Minimal Exposure,Not affected,0.27,predicted,2025
1311,12,Agricultural and Forestry Production Managers,"Overseeing the selection, training and performance of agricultural and forestry workers and contractors.",0.2225,Minimal Exposure,Not affected,0.27,predicted,2025
1312,1,Aquaculture and Fisheries Production Managers,Monitoring aquaculture and fishery market activity and planning production and fishing activities to meet contract requirements and market demand;,0.28,Not Exposed,Not affected,0.22,predicted,2025
1312,2,Aquaculture and Fisheries Production Managers,"Establishing and managing budgets, monitoring production output and costs, recording information such as fisheries management practices, and preparing financial and operational reports;",0.41,Not Exposed,Not affected,0.22,predicted,2025
1312,3,Aquaculture and Fisheries Production Managers,Conferring with buyers to arrange for the sale of produce and catches;,0.275,Not Exposed,Not affected,0.22,predicted,2025
1312,4,Aquaculture and Fisheries Production Managers,"Contracting with fishing skippers or owners of vessels and aquaculture farms for fishing and aquaculture operations, or for management of production;",0.22,Not Exposed,Not affected,0.22,predicted,2025
1312,5,Aquaculture and Fisheries Production Managers,Conducting and organizing aquaculture or fishery stock examinations in order to identify diseases or parasites;,0.1475,Not Exposed,Not affected,0.22,predicted,2025
1312,6,Aquaculture and Fisheries Production Managers,"Devising and coordinating activities to improve fish hatching and growth rates, and to prevent disease in hatcheries;",0.2075,Not Exposed,Not affected,0.22,predicted,2025
1312,7,Aquaculture and Fisheries Production Managers,Monitoring environments to maintain or improve conditions for aquatic life;,0.14,Not Exposed,Not affected,0.22,predicted,2025
1312,8,Aquaculture and Fisheries Production Managers,"Directing and monitoring trapping and spawning of fish, egg incubation, and fry rearing, applying knowledge of management and fish culturing techniques;",0.14,Not Exposed,Not affected,0.22,predicted,2025
1312,9,Aquaculture and Fisheries Production Managers,Coordinating the selection and maintenance of brood stock;,0.265,Not Exposed,Not affected,0.22,predicted,2025
1312,10,Aquaculture and Fisheries Production Managers,"Directing and monitoring the transfer of mature fish to lakes, ponds, streams, or commercial tanks;",0.14,Not Exposed,Not affected,0.22,predicted,2025
1312,11,Aquaculture and Fisheries Production Managers,"Purchasing machinery, equipment, and supplies such as vessels and nets;",0.18,Not Exposed,Not affected,0.22,predicted,2025
1312,12,Aquaculture and Fisheries Production Managers,"Organizing operations such as maintenance of ships, boats and equipment;",0.15,Not Exposed,Not affected,0.22,predicted,2025
1312,13,Aquaculture and Fisheries Production Managers,"Overseeing the selection, training and performance of aquaculture or fishery workers and contractors.",0.3,Not Exposed,Not affected,0.22,predicted,2025
1321,1,Manufacturing Managers,"Determining, implementing and monitoring production strategies, policies and plans;",0.44,Minimal Exposure,Not affected,0.38,predicted,2025
1321,2,Manufacturing Managers,"Planning details of production activities in terms of output quality and quantity, cost, time available and labour requirements;",0.485,Minimal Exposure,Not affected,0.38,predicted,2025
1321,3,Manufacturing Managers,"Controlling the operation of production plant and quality procedures through planning of maintenance, designation of operating hours and supply of parts and tools;",0.325,Minimal Exposure,Not affected,0.38,predicted,2025
1321,4,Manufacturing Managers,"Establishing and managing budgets, monitoring production output and costs, and adjusting processes and resources to minimize costs;",0.51,Minimal Exposure,Not affected,0.38,predicted,2025
1321,5,Manufacturing Managers,Consulting with and informing other managers about production matters;,0.435,Minimal Exposure,Not affected,0.38,predicted,2025
1321,6,Manufacturing Managers,Overseeing the acquisition and installation of new plant and equipment;,0.1675,Minimal Exposure,Not affected,0.38,predicted,2025
1321,7,Manufacturing Managers,Controlling the preparation of production records and reports;,0.52,Minimal Exposure,Not affected,0.38,predicted,2025
1321,8,Manufacturing Managers,Coordinating the implementation of occupational health and safety requirements;,0.265,Minimal Exposure,Not affected,0.38,predicted,2025
1321,9,Manufacturing Managers,Identifying business opportunities and determining products to be manufactured;,0.405,Minimal Exposure,Not affected,0.38,predicted,2025
1321,10,Manufacturing Managers,Researching and implementing regulatory and statutory requirements affecting manufacturing operations and the environment;,0.315,Minimal Exposure,Not affected,0.38,predicted,2025
1321,11,Manufacturing Managers,Overseeing the provision of quotes for the manufacture of specialized goods and establishing contracts with customers and suppliers;,0.35,Minimal Exposure,Not affected,0.38,predicted,2025
1321,12,Manufacturing Managers,"Overseeing the selection, training and performance of staff.",0.3275,Minimal Exposure,Not affected,0.38,predicted,2025
1322,1,Mining Managers,"Conferring with other managers to set production quotas, plan extraction sites and develop policies for the removal of raw materials;",0.355,Minimal Exposure,Augmentation Potential,0.35,predicted,2025
1322,2,Mining Managers,"Evaluating efficiency of production sites to determine adequacy of personnel, equipment and technologies used, and make changes to work schedule or equipment when necessary;",0.335,Minimal Exposure,Augmentation Potential,0.35,predicted,2025
1322,3,Mining Managers,"Planning details of production activities in terms of output quality and quantity, cost, time available and labour requirements;",0.435,Minimal Exposure,Augmentation Potential,0.35,predicted,2025
1322,4,Mining Managers,"Controlling the operation of plant and quality procedures through planning of maintenance, designation of operating hours and supply of equipment;",0.26,Minimal Exposure,Augmentation Potential,0.35,predicted,2025
1322,5,Mining Managers,"Establishing and managing budgets, monitoring production output and costs, and adjusting processes and resources to minimize costs;",0.465,Minimal Exposure,Augmentation Potential,0.35,predicted,2025
1322,6,Mining Managers,Overseeing the acquisition and installation of new plant and equipment;,0.18,Minimal Exposure,Augmentation Potential,0.35,predicted,2025
1322,7,Mining Managers,Controlling the preparation of production records and reports;,0.5475,Minimal Exposure,Augmentation Potential,0.35,predicted,2025
1322,8,Mining Managers,Coordinating the implementation of health and safety requirements;,0.256,Minimal Exposure,Augmentation Potential,0.35,predicted,2025
1322,9,Mining Managers,Researching and implementing regulatory and statutory requirements affecting mineral extraction operations and the environment;,0.32,Minimal Exposure,Augmentation Potential,0.35,predicted,2025
1322,10,Mining Managers,"Overseeing the selection, training and performance of staff.",0.32,Minimal Exposure,Augmentation Potential,0.35,predicted,2025
1323,1,Construction Managers,Interpreting architectural drawings and specifications;,0.365,Minimal Exposure,The Big Uknown,0.34,predicted,2025
1323,2,Construction Managers,"Coordinating labour resources and procurement and delivery of materials, plant and equipment;",0.36,Minimal Exposure,The Big Uknown,0.34,predicted,2025
1323,3,Construction Managers,"Negotiating with building owners, property developers and subcontractors involved in the construction process to ensure projects are completed on time and within budget;",0.28,Minimal Exposure,The Big Uknown,0.34,predicted,2025
1323,4,Construction Managers,Preparing tenders and contract bids;,0.4625,Minimal Exposure,The Big Uknown,0.34,predicted,2025
1323,5,Construction Managers,Operating and implementing coordinated work programmes for sites;,0.385,Minimal Exposure,The Big Uknown,0.34,predicted,2025
1323,6,Construction Managers,"Ensuring adherence to building legislation and standards of performance, quality, cost and safety;",0.2925,Minimal Exposure,The Big Uknown,0.34,predicted,2025
1323,7,Construction Managers,Arranging submission of plans to local authorities;,0.34,Minimal Exposure,The Big Uknown,0.34,predicted,2025
1323,8,Construction Managers,"Building under contract, or subcontracting specialized building services;",0.255,Minimal Exposure,The Big Uknown,0.34,predicted,2025
1323,9,Construction Managers,Arranging building inspections by relevant authorities;,0.315,Minimal Exposure,The Big Uknown,0.34,predicted,2025
1323,10,Construction Managers,"Establishing and managing budgets, controlling expenditure and ensuring the efficient use of resources;",0.385,Minimal Exposure,The Big Uknown,0.34,predicted,2025
1323,11,Construction Managers,"Overseeing the selection, training and performance of staff and subcontractors;",0.2825,Minimal Exposure,The Big Uknown,0.34,predicted,2025
1324,1,"Supply, Distribution and Related Managers","Determining, implementing and monitoring purchasing, storage and distribution strategies, policies and plans;",0.44,Minimal Exposure,Augmentation Potential,0.38,predicted,2025
1324,2,"Supply, Distribution and Related Managers",Preparing and implementing plans to maintain required stock levels at minimum cost;,0.41,Minimal Exposure,Augmentation Potential,0.38,predicted,2025
1324,3,"Supply, Distribution and Related Managers","Negotiating contracts with suppliers to meet quality, cost and delivery requirements;",0.315,Minimal Exposure,Augmentation Potential,0.38,predicted,2025
1324,4,"Supply, Distribution and Related Managers",Monitoring and reviewing storage and inventory systems to meet supply requirements and control stock levels;,0.445,Minimal Exposure,Augmentation Potential,0.38,predicted,2025
1324,5,"Supply, Distribution and Related Managers","Overseeing the dispatch of road vehicles, trains, vessels or aircraft;",0.37,Minimal Exposure,Augmentation Potential,0.38,predicted,2025
1324,6,"Supply, Distribution and Related Managers","Operating recording systems to track all movements of goods, and ensuring reordering and restocking at optimal times;",0.35,Minimal Exposure,Augmentation Potential,0.38,predicted,2025
1324,7,"Supply, Distribution and Related Managers",Liaising with other departments and customers concerning requirements for outward goods and associated forwarding transportation;,0.435,Minimal Exposure,Augmentation Potential,0.38,predicted,2025
1324,8,"Supply, Distribution and Related Managers","Overseeing the recording of purchase, storage and distribution transactions;",0.4575,Minimal Exposure,Augmentation Potential,0.38,predicted,2025
1324,9,"Supply, Distribution and Related Managers","Establishing and managing budgets, controlling expenditure and ensuring the efficient use of resources;",0.385,Minimal Exposure,Augmentation Potential,0.38,predicted,2025
1324,10,"Supply, Distribution and Related Managers",Establishing and directing operational and administrative procedures;,0.37,Minimal Exposure,Augmentation Potential,0.38,predicted,2025
1324,11,"Supply, Distribution and Related Managers",Planning and directing daily operations;,0.325,Minimal Exposure,Augmentation Potential,0.38,predicted,2025
1324,12,"Supply, Distribution and Related Managers","Overseeing the selection, training and performance of staff.",0.3175,Minimal Exposure,Augmentation Potential,0.38,predicted,2025
1411,1,Hotel Managers,"Directing and overseeing reservation, reception, room service and housekeeping activities;",0.365,Exposed: Gradient 1,The Big Uknown,0.37,predicted,2025
1411,2,Hotel Managers,Supervising security arrangements and garden and property maintenance;,0.2075,Exposed: Gradient 1,The Big Uknown,0.37,predicted,2025
1411,3,Hotel Managers,"Planning and supervising bar, restaurant, function and conference activities;",0.32,Exposed: Gradient 1,The Big Uknown,0.37,predicted,2025
1411,4,Hotel Managers,"Observing liquor, gaming, and other laws and regulations;",0.3725,Exposed: Gradient 1,The Big Uknown,0.37,predicted,2025
1411,5,Hotel Managers,Assessing and reviewing customer satisfaction;,0.5,Exposed: Gradient 1,The Big Uknown,0.37,predicted,2025
1411,6,Hotel Managers,Overseeing accounting and purchasing activities;,0.44,Exposed: Gradient 1,The Big Uknown,0.37,reconciled,2025
1411,7,Hotel Managers,Undertaking budgeting for the establishment;,0.44,Exposed: Gradient 1,The Big Uknown,0.37,predicted,2025
1411,8,Hotel Managers,"Controlling selection, training and supervision of staff;",0.28,Exposed: Gradient 1,The Big Uknown,0.37,predicted,2025
1411,9,Hotel Managers,Ensuring compliance with occupational health and safety regulations;,0.205,Exposed: Gradient 1,The Big Uknown,0.37,predicted,2025
1411,10,Hotel Managers,"Providing guests with local tourism information, and arranging tours and transportation.",0.6000000000000001,Exposed: Gradient 1,The Big Uknown,0.37,predicted,2025
1412,1,Restaurant Managers,Planning menus in consultation with chefs and cooks;,0.4375,Minimal Exposure,The Big Uknown,0.36,predicted,2025
1412,2,Restaurant Managers,Planning and organizing special functions;,0.3525,Minimal Exposure,The Big Uknown,0.36,predicted,2025
1412,3,Restaurant Managers,Arranging the purchasing and pricing of goods according to budget;,0.485,Minimal Exposure,The Big Uknown,0.36,predicted,2025
1412,4,Restaurant Managers,Maintaining records of stock levels and financial transactions;,0.595,Minimal Exposure,The Big Uknown,0.36,predicted,2025
1412,5,Restaurant Managers,"Ensuring dining, kitchen and food storage facilities comply with health regulations and are clean, functional and of suitable appearance;",0.2325,Minimal Exposure,The Big Uknown,0.36,predicted,2025
1412,6,Restaurant Managers,Conferring with customers to assess their satisfaction with meals and service;,0.35,Minimal Exposure,The Big Uknown,0.36,predicted,2025
1412,7,Restaurant Managers,"Selecting, set staff work schedules, training and supervising waiting and kitchen staff;",0.275,Minimal Exposure,The Big Uknown,0.36,predicted,2025
1412,8,Restaurant Managers,"Taking reservations, greeting guests and assisting in taking orders;",0.38,Minimal Exposure,The Big Uknown,0.36,predicted,2025
1412,9,Restaurant Managers,Negotiating arrangements with clients and suppliers;,0.2575,Minimal Exposure,The Big Uknown,0.36,predicted,2025
1412,10,Restaurant Managers,Ensuring compliance with occupational health and safety regulations.,0.265,Minimal Exposure,The Big Uknown,0.36,predicted,2025
2111,1,Physicists and Astronomers,"Conducting research and improving or developing concepts, theories, instrumentation, software and operational methods related to physics and astronomy;",0.5125,Exposed: Gradient 1,Augmentation Potential,0.38,predicted,2025
2111,2,Physicists and Astronomers,"Conducting experiments, tests and analyses on the structure and properties of matter in fields such as mechanics, thermodynamics, electronics, communications, power generation and distribution, aerodynamics, optics and lasers, remote sensing, medicine, sonics, magnetism, and nuclear physics;",0.29,Exposed: Gradient 1,Augmentation Potential,0.38,reconciled,2025
2111,3,Physicists and Astronomers,"Evaluating results of investigations and experiments and expressing conclusions, mainly using mathematical techniques and models;",0.56,Exposed: Gradient 1,Augmentation Potential,0.38,predicted,2025
2111,4,Physicists and Astronomers,"Applying principles, techniques and processes to develop or improve industrial, medical, military and other practical applications of the principles and techniques of physics or astronomy;",0.455,Exposed: Gradient 1,Augmentation Potential,0.38,predicted,2025
2111,5,Physicists and Astronomers,Ensuring the safe and effective delivery of radiation (ionising and non-ionising) to patients to achieve a diagnostic or therapeutic result as prescribed by a medical practitioner;,0.185,Exposed: Gradient 1,Augmentation Potential,0.38,predicted,2025
2111,6,Physicists and Astronomers,Ensuring the accurate measurement and characterization of physical quantities used in medical applications;,0.263,Exposed: Gradient 1,Augmentation Potential,0.38,predicted,2025
2111,7,Physicists and Astronomers,"Testing, commissioning and evaluating equipment used in applications such as imaging, medical treatment and dosimetry;",0.25,Exposed: Gradient 1,Augmentation Potential,0.38,predicted,2025
2111,8,Physicists and Astronomers,Advising and consulting with medical practitioners and other health care professionals in optimizing the balance between the beneficial and deleterious effects of radiation;,0.2575,Exposed: Gradient 1,Augmentation Potential,0.38,predicted,2025
2111,9,Physicists and Astronomers,"Observing, analysing and interpreting celestial phenomena and developing methods, numerical models and techniques to extend knowledge of fields such as navigation, satellite communication, space exploration, celestial bodies and cosmic radiation;",0.5425,Exposed: Gradient 1,Augmentation Potential,0.38,predicted,2025
2111,10,Physicists and Astronomers,"Developing, implementing and maintaining standards and protocols for the measurement of physical phenomena and for the use of nuclear technology in industrial and medical applications;",0.3525,Exposed: Gradient 1,Augmentation Potential,0.38,predicted,2025
2111,11,Physicists and Astronomers,Preparing scientific papers and reports.,0.51,Exposed: Gradient 1,Augmentation Potential,0.38,predicted,2025
2112,1,Meteorologists,"Investigating direction and speed of air movements, pressures, temperatures, humidity, physical and chemical transformation of pollutants and other phenomena such as cloud formation and precipitation, electrical disturbances or solar radiation;",0.56,Exposed: Gradient 3,The Big Uknown,0.54,reconciled,2025
2112,2,Meteorologists,"Studying data collected from meteorological stations, radar and satellite imagery and computer model output to plot and forecast weather conditions;",0.6525000000000001,Exposed: Gradient 3,The Big Uknown,0.54,predicted,2025
2112,3,Meteorologists,"Preparing and reporting short-term or long-term weather maps, forecasts and warnings relating to atmospheric phenomena such as cyclones, storms and other hazards to life and property and disseminating information about atmospheric conditions through a variety of media including radio, television, print and the Internet;",0.63,Exposed: Gradient 3,The Big Uknown,0.54,predicted,2025
2112,4,Meteorologists,"Conducting experiments in fog dispersal, cloud seeding, rain enhancement and other types of weather modification programmes;",0.26,Exposed: Gradient 3,The Big Uknown,0.54,reconciled,2025
2112,5,Meteorologists,Developing and testing mathematical computer models of weather and climate for experimental or operational use;,0.6375,Exposed: Gradient 3,The Big Uknown,0.54,predicted,2025
2112,6,Meteorologists,Participating in studies of the effect of weather on the environment;,0.43,Exposed: Gradient 3,The Big Uknown,0.54,reconciled,2025
2112,7,Meteorologists,"Analysing the impact of industrial projects and human activity on the climate and quality of the air and working with the social science, engineering and economic communities to develop appropriate mitigation strategies;",0.4925,Exposed: Gradient 3,The Big Uknown,0.54,predicted,2025
2112,8,Meteorologists,"Engaging in the design and development of new equipment and procedures for meteorological data collection, remote sensing, or for related applications;",0.6,Exposed: Gradient 3,The Big Uknown,0.54,predicted,2025
2112,9,Meteorologists,"Conducting research on and improving or developing concepts, theories and operational methods related to the composition, structure and dynamics of the atmosphere and preparing scientific papers and reports on the outcome of this research.",0.565,Exposed: Gradient 3,The Big Uknown,0.54,predicted,2025
2113,1,Chemists,"Conducting research and improving or developing concepts, instruments, theories and operational methods related to chemistry;",0.55,Minimal Exposure,Not affected,0.39,predicted,2025
2113,2,Chemists,"Conducting experiments, tests and analyses to investigate chemical composition and energy and chemical changes in various natural or synthetic substances, materials and products;",0.3675,Minimal Exposure,Not affected,0.39,predicted,2025
2113,3,Chemists,"Developing procedures for environmental control, quality control and various other procedures for manufacturers or users;",0.385,Minimal Exposure,Not affected,0.39,predicted,2025
2113,4,Chemists,Conducting programmes of sample and data collection and analysis to identify and quantify environmental toxicants;,0.385,Minimal Exposure,Not affected,0.39,predicted,2025
2113,5,Chemists,"Participating in interdisciplinary research and development projects working with chemical engineers, biologists, microbiologists, agronomists, geologists or other professionals;",0.35,Minimal Exposure,Not affected,0.39,predicted,2025
2113,6,Chemists,Using micro-organisms to convert substances into new compounds;,0.225,Minimal Exposure,Not affected,0.39,predicted,2025
2113,7,Chemists,Determining ways to strengthen or combine materials or develop new materials.,0.29,Minimal Exposure,Not affected,0.39,predicted,2025
2113,8,Chemists,Reproducing and synthesizing naturally occurring substances and creating new artificial substances;,0.425,Minimal Exposure,Not affected,0.39,predicted,2025
2113,9,Chemists,Preparing scientific papers and reports.,0.51,Minimal Exposure,Not affected,0.39,predicted,2025
2114,1,Geologists and geophysicists,"Conducting research and improving or developing concepts, theories and operational methods related to geology and geophysics;",0.39,Minimal Exposure,Not affected,0.36,predicted,2025
2114,2,Geologists and geophysicists,"Studying composition and structure of the Earth's crust, examining rocks, minerals, fossils and other materials to determine processes affecting the development of the Earth, trace evolution of past life, establish nature and chronology of geological formations and assess their commercial applications;",0.2775,Minimal Exposure,Not affected,0.36,predicted,2025
2114,3,Geologists and geophysicists,"Interpreting research data and preparing geological reports, maps, charts and diagrams, reports and papers;",0.485,Minimal Exposure,Not affected,0.36,predicted,2025
2114,4,Geologists and geophysicists,"Applying geological knowledge to problems encountered in civil engineering projects such as the construction of dams, bridges, tunnels, and large buildings; and land reclamation projects;",0.335,Minimal Exposure,Not affected,0.36,predicted,2025
2114,5,Geologists and geophysicists,"Using various remote sensing programmes to investigate and measure seismic, gravitational, electrical, thermal, and magnetic forces affecting the Earth;",0.38,Minimal Exposure,Not affected,0.36,predicted,2025
2114,6,Geologists and geophysicists,"Estimating weight, size and mass of the Earth and composition and structure of its interior, and studying the nature, activity and predictability of volcanoes, glaciers and earthquakes;",0.27,Minimal Exposure,Not affected,0.36,predicted,2025
2114,7,Geologists and geophysicists,"Charting the Earth's magnetic field and applying this and other collected data for broadcasting, navigation and other purposes;",0.51,Minimal Exposure,Not affected,0.36,predicted,2025
2114,8,Geologists and geophysicists,"Studying and measuring physical properties of seas and the atmosphere and their inter-relationship, such as the exchange of thermal energy;",0.5,Minimal Exposure,Not affected,0.36,predicted,2025
2114,9,Geologists and geophysicists,"Locating and determining the nature and extent of oil, gas and mineral deposits using seismological, gravimetric, magnetic, electrical or radiometric methods;",0.25,Minimal Exposure,Not affected,0.36,predicted,2025
2114,10,Geologists and geophysicists,"Identifying deposits of construction materials and determining their characteristics and suitability for use as concrete aggregates, road fill or for other applications;",0.235,Minimal Exposure,Not affected,0.36,predicted,2025
2114,11,Geologists and geophysicists,"Researching the movement, distribution and physical properties of ground and surface waters;",0.33,Minimal Exposure,Not affected,0.36,predicted,2025
2114,12,Geologists and geophysicists,"Advising in areas such as waste management, route and site selection and the restoration of contaminated sites.",0.3975,Minimal Exposure,Not affected,0.36,predicted,2025
2131,1,"Biologists, Botanists, Zoologists and Related Professionals","Undertaking research in laboratories and in the field to increase scientific knowledge of living organisms; to discover new information; to test hypotheses; to solve problems in areas such as the environment, agriculture and health; and to develop new products, processes and techniques for pharmaceutical, agricultural and environmental use;",0.3375,Exposed: Gradient 2,Augmentation Potential,0.4,predicted,2025
2131,2,"Biologists, Botanists, Zoologists and Related Professionals",Designing and conducting experiments and tests;,0.465,Exposed: Gradient 2,Augmentation Potential,0.4,predicted,2025
2131,3,"Biologists, Botanists, Zoologists and Related Professionals","Gathering human, animal, insect and plant specimens and data, and studying their origin, development, chemical and physical form, structure, composition, and life and reproductive processes;",0.2325,Exposed: Gradient 2,Augmentation Potential,0.4,predicted,2025
2131,4,"Biologists, Botanists, Zoologists and Related Professionals","Examining living organisms using a variety of specialised equipment, instruments, technologies and techniques such as electron microscopes, telemetry, global positioning systems, biotechnology, satellite imaging, genetic engineering, digital imaging analysis, polymerase chain reaction and computer modelling;",0.35,Exposed: Gradient 2,Augmentation Potential,0.4,predicted,2025
2131,5,"Biologists, Botanists, Zoologists and Related Professionals","Identifying, classifying, recording and monitoring living organisms and maintaining databases;",0.31,Exposed: Gradient 2,Augmentation Potential,0.4,predicted,2025
2131,6,"Biologists, Botanists, Zoologists and Related Professionals",Writing scientific papers and reports detailing research and any new findings which are then made available to the scientific community in scientific journals or at conferences for scrutiny and further debate;,0.515,Exposed: Gradient 2,Augmentation Potential,0.4,predicted,2025
2131,7,"Biologists, Botanists, Zoologists and Related Professionals",Designing and carrying out environmental impact assessments to identify changes caused by natural or human factors;,0.465,Exposed: Gradient 2,Augmentation Potential,0.4,predicted,2025
2131,8,"Biologists, Botanists, Zoologists and Related Professionals","Providing advice to governments, organizations and businesses in areas such as conservation, management of natural resources, the effects of climate change and pollution.",0.5,Exposed: Gradient 2,Augmentation Potential,0.4,predicted,2025
2132,1,"Farming, Forestry and Fisheries Advisers","Collecting and analysing data and samples related to produce, feed, soil, water quality and other factors affecting farm, forest or fishery production;",0.2,Not Exposed,Not affected,0.29,predicted,2025
2132,2,"Farming, Forestry and Fisheries Advisers","Advising on techniques for improving the production of crops, livestock and fish, and alternative production options;",0.345,Not Exposed,Not affected,0.29,predicted,2025
2132,3,"Farming, Forestry and Fisheries Advisers","Advising on livestock and crop disease, control of pests and weeds, soil improvement, animal husbandry and feeding programmes;",0.32,Not Exposed,Not affected,0.29,predicted,2025
2132,4,"Farming, Forestry and Fisheries Advisers","Studying the environmental factors affecting commercial crop production, pasture growth, animal breeding, fish stocks and the growth and health of forest trees;",0.285,Not Exposed,Not affected,0.29,predicted,2025
2132,5,"Farming, Forestry and Fisheries Advisers","Studying the effects of cultivation techniques, soils, insects, diseases and fisheries practices on animal, crop, forestry and fisheries yield;",0.235,Not Exposed,Not affected,0.29,predicted,2025
2132,6,"Farming, Forestry and Fisheries Advisers","Studying fish migration, growth, feeding and spawning and devising methods of collecting, fertilizing, incubating and hatching fish eggs;",0.14,Not Exposed,Not affected,0.29,predicted,2025
2132,7,"Farming, Forestry and Fisheries Advisers","Researching into characteristics, use capability and productivity of soils and applying findings to development of improved agricultural, horticultural and forestry practices;",0.265,Not Exposed,Not affected,0.29,predicted,2025
2132,8,"Farming, Forestry and Fisheries Advisers",Developing procedures and techniques for solving agricultural problems and improving the efficiency of production;,0.365,Not Exposed,Not affected,0.29,predicted,2025
2132,9,"Farming, Forestry and Fisheries Advisers","Managing forest and fisheries resources to maximize their long-term commercial, recreational and environmental benefits;",0.31,Not Exposed,Not affected,0.29,predicted,2025
2132,10,"Farming, Forestry and Fisheries Advisers","Studying the propagation and culture of forest trees, methods for improving the growth of stock, and the effects of thinning on forest yields;",0.175,Not Exposed,Not affected,0.29,predicted,2025
2132,11,"Farming, Forestry and Fisheries Advisers","Investigating, planning and implementing management procedures to cope with the effects of fires, floods, droughts, soil erosion, pests and diseases;",0.245,Not Exposed,Not affected,0.29,predicted,2025
2132,12,"Farming, Forestry and Fisheries Advisers","Preparing scientific reports and conducting advisory information sessions and lectures for farming, forestry and fishing communities and other groups.",0.5375000000000001,Not Exposed,Not affected,0.29,predicted,2025
2133,1,Environmental Protection Professionals,"Conducting research, performing tests, collecting samples, performing field and laboratory analysis to identify sources of environmental problems and recommending ways to prevent, control and remediate the impact of environmental problems;",0.405,Minimal Exposure,Not affected,0.38,predicted,2025
2133,2,Environmental Protection Professionals,"Assessing the likely impact that potential or proposed activities, projects and developments may have on the environment, and recommending whether such developments should proceed;",0.365,Minimal Exposure,Not affected,0.38,predicted,2025
2133,3,Environmental Protection Professionals,"Developing and coordinating the implementation of environmental management systems to enable organizations to identify, monitor and control the impact of their activities, products and services on the environment;",0.4,Minimal Exposure,Not affected,0.38,predicted,2025
2133,4,Environmental Protection Professionals,"Conducting audits to evaluate environmental impact of existing activities, processes, wastes, noises and substances;",0.375,Minimal Exposure,Not affected,0.38,predicted,2025
2133,5,Environmental Protection Professionals,"Assessing an organization's compliance with government and internal environmental regulations and guidelines, identifying violations and determining appropriate remedial action;",0.301,Minimal Exposure,Not affected,0.38,predicted,2025
2133,6,Environmental Protection Professionals,Providing technical advice and support services to organizations on how best to deal with environmental problems in order to reduce environmental damage and minimize financial loss;,0.3925,Minimal Exposure,Not affected,0.38,predicted,2025
2133,7,Environmental Protection Professionals,Developing conservation plans.,0.4475,Minimal Exposure,Not affected,0.38,predicted,2025
2141,1,Industrial and Production Engineers,"Studying functional statements, organizational charts and project information to determine functions and responsibilities of workers and work units and to identify areas of duplication;",0.4625,Minimal Exposure,Not affected,0.37,predicted,2025
2141,2,Industrial and Production Engineers,Establishing work measurement programmes and analysing work samples to develop standards for labour utilization;,0.44,Minimal Exposure,Not affected,0.37,predicted,2025
2141,3,Industrial and Production Engineers,"Analysing workforce utilization, facility layout, operational data and production schedules and costs to determine optimum worker and equipment efficiencies;",0.46,Minimal Exposure,Not affected,0.37,predicted,2025
2141,4,Industrial and Production Engineers,"Developing specifications for manufacture, and determining materials, equipment, piping, material flows, capacities and layout of plant and systems;",0.39,Minimal Exposure,Not affected,0.37,predicted,2025
2141,5,Industrial and Production Engineers,"Organizing and managing project labour and the delivery of materials, plant and equipment;",0.285,Minimal Exposure,Not affected,0.37,predicted,2025
2141,6,Industrial and Production Engineers,"Establishing standards and policies for installation, modification, quality control, testing, inspection and maintenance according to engineering principles and safety regulations;",0.3575,Minimal Exposure,Not affected,0.37,predicted,2025
2141,7,Industrial and Production Engineers,Inspecting plant to improve and maintain performance;,0.24,Minimal Exposure,Not affected,0.37,predicted,2025
2141,8,Industrial and Production Engineers,"Directing the maintenance of plant buildings and equipment, and coordinating the requirements for new designs, surveys and maintenance schedules;",0.32,Minimal Exposure,Not affected,0.37,predicted,2025
2141,9,Industrial and Production Engineers,"Advising management on new production methods, techniques and equipment;",0.3575,Minimal Exposure,Not affected,0.37,predicted,2025
2141,10,Industrial and Production Engineers,"Liaising with materials buying, storing and controlling departments to ensure a steady flow of supplies.",0.3575,Minimal Exposure,Not affected,0.37,predicted,2025
2142,1,Civil Engineers,Conducting research and developing new or improved theories and methods related to civil engineering;,0.42,Not Exposed,Not affected,0.3,predicted,2025
2142,2,Civil Engineers,"Advising on and designing structures such as bridges, dams, docks, roads, airports, railways, canals, pipelines, waste-disposal and flood-control systems, and industrial and other large buildings;",0.315,Not Exposed,Not affected,0.3,predicted,2025
2142,3,Civil Engineers,"Determining and specifying construction methods, materials and quality standards, and directing construction work;",0.31,Not Exposed,Not affected,0.3,predicted,2025
2142,4,Civil Engineers,Establishing control systems to ensure efficient functioning of structures as well as safety and environmental protection;,0.26,Not Exposed,Not affected,0.3,predicted,2025
2142,5,Civil Engineers,Organising and directing maintenance and repair of existing civil engineering structures;,0.23,Not Exposed,Not affected,0.3,predicted,2025
2142,6,Civil Engineers,Analysing the behaviour of soil and rock when placed under pressure by proposed structures and designing structural foundations;,0.295,Not Exposed,Not affected,0.3,predicted,2025
2142,7,Civil Engineers,Analysing the stability of structures and testing the behaviour and durability of materials used in their construction.,0.285,Not Exposed,Not affected,0.3,predicted,2025
2143,1,Environmental Engineers,"Conducting research, assessing and reporting on the environmental impact of existing and proposed construction, civil engineering and other activities;",0.51,Minimal Exposure,Not affected,0.38,predicted,2025
2143,2,Environmental Engineers,Inspecting industrial and municipal facilities and programmes to evaluate operational effectiveness and ensure compliance with environmental regulations;,0.25,Minimal Exposure,Not affected,0.38,predicted,2025
2143,3,Environmental Engineers,"Designing and overseeing the development of systems, processes and equipment for control, management, or remediation of water, air, or soil quality;",0.39,Minimal Exposure,Not affected,0.38,predicted,2025
2143,4,Environmental Engineers,"Providing environmental engineering assistance in network analysis, regulatory analysis, and planning or reviewing database development;",0.4125,Minimal Exposure,Not affected,0.38,predicted,2025
2143,5,Environmental Engineers,"Obtaining, updating, and maintaining plans, permits, and standard operating procedures;",0.39,Minimal Exposure,Not affected,0.38,predicted,2025
2143,6,Environmental Engineers,"Providing engineering and technical support for environmental remediation and litigation projects, including remediation system design and determination of regulatory applicability;",0.3575,Minimal Exposure,Not affected,0.38,predicted,2025
2143,7,Environmental Engineers,Monitoring progress of environmental improvement programmes;,0.435,Minimal Exposure,Not affected,0.38,predicted,2025
2143,8,Environmental Engineers,Advising corporations and government agencies of procedures to follow in cleaning up contaminated sites to protect people and the environment;,0.3525,Minimal Exposure,Not affected,0.38,predicted,2025
2143,9,Environmental Engineers,"Collaborating with environmental scientists, planners, hazardous waste technicians, engineers from other disciplines and specialists in law and business to address environmental problems.",0.335,Minimal Exposure,Not affected,0.38,predicted,2025
2144,1,Mechanical Engineers,"Advising on and designing machinery and tools for manufacturing, mining, construction, agricultural, and other industrial purposes;",0.3375,Not Exposed,Not affected,0.32,predicted,2025
2144,2,Mechanical Engineers,"Advising on and designing steam, internal combustion and other non-electric motors and engines used for propulsion of railway locomotives, road vehicles or aircraft, or for driving industrial or other machinery;",0.2225,Not Exposed,Not affected,0.32,predicted,2025
2144,3,Mechanical Engineers,"Advising on and designing: hulls, superstructures and propulsion systems of ships; mechanical plant and equipment for the release, control and utilization of energy; heating, ventilation and refrigeration systems, steering gear, pumps and other mechanical equipment;",0.335,Not Exposed,Not affected,0.32,predicted,2025
2144,4,Mechanical Engineers,"Advising on and designing airframes, undercarriages and other equipment for aircraft as well as suspension systems, brakes, vehicle bodies and other components of road vehicles;",0.36,Not Exposed,Not affected,0.32,predicted,2025
2144,5,Mechanical Engineers,"Advising on and designing non-electrical parts of apparatus or products such as word processors, computers, precision instruments, cameras and projectors;",0.435,Not Exposed,Not affected,0.32,predicted,2025
2144,6,Mechanical Engineers,"Establishing control standards and procedures to ensure efficient functioning and safety of machines, machinery, tools, motors, engines, industrial plant, equipment, or systems;",0.29625,Not Exposed,Not affected,0.32,predicted,2025
2144,7,Mechanical Engineers,"Ensuring that equipment, operation and maintenance comply with design specifications and safety standards.",0.2775,Not Exposed,Not affected,0.32,predicted,2025
2145,1,Chemical Engineers,"Conducting research and advising on, and developing commercial-scale chemical processes to refine crude oil and other liquids or gases, and to produce substances and items such as petroleum derivatives, explosives, food and drink products, medicines, or synthetic materials;",0.3105,Minimal Exposure,Not affected,0.35,predicted,2025
2145,2,Chemical Engineers,"Specifying chemical production methods, materials and quality standards and ensuring that they conform to specifications;",0.3725,Minimal Exposure,Not affected,0.35,predicted,2025
2145,3,Chemical Engineers,Establishing control standards and procedures to ensure safety and efficiency of chemical production operations and safety of workers operating equipment or of those working in close proximity to ongoing chemical reactions;,0.2875,Minimal Exposure,Not affected,0.35,predicted,2025
2145,4,Chemical Engineers,Designing chemical plant equipment and devising processes for manufacturing chemicals and products;,0.2625,Minimal Exposure,Not affected,0.35,predicted,2025
2145,5,Chemical Engineers,"Performing tests throughout stages of production to determine degree of control over variables, including temperature, density, specific gravity and pressure;",0.31,Minimal Exposure,Not affected,0.35,predicted,2025
2145,6,Chemical Engineers,Developing safety procedures to be employed;,0.405,Minimal Exposure,Not affected,0.35,predicted,2025
2145,7,Chemical Engineers,Preparing estimates of production costs and production progress reports for management;,0.62,Minimal Exposure,Not affected,0.35,predicted,2025
2145,8,Chemical Engineers,Performing laboratory studies of steps in manufacture of new products and testing proposed process in small scale operation such as a pilot plant.,0.245,Minimal Exposure,Not affected,0.35,predicted,2025
2146,1,"Mining Engineers, Metallurgists and Related Professionals","Determining the location and planning the extraction of coal, metallic ores, non-metallic minerals, and building materials, such as stone and gravel;",0.285,Not Exposed,Not affected,0.29,predicted,2025
2146,2,"Mining Engineers, Metallurgists and Related Professionals","Determining most suitable methods of efficient mining and extraction and types of machinery to be used, planning layout and directing construction of shafts and tunnels;",0.31,Not Exposed,Not affected,0.29,predicted,2025
2146,3,"Mining Engineers, Metallurgists and Related Professionals","Determining drilling site and devising methods of controlling the flow of water, oil or gas from wells;",0.2675,Not Exposed,Not affected,0.29,predicted,2025
2146,4,"Mining Engineers, Metallurgists and Related Professionals","Planning and directing storage, initial treatment and transportation of water, oil or gas;",0.365,Not Exposed,Not affected,0.29,predicted,2025
2146,5,"Mining Engineers, Metallurgists and Related Professionals","Establishing safety standards and procedures and first-aid facilities, especially underground;",0.1925,Not Exposed,Not affected,0.29,predicted,2025
2146,6,"Mining Engineers, Metallurgists and Related Professionals","Conducting research, developing methods of extracting metals from their ores and advising on their application;",0.3075,Not Exposed,Not affected,0.29,predicted,2025
2146,7,"Mining Engineers, Metallurgists and Related Professionals","Investigating properties of metals and alloys, developing new alloys and advising on and supervising technical aspects of metal and alloy manufacture and processing;",0.295,Not Exposed,Not affected,0.29,predicted,2025
2146,8,"Mining Engineers, Metallurgists and Related Professionals",Maintaining technical liaison and consultancy with other relevant specialists such as geologists and geophysicists;,0.35,Not Exposed,Not affected,0.29,predicted,2025
2146,9,"Mining Engineers, Metallurgists and Related Professionals",Examining deposits or mines to evaluate profitability.,0.26,Not Exposed,Not affected,0.29,predicted,2025
2149,1,Engineering Professionals Not Elsewhere Classified,"Applying knowledge of engineering to the design, development and evaluation of biological and health systems and products such as artificial organs, prostheses and instrumentation;",0.375,Not Exposed,Not affected,0.3,predicted,2025
2149,2,Engineering Professionals Not Elsewhere Classified,"Designing devices used in various medical procedures and  imaging systems such as magnetic resonance imaging, and devices for automating insulin injections or controlling body functions;",0.3075,Not Exposed,Not affected,0.3,predicted,2025
2149,3,Engineering Professionals Not Elsewhere Classified,"Designing components of optical instruments such as lenses, microscopes, telescopes, lasers, optical disc systems and other equipment that utilize the properties of light;",0.385,Not Exposed,Not affected,0.3,predicted,2025
2149,4,Engineering Professionals Not Elsewhere Classified,"Designing, testing, and coordinating the development of explosive ordnance material to meet military procurement specifications;",0.13,Not Exposed,Not affected,0.3,predicted,2025
2149,5,Engineering Professionals Not Elsewhere Classified,Designing and overseeing construction and operation of nuclear reactors and power plants and nuclear fuels reprocessing and reclamation systems;,0.345,Not Exposed,Not affected,0.3,predicted,2025
2149,6,Engineering Professionals Not Elsewhere Classified,"Designing and developing nuclear equipment such as reactor cores, radiation shielding and associated instrumentation and control mechanisms;",0.315,Not Exposed,Not affected,0.3,predicted,2025
2149,7,Engineering Professionals Not Elsewhere Classified,Assessing damage and providing calculations for marine salvage operations;,0.25,Not Exposed,Not affected,0.3,predicted,2025
2149,8,Engineering Professionals Not Elsewhere Classified,"Studying and advising on engineering aspects of particular manufacturing processes, such as those related to glass, ceramics, textiles, leather products, wood and printing;",0.37,Not Exposed,Not affected,0.3,predicted,2025
2149,9,Engineering Professionals Not Elsewhere Classified,Identifying potential hazards and introducing safety procedures and devices.,0.265,Not Exposed,Not affected,0.3,predicted,2025
2151,1,Electrical Engineers,"Advising on and designing power stations and systems which generate, transmit and distribute electrical power;",0.4375,Not Exposed,Not affected,0.31,predicted,2025
2151,2,Electrical Engineers,"Supervising, controlling and monitoring the operation of electrical generation, transmission and distribution systems;",0.2975,Not Exposed,Not affected,0.31,predicted,2025
2151,3,Electrical Engineers,"Advising on and designing systems for electrical motors, electrical traction and other equipment, or electrical domestic appliances;",0.3575,Not Exposed,Not affected,0.31,predicted,2025
2151,4,Electrical Engineers,Specifying electrical installation and application in industrial and other buildings and objects;,0.23,Not Exposed,Not affected,0.31,predicted,2025
2151,5,Electrical Engineers,"Establishing control standards and procedures to monitor performance and safety of electrical generating and distribution systems, motors and equipment;",0.35,Not Exposed,Not affected,0.31,predicted,2025
2151,6,Electrical Engineers,"Determining manufacturing methods for electrical systems, as well as maintenance and repair of existing electrical systems, motors and equipment.",0.2125,Not Exposed,Not affected,0.31,predicted,2025
2152,1,Electronics Engineers,"Advising on and designing electronic devices or components, circuits, semi-conductors and systems;",0.525,Exposed: Gradient 2,Not affected,0.42,predicted,2025
2152,2,Electronics Engineers,"Specifying production or installation methods, materials and quality standards, and directing production or installation work of electronic products and systems;",0.35,Exposed: Gradient 2,Not affected,0.42,predicted,2025
2152,3,Electronics Engineers,"Establishing control standards and procedures to ensure efficient functioning and safety of electronic systems, motors and equipment;",0.3325,Exposed: Gradient 2,Not affected,0.42,predicted,2025
2152,4,Electronics Engineers,Organising and directing maintenance and repair of existing electronic systems and equipment;,0.224,Exposed: Gradient 2,Not affected,0.42,predicted,2025
2152,5,Electronics Engineers,"Designing electronic circuits and components for use in fields such as aerospace guidance and propulsion control, acoustics, or instruments and controls;",0.45625,Exposed: Gradient 2,Not affected,0.42,predicted,2025
2152,6,Electronics Engineers,"Researching and advising on radar, telemetry and remote control systems, microwaves and other electronic equipment;",0.55,Exposed: Gradient 2,Not affected,0.42,predicted,2025
2152,7,Electronics Engineers,Designing and developing signal processing algorithms and implementing these through appropriate choice of hardware and software;,0.605,Exposed: Gradient 2,Not affected,0.42,predicted,2025
2152,8,Electronics Engineers,"Developing apparatus and procedures to test electronic components, circuits and systems.",0.3475,Exposed: Gradient 2,Not affected,0.42,predicted,2025
2153,1,Telecommunications Engineers,"Advising on and designing telecommunications devices or components, systems, equipment and distribution centres;",0.54,Exposed: Gradient 2,Not affected,0.48,predicted,2025
2153,2,Telecommunications Engineers,"Specifying production or installation methods, materials, quality and safety standards and directing production or installation work of telecommunications products and systems;",0.45,Exposed: Gradient 2,Not affected,0.48,predicted,2025
2153,3,Telecommunications Engineers,"Organizing and directing maintenance and repair of existing telecommunication systems, motors and equipment;",0.255,Exposed: Gradient 2,Not affected,0.48,predicted,2025
2153,4,Telecommunications Engineers,Researching and advising on telecommunications equipment;,0.55,Exposed: Gradient 2,Not affected,0.48,predicted,2025
2153,5,Telecommunications Engineers,"Planning and designing communications networks based on wired, fibre optical and wireless communication media;",0.565,Exposed: Gradient 2,Not affected,0.48,predicted,2025
2153,6,Telecommunications Engineers,Designing and developing signal processing algorithms and implementing these through appropriate choice of hardware and software;,0.615,Exposed: Gradient 2,Not affected,0.48,predicted,2025
2153,7,Telecommunications Engineers,"Designing telecommunications networks and radio and television distribution systems, including both cable and over the air.",0.4,Exposed: Gradient 2,Not affected,0.48,predicted,2025
2161,1,Building Architects,Developing new or improved architectural theories and methods;,0.4,Minimal Exposure,Augmentation Potential,0.37,predicted,2025
2161,2,Building Architects,"Inspecting sites and consulting clients, management and other stakeholders to determine type, style and size of proposed buildings and alterations to existing buildings;",0.29,Minimal Exposure,Augmentation Potential,0.37,predicted,2025
2161,3,Building Architects,"Providing information regarding designs, materials and estimated building times;",0.325,Minimal Exposure,Augmentation Potential,0.37,predicted,2025
2161,4,Building Architects,"Preparing project documentation, including sketches and scale drawings, and integrating structural, mechanical and aesthetic elements in final designs;",0.47,Minimal Exposure,Augmentation Potential,0.37,predicted,2025
2161,5,Building Architects,Writing specifications and contract documents for use by builders and calling tenders on behalf of clients;,0.46,Minimal Exposure,Augmentation Potential,0.37,predicted,2025
2161,6,Building Architects,"Making necessary contacts to ensure feasibility of projects regarding style, cost, timing and compliance with regulations;",0.36,Minimal Exposure,Augmentation Potential,0.37,predicted,2025
2161,7,Building Architects,"Identifying and finding best solutions for problems regarding function and quality of interior environments of buildings and making necessary designs, drawings and plans;",0.4125,Minimal Exposure,Augmentation Potential,0.37,predicted,2025
2161,8,Building Architects,Monitoring construction or rehabilitation work to ensure compliance with specifications and quality standards;,0.225,Minimal Exposure,Augmentation Potential,0.37,predicted,2025
2161,9,Building Architects,Maintaining technical liaison and consultancy with other relevant specialists.,0.4,Minimal Exposure,Augmentation Potential,0.37,predicted,2025
2162,1,Landscape Architects,Developing new or improved theories and methods and providing advice on policy related to landscape architecture;,0.36,Minimal Exposure,Augmentation Potential,0.37,predicted,2025
2162,2,Landscape Architects,"Inspecting sites and consulting clients, management and other stakeholders to determine type, style and size of proposed buildings, parks, roads and other open spaces;",0.2725,Minimal Exposure,Augmentation Potential,0.37,predicted,2025
2162,3,Landscape Architects,"Compiling and analysing site and community data about geographical and ecological features, landforms, soils, vegetation, site hydrology, visual characteristics and human-made structures, to formulate land use and development recommendations, feasibility studies and environmental impact statements;",0.465,Minimal Exposure,Augmentation Potential,0.37,predicted,2025
2162,4,Landscape Architects,"Preparing reports, strategic plans, site plans, working drawings, specifications and cost estimates for land development, showing location and details of proposals, including ground modelling, structures, vegetation and access;",0.4175,Minimal Exposure,Augmentation Potential,0.37,predicted,2025
2162,5,Landscape Architects,Writing specifications and contract documents for use by builders and civil engineering contractors and calling tenders on behalf of clients;,0.44,Minimal Exposure,Augmentation Potential,0.37,predicted,2025
2162,6,Landscape Architects,"Making necessary contacts to ensure feasibility of projects regarding style, cost, timing and compliance with regulations;",0.385,Minimal Exposure,Augmentation Potential,0.37,predicted,2025
2162,7,Landscape Architects,"Identifying and finding best solutions for problems regarding function and quality of exterior environments and making necessary designs, drawings and plans;",0.4125,Minimal Exposure,Augmentation Potential,0.37,predicted,2025
2162,8,Landscape Architects,Monitoring construction or rehabilitation work to ensure compliance with specifications and quality standards;,0.22,Minimal Exposure,Augmentation Potential,0.37,predicted,2025
2162,9,Landscape Architects,Maintaining technical liaison and consultancy with other relevant specialists.,0.365,Minimal Exposure,Augmentation Potential,0.37,predicted,2025
2163,1,Product and Garment Designers,Determining the objectives and constraints of the design brief by consulting with clients and stakeholders;,0.3525,Minimal Exposure,Augmentation Potential,0.35,predicted,2025
2163,2,Product and Garment Designers,"Formulating design concepts for clothing, textiles, industrial, commercial and consumer products, and jewellery;",0.315,Minimal Exposure,Augmentation Potential,0.35,predicted,2025
2163,3,Product and Garment Designers,"Harmonizing aesthetic considerations with technical, functional, ecological and production requirements;",0.35,Minimal Exposure,Augmentation Potential,0.35,predicted,2025
2163,4,Product and Garment Designers,"Preparing sketches, diagrams, illustrations, plans, samples and models to communicate design concepts;",0.435,Minimal Exposure,Augmentation Potential,0.35,predicted,2025
2163,5,Product and Garment Designers,"Negotiating design solutions with clients, management, and sales and manufacturing staff;",0.35,Minimal Exposure,Augmentation Potential,0.35,predicted,2025
2163,6,Product and Garment Designers,"Selecting, specifying and recommending functional and aesthetic materials, production methods and finishes for manufacture;",0.335,Minimal Exposure,Augmentation Potential,0.35,predicted,2025
2163,7,Product and Garment Designers,Detailing and documenting the selected design for production;,0.51,Minimal Exposure,Augmentation Potential,0.35,predicted,2025
2163,8,Product and Garment Designers,Preparing and commissioning prototypes and samples;,0.2,Minimal Exposure,Augmentation Potential,0.35,predicted,2025
2163,9,Product and Garment Designers,"Supervising the preparation of patterns, programmes and tooling, and of the manufacturing process.",0.3,Minimal Exposure,Augmentation Potential,0.35,predicted,2025
2164,1,Town and Traffic Planners,Planning layout and coordinating development of urban areas;,0.39,Minimal Exposure,The Big Uknown,0.41,predicted,2025
2164,2,Town and Traffic Planners,"Compiling and analysing data on economic, legal, political, cultural, demographic, sociological, physical and environmental factors affecting land use;",0.44,Minimal Exposure,The Big Uknown,0.41,predicted,2025
2164,3,Town and Traffic Planners,"Conferring with government authorities, communities and specialists in fields such as architecture, planning, social science the environment and the law;",0.33,Minimal Exposure,The Big Uknown,0.41,predicted,2025
2164,4,Town and Traffic Planners,"Devising and recommending use and development of land, and presenting narrative and graphic plans, programmes and designs to groups and individuals;",0.415,Minimal Exposure,The Big Uknown,0.41,predicted,2025
2164,5,Town and Traffic Planners,"Advising governments, companies and communities on urban and regional planning issues and proposals;",0.4175,Minimal Exposure,The Big Uknown,0.41,predicted,2025
2164,6,Town and Traffic Planners,Reviewing and evaluating environmental impact reports;,0.42,Minimal Exposure,The Big Uknown,0.41,predicted,2025
2164,7,Town and Traffic Planners,"Planning and coordinating the development of land areas for parks, schools, institutions, airports, roadways and related projects, and for commercial, industrial and residential sites;",0.34,Minimal Exposure,The Big Uknown,0.41,predicted,2025
2164,8,Town and Traffic Planners,Planning and advising on routing and control of road traffic and public transportation systems for efficiency and safety.,0.5125,Minimal Exposure,The Big Uknown,0.41,predicted,2025
2165,1,Cartographers and Surveyors,"Surveying, measuring and describing land surfaces, mines, underground surfaces, sea, river and lake beds;",0.215,Exposed: Gradient 2,Augmentation Potential,0.44,predicted,2025
2165,2,Cartographers and Surveyors,Noting exact position of various features and recording survey data in digital form;,0.6,Exposed: Gradient 2,Augmentation Potential,0.44,predicted,2025
2165,3,Cartographers and Surveyors,Making charts and maps to be used in determining navigable waters and channels and in planning construction of marine structures;,0.41,Exposed: Gradient 2,Augmentation Potential,0.44,predicted,2025
2165,4,Cartographers and Surveyors,Planning and conducting aerial photographic surveys;,0.38,Exposed: Gradient 2,Augmentation Potential,0.44,reconciled,2025
2165,5,Cartographers and Surveyors,"Designing, compiling and revising maps and charts using aerial and other photographs, satellite imagery, survey documents and data, existing maps and records, reports and statistics;",0.53,Exposed: Gradient 2,Augmentation Potential,0.44,predicted,2025
2165,6,Cartographers and Surveyors,"Undertaking research and development of surveying and photogrammetric measurement systems, cadastral systems and land information systems;",0.49,Exposed: Gradient 2,Augmentation Potential,0.44,predicted,2025
2165,7,Cartographers and Surveyors,"Studying and advising on technical, aesthetic and economic aspects of map production;",0.5,Exposed: Gradient 2,Augmentation Potential,0.44,predicted,2025
2165,8,Cartographers and Surveyors,Maintaining technical liaison and consultancy with other relevant specialists.,0.385,Exposed: Gradient 2,Augmentation Potential,0.44,predicted,2025
2166,1,Graphic and Multimedia Designers,Determining the objectives and constraints of the design brief by consulting with clients and stakeholders;,0.41,Exposed: Gradient 2,The Big Uknown,0.49,predicted,2025
2166,2,Graphic and Multimedia Designers,Undertaking research and analysing functional communication requirements;,0.525,Exposed: Gradient 2,The Big Uknown,0.49,predicted,2025
2166,3,Graphic and Multimedia Designers,Formulating design concepts for the subject to be communicated;,0.585,Exposed: Gradient 2,The Big Uknown,0.49,predicted,2025
2166,4,Graphic and Multimedia Designers,"Preparing sketches, diagrams, illustrations and layouts to communicate design concepts;",0.5625,Exposed: Gradient 2,The Big Uknown,0.49,predicted,2025
2166,5,Graphic and Multimedia Designers,"Designing complex graphics and animation to satisfy functional, aesthetic and creative requirements of the design brief;",0.52,Exposed: Gradient 2,The Big Uknown,0.49,predicted,2025
2166,6,Graphic and Multimedia Designers,"Creating two-dimensional and three-dimensional images depicting objects in motion or illustrating a process, using computer animation or modelling programmes;",0.6125,Exposed: Gradient 2,The Big Uknown,0.49,predicted,2025
2166,7,Graphic and Multimedia Designers,"Negotiating design solutions with clients, management, sales and production staff;",0.37,Exposed: Gradient 2,The Big Uknown,0.49,predicted,2025
2166,8,Graphic and Multimedia Designers,"Selecting, specifying or recommending functional and aesthetic materials and media for publication, delivery or display;",0.4175,Exposed: Gradient 2,The Big Uknown,0.49,predicted,2025
2166,9,Graphic and Multimedia Designers,Detailing and documenting the selected design for production;,0.5525,Exposed: Gradient 2,The Big Uknown,0.49,predicted,2025
2166,10,Graphic and Multimedia Designers,Supervising or carrying out production in the chosen media.,0.375,Exposed: Gradient 2,The Big Uknown,0.49,predicted,2025
2211,1,Generalist Medical Practitioners,Conducting physical examinations of patients and interviewing them and their families to determine their health status;,0.155,Not Exposed,Not affected,0.29,predicted,2025
2211,2,Generalist Medical Practitioners,"Ordering laboratory tests, X-rays and other diagnostic procedures and analysing findings to determine the nature of disorders or illnesses;",0.3,Not Exposed,Not affected,0.29,predicted,2025
2211,3,Generalist Medical Practitioners,"Providing continuing medical care for patients including prescribing, administering, counselling on and monitoring curative treatments and preventive measures;",0.215,Not Exposed,Not affected,0.29,predicted,2025
2211,4,Generalist Medical Practitioners,Performing surgery and other clinical procedures;,0.13,Not Exposed,Not affected,0.29,predicted,2025
2211,5,Generalist Medical Practitioners,"Advising individuals, families and communities on health, nutrition and lifestyle which aid prevention or treatment of disease and disorders;",0.31,Not Exposed,Not affected,0.29,predicted,2025
2211,6,Generalist Medical Practitioners,"Providing referrals to patients and families for specialized care in hospitals, rehabilitation centres or other types of health care centres;",0.305,Not Exposed,Not affected,0.29,predicted,2025
2211,7,Generalist Medical Practitioners,"Identifying, managing and providing referrals for complications before, during and after childbirth;",0.22,Not Exposed,Not affected,0.29,predicted,2025
2211,8,Generalist Medical Practitioners,Recording patients' medical information and history and exchanging information with specialist practitioners and other health workers as required for continuing medical care;,0.355,Not Exposed,Not affected,0.29,predicted,2025
2211,9,Generalist Medical Practitioners,"Reporting births, deaths and notifiable diseases to government authorities to meet legal and professional requirements;",0.3725,Not Exposed,Not affected,0.29,predicted,2025
2211,10,Generalist Medical Practitioners,Conducting research in human health and medical services and disseminating the findings such as through scientific reports,0.4775,Not Exposed,Not affected,0.29,predicted,2025
2211,11,Generalist Medical Practitioners,Planning and participating in programmes designed to prevent the occurrence and spread of common diseases.,0.3125,Not Exposed,Not affected,0.29,predicted,2025
2212,1,Specialist Medical Practitioners,Conducting physical examinations of patients and interviewing them and their families to determine their health status;,0.165,Not Exposed,Augmentation Potential,0.27,predicted,2025
2212,2,Specialist Medical Practitioners,Considering medical information provided by a referring doctor or other health care provider;,0.335,Not Exposed,Augmentation Potential,0.27,predicted,2025
2212,3,Specialist Medical Practitioners,Ordering specialized diagnostic tests to determine the nature of disorders or illnesses;,0.285,Not Exposed,Augmentation Potential,0.27,predicted,2025
2212,4,Specialist Medical Practitioners,"Prescribing, administering and monitoring patients' responses to treatments, medications, anaesthetics, psychotherapies, physical rehabilitation programmes and other preventive and curative measures;",0.18,Not Exposed,Augmentation Potential,0.27,predicted,2025
2212,5,Specialist Medical Practitioners,Performing surgery of a general or specialized nature;,0.1225,Not Exposed,Augmentation Potential,0.27,predicted,2025
2212,6,Specialist Medical Practitioners,"Managing complications before, during and after childbirth;",0.1075,Not Exposed,Augmentation Potential,0.27,predicted,2025
2212,7,Specialist Medical Practitioners,Recording patients' medical information and exchanging information with other health professionals to ensure the provision of comprehensive care;,0.365,Not Exposed,Augmentation Potential,0.27,predicted,2025
2212,8,Specialist Medical Practitioners,"Reporting births, deaths and notifiable diseases to government authorities to meet legal and professional requirements;",0.375,Not Exposed,Augmentation Potential,0.27,predicted,2025
2212,9,Specialist Medical Practitioners,"Providing information to patients and families and communities about preventive measures, treatment and care for specific ailments;",0.43,Not Exposed,Augmentation Potential,0.27,predicted,2025
2212,10,Specialist Medical Practitioners,Performing autopsies to determine cause of death;,0.155,Not Exposed,Augmentation Potential,0.27,predicted,2025
2212,11,Specialist Medical Practitioners,Conducting research into specific human disorders and illnesses and preventive or curative methods and disseminating the findings such as through scientific reports;,0.388,Not Exposed,Augmentation Potential,0.27,predicted,2025
2212,12,Specialist Medical Practitioners,Planning and participating in programmes designed to prevent the occurrence and spread of specific diseases.,0.35,Not Exposed,Augmentation Potential,0.27,predicted,2025
2221,1,Nursing Professionals,"Planning, providing and evaluating nursing care for patients according to the practice and standards of modern nursing;",0.205,Not Exposed,Not affected,0.25,predicted,2025
2221,2,Nursing Professionals,Coordinating the care of patients in consultation with other health professionals and members of health teams;,0.285,Not Exposed,Not affected,0.25,predicted,2025
2221,3,Nursing Professionals,"Developing and implementing care plans for the biological, social and psychological treatment of patients in collaboration with other health professionals;",0.3,Not Exposed,Not affected,0.25,predicted,2025
2221,4,Nursing Professionals,"Planning and providing personal care, treatments and therapies including administering medications, and monitoring responses to treatment or care plan;",0.11,Not Exposed,Not affected,0.25,predicted,2025
2221,5,Nursing Professionals,Cleaning wounds and applying surgical dressings and bandages,0.0625,Not Exposed,Not affected,0.25,predicted,2025
2221,6,Nursing Professionals,"Monitoring pain and discomfort experienced by patients and alleviating pain using a variety of therapies, including the use of painkilling drugs;",0.12,Not Exposed,Not affected,0.25,predicted,2025
2221,7,Nursing Professionals,"Planning and participating in health education programmes, health promotion and nurse education activities in clinical and community settings;",0.355,Not Exposed,Not affected,0.25,predicted,2025
2221,8,Nursing Professionals,"Answering questions from patients and families and providing information about prevention of ill-health, treatment and care;",0.365,Not Exposed,Not affected,0.25,predicted,2025
2221,9,Nursing Professionals,"Supervising and coordinating the work of other nursing, health and personal care workers;",0.2575,Not Exposed,Not affected,0.25,predicted,2025
2221,10,Nursing Professionals,Conducting research on nursing practices and procedures and disseminating findings such as through scientific papers and reports.,0.46,Not Exposed,Not affected,0.25,predicted,2025
2222,1,Midwifery Professionals,"Planning, providing and evaluating care and support services for women and babies before, during and after pregnancy and childbirth according to the practice and standards of modern midwifery care;",0.235,Minimal Exposure,Not affected,0.3,predicted,2025
2222,2,Midwifery Professionals,"Providing advice to women and families and conducting community education on health, nutrition, hygiene, exercise, birth and emergency plans, breastfeeding, infant care, family planning and contraception, lifestyle and other topics related to pregnancy and childbirth;",0.2675,Minimal Exposure,Not affected,0.3,predicted,2025
2222,3,Midwifery Professionals,"Assessing progress during pregnancy and childbirth, managing complications and recognizing warning signs requiring referral to a medical doctor with specialized skills in obstetrics;",0.2175,Minimal Exposure,Not affected,0.3,predicted,2025
2222,4,Midwifery Professionals,"Monitoring the health status of newborns, managing complications and recognizing warning signs requiring referral to a medical doctor with specialized skills in neonatology;",0.2,Minimal Exposure,Not affected,0.3,predicted,2025
2222,5,Midwifery Professionals,"Monitoring pain and discomfort experienced by women during labour and delivery and alleviating pain using a variety of therapies, including the use of painkilling drugs;",0.135,Minimal Exposure,Not affected,0.3,predicted,2025
2222,6,Midwifery Professionals,Reporting births to government authorities to meet legal and professional requirements;,0.5425,Minimal Exposure,Not affected,0.3,predicted,2025
2222,7,Midwifery Professionals,Conducting research on midwifery practices and procedures and disseminating findings such as through scientific papers and reports;,0.515,Minimal Exposure,Not affected,0.3,predicted,2025
2222,8,Midwifery Professionals,Planning and conducting midwifery education activities in clinical and community settings.,0.28,Minimal Exposure,Not affected,0.3,predicted,2025
2261,1,Dentists,"Diagnosing diseases, injuries, irregularities and malformations of teeth and associated structures in the mouth and jaw using a range of methods such as radiographs, salivary tests and medical histories;",0.135,Not Exposed,Not affected,0.15,predicted,2025
2261,2,Dentists,"Providing preventative oral health care such as periodontal treatments, fluoride applications and oral health promotion;",0.12,Not Exposed,Not affected,0.15,predicted,2025
2261,3,Dentists,Administering anaesthetics to limit the amount of pain experienced by patients during procedures;,0.066,Not Exposed,Not affected,0.15,predicted,2025
2261,4,Dentists,Prescribing medication for relief of ongoing  pain after procedures;,0.1675,Not Exposed,Not affected,0.15,predicted,2025
2261,5,Dentists,"Providing restorative oral care such as implants, complex crown and bridge restorations, and orthodontics, and repairing damaged and decayed teeth;",0.095,Not Exposed,Not affected,0.15,predicted,2025
2261,6,Dentists,"Providing surgical treatments such as extraction of teeth, biopsy of tissue, and performing orthodontic treatment;",0.115,Not Exposed,Not affected,0.15,predicted,2025
2261,7,Dentists,Measuring and taking impressions of patients' jaws and teeth in order to determine the shape and size of dental prostheses;,0.105,Not Exposed,Not affected,0.15,predicted,2025
2261,8,Dentists,"Designing, making and fitting prosthodontic appliances such as space maintainers, bridges, and dentures, or writing fabrication instructions or prescriptions for dental prosthetic technicians;",0.15,Not Exposed,Not affected,0.15,predicted,2025
2261,9,Dentists,Restoring oral function with removable and fixed oral prostheses;,0.11,Not Exposed,Not affected,0.15,predicted,2025
2261,10,Dentists,Assisting in diagnosing general diseases having oral manifestations such as diabetes;,0.205,Not Exposed,Not affected,0.15,predicted,2025
2261,11,Dentists,"Educating patients and families on dental hygiene, nutrition and other measures to take care of oral health;",0.255,Not Exposed,Not affected,0.15,predicted,2025
2261,12,Dentists,"Supervising dental hygienists, dental assistants and other staff.",0.2675,Not Exposed,Not affected,0.15,predicted,2025
2262,1,Pharmacists,"Receiving prescriptions for medicinal products from medical doctors and other health professionals, checking patients' medicine histories, and ensuring proper dosage and methods of administration and drug compatibility before dispensing;",0.335,Minimal Exposure,Augmentation Potential,0.33,predicted,2025
2262,2,Pharmacists,"Preparing or supervising the preparation and labelling of liquid medicines, ointments, powders, tablets and other medications to fill prescriptions;",0.24,Minimal Exposure,Augmentation Potential,0.33,predicted,2025
2262,3,Pharmacists,"Providing information and advice to prescribers and clients regarding drug interactions, incompatibility and contraindications, side effects, dosage and proper medication storage;",0.5025,Minimal Exposure,Augmentation Potential,0.33,predicted,2025
2262,4,Pharmacists,"Collaborating with other health care professionals to plan, monitor, review, and evaluate the quality and effectiveness of the medicine therapy of individual patients, and the effectiveness of particular drugs or therapies;",0.31,Minimal Exposure,Augmentation Potential,0.33,predicted,2025
2262,5,Pharmacists,"Maintaining prescription files and recording issue of narcotics, poisons and habit-forming drugs in accordance with legal and professional requirements;",0.4075,Minimal Exposure,Augmentation Potential,0.33,predicted,2025
2262,6,Pharmacists,"Storing and preserving vaccines, serums and other drugs subject to deterioration;",0.1075,Minimal Exposure,Augmentation Potential,0.33,predicted,2025
2262,7,Pharmacists,Advising clients on and supplying non-prescription medicines and diagnostic and therapeutic aids for common conditions;,0.3475,Minimal Exposure,Augmentation Potential,0.33,predicted,2025
2262,8,Pharmacists,"Supervising and coordinating the work of pharmacy technicians, pharmacy interns and pharmacy sales assistants;",0.3375,Minimal Exposure,Augmentation Potential,0.33,predicted,2025
2262,9,Pharmacists,"Conducting research to develop and improve pharmaceuticals, cosmetics and related chemical products;",0.32,Minimal Exposure,Augmentation Potential,0.33,predicted,2025
2262,10,Pharmacists,"Conferring with chemists, engineering professionals and other professionals about manufacturing techniques and ingredients;",0.335,Minimal Exposure,Augmentation Potential,0.33,predicted,2025
2262,11,Pharmacists,"Testing and analysing drugs to determine their identity, purity and strength in relation to specified standards;",0.358,Minimal Exposure,Augmentation Potential,0.33,predicted,2025
2262,12,Pharmacists,"Evaluating labels, packaging and advertising of drug products;",0.365,Minimal Exposure,Augmentation Potential,0.33,predicted,2025
2262,13,Pharmacists,Developing information and risks of particular drugs.,0.355,Minimal Exposure,Augmentation Potential,0.33,predicted,2025
2263,1,Environmental and Occupational Health and Hygiene Professionals,"Developing, implementing and reviewing programmes and policies to minimize potential environmental and occupational risks to health and safety;",0.265,Not Exposed,Not affected,0.28,predicted,2025
2263,2,Environmental and Occupational Health and Hygiene Professionals,"Preparing and implementing plans and strategies for the safe, economic and suitable disposal of commercial, industrial, medical and household wastes;",0.3625,Not Exposed,Not affected,0.28,predicted,2025
2263,3,Environmental and Occupational Health and Hygiene Professionals,"Implementing prevention programmes and strategies for communicable diseases, food safety, waste water treatment and disposal systems, recreation and domestic water quality, contaminated and hazardous substances;",0.2625,Not Exposed,Not affected,0.28,predicted,2025
2263,4,Environmental and Occupational Health and Hygiene Professionals,"Identifying, reporting and documenting hazards, and assessing and controlling risks in the environment and workplace and advising on compliance with relevant law and regulations;",0.245,Not Exposed,Not affected,0.28,predicted,2025
2263,5,Environmental and Occupational Health and Hygiene Professionals,"Developing, implementing and monitoring programmes to minimize workplace and environmental pollution involving chemical, physical and biological hazards;",0.245,Not Exposed,Not affected,0.28,predicted,2025
2263,6,Environmental and Occupational Health and Hygiene Professionals,"Advising on methods to prevent, eliminate, control or reduce the exposure of workers, students, the public and the environment to radiological and other hazards;",0.28,Not Exposed,Not affected,0.28,predicted,2025
2263,7,Environmental and Occupational Health and Hygiene Professionals,"Promoting ergonomic principles within the workplace such as matching furniture, equipment and work activities to the needs of employees;",0.235,Not Exposed,Not affected,0.28,predicted,2025
2263,8,Environmental and Occupational Health and Hygiene Professionals,"Providing education, information, training and advice to persons at all levels on aspects of occupational hygiene and environmental health;",0.36,Not Exposed,Not affected,0.28,predicted,2025
2263,9,Environmental and Occupational Health and Hygiene Professionals,"Recording and investigating injuries and equipment damage, and reporting safety performance;",0.2625,Not Exposed,Not affected,0.28,predicted,2025
2263,10,Environmental and Occupational Health and Hygiene Professionals,"Coordinating arrangements for the compensation, rehabilitation and return to work of injured workers.",0.285,Not Exposed,Not affected,0.28,predicted,2025
2264,1,Physiotherapists,"Administering muscle, nerve, joint  functional ability and other tests to identify and assess physical problems of patients;",0.165,Minimal Exposure,Not affected,0.28,predicted,2025
2264,2,Physiotherapists,"Establishing treatment goals with patients and designing treatment programmes to reduce physical pain, strengthen muscles, improve cardiothoracic, cardiovascular and respiratory functions, restore joint mobility and improve balance and coordination;",0.19,Minimal Exposure,Not affected,0.28,predicted,2025
2264,3,Physiotherapists,"Developing, implementing and monitoring programmes and treatments using the therapeutic properties of exercise, heat, cold, massage, manipulation, hydrotherapy, electrotherapy, ultraviolet and infra-red light and ultrasound in the treatment of patients;",0.165,Minimal Exposure,Not affected,0.28,predicted,2025
2264,4,Physiotherapists,Instructing patients and their families in procedures to be continued outside clinical settings;,0.2275,Minimal Exposure,Not affected,0.28,predicted,2025
2264,5,Physiotherapists,"Recording information on patients' health status and responses to treatment in medical records-keeping systems, and sharing information with other health professionals as required to ensure continuing and comprehensive care;",0.56,Minimal Exposure,Not affected,0.28,predicted,2025
2264,6,Physiotherapists,Developing and implementing programmes for screening and prevention of common physical ailments and disorders;,0.355,Minimal Exposure,Not affected,0.28,predicted,2025
2264,7,Physiotherapists,Supervising the work of physiotherapy assistants and others.,0.3225,Minimal Exposure,Not affected,0.28,predicted,2025
2265,1,Dieticians and Nutritionists,"Instructing individuals, families and communities on nutrition, the planning of diets and preparation of food to maximize health benefits and reduce potential risks to health;",0.3375,Minimal Exposure,Augmentation Potential,0.41,predicted,2025
2265,2,Dieticians and Nutritionists,"Planning diets and menus, supervising the preparation and serving of meals, and monitoring food intake and quality to provide nutritional care in settings offering food services;",0.415,Minimal Exposure,Augmentation Potential,0.41,predicted,2025
2265,3,Dieticians and Nutritionists,"Compiling and assessing data relating to health and nutritional status of individuals, groups and communities based on nutritional values of food served or consumed;",0.365,Minimal Exposure,Augmentation Potential,0.41,predicted,2025
2265,4,Dieticians and Nutritionists,"Planning and conducting nutrition assessments, intervention programmes, and education and training to improve nutritional levels among individuals and communities;",0.4,Minimal Exposure,Augmentation Potential,0.41,predicted,2025
2265,5,Dieticians and Nutritionists,Consulting with other health professionals and care providers to manage the dietary and nutritional needs of patients;,0.4,Minimal Exposure,Augmentation Potential,0.41,predicted,2025
2265,6,Dieticians and Nutritionists,Developing and evaluating food and nutrition products to meet nutritional requirements;,0.415,Minimal Exposure,Augmentation Potential,0.41,predicted,2025
2265,7,Dieticians and Nutritionists,Conducting research on nutrition and disseminating the findings at scientific conferences and in other settings.,0.565,Minimal Exposure,Augmentation Potential,0.41,predicted,2025
2266,1,Audiologists and Speech Therapists,"Evaluating hearing, speech and language performance in patients to determine the nature of hearing and communication disorders;",0.235,Not Exposed,Not affected,0.24,predicted,2025
2266,2,Audiologists and Speech Therapists,"Administering hearing or speech/language tests or other examinations using specialized diagnostic instruments and equipment, and interpreting test results alongside other medical, social and behavioural diagnostic data to determine appropriate courses of treatment;",0.28,Not Exposed,Not affected,0.24,predicted,2025
2266,3,Audiologists and Speech Therapists,"Planning, directing and participating in counselling, screening, speech rehabilitation and other programmes related to hearing and communication;",0.235,Not Exposed,Not affected,0.24,predicted,2025
2266,4,Audiologists and Speech Therapists,Prescribing hearing aids and other assistive devices according to patients‚Äô needs and instructing them in their use;,0.17,Not Exposed,Not affected,0.24,predicted,2025
2266,5,Audiologists and Speech Therapists,Planning and conducting treatment programmes to manage physical disorders affecting speech and swallowing;,0.221,Not Exposed,Not affected,0.24,predicted,2025
2266,6,Audiologists and Speech Therapists,"Counselling and guiding hearing and/or language-impaired individuals, their families, teachers and employers;",0.2525,Not Exposed,Not affected,0.24,predicted,2025
2266,7,Audiologists and Speech Therapists,Referring patients and families to additional medical or educational services if needed.,0.27,Not Exposed,Not affected,0.24,predicted,2025
2267,1,Optometrists and Ophthalmic Opticians,Examining patients‚Äô eyes and conducting diagnostic tests to assess ocular health and determine the nature and extent of vision problems and abnormalities;,0.15,Not Exposed,Not affected,0.24,predicted,2025
2267,2,Optometrists and Ophthalmic Opticians,"Testing visual function using specialized instruments and equipment for measuring visual acuity and refractive error, function of visual pathways, visual fields, eye movements, freedom of vision and intraocular pressure;",0.255,Not Exposed,Not affected,0.24,predicted,2025
2267,3,Optometrists and Ophthalmic Opticians,"Detecting, diagnosing and managing eye disease, including prescribing medications for the treatment of eye disease;",0.215,Not Exposed,Not affected,0.24,predicted,2025
2267,4,Optometrists and Ophthalmic Opticians,Consulting  with and referring patients to ophthalmologists or other health professionals if additional medical treatment is necessary;,0.265,Not Exposed,Not affected,0.24,predicted,2025
2267,5,Optometrists and Ophthalmic Opticians,"Detecting and diagnosing eye movement disorders and defects of binocular function, and planning and managing treatment programmes, including counselling patients in eye exercises to coordinate movement and focusing of eyes;",0.185,Not Exposed,Not affected,0.24,predicted,2025
2267,6,Optometrists and Ophthalmic Opticians,"Prescribing corrective eyeglasses, contact lenses and other vision aids, and checking optical devices for performance, safety, comfort and lifestyle;",0.36,Not Exposed,Not affected,0.24,predicted,2025
2267,7,Optometrists and Ophthalmic Opticians,"Advising on visual health matters such as contact lens care, vision care for the elderly, optics, visual ergonomics, and occupational and industrial eye safety.",0.23,Not Exposed,Not affected,0.24,predicted,2025
2269,1,Health Professionals Not Elsewhere Classified,"Interviewing patients and conducting diagnostic tests  to determine their health status, functional limitations, and the nature of physical or mental disorders, illnesses or other health problems;",0.165,Not Exposed,Not affected,0.2,predicted,2025
2269,2,Health Professionals Not Elsewhere Classified,"Developing and implementing treatment plans for injuries, illnesses and other physical and mental impairments;",0.2,Not Exposed,Not affected,0.2,predicted,2025
2269,3,Health Professionals Not Elsewhere Classified,"Evaluating and documenting patients' progress through treatment plans, and referring patients and families to medical doctors or other health care providers for specialized, rehabilitative or other care services as needed;",0.295,Not Exposed,Not affected,0.2,predicted,2025
2269,4,Health Professionals Not Elsewhere Classified,"Administering therapeutic care and treatment to patients, including through application of manual and physical chiropractic and osteopathic techniques;",0.1075,Not Exposed,Not affected,0.2,predicted,2025
2269,5,Health Professionals Not Elsewhere Classified,"Recommending environmental adaptations in the home, leisure, work and school environments on an individual or group basis to enable individuals with functional limitations to perform their daily activities and occupations;",0.28,Not Exposed,Not affected,0.2,predicted,2025
2269,6,Health Professionals Not Elsewhere Classified,"Planning and implementing therapeutic programmes on an individual and group basis for improving and maintaining physical, cognitive, emotional and social functioning, including through the use of arts and crafts, dance and movement, music and other recreational activities;",0.255,Not Exposed,Not affected,0.2,predicted,2025
2269,7,Health Professionals Not Elsewhere Classified,"Identifying and prescribing treatments for conditions affecting the foot, ankle and related structures of the leg due to illness, disease or other physical impairment, and prescribing corrective footwear and advising on foot care to manage foot ailments;",0.165,Not Exposed,Not affected,0.2,predicted,2025
2269,8,Health Professionals Not Elsewhere Classified,Performing minor surgical procedures such as on the foot and ankles.,0.0925,Not Exposed,Not affected,0.2,predicted,2025
2341,1,Primary School Teachers,Preparing daily and longer term lesson plans in accordance with curriculum guidelines;,0.465,Not Exposed,Augmentation Potential,0.26,predicted,2025
2341,2,Primary School Teachers,"Instructing children individually and in groups, using various teaching methods and materials (e.g. computers, books, games), adapting to children‚Äôs varying needs;",0.195,Not Exposed,Augmentation Potential,0.26,predicted,2025
2341,3,Primary School Teachers,Maintaining discipline and good working habits in the classroom;,0.16,Not Exposed,Augmentation Potential,0.26,predicted,2025
2341,4,Primary School Teachers,"Planning and conduct activities with the children such as sporting activities, concerts and excursions;",0.2625,Not Exposed,Augmentation Potential,0.26,predicted,2025
2341,5,Primary School Teachers,Assigning and grading class work and homework;,0.3375,Not Exposed,Augmentation Potential,0.26,predicted,2025
2341,6,Primary School Teachers,"Preparing, administering, and grading tests and assignments to evaluate children‚Äôs progress;",0.285,Not Exposed,Augmentation Potential,0.26,predicted,2025
2341,7,Primary School Teachers,Observing and evaluating children‚Äôs performance and behaviour;,0.205,Not Exposed,Augmentation Potential,0.26,predicted,2025
2341,8,Primary School Teachers,"Supervising children during classes and at other times in the school day, including the playground during breaks;",0.1925,Not Exposed,Augmentation Potential,0.26,predicted,2025
2341,9,Primary School Teachers,"Participating in staff meetings and other sessions, and conferring with other teachers concerning educational issues;",0.25,Not Exposed,Augmentation Potential,0.26,predicted,2025
2341,10,Primary School Teachers,Preparing for and attending parent meetings to discuss children‚Äôs progress and problems.,0.26,Not Exposed,Augmentation Potential,0.26,predicted,2025
2342,1,Early Childhood Educators,"Planning and organizing individual and group activities designed to facilitate the development of children's motor skills, cooperative and social skills, confidence and understanding;",0.28,Not Exposed,Not affected,0.21,predicted,2025
2342,2,Early Childhood Educators,"Promoting language development through story-telling, role-play, songs, rhymes and informal conversations and discussions;",0.215,Not Exposed,Not affected,0.21,predicted,2025
2342,3,Early Childhood Educators,"Leading children in activities that provide opportunities for creative expression through the media of art, dramatic play, music and physical fitness;",0.1775,Not Exposed,Not affected,0.21,predicted,2025
2342,4,Early Childhood Educators,"Observing children in order to evaluate progress and to detect signs of developmental, emotional or health related problems;",0.19,Not Exposed,Not affected,0.21,predicted,2025
2342,5,Early Childhood Educators,"Observing and assessing nutritional health, welfare and safety needs of students and identifying factors which may impede students' progress;",0.25,Not Exposed,Not affected,0.21,predicted,2025
2342,6,Early Childhood Educators,Supervising children's activities to ensure safety and resolve conflicts;,0.18,Not Exposed,Not affected,0.21,predicted,2025
2342,7,Early Childhood Educators,"Guiding and assisting children in the development of proper eating, dressing and toilet habits;",0.11,Not Exposed,Not affected,0.21,predicted,2025
2342,8,Early Childhood Educators,Discussing progress or problems of children with parents and other staff members and identifying appropriate actions and referrals to other services;,0.245,Not Exposed,Not affected,0.21,predicted,2025
2342,9,Early Childhood Educators,Establishing and maintaining collaborative relationships with other service providers working with young children.,0.225,Not Exposed,Not affected,0.21,predicted,2025
2351,1,Education Methods Specialists,"Researching into current developments in curricula, teaching methods and other educational practices, and advising on necessary changes and possible improvements;",0.415,Exposed: Gradient 1,Augmentation Potential,0.39,predicted,2025
2351,2,Education Methods Specialists,Evaluating and advising on contents of courses and methods of examination;,0.485,Exposed: Gradient 1,Augmentation Potential,0.39,predicted,2025
2351,3,Education Methods Specialists,"Researching into audiovisual and other teaching aids and advising on, planning and organizing their introduction in educational establishments;",0.36,Exposed: Gradient 1,Augmentation Potential,0.39,predicted,2025
2351,4,Education Methods Specialists,"Documenting subjects and courses developed, and evaluating new courses;",0.5975,Exposed: Gradient 1,Augmentation Potential,0.39,predicted,2025
2351,5,Education Methods Specialists,"Providing ongoing professional development, training and consultative services to teachers;",0.335,Exposed: Gradient 1,Augmentation Potential,0.39,predicted,2025
2351,6,Education Methods Specialists,Organizing and conducting workshops and conferences to train teachers in new programmes and methods;,0.3,Exposed: Gradient 1,Augmentation Potential,0.39,predicted,2025
2351,7,Education Methods Specialists,"Developing the structure, content and objectives of new educational courses and programmes;",0.4975000000000001,Exposed: Gradient 1,Augmentation Potential,0.39,predicted,2025
2351,8,Education Methods Specialists,"Visiting schools periodically and conferring with administrative and teaching staff on questions relating to curricula, teaching methods, equipment and other matters;",0.27,Exposed: Gradient 1,Augmentation Potential,0.39,predicted,2025
2351,9,Education Methods Specialists,"Visiting classrooms to observe teaching techniques and to evaluate teachers performance, and scholastic results obtained;",0.235,Exposed: Gradient 1,Augmentation Potential,0.39,predicted,2025
2351,10,Education Methods Specialists,"Preparing reports and making recommendations to educational authorities concerning possible changes and improvements in curricula, teaching methods, and other matters.",0.435,Exposed: Gradient 1,Augmentation Potential,0.39,predicted,2025
2352,1,Special Needs Teachers,"Assessing students' abilities and limitations with regard to intellectual, physical, social and emotional impairments, exceptional intellectual gifts, or other specific problems;",0.2625,Not Exposed,Not affected,0.28,predicted,2025
2352,2,Special Needs Teachers,"Designing or modifying curricula and preparing and delivering programmes, lessons and activities adapted to students‚Äô abilities and needs;",0.315,Not Exposed,Not affected,0.28,predicted,2025
2352,3,Special Needs Teachers,Giving instruction on an individual or group basis using special techniques or aids appropriate to students‚Äô needs;,0.235,Not Exposed,Not affected,0.28,predicted,2025
2352,4,Special Needs Teachers,"Employing special educational strategies and techniques during instruction to improve the development of sensory- and perceptual-motor skills, language, cognition, and memory;",0.245,Not Exposed,Not affected,0.28,predicted,2025
2352,5,Special Needs Teachers,Establishing  and enforcing rules for behaviour and policies and procedures to maintain order among students;,0.255,Not Exposed,Not affected,0.28,predicted,2025
2352,6,Special Needs Teachers,"Teaching academic subjects and practical and self-help skills to students with  hearing, sight and other impairments;",0.1875,Not Exposed,Not affected,0.28,predicted,2025
2352,7,Special Needs Teachers,"Stimulating and developing students‚Äô confidence interests, abilities, manual skills and coordination;",0.23,Not Exposed,Not affected,0.28,predicted,2025
2352,8,Special Needs Teachers,Conferring with other staff members to plan and schedule lessons for special needs students;,0.24,Not Exposed,Not affected,0.28,predicted,2025
2352,9,Special Needs Teachers,Preparing and maintaining student data and other records and submitting reports;,0.565,Not Exposed,Not affected,0.28,predicted,2025
2352,10,Special Needs Teachers,Administering various forms of assessment and evaluating progress of each student;,0.335,Not Exposed,Not affected,0.28,predicted,2025
2352,11,Special Needs Teachers,"Conferring with students, parents, head teacher and other relevant professionals involved in the students‚Äô care to develop individual educational plans designed to promote students' development.",0.25,Not Exposed,Not affected,0.28,predicted,2025
2353,1,Other Language Teachers,"Assessing the level of ability and the extent of language difficulties of students,  and establishing students' needs and learning goals;",0.2875,Minimal Exposure,The Big Uknown,0.34,predicted,2025
2353,2,Other Language Teachers,"Planning, preparing and delivering lessons and workshops for groups and individuals with content and rate of progression adapted to students‚Äô abilities and needs;",0.255,Minimal Exposure,The Big Uknown,0.34,predicted,2025
2353,3,Other Language Teachers,Designing and producing teaching materials and adapting existing materials;,0.5,Minimal Exposure,The Big Uknown,0.34,predicted,2025
2353,4,Other Language Teachers,Assessing students' progress;,0.32,Minimal Exposure,The Big Uknown,0.34,predicted,2025
2353,5,Other Language Teachers,Assisting students in classroom settings where subjects are taught in a language other than the students‚Äô native language;,0.235,Minimal Exposure,The Big Uknown,0.34,predicted,2025
2353,6,Other Language Teachers,Providing assistance to other teachers by designing special teaching programmes for students still learning the main language of instruction;,0.265,Minimal Exposure,The Big Uknown,0.34,predicted,2025
2353,7,Other Language Teachers,"Assigning and correcting work, and preparing and grading exams;",0.515,Minimal Exposure,The Big Uknown,0.34,predicted,2025
2353,8,Other Language Teachers,"Assessing, recording and reporting on students‚Äô progress.",0.335,Minimal Exposure,The Big Uknown,0.34,predicted,2025
2411,1,Accountants,"Advising on, planning and installing budgetary, accounts controlling and other accounting policies and systems;",0.4625,Exposed: Gradient 3,The Big Uknown,0.51,predicted,2025
2411,2,Accountants,"Preparing and certifying financial statements for presentation to management, shareholders and statutory or other bodies;",0.65,Exposed: Gradient 3,The Big Uknown,0.51,predicted,2025
2411,3,Accountants,"Preparing tax returns, advising on taxation problems and contesting disputed claims before tax officials;",0.465,Exposed: Gradient 3,The Big Uknown,0.51,predicted,2025
2411,4,Accountants,Preparing or reporting on profit forecasts and budgets;,0.515,Exposed: Gradient 3,The Big Uknown,0.51,predicted,2025
2411,5,Accountants,"Conducting financial investigations in such matters as suspected fraud, insolvency and bankruptcy;",0.415,Exposed: Gradient 3,The Big Uknown,0.51,predicted,2025
2411,6,Accountants,Auditing accounts and bookkeeping records;,0.4335,Exposed: Gradient 3,The Big Uknown,0.51,predicted,2025
2411,7,Accountants,"Conducting investigations and advising management on financial aspects of productivity, stockholdings, sales, new products, etc.;",0.565,Exposed: Gradient 3,The Big Uknown,0.51,predicted,2025
2411,8,Accountants,Devising and controlling a system to determine unit cost of products and services.,0.6000000000000001,Exposed: Gradient 3,The Big Uknown,0.51,predicted,2025
2412,1,Financial and Investment Advisers,Building and maintaining a client base;,0.385,Exposed: Gradient 3,The Big Uknown,0.57,predicted,2025
2412,2,Financial and Investment Advisers,"Interviewing clients to determine financial status and objectives, risk tolerance and other information needed to develop financial plans and investment strategies;",0.635,Exposed: Gradient 3,The Big Uknown,0.57,predicted,2025
2412,3,Financial and Investment Advisers,"Setting financial objectives, and developing and implementing strategies for achieving the financial objectives;",0.4925,Exposed: Gradient 3,The Big Uknown,0.57,predicted,2025
2412,4,Financial and Investment Advisers,Arranging to buy and sell stocks and bonds for clients;,0.6625000000000001,Exposed: Gradient 3,The Big Uknown,0.57,predicted,2025
2412,5,Financial and Investment Advisers,"Monitoring investment performance, and reviewing and revising investment plans based on modified needs and changes in markets;",0.6225,Exposed: Gradient 3,The Big Uknown,0.57,predicted,2025
2412,6,Financial and Investment Advisers,Recommending and arranging insurance cover for clients.,0.65,Exposed: Gradient 3,The Big Uknown,0.57,predicted,2025
2413,1,Financial Analysts,"Analysing financial information to produce forecasts of business, industry, and economic conditions for use in making investment decisions;",0.645,Exposed: Gradient 4,The Big Uknown,0.62,predicted,2025
2413,2,Financial Analysts,"Maintaining knowledge and staying abreast of developments in the fields of industrial technology, business, finance, and economic theory;",0.46,Exposed: Gradient 4,The Big Uknown,0.62,predicted,2025
2413,3,Financial Analysts,"Interpreting data affecting investment programmes, such as price, yield, stability, future trends in investment risks and economic influences;",0.62,Exposed: Gradient 4,The Big Uknown,0.62,predicted,2025
2413,4,Financial Analysts,"Monitoring economic, industrial, and corporate developments through analysis of information obtained from financial publications and services, investment banking firms, government agencies, trade publications, company sources and personal interviews;",0.635,Exposed: Gradient 4,The Big Uknown,0.62,predicted,2025
2413,5,Financial Analysts,"Recommending investments and investment timing to companies, investment firm staff or the investing public;",0.635,Exposed: Gradient 4,The Big Uknown,0.62,predicted,2025
2413,6,Financial Analysts,Determining the prices at which securities should be syndicated and offered to the public;,0.635,Exposed: Gradient 4,The Big Uknown,0.62,predicted,2025
2413,7,Financial Analysts,Preparing plans of action for investment based on financial analyses;,0.6225,Exposed: Gradient 4,The Big Uknown,0.62,predicted,2025
2413,8,Financial Analysts,Evaluating and comparing the relative quality of various securities in a given industry;,0.635,Exposed: Gradient 4,The Big Uknown,0.62,predicted,2025
2413,9,Financial Analysts,"Presenting oral and written reports on general economic trends, individual corporations, and entire industries.",0.675,Exposed: Gradient 4,The Big Uknown,0.62,predicted,2025
2421,1,Management and Organization Analysts,"Assisting and encouraging the development of objectives, strategies and plans aimed at achieving customer satisfaction and the efficient use of organizations‚Äô resources;",0.385,Exposed: Gradient 2,The Big Uknown,0.46,predicted,2025
2421,2,Management and Organization Analysts,Analysing and evaluating current systems and structures;,0.405,Exposed: Gradient 2,The Big Uknown,0.46,predicted,2025
2421,3,Management and Organization Analysts,Discussing current systems with staff and observing systems at all levels of organization;,0.285,Exposed: Gradient 2,The Big Uknown,0.46,predicted,2025
2421,4,Management and Organization Analysts,Directing clients towards more efficient organization and developing solutions to organizational problems;,0.451,Exposed: Gradient 2,The Big Uknown,0.46,predicted,2025
2421,5,Management and Organization Analysts,Undertaking and reviewing work studies by analysing existing and proposed methods and procedures such as administrative and clerical procedures;,0.535,Exposed: Gradient 2,The Big Uknown,0.46,predicted,2025
2421,6,Management and Organization Analysts,"Recording and analysing organizations‚Äô workflow charts, records, reports, manuals and job descriptions;",0.585,Exposed: Gradient 2,The Big Uknown,0.46,predicted,2025
2421,7,Management and Organization Analysts,"Preparing and recommending proposals to revise methods and procedures, alter work flows, redefine job functions and resolve organizational problems;",0.47,Exposed: Gradient 2,The Big Uknown,0.46,predicted,2025
2421,8,Management and Organization Analysts,"Assisting in implementing approved recommendations, issuing revised instructions and procedure manuals, and drafting other documentation;",0.615,Exposed: Gradient 2,The Big Uknown,0.46,predicted,2025
2421,9,Management and Organization Analysts,Reviewing operating procedures and advising of departures from procedures and standards.,0.41,Exposed: Gradient 2,The Big Uknown,0.46,reconciled,2025
2422,1,Policy Administration Professionals,Liaising and consulting with programme administrators and other interested parties to identify policy needs;,0.31,Minimal Exposure,The Big Uknown,0.42,predicted,2025
2422,2,Policy Administration Professionals,Reviewing existing policies and legislation to identify anomalies and out-of-date provisions;,0.415,Minimal Exposure,The Big Uknown,0.42,predicted,2025
2422,3,Policy Administration Professionals,"Researching social, economic and industrial trends, and client expectations of programmes and services provided;",0.5,Minimal Exposure,The Big Uknown,0.42,predicted,2025
2422,4,Policy Administration Professionals,"Formulating and analysing policy options, preparing briefing papers and recommendations for policy changes, and advising on preferred options;",0.44,Minimal Exposure,The Big Uknown,0.42,predicted,2025
2422,5,Policy Administration Professionals,"Assessing impacts, financial implications, interactions with other programmes and political and administrative feasibility of policies;",0.39,Minimal Exposure,The Big Uknown,0.42,predicted,2025
2422,6,Policy Administration Professionals,Conducting threat and risk assessments and developing responses;,0.435,Minimal Exposure,The Big Uknown,0.42,predicted,2025
2422,7,Policy Administration Professionals,Reviewing operations and programmes to ensure consistency with policies of the organization.,0.435,Minimal Exposure,The Big Uknown,0.42,predicted,2025
2423,1,Personnel and Careers Professionals,"Advising on and performing personnel functions relating to employee recruitment, placement, training, promotion, compensation, and employee-management relations or other areas of personnel policy;",0.39,Exposed: Gradient 2,The Big Uknown,0.45,predicted,2025
2423,2,Personnel and Careers Professionals,"Studying and analysing jobs performed in an establishment by various means, including interviews with workers, supervisors and management, and writing detailed position, job or occupation descriptions from information obtained;",0.53,Exposed: Gradient 2,The Big Uknown,0.45,predicted,2025
2423,3,Personnel and Careers Professionals,Preparing occupational information or working on occupational classification systems;,0.505,Exposed: Gradient 2,The Big Uknown,0.45,predicted,2025
2423,4,Personnel and Careers Professionals,"Advising and working on the foregoing and other aspects of job and occupational analysis in such fields as personnel administration, workforce research and planning, training or occupational information and vocational guidance;",0.385,Exposed: Gradient 2,The Big Uknown,0.45,predicted,2025
2423,5,Personnel and Careers Professionals,"Studying and advising individuals on employment opportunities, career choices and further education or training that may be desirable.",0.43,Exposed: Gradient 2,The Big Uknown,0.45,predicted,2025
2424,1,Training and Staff Development Professionals,Identifying training needs and requirements of individuals and organizations;,0.35,Exposed: Gradient 2,The Big Uknown,0.41,predicted,2025
2424,2,Training and Staff Development Professionals,Setting human resource development objectives and evaluating learning outcomes;,0.365,Exposed: Gradient 2,The Big Uknown,0.41,predicted,2025
2424,3,Training and Staff Development Professionals,"Preparing and developing instructional training material and aids such as handbooks, visual aids, online tutorials, demonstration models and supporting training reference documentation;",0.485,Exposed: Gradient 2,The Big Uknown,0.41,predicted,2025
2424,4,Training and Staff Development Professionals,"Designing, coordinating, scheduling and conducting training and development programmes that can be delivered in the form of individual and group instruction, and facilitating workshops, meetings, demonstrations and conferences;",0.37,Exposed: Gradient 2,The Big Uknown,0.41,predicted,2025
2424,5,Training and Staff Development Professionals,Liaising with external training providers to arrange delivery of specific training and development programmes;,0.3525,Exposed: Gradient 2,The Big Uknown,0.41,predicted,2025
2424,6,Training and Staff Development Professionals,"Promoting internal and external training and development, and evaluating these promotional activities;",0.3775,Exposed: Gradient 2,The Big Uknown,0.41,predicted,2025
2424,7,Training and Staff Development Professionals,"Monitoring and performing ongoing evaluation and assessment of internal and external training quality and effectiveness, and reviewing and modifying training objectives, methods and course deliverables;",0.35,Exposed: Gradient 2,The Big Uknown,0.41,predicted,2025
2424,8,Training and Staff Development Professionals,"Gathering, investigating and researching background materials to gain an understanding of various subject matters and systems.",0.605,Exposed: Gradient 2,The Big Uknown,0.41,predicted,2025
2431,1,Advertising and Marketing Professionals,"Planning, developing and organizing advertising policies and campaigns to support sales objectives;",0.51,Exposed: Gradient 3,The Big Uknown,0.55,predicted,2025
2431,2,Advertising and Marketing Professionals,"Advising managers and clients on strategies and campaigns to reach target markets, creating consumer awareness and effectively promoting the attributes of goods and services;",0.465,Exposed: Gradient 3,The Big Uknown,0.55,predicted,2025
2431,3,Advertising and Marketing Professionals,"Writing advertising copy and media scripts, and arranging television and film production and media placement;",0.665,Exposed: Gradient 3,The Big Uknown,0.55,predicted,2025
2431,4,Advertising and Marketing Professionals,Collecting and analysing data regarding consumer patterns and preferences;,0.65,Exposed: Gradient 3,The Big Uknown,0.55,predicted,2025
2431,5,Advertising and Marketing Professionals,Interpreting and predicting current and future consumer trends;,0.585,Exposed: Gradient 3,The Big Uknown,0.55,predicted,2025
2431,6,Advertising and Marketing Professionals,Researching potential demand and market characteristics for new goods and services;,0.6100000000000001,Exposed: Gradient 3,The Big Uknown,0.55,predicted,2025
2431,7,Advertising and Marketing Professionals,"Supporting business growth and development through the preparation and execution of marketing objectives, policies and programmes;",0.465,Exposed: Gradient 3,The Big Uknown,0.55,predicted,2025
2431,8,Advertising and Marketing Professionals,Commissioning and undertaking market research to identify market opportunities for new and existing goods and services;,0.605,Exposed: Gradient 3,The Big Uknown,0.55,predicted,2025
2431,9,Advertising and Marketing Professionals,"Advising on all elements of marketing such as product mix, pricing, advertising and sales promotion, selling and distribution channels.",0.4375,Exposed: Gradient 3,The Big Uknown,0.55,predicted,2025
2432,1,Public Relations Professionals,Planning and organizing publicity campaigns and communication strategies;,0.44,Exposed: Gradient 2,Not affected,0.43,predicted,2025
2432,2,Public Relations Professionals,"Advising executives on the public relations implications of their policies, programmes and practices preparing and controlling the issue of news and press releases;",0.485,Exposed: Gradient 2,Not affected,0.43,predicted,2025
2432,3,Public Relations Professionals,"Undertaking and commissioning public opinion research, analysing the findings and planning public relations and promotional campaigns;",0.585,Exposed: Gradient 2,Not affected,0.43,predicted,2025
2432,4,Public Relations Professionals,"Organizing special events, seminars, entertainment, competitions and social functions to promote goodwill and favourable publicity;",0.3325,Exposed: Gradient 2,Not affected,0.43,predicted,2025
2432,5,Public Relations Professionals,Representing organizations and arranging interviews with publicity media;,0.465,Exposed: Gradient 2,Not affected,0.43,predicted,2025
2432,6,Public Relations Professionals,"Attending business, social and other functions to promote the organization;",0.33,Exposed: Gradient 2,Not affected,0.43,predicted,2025
2432,7,Public Relations Professionals,Commissioning and obtaining photographs and other illustrative material;,0.335,Exposed: Gradient 2,Not affected,0.43,predicted,2025
2432,8,Public Relations Professionals,"Selecting, appraising and revising material submitted by publicity writers, photographers, illustrators and others to create favourable publicity.",0.48,Exposed: Gradient 2,Not affected,0.43,predicted,2025
2433,1,Technical and Medical Sales Professionals (excluding ICT),Compiling lists of prospective client businesses using directories and other sources;,0.65,Exposed: Gradient 3,The Big Uknown,0.5,predicted,2025
2433,2,Technical and Medical Sales Professionals (excluding ICT),"Acquiring and updating knowledge of employers‚Äô and competitors‚Äô goods and services, and market conditions;",0.66,Exposed: Gradient 3,The Big Uknown,0.5,predicted,2025
2433,3,Technical and Medical Sales Professionals (excluding ICT),Visiting regular and prospective client businesses to establish and act on selling opportunities;,0.3625,Exposed: Gradient 3,The Big Uknown,0.5,predicted,2025
2433,4,Technical and Medical Sales Professionals (excluding ICT),Assessing clients' needs and resources and recommending appropriate goods or services;,0.459,Exposed: Gradient 3,The Big Uknown,0.5,predicted,2025
2433,5,Technical and Medical Sales Professionals (excluding ICT),Providing input to product design where goods or services must be tailored to suit clients‚Äô needs;,0.42,Exposed: Gradient 3,The Big Uknown,0.5,predicted,2025
2433,6,Technical and Medical Sales Professionals (excluding ICT),Developing reports and proposals as part of sales presentation to demonstrate benefits from use of goods or service;,0.595,Exposed: Gradient 3,The Big Uknown,0.5,predicted,2025
2433,7,Technical and Medical Sales Professionals (excluding ICT),Estimating costs of installing and maintaining equipment or service;,0.35,Exposed: Gradient 3,The Big Uknown,0.5,predicted,2025
2433,8,Technical and Medical Sales Professionals (excluding ICT),"Monitoring customers‚Äô changing needs and competitor activity, and reporting these developments to sales management;",0.5,Exposed: Gradient 3,The Big Uknown,0.5,predicted,2025
2433,9,Technical and Medical Sales Professionals (excluding ICT),"Quoting and negotiating prices and credit terms, and preparing and administering sales contracts;",0.485,Exposed: Gradient 3,The Big Uknown,0.5,predicted,2025
2433,10,Technical and Medical Sales Professionals (excluding ICT),"Arranging delivery of goods, installation of equipment and the provision of services;",0.505,Exposed: Gradient 3,The Big Uknown,0.5,predicted,2025
2433,11,Technical and Medical Sales Professionals (excluding ICT),Reporting to sales management on sales made and the marketability of goods and services;,0.525,Exposed: Gradient 3,The Big Uknown,0.5,predicted,2025
2433,12,Technical and Medical Sales Professionals (excluding ICT),Consulting with clients after sale to ensure a satisfactory resolution of any problems and provide ongoing support.,0.48,Exposed: Gradient 3,The Big Uknown,0.5,predicted,2025
2434,1,Information and Communications Technology Sales Professionals,"Soliciting orders and selling goods to retail, industrial, wholesale and other establishments;",0.4725,Exposed: Gradient 3,The Big Uknown,0.51,predicted,2025
2434,2,Information and Communications Technology Sales Professionals,"Selling technical equipment, supplies and related services to business establishments or individuals;",0.45,Exposed: Gradient 3,The Big Uknown,0.51,predicted,2025
2434,3,Information and Communications Technology Sales Professionals,"Discussing the needs of new and existing customers and providing specialized information about how particular equipment, supplies and services meet those needs;",0.48,Exposed: Gradient 3,The Big Uknown,0.51,predicted,2025
2434,4,Information and Communications Technology Sales Professionals,"Quoting and negotiating prices and credit terms, and completing contracts and recording orders;",0.515,Exposed: Gradient 3,The Big Uknown,0.51,predicted,2025
2434,5,Information and Communications Technology Sales Professionals,Updating customer records and preparing sales reports;,0.65,Exposed: Gradient 3,The Big Uknown,0.51,predicted,2025
2434,6,Information and Communications Technology Sales Professionals,"Arranging delivery of goods, installation of equipment and the provision of services;",0.4,Exposed: Gradient 3,The Big Uknown,0.51,predicted,2025
2434,7,Information and Communications Technology Sales Professionals,Reporting customers' reactions and requirements to manufacturers.,0.62,Exposed: Gradient 3,The Big Uknown,0.51,predicted,2025
2511,1,Systems Analysts,Consulting with users to formulate and document requirements and with management to ensure agreement on systems principles;,0.495,Exposed: Gradient 2,Not affected,0.49,predicted,2025
2511,2,Systems Analysts,"Identifying and analysing business processes, procedures and work practices;",0.455,Exposed: Gradient 2,Not affected,0.49,predicted,2025
2511,3,Systems Analysts,Identifying and evaluating inefficiencies and recommending optimal business practices and system functionality and behaviour;,0.485,Exposed: Gradient 2,Not affected,0.49,predicted,2025
2511,4,Systems Analysts,"Taking responsibility for deploying functional solutions, such as creating, adopting and implementing system test plans;",0.45,Exposed: Gradient 2,Not affected,0.49,predicted,2025
2511,5,Systems Analysts,Developing functional specifications for use by systems developers;,0.5625,Exposed: Gradient 2,Not affected,0.49,predicted,2025
2511,6,Systems Analysts,Expanding or modifying systems to improve workflow or serve new purposes;,0.435,Exposed: Gradient 2,Not affected,0.49,predicted,2025
2511,7,Systems Analysts,Coordinating and linking the computer systems within an organization to increase compatibility.,0.5475000000000001,Exposed: Gradient 2,Not affected,0.49,predicted,2025
2512,1,Software Developers,"Researching, analysing and evaluating requirements for software applications and operating systems;",0.605,Exposed: Gradient 3,Not affected,0.53,predicted,2025
2512,2,Software Developers,"Researching, designing, and developing computer software systems;",0.5,Exposed: Gradient 3,Not affected,0.53,reconciled,2025
2512,3,Software Developers,Consulting with engineering staff to evaluate interfaces between hardware and software;,0.4525,Exposed: Gradient 3,Not affected,0.53,predicted,2025
2512,4,Software Developers,Developing and directing software testing and validation procedures;,0.655,Exposed: Gradient 3,Not affected,0.53,predicted,2025
2512,5,Software Developers,"Modifying existing software to correct errors, to adapt it to new hardware or to upgrade interfaces and improve performance;",0.5,Exposed: Gradient 3,Not affected,0.53,predicted,2025
2512,6,Software Developers,Directing software programming and development of documentation;,0.52,Exposed: Gradient 3,Not affected,0.53,reconciled,2025
2512,7,Software Developers,"Assessing, developing, upgrading and documenting maintenance procedures for operating systems, communications environments and applications software;",0.53,Exposed: Gradient 3,Not affected,0.53,reconciled,2025
2512,8,Software Developers,Consulting with customers concerning maintenance of software system.,0.45,Exposed: Gradient 3,Not affected,0.53,predicted,2025
2513,1,Web and Multimedia Developers,"Analysing, designing and developing Internet sites by applying a mixture of artistry and creativity with software programming and scripting languages and interfacing with operating environments;",0.65,Exposed: Gradient 4,Not affected,0.6,predicted,2025
2513,2,Web and Multimedia Developers,"Designing and developing digital animations, imaging, presentations, games, audio and video clips, and Internet applications using multimedia software, tools and utilities, interactive graphics and programming languages;",0.66,Exposed: Gradient 4,Not affected,0.6,predicted,2025
2513,3,Web and Multimedia Developers,"Communicating with network specialists regarding web-related issues, such as security and hosting web sites, to control and enforce Internet and web server security, space allocation, user access, business continuity, web site backup and disaster recovery planning;",0.48,Exposed: Gradient 4,Not affected,0.6,predicted,2025
2513,4,Web and Multimedia Developers,"Designing, developing and integrating computer code with other specialised inputs, such as image files, audio files and scripting languages, to produce, maintain and support web sites;",0.6675,Exposed: Gradient 4,Not affected,0.6,predicted,2025
2513,5,Web and Multimedia Developers,"Assisting in analysing, specifying and developing Internet strategies, web-based methodologies and development plans.",0.565,Exposed: Gradient 4,Not affected,0.6,predicted,2025
2514,1,Applications Programmers,Writing and maintaining programme code outlined in instructions and specifications in accordance with quality accredited standards;,0.685,Exposed: Gradient 3,Automation Potential,0.57,predicted,2025
2514,2,Applications Programmers,"Revising, repairing or expanding existing programmes to increase operating efficiency or adapt to new requirements;",0.555,Exposed: Gradient 3,Automation Potential,0.57,predicted,2025
2514,3,Applications Programmers,Conducting trial runs of programmes and software applications to confirm that they will produce the desired information;,0.535,Exposed: Gradient 3,Automation Potential,0.57,predicted,2025
2514,4,Applications Programmers,Compiling and writing documentation of programme development;,0.615,Exposed: Gradient 3,Automation Potential,0.57,predicted,2025
2514,5,Applications Programmers,"Identifying and communicating technical problems, processes and solutions.",0.465,Exposed: Gradient 3,Automation Potential,0.57,predicted,2025
2519,1,Software and Applications Developers and Analysts Not Elsewhere Classified,Developing and documenting software testing plans;,0.665,Exposed: Gradient 3,Augmentation Potential,0.55,predicted,2025
2519,2,Software and Applications Developers and Analysts Not Elsewhere Classified,Installing software and hardware and configuring operating system software in preparation for testing;,0.35,Exposed: Gradient 3,Augmentation Potential,0.55,predicted,2025
2519,3,Software and Applications Developers and Analysts Not Elsewhere Classified,Verifying that programmes function according to user requirements and established guidelines;,0.396,Exposed: Gradient 3,Augmentation Potential,0.55,predicted,2025
2519,4,Software and Applications Developers and Analysts Not Elsewhere Classified,"Executing, analysing and documenting results of software application tests and information and telecommunication systems tests;",0.6625000000000001,Exposed: Gradient 3,Augmentation Potential,0.55,predicted,2025
2519,5,Software and Applications Developers and Analysts Not Elsewhere Classified,"Developing and implementing software and information system testing policies, procedures and scripts.",0.6775,Exposed: Gradient 3,Augmentation Potential,0.55,predicted,2025
2521,1,Database Designers and Administrators,"Designing and developing database architecture, data structures, tables, dictionaries and naming conventions for information systems projects;",0.625,Exposed: Gradient 3,Not affected,0.57,predicted,2025
2521,2,Database Designers and Administrators,"Designing, constructing, modifying, integrating, implementing and testing database management systems;",0.665,Exposed: Gradient 3,Not affected,0.57,predicted,2025
2521,3,Database Designers and Administrators,"Conducting research and providing advice on the selection, application and implementation of database management tools;",0.5349999999999999,Exposed: Gradient 3,Not affected,0.57,predicted,2025
2521,4,Database Designers and Administrators,"Developing and implementing data administration policy, documentation, standards and models;",0.53,Exposed: Gradient 3,Not affected,0.57,reconciled,2025
2521,5,Database Designers and Administrators,Developing policies and procedures for database access and usage and for the backup and recovery of data;,0.615,Exposed: Gradient 3,Not affected,0.57,predicted,2025
2521,6,Database Designers and Administrators,"Performing the operational establishment and preventive maintenance of backups, recovery procedures, and enforcing security and integrity controls.",0.435,Exposed: Gradient 3,Not affected,0.57,predicted,2025
2522,1,Systems Aministrators,"Maintaining and administering computer networks and related computing environments including computer hardware, systems software, applications software and all configurations;",0.585,Exposed: Gradient 3,The Big Uknown,0.57,predicted,2025
2522,2,Systems Aministrators,"Recommending changes to improve systems and network configurations, and determining hardware or software requirements related to such changes;",0.61,Exposed: Gradient 3,The Big Uknown,0.57,predicted,2025
2522,3,Systems Aministrators,Diagnosing hardware and software problems;,0.475,Exposed: Gradient 3,The Big Uknown,0.57,predicted,2025
2522,4,Systems Aministrators,Performing data backups and disaster recovery operations;,0.575,Exposed: Gradient 3,The Big Uknown,0.57,predicted,2025
2522,5,Systems Aministrators,"Operating master consoles to monitor the performance of computer systems and networks, and to coordinate computer network access and use.",0.585,Exposed: Gradient 3,The Big Uknown,0.57,predicted,2025
2523,1,Computer Network Professionals,"Analysing, developing, interpreting and evaluating complex system design and architecture specifications, data models and diagrams in the development, configuration and integration of computer systems;",0.585,Exposed: Gradient 3,Augmentation Potential,0.52,predicted,2025
2523,2,Computer Network Professionals,"Researching, analysing, evaluating and monitoring network infrastructure to ensure networks are configured to operate at optimal performance;",0.53,Exposed: Gradient 3,Augmentation Potential,0.52,predicted,2025
2523,3,Computer Network Professionals,"Assessing and recommending improvements to network operations and integrated hardware, software, communications and operating systems;",0.565,Exposed: Gradient 3,Augmentation Potential,0.52,predicted,2025
2523,4,Computer Network Professionals,Providing specialist skills in supporting and troubleshooting network problems and emergencies;,0.435,Exposed: Gradient 3,Augmentation Potential,0.52,predicted,2025
2523,5,Computer Network Professionals,"Installing, configuring, testing, maintaining and administering new and upgraded networks, software database applications, servers and workstations;",0.45,Exposed: Gradient 3,Augmentation Potential,0.52,predicted,2025
2523,6,Computer Network Professionals,"Preparing and maintaining procedures and documentation for network inventory, and recording diagnosis and resolution of network faults, enhancements and modifications to networks and maintenance instructions;",0.565,Exposed: Gradient 3,Augmentation Potential,0.52,predicted,2025
2523,7,Computer Network Professionals,"Monitoring network traffic and activity, capacity and usage to ensure continued integrity and optimal network performance.",0.48,Exposed: Gradient 3,Augmentation Potential,0.52,predicted,2025
2611,1,Lawyers,Giving clients legal advice on a wide variety of subjects and undertaking legal business on clients‚Äô behalf;,0.3175,Minimal Exposure,Not affected,0.36,predicted,2025
2611,2,Lawyers,"Researching legal principles, statutes and previous court decisions related to specific cases;",0.4,Minimal Exposure,Not affected,0.36,predicted,2025
2611,3,Lawyers,"Gathering evidence to formulate a defence or to initiate legal actions, by such means as interviewing clients and witnesses to ascertain the facts of a case;",0.32,Minimal Exposure,Not affected,0.36,predicted,2025
2611,4,Lawyers,Evaluating findings and develop strategies and arguments in preparation for presentation of cases;,0.565,Minimal Exposure,Not affected,0.36,predicted,2025
2611,5,Lawyers,"Pleading clients‚Äô cases before courts of law, tribunals and administrative boards or instructing barristers to plead in higher courts of justice;",0.3,Minimal Exposure,Not affected,0.36,predicted,2025
2611,6,Lawyers,Accepting briefs and pleading in the higher court;,0.32,Minimal Exposure,Not affected,0.36,predicted,2025
2611,7,Lawyers,Acting as prosecutor on behalf of the Government;,0.25,Minimal Exposure,Not affected,0.36,predicted,2025
2611,8,Lawyers,Negotiating settlements in matters which involve legal disputes;,0.335,Minimal Exposure,Not affected,0.36,predicted,2025
2611,9,Lawyers,Drafting legislation and preparing government regulations based on existing laws;,0.365,Minimal Exposure,Not affected,0.36,predicted,2025
2611,10,Lawyers,"Drawing up legal documents such as contracts, real estate transactions and wills and preparing statements of legal opinions.",0.46,Minimal Exposure,Not affected,0.36,predicted,2025
2612,1,Judges,Presiding over trials and hearings;,0.15,Not Exposed,Not affected,0.31,predicted,2025
2612,2,Judges,Interpreting and enforcing rules of procedure and making rulings regarding the admissibility of evidence;,0.33,Not Exposed,Not affected,0.31,predicted,2025
2612,3,Judges,"Determining the rights and obligations of the parties involved, and, in cases tried by jury;",0.355,Not Exposed,Not affected,0.31,predicted,2025
2612,4,Judges,Instructing the jury on points of law that are applicable to the case;,0.35,Not Exposed,Not affected,0.31,predicted,2025
2612,5,Judges,Weighing and considering evidence in non-jury trials and deciding legal guilt or innocence or degree of liability of the accused or defendant;,0.325,Not Exposed,Not affected,0.31,predicted,2025
2612,6,Judges,"Passing sentence on persons convicted in criminal cases, determining damages or other appropriate remedy in civil cases and issuing court orders;",0.265,Not Exposed,Not affected,0.31,predicted,2025
2612,7,Judges,Researching legal issues and writing opinions on the issues.,0.4125,Not Exposed,Not affected,0.31,predicted,2025
2619,1,Legal Professionals Not Elsewhere Classified,"Giving advice on legal aspects of various personal, business and administrative problems;",0.4,Minimal Exposure,Not affected,0.37,predicted,2025
2619,2,Legal Professionals Not Elsewhere Classified,Drawing up legal documents and contracts;,0.4,Minimal Exposure,Not affected,0.37,predicted,2025
2619,3,Legal Professionals Not Elsewhere Classified,Arranging property transfers;,0.4475,Minimal Exposure,Not affected,0.37,predicted,2025
2619,4,Legal Professionals Not Elsewhere Classified,"Determining, by inquest, the causes of any death not obviously due to natural causes.",0.244,Minimal Exposure,Not affected,0.37,predicted,2025
3111,1,Chemical and Physical Science Technicians,"Collecting samples and preparing materials and equipment for experiments, tests and analyses;",0.17,Not Exposed,Not affected,0.26,predicted,2025
3111,2,Chemical and Physical Science Technicians,"Carrying out routine laboratory tests and performing a variety of technical support functions to assist chemical and physical scientists in research, development, analysis and testing;",0.2575,Not Exposed,Not affected,0.26,predicted,2025
3111,3,Chemical and Physical Science Technicians,"Controlling the quality and quantity of laboratory supplies by testing samples and monitoring usage and preparing detailed estimates of quantities and costs of materials and labour required for projects, according to the specifications given;",0.4125,Not Exposed,Not affected,0.26,predicted,2025
3111,4,Chemical and Physical Science Technicians,"Setting up, operating, and maintaining laboratory instruments and equipment, monitoring experiments, making observations, and calculating and recording results;",0.2875,Not Exposed,Not affected,0.26,predicted,2025
3111,5,Chemical and Physical Science Technicians,Preparing materials for experimentation such as freezing and slicing specimens and mixing chemicals;,0.1475,Not Exposed,Not affected,0.26,predicted,2025
3111,6,Chemical and Physical Science Technicians,"Collecting and testing earth and water samples, recording observations and analysing data in support of geologists or geophysicists.",0.27,Not Exposed,Not affected,0.26,predicted,2025
3112,1,Civil Engineering Technicians,Performing or assisting with field and laboratory tests of soils and construction materials;,0.195,Not Exposed,Not affected,0.28,predicted,2025
3112,2,Civil Engineering Technicians,"Providing technical assistance connected with the construction of buildings and other structures, and with surveys or the preparation of survey reports;",0.3575,Not Exposed,Not affected,0.28,predicted,2025
3112,3,Civil Engineering Technicians,"Ensuring compliance with design specifications, relevant legislation and regulations, and maintenance of desired standards of materials and work;",0.305,Not Exposed,Not affected,0.28,predicted,2025
3112,4,Civil Engineering Technicians,Applying technical knowledge of building and civil engineering principles and practices in order to identify and solve problems arising;,0.285,Not Exposed,Not affected,0.28,predicted,2025
3112,5,Civil Engineering Technicians,"Assisting with the preparation of detailed estimates of quantities and costs of materials and labour required for projects, according to the specifications given;",0.41,Not Exposed,Not affected,0.28,predicted,2025
3112,6,Civil Engineering Technicians,Organizing maintenance and repairs;,0.17,Not Exposed,Not affected,0.28,predicted,2025
3112,7,Civil Engineering Technicians,"Inspecting buildings and structures during and after construction to ensure that they comply with building, grading, zoning and safety laws and approved plans, specifications and standards, as well as with other rules concerning quality and safety of buildings;",0.26,Not Exposed,Not affected,0.28,predicted,2025
3112,8,Civil Engineering Technicians,"Inspecting industrial plant, hotels, cinemas and other buildings and structures to detect fire hazards and advise on how they can be removed;",0.24,Not Exposed,Not affected,0.28,predicted,2025
3112,9,Civil Engineering Technicians,"Advising on the installation of fire detectors and sprinkler systems and the use of materials in the construction of buildings, and means of transportation to reduce risk of fire and extent of damage and danger if fire occurs.",0.265,Not Exposed,Not affected,0.28,predicted,2025
3113,1,Electrical Engineering Technicians,"Providing technical assistance in research on and development of electrical equipment and facilities, or testing prototypes;",0.3125,Not Exposed,Not affected,0.27,predicted,2025
3113,2,Electrical Engineering Technicians,Designing and preparing blueprints of electrical installations and circuitry according to the specifications given;,0.295,Not Exposed,Not affected,0.27,predicted,2025
3113,3,Electrical Engineering Technicians,"Preparing detailed estimates of quantities and costs of materials and labour required for manufacture and installation, according to the specifications given;",0.3,Not Exposed,Not affected,0.27,predicted,2025
3113,4,Electrical Engineering Technicians,"Monitoring technical aspects of the manufacture, installation, utilization, maintenance and repair of electrical systems and equipment to ensure satisfactory performance and compliance with specifications and regulations;",0.28,Not Exposed,Not affected,0.27,predicted,2025
3113,5,Electrical Engineering Technicians,"Planning installation methods, checking completed installation for safety and controls or undertaking the initial running of the new electrical equipment or systems;",0.25,Not Exposed,Not affected,0.27,predicted,2025
3113,6,Electrical Engineering Technicians,"Assembling, installing, testing, calibrating, modifying and repairing electrical equipment and installations to conform with regulations and safety requirements.",0.184,Not Exposed,Not affected,0.27,predicted,2025
3114,1,Electronics Engineering Technicians,"Providing technical assistance in research and development of electronic equipment, or testing prototypes;",0.335,Minimal Exposure,Not affected,0.38,predicted,2025
3114,2,Electronics Engineering Technicians,Designing and preparing blueprints of electronic circuitry according to the specifications given;,0.575,Minimal Exposure,Not affected,0.38,predicted,2025
3114,3,Electronics Engineering Technicians,"Preparing detailed estimates of quantities and costs of materials and labour required for the manufacture and installation of electronic equipment, according to the specifications given;",0.46,Minimal Exposure,Not affected,0.38,predicted,2025
3114,4,Electronics Engineering Technicians,"Monitoring technical aspects of the manufacture, utilization, maintenance and repair of electronic equipment to ensure satisfactory performance and ensure compliance with specifications and regulations;",0.3525,Minimal Exposure,Not affected,0.38,predicted,2025
3114,5,Electronics Engineering Technicians,"Assisting in the design, development, installation, operation and maintenance of electronic systems;",0.35,Minimal Exposure,Not affected,0.38,predicted,2025
3114,6,Electronics Engineering Technicians,"Planning installation methods, checking completed installation for safety and controls or undertaking the initial running of the new electronic equipment or system;",0.2525,Minimal Exposure,Not affected,0.38,predicted,2025
3114,7,Electronics Engineering Technicians,"Conducting tests of electronic systems, collecting and analysing data, and assembling circuitry in support of electronics engineers.",0.3325,Minimal Exposure,Not affected,0.38,predicted,2025
3115,1,Mechanical Engineering Technicians,"Providing technical assistance in research on and development of machines and mechanical installations, facilities and components, or testing prototypes;",0.275,Not Exposed,Not affected,0.26,predicted,2025
3115,2,Mechanical Engineering Technicians,"Designing and preparing layouts of machines and mechanical installations, facilities and components according to the specifications given;",0.285,Not Exposed,Not affected,0.26,predicted,2025
3115,3,Mechanical Engineering Technicians,Preparing detailed estimates of quantities and costs of materials and labour required for manufacture and installation according to the specifications given;,0.415,Not Exposed,Not affected,0.26,predicted,2025
3115,4,Mechanical Engineering Technicians,"Monitoring technical aspects of manufacture, utilization, maintenance and repair of machines and mechanical installations, facilities and components to ensure satisfactory performance and compliance with specifications and regulations;",0.2625,Not Exposed,Not affected,0.26,predicted,2025
3115,5,Mechanical Engineering Technicians,"Developing and monitoring the implementation of safety standards and procedures for marine survey work in relation to ships' hulls, equipment and cargoes;",0.25,Not Exposed,Not affected,0.26,predicted,2025
3115,6,Mechanical Engineering Technicians,"Assembling and installing new and modified mechanical assemblies, components, machine tools and controls, and hydraulic power systems;",0.1375,Not Exposed,Not affected,0.26,predicted,2025
3115,7,Mechanical Engineering Technicians,"Conducting tests of mechanical systems, collecting and analysing data and assembling and installing mechanical assemblies in support of mechanical engineers;",0.1775,Not Exposed,Not affected,0.26,predicted,2025
3115,8,Mechanical Engineering Technicians,"Ensuring that mechanical engineering designs and finished work are within specifications, regulations and contract provisions.",0.3125,Not Exposed,Not affected,0.26,predicted,2025
3116,1,Chemical Engineering Technicians,"Assisting in research on and development of industrial chemical processes, plant and equipment, or testing prototypes;",0.335,Not Exposed,Augmentation Potential,0.32,predicted,2025
3116,2,Chemical Engineering Technicians,Designing and preparing layouts of chemical plants according to the specifications given;,0.295,Not Exposed,Augmentation Potential,0.32,predicted,2025
3116,3,Chemical Engineering Technicians,"Preparing detailed estimates of quantities and costs of materials and labour required for manufacture and installation, according to the specifications given;",0.33,Not Exposed,Augmentation Potential,0.32,predicted,2025
3116,4,Chemical Engineering Technicians,"Monitoring technical aspects of the construction, installation, operation, maintenance and repair of chemical plants to ensure satisfactory performance and compliance with specifications and regulations;",0.305,Not Exposed,Augmentation Potential,0.32,predicted,2025
3116,5,Chemical Engineering Technicians,"Conducting chemical and physical laboratory tests to assist scientists and engineers in making qualitative and quantitative analyses of solids, liquids, and gaseous materials.",0.352,Not Exposed,Augmentation Potential,0.32,predicted,2025
3117,1,Mining and metallurgical technicians,Providing technical assistance to aid in research on and development of processes to determine the properties of metals and new alloys;,0.315,Not Exposed,Not affected,0.28,predicted,2025
3117,2,Mining and metallurgical technicians,"Providing technical assistance in geological and topographical surveys, and in the design and layout of oil, natural gas and mineral ore extraction and transportation systems, and processing and refining plants for minerals and metals;",0.3025,Not Exposed,Not affected,0.28,predicted,2025
3117,3,Mining and metallurgical technicians,"Preparing detailed estimates of quantities and costs of materials and labour required for mineral, oil and natural gas exploration, extraction, processing and transport projects;",0.4,Not Exposed,Not affected,0.28,predicted,2025
3117,4,Mining and metallurgical technicians,"Monitoring technical, regulatory and safety aspects of the construction, installation, operation, maintenance and repair of mineral ore, oil and natural gas exploration, extraction, transport and storage installations and of mineral processing plants;",0.235,Not Exposed,Not affected,0.28,predicted,2025
3117,5,Mining and metallurgical technicians,"Helping plan and design mines, mine shafts, tunnels and underground first-aid facilities;",0.2,Not Exposed,Not affected,0.28,predicted,2025
3117,6,Mining and metallurgical technicians,"Collecting and preparing rock, mineral and metal samples, performing laboratory tests to determine properties, analysing and reporting test results and maintaining testing equipment;",0.235,Not Exposed,Not affected,0.28,predicted,2025
3117,7,Mining and metallurgical technicians,"Using microscopes, electromagnetic irradiation machines, spectrometers, spectrographs, densitometers and tension testing machines;",0.26,Not Exposed,Not affected,0.28,predicted,2025
3117,8,Mining and metallurgical technicians,"Assisting scientists in the use of electrical, sonic or nuclear measuring instruments in both laboratory and production activities to obtain data indicating potential sources of metallic ore, gas, or petroleum.",0.31,Not Exposed,Not affected,0.28,predicted,2025
3118,1,Draughtspersons,"Preparing and revising working drawings from sketches and specifications prepared by engineers and designers for the manufacture, installation and erection of machinery and equipment or for the construction, modification, maintenance and repair of buildings, dams, bridges, roads and other architectural and civil engineering projects;",0.38,Minimal Exposure,The Big Uknown,0.35,predicted,2025
3118,2,Draughtspersons,"Operating computer-aided design and drafting equipment to create, modify and generate hard-copy and digital representations of working drawings;",0.475,Minimal Exposure,The Big Uknown,0.35,predicted,2025
3118,3,Draughtspersons,"Operating digitizing table or similar equipment to transfer hard-copy representation of working drawings, maps and other curves to digital form;",0.4625,Minimal Exposure,The Big Uknown,0.35,predicted,2025
3118,4,Draughtspersons,"Preparing and revising illustrations for reference works, brochures and technical manuals dealing with the assembly, installation, operation, maintenance and repair of machinery and other equipment and goods;",0.315,Minimal Exposure,The Big Uknown,0.35,predicted,2025
3118,5,Draughtspersons,Copying drawings and paintings onto stone or metal plates for printing;,0.1475,Minimal Exposure,The Big Uknown,0.35,predicted,2025
3118,6,Draughtspersons,"Preparing wiring diagrams, circuit board assembly diagrams and layout drawings used for manufacture, installation and repair of electrical equipment in factories, power plants, and buildings;",0.275,Minimal Exposure,The Big Uknown,0.35,predicted,2025
3118,7,Draughtspersons,"Creating detailed working diagrams of machinery and mechanical devices, including dimensions, fastening methods and other engineering information;",0.3375,Minimal Exposure,The Big Uknown,0.35,predicted,2025
3118,8,Draughtspersons,Arranging for completed drawings to be reproduced for use as working drawings.,0.3875,Minimal Exposure,The Big Uknown,0.35,predicted,2025
3119,1,Physical and Engineering Science Technicians Not Elsewhere Classified,"Collecting data and providing technical assistance regarding: efficient, safe and economic utilization of personnel, material and equipment; methods of work and sequence of operations and supervision of their implementation; and efficient layout of plant or establishment;",0.315,Not Exposed,The Big Uknown,0.26,predicted,2025
3119,2,Physical and Engineering Science Technicians Not Elsewhere Classified,Aiding in the identification of potential hazards and introducing safety procedures and devices;,0.255,Not Exposed,The Big Uknown,0.26,predicted,2025
3119,3,Physical and Engineering Science Technicians Not Elsewhere Classified,"Modifying and testing equipment and devices used in the prevention, control, and remediation of environmental pollution, site remediation and land reclamation;",0.2375,Not Exposed,The Big Uknown,0.26,predicted,2025
3119,4,Physical and Engineering Science Technicians Not Elsewhere Classified,Assisting in the development of environmental pollution remediation devices under the direction of an engineer;,0.1875,Not Exposed,The Big Uknown,0.26,predicted,2025
3119,5,Physical and Engineering Science Technicians Not Elsewhere Classified,Assisting engineers in testing and designing robotics equipment.,0.285,Not Exposed,The Big Uknown,0.26,predicted,2025
3121,1,Mining Supervisors,"Supervising and coordinating the activities of workers who extract minerals and other natural deposits from the earth, and who operate underground conveyances or heavy equipment in surface mines and quarries;",0.185,Not Exposed,Not affected,0.29,predicted,2025
3121,2,Mining Supervisors,Establishing methods to meet work schedules and recommending measures to mining managers to improve productivity;,0.33,Not Exposed,Not affected,0.29,predicted,2025
3121,3,Mining Supervisors,"Working with managerial and technical personnel, other departments and contractors to resolve operational problems and coordinate activities;",0.255,Not Exposed,Not affected,0.29,predicted,2025
3121,4,Mining Supervisors,Providing reports and other information to mining managers about all aspects of mining or quarrying operations;,0.4,Not Exposed,Not affected,0.29,predicted,2025
3121,5,Mining Supervisors,Determining staffing and material needs for the mine or quarry.,0.265,Not Exposed,Not affected,0.29,predicted,2025
3122,1,Manufacturing Supervisors,"Co-ordinating and supervising the activities of process control technicians, machine operators, assemblers and other manufacturing labourers;",0.265,Minimal Exposure,Augmentation Potential,0.35,predicted,2025
3122,2,Manufacturing Supervisors,"Organizing and planning the daily work with regard to plans, economy, staff and environment;",0.385,Minimal Exposure,Augmentation Potential,0.35,predicted,2025
3122,3,Manufacturing Supervisors,"Preparing cost estimates, records and reports;",0.59,Minimal Exposure,Augmentation Potential,0.35,predicted,2025
3122,4,Manufacturing Supervisors,Identifying shortage of staff or components;,0.24,Minimal Exposure,Augmentation Potential,0.35,predicted,2025
3122,5,Manufacturing Supervisors,Ensuring safety of workers;,0.24,Minimal Exposure,Augmentation Potential,0.35,predicted,2025
3122,6,Manufacturing Supervisors,Instructing and training new staff.,0.3625,Minimal Exposure,Augmentation Potential,0.35,predicted,2025
3123,1,Construction Supervisors,Reading specifications to determine construction requirements and planning procedures;,0.365,Not Exposed,Not affected,0.28,predicted,2025
3123,2,Construction Supervisors,Organizing and coordinating the material and human resources required to complete jobs;,0.3575,Not Exposed,Not affected,0.28,predicted,2025
3123,3,Construction Supervisors,Examining and inspecting work progress;,0.235,Not Exposed,Not affected,0.28,predicted,2025
3123,4,Construction Supervisors,Examining equipment and construction sites to ensure that health and safety requirements are met;,0.23,Not Exposed,Not affected,0.28,predicted,2025
3123,5,Construction Supervisors,Supervising construction sites and coordinating work with other construction projects;,0.28,Not Exposed,Not affected,0.28,predicted,2025
3123,6,Construction Supervisors,"Supervising the activities of building trades workers, labourers and other construction workers.",0.2225,Not Exposed,Not affected,0.28,predicted,2025
3131,1,Power Production Plant Operators,"Operating, monitoring and inspecting various types of energy generating power plants;",0.295,Not Exposed,Augmentation Potential,0.28,predicted,2025
3131,2,Power Production Plant Operators,"Operating and controlling power generating systems and equipment including boilers, turbines, generators, condensers, and reactors in hydro, thermal, coal, oil, natural gas, and nuclear power plants to generate and distribute electrical power;",0.1925,Not Exposed,Augmentation Potential,0.28,predicted,2025
3131,3,Power Production Plant Operators,"Controlling start-up and shut-down of power plant equipment, controlling switching operations, regulating water levels and communicating with systems operators to regulate and coordinate transmission loads, frequency and line voltages;",0.24,Not Exposed,Augmentation Potential,0.28,predicted,2025
3131,4,Power Production Plant Operators,"Taking readings from charts, meters and gauges at established intervals, troubleshooting and performing corrective action as necessary;",0.3325,Not Exposed,Augmentation Potential,0.28,predicted,2025
3131,5,Power Production Plant Operators,"Completing and maintaining station records, logs and reports, and communicating with other plant personnel to assess equipment operating status;",0.4575,Not Exposed,Augmentation Potential,0.28,predicted,2025
3131,6,Power Production Plant Operators,"Cleaning and maintaining equipment such as generators, boilers, turbines, pumps, and compressors in order to prevent equipment failure or deterioration.",0.135,Not Exposed,Augmentation Potential,0.28,predicted,2025
3132,1,Incinerator and Water Treatment Plant Operators,"Operating and monitoring computerized control systems, machinery and related equipment in wastewater treatment, sewage treatment, and liquid waste plants to regulate flow, treatment and disposal of sewage and wastes, and in water filtration and treatment plants to regulate the treatment and distribution of water for human consumption and for later disposal into natural water systems;",0.27,Not Exposed,Not affected,0.27,predicted,2025
3132,2,Incinerator and Water Treatment Plant Operators,Controlling the operation of multiple-hearth incinerator furnaces and related equipment to burn sludge and solid waste in waste treatment plants;,0.175,Not Exposed,Not affected,0.27,predicted,2025
3132,3,Incinerator and Water Treatment Plant Operators,"Inspecting equipment and monitoring operating conditions, meters, filters, chlorinators and gauges in central control room to determine load requirements, to verify that flows, pressures and temperatures are within specification, and to detect malfunctions;",0.32,Not Exposed,Not affected,0.27,predicted,2025
3132,4,Incinerator and Water Treatment Plant Operators,"Monitoring and adjusting controls of auxiliary equipment, such as exhaust emissions, scrubbers and incinerator heat recovery units;",0.27,Not Exposed,Not affected,0.27,predicted,2025
3132,5,Incinerator and Water Treatment Plant Operators,"Collecting and testing water and sewage samples for chemical and bacterial content, using test equipment and colour analysis standards;",0.2,Not Exposed,Not affected,0.27,predicted,2025
3132,6,Incinerator and Water Treatment Plant Operators,Analysing test results to make adjustments to plant equipment and systems to disinfect and deodorize water and other liquids;,0.26,Not Exposed,Not affected,0.27,predicted,2025
3132,7,Incinerator and Water Treatment Plant Operators,Performing security and safety checks in plant and on grounds;,0.185,Not Exposed,Not affected,0.27,predicted,2025
3132,8,Incinerator and Water Treatment Plant Operators,Completing and maintaining plant logs and reports.,0.445,Not Exposed,Not affected,0.27,predicted,2025
3133,1,Chemical Processing Plant Controllers,Operating electronic or computerized control panel from a central control room to monitor and optimize physical and chemical processes for several processing units;,0.35,Not Exposed,Augmentation Potential,0.29,predicted,2025
3133,2,Chemical Processing Plant Controllers,"Adjusting equipment, valves, pumps, controls and process equipment;",0.2675,Not Exposed,Augmentation Potential,0.29,predicted,2025
3133,3,Chemical Processing Plant Controllers,"Controlling the preparation, measuring and feeding of raw materials and processing agents such as catalysts and filtering media into plant;",0.215,Not Exposed,Augmentation Potential,0.29,predicted,2025
3133,4,Chemical Processing Plant Controllers,"Controlling process start-up and shut-down, troubleshooting and monitoring outside process equipment;",0.2375,Not Exposed,Augmentation Potential,0.29,predicted,2025
3133,5,Chemical Processing Plant Controllers,"Verifying equipment for malfunctions, carrying out routine operating tests and arranging for maintenance;",0.215,Not Exposed,Augmentation Potential,0.29,predicted,2025
3133,6,Chemical Processing Plant Controllers,"Analysing sample products, performing tests, recording data and writing production logs.",0.4775,Not Exposed,Augmentation Potential,0.29,predicted,2025
3134,1,Petroleum and Natural Gas Refining Plant Operators,Operating electronic or computerized control panel from a central control room to monitor and optimize physical and chemical processes for several processing units;,0.3,Not Exposed,Not affected,0.29,predicted,2025
3134,2,Petroleum and Natural Gas Refining Plant Operators,"Adjusting equipment, valves, pumps, controls and process equipment;",0.265,Not Exposed,Not affected,0.29,predicted,2025
3134,3,Petroleum and Natural Gas Refining Plant Operators,"Controlling process start-up and shut-down, troubleshooting and monitoring outside process equipment;",0.2575,Not Exposed,Not affected,0.29,predicted,2025
3134,4,Petroleum and Natural Gas Refining Plant Operators,"Verifying equipment for malfunctions, testing well pipes for leaks and fractures and arranging for maintenance;",0.165,Not Exposed,Not affected,0.29,predicted,2025
3134,5,Petroleum and Natural Gas Refining Plant Operators,"Analysing sample products, performing tests, recording data and writing production logs.",0.465,Not Exposed,Not affected,0.29,predicted,2025
3135,1,Metal Production Process Controllers,"Coordinating and monitoring the operation of a particular aspect of metal processing production through control panels, computer terminals or other control systems, usually from a central control room;",0.345,Minimal Exposure,The Big Uknown,0.31,predicted,2025
3135,2,Metal Production Process Controllers,"Operating multi-function central process control machinery to grind, separate, filter, melt, roast, treat, refine or otherwise process metals;",0.16,Minimal Exposure,The Big Uknown,0.31,predicted,2025
3135,3,Metal Production Process Controllers,"Observing computer printouts, video monitors and gauges to verify specified processing conditions and to make necessary adjustments;",0.3175,Minimal Exposure,The Big Uknown,0.31,predicted,2025
3135,4,Metal Production Process Controllers,"Coordinating and supervising production crew such as machine and process operators, assistants and helpers;",0.275,Minimal Exposure,The Big Uknown,0.31,predicted,2025
3135,5,Metal Production Process Controllers,Starting up and shutting down the production system in cases of emergency or as required by schedule;,0.19,Minimal Exposure,The Big Uknown,0.31,predicted,2025
3135,6,Metal Production Process Controllers,Providing and organising training for members of production crew;,0.306,Minimal Exposure,The Big Uknown,0.31,predicted,2025
3135,7,Metal Production Process Controllers,Maintaining shift log of production and other data and preparing production and other reports.,0.5575,Minimal Exposure,The Big Uknown,0.31,predicted,2025
3141,1,Life Science Technicians (excluding Medical),"Assisting in designing, setting up and conducting experiments;",0.34,Exposed: Gradient 1,Augmentation Potential,0.38,predicted,2025
3141,2,Life Science Technicians (excluding Medical),"Setting up, calibrating, operating and maintaining laboratory instruments and equipment;",0.1975,Exposed: Gradient 1,Augmentation Potential,0.38,predicted,2025
3141,3,Life Science Technicians (excluding Medical),"Collecting and preparing specimens and samples, chemical solutions and slides and growing cultures for use in experiments;",0.25,Exposed: Gradient 1,Augmentation Potential,0.38,predicted,2025
3141,4,Life Science Technicians (excluding Medical),Performing routine field and laboratory tests;,0.24,Exposed: Gradient 1,Augmentation Potential,0.38,predicted,2025
3141,5,Life Science Technicians (excluding Medical),Monitoring experiments to ensure adherence to correct laboratory quality control procedures and health and safety guidelines;,0.305,Exposed: Gradient 1,Augmentation Potential,0.38,predicted,2025
3141,6,Life Science Technicians (excluding Medical),"Making observations of tests and analysing, calculating, recording and reporting test results using appropriate scientific methods;",0.61,Exposed: Gradient 1,Augmentation Potential,0.38,predicted,2025
3141,7,Life Science Technicians (excluding Medical),"Preserving, classifying and cataloguing specimens and samples;",0.38,Exposed: Gradient 1,Augmentation Potential,0.38,predicted,2025
3141,8,Life Science Technicians (excluding Medical),Keeping detailed logs of worked performed;,0.48,Exposed: Gradient 1,Augmentation Potential,0.38,predicted,2025
3141,9,Life Science Technicians (excluding Medical),Using computers to develop models and analyse data;,0.7050000000000001,Exposed: Gradient 1,Augmentation Potential,0.38,predicted,2025
3141,10,Life Science Technicians (excluding Medical),Using complex and high-powered equipment to perform work;,0.105,Exposed: Gradient 1,Augmentation Potential,0.38,predicted,2025
3141,11,Life Science Technicians (excluding Medical),"Participating in the research, development and manufacture of products and processes;",0.42,Exposed: Gradient 1,Augmentation Potential,0.38,predicted,2025
3141,12,Life Science Technicians (excluding Medical),Ordering and stocking laboratory supplies;,0.2975,Exposed: Gradient 1,Augmentation Potential,0.38,predicted,2025
3141,13,Life Science Technicians (excluding Medical),Maintaining relevant databases.,0.625,Exposed: Gradient 1,Augmentation Potential,0.38,predicted,2025
3142,1,Agricultural Technicians,"Preparing materials and equipment for experiments, tests and analyses;",0.165,Not Exposed,Not affected,0.26,predicted,2025
3142,2,Agricultural Technicians,"Collecting and preparing specimens such as soils, plant or animal cells, tissues or parts or animal organs for experiments, tests and analyses;",0.175,Not Exposed,Not affected,0.26,predicted,2025
3142,3,Agricultural Technicians,"Assisting with and performing experiments, tests and analyses applying methods and techniques such as microscopy, histochemistry, chromatography, electrophoresis and spectroscopy;",0.365,Not Exposed,Not affected,0.26,predicted,2025
3142,4,Agricultural Technicians,"Identifying pathogenic micro-organisms and insects, parasites, fungi and weeds harmful to crops and livestock, and assisting in devising methods of control;",0.1875,Not Exposed,Not affected,0.26,predicted,2025
3142,5,Agricultural Technicians,Analysing produce to set and maintain standards of quality;,0.335,Not Exposed,Not affected,0.26,predicted,2025
3142,6,Agricultural Technicians,"Conducting or supervising operational programmes such as fish hatchery, greenhouse and livestock production programmes;",0.285,Not Exposed,Not affected,0.26,predicted,2025
3142,7,Agricultural Technicians,"Analysing samples of seeds for quality, purity and germination rating;",0.235,Not Exposed,Not affected,0.26,predicted,2025
3142,8,Agricultural Technicians,Collecting data and estimating quantities and costs of materials and labour required for projects;,0.415,Not Exposed,Not affected,0.26,predicted,2025
3142,9,Agricultural Technicians,Organizing maintenance and repairs of research equipment.,0.17125,Not Exposed,Not affected,0.26,predicted,2025
3143,1,Forestry Technicians,"Conducting forest inventories, surveys and field measurements following accepted scientific and operational procedures;",0.225,Not Exposed,Not affected,0.21,predicted,2025
3143,2,Forestry Technicians,Assisting in and performing technical functions in the preparation of forest management and harvest plans using photogrammetric and mapping techniques and computerized information systems;,0.37,Not Exposed,Not affected,0.21,predicted,2025
3143,3,Forestry Technicians,Assisting in planning and supervision of construction of access routes and forest roads;,0.235,Not Exposed,Not affected,0.21,predicted,2025
3143,4,Forestry Technicians,"Implementing, supervising and performing technical functions in silvicultural operations involving site preparation, planting, and tending of tree crops;",0.135,Not Exposed,Not affected,0.21,predicted,2025
3143,5,Forestry Technicians,"Coordinating activities such as timber scaling, forest fire suppression, disease or insect control or pre-commercial thinning of forest stands;",0.175,Not Exposed,Not affected,0.21,predicted,2025
3143,6,Forestry Technicians,Supervising and performing technical functions in forest harvesting operations;,0.215,Not Exposed,Not affected,0.21,predicted,2025
3143,7,Forestry Technicians,"Ensuring adherence to regulations and policies concerning environmental protection, resource utilization, fire safety and accident prevention;",0.23,Not Exposed,Not affected,0.21,predicted,2025
3143,8,Forestry Technicians,Supervising forest tree nursery operations;,0.135,Not Exposed,Not affected,0.21,predicted,2025
3143,9,Forestry Technicians,"Providing technical support to forestry research programmes in areas such as tree improvement, seed orchard operations, insect and disease surveys or experimental forestry and forest engineering research;",0.225,Not Exposed,Not affected,0.21,predicted,2025
3143,10,Forestry Technicians,Preparing forest cultivation and cutting plans.,0.17,Not Exposed,Not affected,0.21,predicted,2025
3151,1,Ships' Engineers,"Controlling and participating in the operation, maintenance and repair of mechanical, electrical and electronic equipment and machinery on board ship;",0.2025,Not Exposed,Not affected,0.23,predicted,2025
3151,2,Ships' Engineers,Ordering fuel and other engine-room department stores and maintaining record of operations;,0.3125,Not Exposed,Not affected,0.23,predicted,2025
3151,3,Ships' Engineers,"Performing technical supervision of the installation, maintenance and repair of ship‚Äôs machinery and equipment to ensure compliance with specifications and regulations;",0.2375,Not Exposed,Not affected,0.23,predicted,2025
3151,4,Ships' Engineers,"Inspecting and conducting maintenance and emergency repairs to engines, machinery and auxiliary equipment;",0.1725,Not Exposed,Not affected,0.23,predicted,2025
3151,5,Ships' Engineers,"Standing engine room watch, monitoring and noting performance of engines, machinery and auxiliary equipment.",0.2325,Not Exposed,Not affected,0.23,predicted,2025
3152,1,Ships' Deck Officers and Pilots,Commanding and navigating ship or similar vessel at sea or on inland waterways;,0.2125,Not Exposed,Augmentation Potential,0.29,predicted,2025
3152,2,Ships' Deck Officers and Pilots,Controlling and participating in deck and bridge-watch activities;,0.235,Not Exposed,Augmentation Potential,0.29,predicted,2025
3152,3,Ships' Deck Officers and Pilots,"Navigating vessels into and out of ports and through channels, straits and other waters where special knowledge is required;",0.27,Not Exposed,Augmentation Potential,0.29,predicted,2025
3152,4,Ships' Deck Officers and Pilots,Ensuring safe loading and unloading of cargo and observance of safety regulations and procedures by crew and passengers;,0.1875,Not Exposed,Augmentation Potential,0.29,predicted,2025
3152,5,Ships' Deck Officers and Pilots,Performing technical supervision of maintenance and repair of ship to ensure compliance with specifications and regulations;,0.2525,Not Exposed,Augmentation Potential,0.29,predicted,2025
3152,6,Ships' Deck Officers and Pilots,Applying knowledge of principles and practices relating to ship‚Äôs operation and navigation in order to identify and solve problems arising in the course of their work;,0.29,Not Exposed,Augmentation Potential,0.29,predicted,2025
3152,7,Ships' Deck Officers and Pilots,Ordering ship‚Äôs stores and recruiting crew as required and maintaining record of operations;,0.3175,Not Exposed,Augmentation Potential,0.29,predicted,2025
3152,8,Ships' Deck Officers and Pilots,Transmitting and receiving routine and emergency information with shore stations and other ships.,0.5375,Not Exposed,Augmentation Potential,0.29,predicted,2025
3153,1,Aircraft Pilots and Related Associate Professionals,Flying and navigating aircraft in accordance with established control and operating procedures;,0.244,Not Exposed,Not affected,0.27,predicted,2025
3153,2,Aircraft Pilots and Related Associate Professionals,Preparing and submitting flight plan or examining standard flight plan;,0.35,Not Exposed,Not affected,0.27,predicted,2025
3153,3,Aircraft Pilots and Related Associate Professionals,"Controlling the operation of mechanical, electrical and electronic equipment and ensuring that all instruments and controls work properly;",0.2575,Not Exposed,Not affected,0.27,predicted,2025
3153,4,Aircraft Pilots and Related Associate Professionals,Applying knowledge of principles and practices of flying in order to identify and solve problems arising in the course of their work;,0.2175,Not Exposed,Not affected,0.27,predicted,2025
3153,5,Aircraft Pilots and Related Associate Professionals,"Examining maintenance records and conducting inspections to ensure that aircraft are mechanically sound, maintenance has been performed and that all equipment is operational.;",0.2175,Not Exposed,Not affected,0.27,predicted,2025
3153,6,Aircraft Pilots and Related Associate Professionals,Signing necessary certificates and maintaining official records of flight;,0.325,Not Exposed,Not affected,0.27,predicted,2025
3153,7,Aircraft Pilots and Related Associate Professionals,Obtaining briefings and clearances before flights and maintaining contact with air traffic or flight control during flight.,0.30625,Not Exposed,Not affected,0.27,predicted,2025
3154,1,Air Traffic Controllers,Directing and controlling aircraft approaching and leaving airport and their movement on the ground;,0.3,Minimal Exposure,Not affected,0.31,predicted,2025
3154,2,Air Traffic Controllers,Directing and controlling aircraft operating in designated airspace sector;,0.2825,Minimal Exposure,Not affected,0.31,predicted,2025
3154,3,Air Traffic Controllers,Examining and approving flight plans;,0.3025,Minimal Exposure,Not affected,0.31,predicted,2025
3154,4,Air Traffic Controllers,"Informing flight crew and operations staff about weather conditions, operational facilities, flight plans and air traffic;",0.5,Minimal Exposure,Not affected,0.31,predicted,2025
3154,5,Air Traffic Controllers,Applying knowledge of principles and practices of air traffic control in order to identify and solve problems arising in the course of their work;,0.3225,Minimal Exposure,Not affected,0.31,predicted,2025
3154,6,Air Traffic Controllers,"Initiating and organizing emergency, search and rescue services and procedures;",0.1725,Minimal Exposure,Not affected,0.31,predicted,2025
3154,7,Air Traffic Controllers,Directing activities of all aircraft and service vehicles on or near airport runways;,0.275,Minimal Exposure,Not affected,0.31,predicted,2025
3154,8,Air Traffic Controllers,"Maintaining radio and telephone contact with adjacent control towers, terminal control units and other control centres, and coordinating the movement of aircraft into adjoining areas.",0.325,Minimal Exposure,Not affected,0.31,predicted,2025
3211,1,Medical Imaging and Therapeutic Equipment Technicians,"Operating or overseeing operation of radiologic, ultrasound and magnetic imaging equipment to produce images of the body for diagnostic purposes;",0.265,Not Exposed,Not affected,0.22,predicted,2025
3211,2,Medical Imaging and Therapeutic Equipment Technicians,"Explaining procedures, observing and positioning patients, and using protection devices to ensure safety and comfort during examination, scan or treatment;",0.165,Not Exposed,Not affected,0.22,predicted,2025
3211,3,Medical Imaging and Therapeutic Equipment Technicians,"Position imaging or treatment equipment, monitoring video displays, and adjusting settings and controls according to technical specifications;",0.2225,Not Exposed,Not affected,0.22,predicted,2025
3211,4,Medical Imaging and Therapeutic Equipment Technicians,"Reviewing and evaluating developed x-rays, video tape or computer generated information to determine if images are satisfactory for diagnostic purposes, and recording results of procedures;",0.235,Not Exposed,Not affected,0.22,predicted,2025
3211,5,Medical Imaging and Therapeutic Equipment Technicians,"Monitoring patients' conditions and reactions, and reporting abnormal signs to a medical practitioner;",0.22,Not Exposed,Not affected,0.22,predicted,2025
3211,6,Medical Imaging and Therapeutic Equipment Technicians,"Measuring and recording radiation dosage or radiopharmaceuticals received and used for patients, following prescription issued by a medical practitioner;",0.2225,Not Exposed,Not affected,0.22,predicted,2025
3211,7,Medical Imaging and Therapeutic Equipment Technicians,"Administering, detecting and mapping radiopharmaceuticals or radiation in patients' bodies, using radioisotope, camera or other equipment for diagnosing and treating diseases;",0.2,Not Exposed,Not affected,0.22,predicted,2025
3211,8,Medical Imaging and Therapeutic Equipment Technicians,"Recording and disposing of radioactive materials and storing radiopharmaceuticals, following radiation safety procedures.",0.23,Not Exposed,Not affected,0.22,predicted,2025
3212,1,Medical and Pathology Laboratory Technicians,"Conducting chemical analysis of body fluids, including blood, urine and spinal fluid, to determine presence of normal and abnormal components;",0.245,Minimal Exposure,Augmentation Potential,0.31,predicted,2025
3212,2,Medical and Pathology Laboratory Technicians,"Operating, calibrating and maintaining equipment used in quantitative and qualitative analysis, such as spectrophotometers, calorimeters, flame photometers and computer-controlled analysers;",0.24875,Minimal Exposure,Augmentation Potential,0.31,predicted,2025
3212,3,Medical and Pathology Laboratory Technicians,Entering data from analysis of laboratory tests and clinical results into records-keeping systems and reporting results to medical practitioners and other health professionals;,0.645,Minimal Exposure,Augmentation Potential,0.31,predicted,2025
3212,4,Medical and Pathology Laboratory Technicians,Analysing samples of biological material for chemical content or reaction;,0.3175,Minimal Exposure,Augmentation Potential,0.31,predicted,2025
3212,5,Medical and Pathology Laboratory Technicians,"Setting up, cleaning and maintaining laboratory equipment;",0.115,Minimal Exposure,Augmentation Potential,0.31,predicted,2025
3212,6,Medical and Pathology Laboratory Technicians,Analysing laboratory findings to check the accuracy of the results;,0.475,Minimal Exposure,Augmentation Potential,0.31,predicted,2025
3212,7,Medical and Pathology Laboratory Technicians,"Establishing and monitoring programmes to ensure the accuracy of laboratory results and developing, standardizing, evaluating, and modifying procedures, techniques and tests used in the analysis of specimens;",0.415,Minimal Exposure,Augmentation Potential,0.31,predicted,2025
3212,8,Medical and Pathology Laboratory Technicians,"Obtaining specimens, cultivating, isolating and identifying microorganisms for analysis;",0.2875,Minimal Exposure,Augmentation Potential,0.31,predicted,2025
3212,9,Medical and Pathology Laboratory Technicians,Examining cells stained with dye to locate abnormalities;,0.165,Minimal Exposure,Augmentation Potential,0.31,predicted,2025
3212,10,Medical and Pathology Laboratory Technicians,"Inoculating fertilized eggs, broths or other bacteriological media with organisms.",0.1575,Minimal Exposure,Augmentation Potential,0.31,predicted,2025
3213,1,Pharmaceutical Technicians and Assistants,Preparing medications and other pharmaceutical compounds under the guidance of a pharmacist or other health professional;,0.24,Minimal Exposure,Augmentation Potential,0.3,predicted,2025
3213,2,Pharmaceutical Technicians and Assistants,"Dispensing medicines and drugs to clients and giving written and oral instructions on their use, as prescribed by medical doctors, veterinarians or other health professionals;",0.282,Minimal Exposure,Augmentation Potential,0.3,predicted,2025
3213,3,Pharmaceutical Technicians and Assistants,Receiving prescriptions or refill requests from health professionals and verifying that information is complete and accurate according to medical record-keeping standards;,0.42,Minimal Exposure,Augmentation Potential,0.3,predicted,2025
3213,4,Pharmaceutical Technicians and Assistants,Maintaining proper storage and security conditions for drugs;,0.215,Minimal Exposure,Augmentation Potential,0.3,predicted,2025
3213,5,Pharmaceutical Technicians and Assistants,Filling and labelling containers with prescribed medications;,0.17,Minimal Exposure,Augmentation Potential,0.3,predicted,2025
3213,6,Pharmaceutical Technicians and Assistants,"Assisting clients by answering questions, locating items or referring them to a pharmacist for medication information;",0.385,Minimal Exposure,Augmentation Potential,0.3,predicted,2025
3213,7,Pharmaceutical Technicians and Assistants,"Pricing and filing prescriptions that have been filled and establish and maintaining patient records, including lists of medications taken by individual patients;",0.505,Minimal Exposure,Augmentation Potential,0.3,predicted,2025
3213,8,Pharmaceutical Technicians and Assistants,"Ordering, labelling, and counting stock of medications, chemicals and supplies, and entering inventory data into records-keeping systems;",0.3325,Minimal Exposure,Augmentation Potential,0.3,predicted,2025
3213,9,Pharmaceutical Technicians and Assistants,Cleaning and preparing equipment and containers used to prepare and dispense medicines and pharmaceutical compounds.,0.15,Minimal Exposure,Augmentation Potential,0.3,predicted,2025
3214,1,Medical and Dental Prosthetic Technicians,"Examining, interviewing, and measuring patients in order to determine their appliance needs, and to identify factors that could affect appliance fit;",0.175,Not Exposed,Not affected,0.18,predicted,2025
3214,2,Medical and Dental Prosthetic Technicians,Conferring with medical and dental practitioners in order to formulate specifications and prescriptions for devices and appliances;,0.25,Not Exposed,Not affected,0.18,predicted,2025
3214,3,Medical and Dental Prosthetic Technicians,"Interpreting prescriptions or specifications to determine the type of product or device to be fabricated, and the materials and tools that will be required;",0.285,Not Exposed,Not affected,0.18,predicted,2025
3214,4,Medical and Dental Prosthetic Technicians,"Making or receiving casts or impressions of patients' torsos, limbs, mouths or teeth for use as fabrication patterns;",0.15,Not Exposed,Not affected,0.18,predicted,2025
3214,5,Medical and Dental Prosthetic Technicians,"Designing and making orthotic and prosthetic devices using materials such as thermoplastic and thermosetting materials, metal alloys and leather, and hand and power tools;",0.15,Not Exposed,Not affected,0.18,predicted,2025
3214,6,Medical and Dental Prosthetic Technicians,"Fitting appliances and devices onto patients, testing and evaluating them, and making adjustments for proper fit, function and comfort;",0.19,Not Exposed,Not affected,0.18,predicted,2025
3214,7,Medical and Dental Prosthetic Technicians,"Repairing, modifying and maintaining medical and dental prosthetic and supportive devices, according to specifications;",0.17,Not Exposed,Not affected,0.18,predicted,2025
3214,8,Medical and Dental Prosthetic Technicians,"Bending, forming, and shaping fabric or material so that it conforms to prescribed contours needed to fabricate structural components;",0.1275,Not Exposed,Not affected,0.18,predicted,2025
3214,9,Medical and Dental Prosthetic Technicians,"Fabricating full and partial dentures and constructing mouth guards, crowns, metal clasps, inlays, bridgework and other aids;",0.14,Not Exposed,Not affected,0.18,predicted,2025
3214,10,Medical and Dental Prosthetic Technicians,Instructing patients in the use and care of prosthetic or orthotic devices.,0.1625,Not Exposed,Not affected,0.18,predicted,2025
3221,1,Nursing Associate Professionals,Providing nursing and personal care and treatment and health advice to patients according to care plans established by health professionals;,0.1495,Minimal Exposure,Not affected,0.22,predicted,2025
3221,2,Nursing Associate Professionals,"Administering medications and other treatments to patients, monitoring patients' condition and responses to treatment, and referring patients and their families to a health professional for specialised care as needed;",0.12,Minimal Exposure,Not affected,0.22,predicted,2025
3221,3,Nursing Associate Professionals,Cleaning wounds and applying surgical dressings;,0.07,Minimal Exposure,Not affected,0.22,predicted,2025
3221,4,Nursing Associate Professionals,Updating information on patients' condition and treatments received in record-keeping systems;,0.6174999999999999,Minimal Exposure,Not affected,0.22,predicted,2025
3221,5,Nursing Associate Professionals,Assisting in planning and managing the care of individual patients;,0.265,Minimal Exposure,Not affected,0.22,predicted,2025
3221,6,Nursing Associate Professionals,Assisting in giving first-aid treatment in emergencies.,0.0825,Minimal Exposure,Not affected,0.22,predicted,2025
3222,1,Midwifery Associate Professionals,"Providing advice to women, families and communities on health, nutrition, hygiene, exercise, birth and emergency plans, breastfeeding, infant care, family planning and contraception, lifestyle and other topics related to pregnancy and childbirth;",0.28,Not Exposed,Not affected,0.2,predicted,2025
3222,2,Midwifery Associate Professionals,"Assessing progress during pregnancy and childbirth, and recognizing signs and symptoms requiring referral to a health professional;",0.215,Not Exposed,Not affected,0.2,predicted,2025
3222,3,Midwifery Associate Professionals,"Providing delivery care, usually only in the absence of identified potential complications, or assisting medical doctors or midwifery professionals with delivery care;",0.1125,Not Exposed,Not affected,0.2,predicted,2025
3222,4,Midwifery Associate Professionals,"Providing care and support to women and newborns following childbirth, monitoring their health status, and identifying signs and symptoms requiring referral to a health professional.",0.18,Not Exposed,Not affected,0.2,predicted,2025
3251,1,Dental Assistants and Therapists,"Advising communities and individuals on dental hygiene, diet and other preventive measures to reduce potential risks to oral health;",0.376,Not Exposed,Not affected,0.16,predicted,2025
3251,2,Dental Assistants and Therapists,"Conducting visual and physical examinations of patients' mouths, teeth and related structures to assess oral health status;",0.095,Not Exposed,Not affected,0.16,predicted,2025
3251,3,Dental Assistants and Therapists,Identifying cases of patients with poor oral health or oral disease requiring referral to a dentist or other health professional,0.215,Not Exposed,Not affected,0.16,predicted,2025
3251,4,Dental Assistants and Therapists,Assisting dentists during complex dental procedures,0.0965,Not Exposed,Not affected,0.16,predicted,2025
3251,5,Dental Assistants and Therapists,"Providing fluoride treatments, cleaning and removing deposits from teeth, preparing cavities and placing fillings, administering local anaesthesia, and performing other types of basic or routine clinical dental procedures;",0.075,Not Exposed,Not affected,0.16,predicted,2025
3251,6,Dental Assistants and Therapists,"Preparing, cleaning and sterilizing dental instruments, equipment and materials used in the examination and treatment of patients;",0.15,Not Exposed,Not affected,0.16,predicted,2025
3251,7,Dental Assistants and Therapists,Getting patients ready for examination or treatment including explaining procedures and correct positioning;,0.165,Not Exposed,Not affected,0.16,predicted,2025
3251,8,Dental Assistants and Therapists,Taking impressions of the mouth and dental radiographs to support diagnosis and fitting of dental prosthetics.,0.14,Not Exposed,Not affected,0.16,predicted,2025
3252,1,Medical Records and Health Information Technicians,"Planning, developing, maintaining and operating a variety of health record indexes and storage and retrieval systems to collect, classify, store and analyse information;",0.6074999999999999,Exposed: Gradient 3,The Big Uknown,0.52,predicted,2025
3252,2,Medical Records and Health Information Technicians,"Transcribing, compiling and processing patient medical records, admission and discharge documents and other medical reports into records-keeping systems to provide data for patient monitoring and referral, epidemiological monitoring, research, billing, cost control and care improvement;",0.535,Exposed: Gradient 3,The Big Uknown,0.52,predicted,2025
3252,3,Medical Records and Health Information Technicians,"Reviewing records for completeness, accuracy and compliance with regulations;",0.435,Exposed: Gradient 3,The Big Uknown,0.52,predicted,2025
3252,4,Medical Records and Health Information Technicians,Translating narrative descriptions and numeric information from medical records and other documents on health services delivery into codes associated with standard classification systems;,0.61,Exposed: Gradient 3,The Big Uknown,0.52,predicted,2025
3252,5,Medical Records and Health Information Technicians,Protecting the security of medical records to ensure that confidentiality is maintained and releasing information to authorized persons and agencies in accordance with regulations;,0.355,Exposed: Gradient 3,The Big Uknown,0.52,predicted,2025
3252,6,Medical Records and Health Information Technicians,Supervising clerical and administrative workers involved in the maintenance of medical records.,0.555,Exposed: Gradient 3,The Big Uknown,0.52,predicted,2025
3253,1,Community Health Workers,"Providing information to families and communities on a range of health issues including nutrition, hygiene, infant and child care, immunizations, family planning, risk factors and prevention of common infectious diseases, poisoning prevention, first aid for treatment of simple and common ailments, substance abuse, domestic violence, and other topics;",0.3100000000000001,Not Exposed,Augmentation Potential,0.22,predicted,2025
3253,2,Community Health Workers,"Visiting families in their homes to provide information on the health, social and other services available and support them in gaining access to these services;",0.3,Not Exposed,Augmentation Potential,0.22,predicted,2025
3253,3,Community Health Workers,"Visiting families who do not usually access medical establishments to monitor on a regular basis certain conditions, such as progress with pregnancy, child growth and development, and environmental sanitation;",0.13,Not Exposed,Augmentation Potential,0.22,predicted,2025
3253,4,Community Health Workers,"Distributing to households medical supplies for the prevention and treatment of endemic diseases such as malaria, pneumonia and diarrhoeal diseases, and instructing family and community members in the use of these products;",0.1375,Not Exposed,Augmentation Potential,0.22,predicted,2025
3253,5,Community Health Workers,"Conducting outreach efforts to groups who do not usually access medical establishments with information and basic medical supplies for prevention and management of certain health conditions for which they are most at risk, such as HIV/AIDS and other communicable diseases;",0.22,Not Exposed,Augmentation Potential,0.22,predicted,2025
3253,6,Community Health Workers,Collecting data from households and communities who do not usually access medical establishments for purposes of patient monitoring and referral and reporting to meet health regulations.,0.25,Not Exposed,Augmentation Potential,0.22,predicted,2025
3254,1,Dispensing Opticians,Examining and taking facial and eye measurements of clients for fitting of eyeglasses and other optical devices;,0.16,Not Exposed,Not affected,0.24,predicted,2025
3254,2,Dispensing Opticians,"Providing advice to clients with selection and maintenance of eyeglasses and frames, types of contact lenses and other optical devices for performance, safety, comfort and lifestyle;",0.25,Not Exposed,Not affected,0.24,predicted,2025
3254,3,Dispensing Opticians,"Interpreting optical prescriptions and preparing work order for optical laboratory for grinding and mounting of lenses in frames, preparation of contact lenses and other required work;",0.32,Not Exposed,Not affected,0.24,predicted,2025
3254,4,Dispensing Opticians,Verifying exactness of finished optical appliances and devices to the original prescription and fit of clients.,0.23,Not Exposed,Not affected,0.24,predicted,2025
3255,1,Physiotherapy Technicians and Assistants,Administering manual treatments such as massage therapy or pressure point therapy;,0.0725,Not Exposed,Not affected,0.17,predicted,2025
3255,2,Physiotherapy Technicians and Assistants,"Administering electrical modality treatments, ultrasound and other physical therapies using specialized techniques and equipment;",0.105,Not Exposed,Not affected,0.17,predicted,2025
3255,3,Physiotherapy Technicians and Assistants,"Instructing, motivating, safeguarding and assisting patients as they practice physical exercises, relaxation techniques and functional activities;",0.1825,Not Exposed,Not affected,0.17,predicted,2025
3255,4,Physiotherapy Technicians and Assistants,"Conferring with physiotherapists or other health care providers to evaluate patient information for planning, modifying, and coordinating treatment;",0.22,Not Exposed,Not affected,0.17,predicted,2025
3255,5,Physiotherapy Technicians and Assistants,"Monitoring and recording patients' progress during treatments, including measuring their range-of-joint motion and vital signs;",0.27125,Not Exposed,Not affected,0.17,predicted,2025
3255,6,Physiotherapy Technicians and Assistants,"Fitting patients for orthopaedic braces, prostheses and other physical supportive devices such as crutches, and instructing patients in the use of such devices.",0.17,Not Exposed,Not affected,0.17,predicted,2025
3256,1,Medical Assistants,Interviewing patients and their families to obtain information on their health status and medical history;,0.24,Exposed: Gradient 1,Augmentation Potential,0.35,predicted,2025
3256,2,Medical Assistants,"Assisting medical doctors and other health professionals to examine and treat patients, including measuring and recording vital signs, administering medications and performing routine clinical procedures such as giving injections and removing sutures;",0.1375,Exposed: Gradient 1,Augmentation Potential,0.35,predicted,2025
3256,3,Medical Assistants,"Getting patients ready for examination and treatment, including explaining procedures and showing them to examination rooms;",0.25,Exposed: Gradient 1,Augmentation Potential,0.35,predicted,2025
3256,4,Medical Assistants,"Preparing and handling medical instruments and supplies, including sterilizing instruments and disposing of contaminated supplies in accordance with safety procedures;",0.15,Exposed: Gradient 1,Augmentation Potential,0.35,predicted,2025
3256,5,Medical Assistants,"Collecting blood, tissue or other specimens, and preparing them for laboratory testing;",0.15,Exposed: Gradient 1,Augmentation Potential,0.35,predicted,2025
3256,6,Medical Assistants,Providing information to patients and families on health care topics including medications prescribed by a medical doctor or other health professional;,0.53,Exposed: Gradient 1,Augmentation Potential,0.35,reconciled,2025
3256,7,Medical Assistants,Providing prescription and drug refill information to pharmacies;,0.65,Exposed: Gradient 1,Augmentation Potential,0.35,predicted,2025
3256,8,Medical Assistants,Maintaining cleanliness of patient waiting and examination rooms;,0.1025,Exposed: Gradient 1,Augmentation Potential,0.35,predicted,2025
3256,9,Medical Assistants,"Recording information on patients' medical history, diagnostic testing and treatment procedures and results, and other information in medical records-keeping systems;",0.6125,Exposed: Gradient 1,Augmentation Potential,0.35,predicted,2025
3256,10,Medical Assistants,"Scheduling appointments with patients, and preparing documentation required for billing, reporting and insurance purposes.",0.6375,Exposed: Gradient 1,Augmentation Potential,0.35,predicted,2025
3257,1,Environmental and Occupational Health Inspectors and Associates,Advising employers‚Äô and workers‚Äô representatives on the implementation of government and other rules and regulations concerning occupational safety and the working environment;,0.245,Not Exposed,Not affected,0.24,predicted,2025
3257,2,Environmental and Occupational Health Inspectors and Associates,"Inspecting places of work to ensure that the working environment, machinery and equipment conform to government and other rules, regulations and standards related to sanitation and/or occupational and environmental health and safety;",0.25,Not Exposed,Not affected,0.24,predicted,2025
3257,3,Environmental and Occupational Health Inspectors and Associates,Giving advice on environmental sanitary problems and techniques;,0.28,Not Exposed,Not affected,0.24,predicted,2025
3257,4,Environmental and Occupational Health Inspectors and Associates,"Inspecting places of work and, by interviews, observations and other means, obtaining information about work practices and accidents to determine compliance with safety rules and regulations;",0.245,Not Exposed,Not affected,0.24,predicted,2025
3257,5,Environmental and Occupational Health Inspectors and Associates,"Inspecting areas of production, processing, transport, handling, storage and sale of products to ensure conformity with government and other rules, regulations and standards;",0.2475,Not Exposed,Not affected,0.24,predicted,2025
3257,6,Environmental and Occupational Health Inspectors and Associates,"Advising enterprises and the general public on the implementation of government and other rules and regulations concerning hygiene, sanitation, purity and grading of primary products, food, drugs, cosmetics and similar goods;",0.2825,Not Exposed,Not affected,0.24,predicted,2025
3257,7,Environmental and Occupational Health Inspectors and Associates,Inspecting establishments to ensure that they conform to government and other rules and regulations concerning emission of pollutants and disposal of dangerous wastes;,0.2475,Not Exposed,Not affected,0.24,predicted,2025
3257,8,Environmental and Occupational Health Inspectors and Associates,"Initiating action to maintain or improve hygiene and prevent pollution of water, air, food or soil;",0.141,Not Exposed,Not affected,0.24,predicted,2025
3257,9,Environmental and Occupational Health Inspectors and Associates,"Promoting preventive and corrective measures such as control of disease carrying organisms and of harmful substances in the air, hygienic food handling, proper disposal of waste and cleaning of public places;",0.235,Not Exposed,Not affected,0.24,predicted,2025
3257,10,Environmental and Occupational Health Inspectors and Associates,"Estimating quantities and costs of materials and labour required for health, safety and sanitation remediation projects;",0.25,Not Exposed,Not affected,0.24,predicted,2025
3258,1,Ambulance Workers,"Assessing health status of persons involved in accidents, natural disasters and other emergency situations, and determining needs for immediate and specialized medical assistance;",0.12,Not Exposed,Not affected,0.22,predicted,2025
3258,2,Ambulance Workers,"Performing medical procedures and administering drugs and other therapies according to protocol for emergency medical treatment, including resuscitating and defibrillating patients and operating life-support equipment;",0.0625,Not Exposed,Not affected,0.22,predicted,2025
3258,3,Ambulance Workers,"Monitoring changes in health status of patients during transport to and from medical, rehabilitation and other health care facilities;",0.23,Not Exposed,Not affected,0.22,predicted,2025
3258,4,Ambulance Workers,Providing information and training to community groups and essential service workers in first aid for initial care of an illness or injury;,0.13,Not Exposed,Not affected,0.22,predicted,2025
3258,5,Ambulance Workers,Attending and/or patrolling large-scale public gatherings and other events where health emergencies are more likely to occur;,0.2,Not Exposed,Not affected,0.22,predicted,2025
3258,6,Ambulance Workers,Recording information on patients' conditions and treatments provided in medical records-keeping systems.,0.55,Not Exposed,Not affected,0.22,predicted,2025
3259,1,Health Associate Professionals Not Elsewhere Classified,"Interviewing and examining patients to obtain information on their health status and the nature and extent of injury, illness or other physical or mental health condition;",0.22,Minimal Exposure,Not affected,0.3,predicted,2025
3259,2,Health Associate Professionals Not Elsewhere Classified,"Providing information and counselling to patients and families about certain health conditions, prevention and treatment options, treatment adherence, and personal behaviours that can affect health outcomes;",0.33,Minimal Exposure,Not affected,0.3,predicted,2025
3259,3,Health Associate Professionals Not Elsewhere Classified,"Administering therapeutic care and treatment to patients;
(d ) performing certain basic clinical procedures, such as administration of HIV antibody tests or insertion of intrauterine devices;",0.116,Minimal Exposure,Not affected,0.3,predicted,2025
3259,4,Health Associate Professionals Not Elsewhere Classified,"Dispensing and advising on dietary supplements, antiretroviral and prophylaxis medications, and other healthcare products",0.3475,Minimal Exposure,Not affected,0.3,predicted,2025
3259,5,Health Associate Professionals Not Elsewhere Classified,"Monitoring patients' progress through treatment plans, and identifying signs and symptoms requiring referral to a medical doctor or other health professional;",0.2475,Minimal Exposure,Not affected,0.3,predicted,2025
3259,6,Health Associate Professionals Not Elsewhere Classified,Recording information on patients' health status and responses to treatment in medical records-keeping systems;,0.6000000000000001,Minimal Exposure,Not affected,0.3,predicted,2025
3259,7,Health Associate Professionals Not Elsewhere Classified,Sharing information with other health care providers when required to ensure continuing and comprehensive care.,0.2725,Minimal Exposure,Not affected,0.3,predicted,2025
3311,1,Securities and Finance Dealers and Brokers,Obtaining information about the financial circumstances of customers and companies in which investments may be made;,0.63,Exposed: Gradient 4,Automation Potential,0.63,predicted,2025
3311,2,Securities and Finance Dealers and Brokers,"Analysing market trends for securities, bonds, stocks and other financial instruments, including foreign exchange;",0.6525000000000001,Exposed: Gradient 4,Automation Potential,0.63,predicted,2025
3311,3,Securities and Finance Dealers and Brokers,Informing prospective customers about market conditions and prospects;,0.6475,Exposed: Gradient 4,Automation Potential,0.63,predicted,2025
3311,4,Securities and Finance Dealers and Brokers,"Advising on and participating in the negotiation of terms for, and organization of, loans and placement of stocks and bonds in the financial market to raise capital for customers;",0.567,Exposed: Gradient 4,Automation Potential,0.63,predicted,2025
3311,5,Securities and Finance Dealers and Brokers,"Recording and transmitting buy and sell orders for securities, stocks, bonds or other financial instruments and for foreign exchange for future or immediate delivery.",0.6599999999999999,Exposed: Gradient 4,Automation Potential,0.63,predicted,2025
3312,1,Credit and Loans Officers,"Interviewing applicants for personal, mortgage, student and business loans;",0.55,Exposed: Gradient 4,The Big Uknown,0.6,predicted,2025
3312,2,Credit and Loans Officers,"Researching and evaluating loan applicant‚Äôs financial status, references, credit and ability to repay the loan;",0.575,Exposed: Gradient 4,The Big Uknown,0.6,predicted,2025
3312,3,Credit and Loans Officers,Submitting credit and loan applications to management with recommendations for approval or rejection;,0.64,Exposed: Gradient 4,The Big Uknown,0.6,predicted,2025
3312,4,Credit and Loans Officers,Approving or rejecting loan applications within authorized limits ensuring that credit standards of the institution are respected;,0.61,Exposed: Gradient 4,The Big Uknown,0.6,predicted,2025
3312,5,Credit and Loans Officers,"Keeping records of payments, and preparing routine letters requesting payment for overdue accounts and forwarding these for legal action;",0.655,Exposed: Gradient 4,The Big Uknown,0.6,predicted,2025
3312,6,Credit and Loans Officers,Completing credit and loan documentation.,0.6000000000000001,Exposed: Gradient 4,The Big Uknown,0.6,predicted,2025
3313,1,Accounting Associate Professionals,"Maintaining complete records of all financial transactions of an undertaking according to general bookkeeping principles, with guidance from Accountants;",0.4525,Exposed: Gradient 2,The Big Uknown,0.49,predicted,2025
3313,2,Accounting Associate Professionals,"Verifying accuracy of documents and records relating to payments, receipts and other financial transactions;",0.51,Exposed: Gradient 2,The Big Uknown,0.49,predicted,2025
3313,3,Accounting Associate Professionals,Preparing financial statements and reports for specified periods;,0.61,Exposed: Gradient 2,The Big Uknown,0.49,predicted,2025
3313,4,Accounting Associate Professionals,Applying knowledge of bookkeeping principles and practices in order to identify and solve problems arising in the course of their work;,0.39,Exposed: Gradient 2,The Big Uknown,0.49,predicted,2025
3313,5,Accounting Associate Professionals,Using standard computer software packages to perform accounting and related calculations;,0.6599999999999999,Exposed: Gradient 2,The Big Uknown,0.49,predicted,2025
3313,6,Accounting Associate Professionals,Supervising the work of accounts and bookkeeping clerks.,0.33,Exposed: Gradient 2,The Big Uknown,0.49,reconciled,2025
3314,1,"Statistical, Mathematical and Related Associate Professionals","Assisting in planning and performing statistical, mathematical, actuarial and related calculations;",0.585,Exposed: Gradient 3,The Big Uknown,0.57,predicted,2025
3314,2,"Statistical, Mathematical and Related Associate Professionals",Preparing detailed estimates of quantities and costs of materials and labour required for statistical census and survey operations;,0.525,Exposed: Gradient 3,The Big Uknown,0.57,predicted,2025
3314,3,"Statistical, Mathematical and Related Associate Professionals","Performing technical tasks connected with establishing, maintaining and using registers and sampling frames for census and survey operations;",0.665,Exposed: Gradient 3,The Big Uknown,0.57,predicted,2025
3314,4,"Statistical, Mathematical and Related Associate Professionals",Performing technical tasks connected with data collection and quality control operations in censuses and surveys;,0.53,Exposed: Gradient 3,The Big Uknown,0.57,predicted,2025
3314,5,"Statistical, Mathematical and Related Associate Professionals","Using standard computer software packages to perform mathematical, actuarial, statistical, accounting and related calculations;",0.55,Exposed: Gradient 3,The Big Uknown,0.57,predicted,2025
3314,6,"Statistical, Mathematical and Related Associate Professionals","Preparing statistical, mathematical, actuarial, accounting and other results for presentation in graphical or tabular form;",0.68,Exposed: Gradient 3,The Big Uknown,0.57,predicted,2025
3314,7,"Statistical, Mathematical and Related Associate Professionals","Applying knowledge of statistical, mathematical, actuarial, accounting and related principles and practices in order to identify and solve problems arising in the course of their work;",0.62,Exposed: Gradient 3,The Big Uknown,0.57,reconciled,2025
3314,8,"Statistical, Mathematical and Related Associate Professionals",Supervising the work of statistical clerks.,0.37,Exposed: Gradient 3,The Big Uknown,0.57,predicted,2025
3315,1,Valuers and Loss Assessors,"Determining the quality or value of raw materials, real estate, industrial equipment, personal and household effects, works of art, gems and other objects;",0.3325,Exposed: Gradient 2,Augmentation Potential,0.45,predicted,2025
3315,2,Valuers and Loss Assessors,Assessing the extent of damage or loss and liabilities of insurance companies and underwriters for losses covered by insurance policies;,0.55,Exposed: Gradient 2,Augmentation Potential,0.45,predicted,2025
3315,3,Valuers and Loss Assessors,Obtaining records of sales and value of similar items or property;,0.5075000000000001,Exposed: Gradient 2,Augmentation Potential,0.45,predicted,2025
3315,4,Valuers and Loss Assessors,"Inspecting items or property to evaluate condition, size and construction;",0.18,Exposed: Gradient 2,Augmentation Potential,0.45,predicted,2025
3315,5,Valuers and Loss Assessors,"Preparing reports of value, outlining the estimation factors and methods used.",0.675,Exposed: Gradient 2,Augmentation Potential,0.45,predicted,2025
3321,1,Insurance Representatives,Obtaining information about customers‚Äô circumstances necessary to determine appropriate type of insurance and conditions;,0.635,Exposed: Gradient 3,The Big Uknown,0.53,predicted,2025
3321,2,Insurance Representatives,Negotiating with customers to determine type and degree of risk for which insurance is required;,0.43,Exposed: Gradient 3,The Big Uknown,0.53,reconciled,2025
3321,3,Insurance Representatives,"Explaining details of insurance and conditions, risk coverage premiums and benefits to customers;",0.63,Exposed: Gradient 3,The Big Uknown,0.53,predicted,2025
3321,4,Insurance Representatives,"Assisting clients to determine the type and level of coverage required, calculating premiums and establishing method of payment;",0.64,Exposed: Gradient 3,The Big Uknown,0.53,predicted,2025
3321,5,Insurance Representatives,Negotiating and placing reinsurance contracts;,0.395,Exposed: Gradient 3,The Big Uknown,0.53,predicted,2025
3321,6,Insurance Representatives,"Advising on, negotiating terms for and placing insurance contracts for large or special types of projects, installations or risks.",0.43,Exposed: Gradient 3,The Big Uknown,0.53,reconciled,2025
3322,1,Commercial Sales Representatives,"Soliciting orders and selling goods to retail, industrial, wholesale and other establishments;",0.48,Exposed: Gradient 2,The Big Uknown,0.49,predicted,2025
3322,2,Commercial Sales Representatives,"Selling equipment, supplies and related services to business establishments or individuals;",0.39,Exposed: Gradient 2,The Big Uknown,0.49,predicted,2025
3322,3,Commercial Sales Representatives,Obtaining and updating knowledge of market conditions and of employer‚Äôs and competitors‚Äô goods and services;,0.605,Exposed: Gradient 2,The Big Uknown,0.49,predicted,2025
3322,4,Commercial Sales Representatives,"Providing prospective customers with information about the characteristics and functions of the products and equipment for sale, and demonstrating its use or qualities;",0.47,Exposed: Gradient 2,The Big Uknown,0.49,predicted,2025
3322,5,Commercial Sales Representatives,"Quoting prices and credit terms, recording orders and arranging deliveries;",0.54,Exposed: Gradient 2,The Big Uknown,0.49,predicted,2025
3322,6,Commercial Sales Representatives,Reporting customers‚Äô reactions and requirements to suppliers and manufacturers;,0.385,Exposed: Gradient 2,The Big Uknown,0.49,predicted,2025
3322,7,Commercial Sales Representatives,Following up clients to ensure satisfaction with products purchased.,0.56,Exposed: Gradient 2,The Big Uknown,0.49,reconciled,2025
3323,1,Buyers,"Determining or negotiating contract terms and conditions, awarding supplier contracts or recommending contract awards for the purchase of equipment, raw materials, products, services and merchandise for resale;",0.355,Minimal Exposure,The Big Uknown,0.39,predicted,2025
3323,2,Buyers,"Obtaining information about requirements and stock and developing specifications for quantity and quality to be purchased, costs, delivery dates and other contract conditions;",0.505,Minimal Exposure,The Big Uknown,0.39,predicted,2025
3323,3,Buyers,"Purchasing general and specialized equipment, materials or business services for use or for further processing by their establishment;",0.35,Minimal Exposure,The Big Uknown,0.39,predicted,2025
3323,4,Buyers,"Inviting tenders, consulting with suppliers and reviewing quotations;",0.365,Minimal Exposure,The Big Uknown,0.39,predicted,2025
3323,5,Buyers,Purchasing merchandise for resale by retail or wholesale establishments;,0.48,Minimal Exposure,The Big Uknown,0.39,predicted,2025
3323,6,Buyers,"Studying market reports, trade periodicals and sales promotion materials and visiting trade shows, showrooms, factories and product design events;",0.4,Minimal Exposure,The Big Uknown,0.39,predicted,2025
3323,7,Buyers,Selecting the merchandise or products that best fit the establishment's requirements;,0.43,Minimal Exposure,The Big Uknown,0.39,predicted,2025
3323,8,Buyers,"Interviewing  suppliers and negotiating prices, discounts, credit terms and transportation arrangements;",0.315,Minimal Exposure,The Big Uknown,0.39,predicted,2025
3323,9,Buyers,Overseeing distribution of merchandise to outlets and maintaining adequate stock levels;,0.25,Minimal Exposure,The Big Uknown,0.39,predicted,2025
3323,10,Buyers,"Establishing delivery schedules, monitoring progress and contacting clients and suppliers to resolve problems.",0.49,Minimal Exposure,The Big Uknown,0.39,predicted,2025
3324,1,Trade Brokers,Establishing contact between buyers and sellers of commodities;,0.465,Exposed: Gradient 2,The Big Uknown,0.44,predicted,2025
3324,2,Trade Brokers,Discussing buying or selling requirements of clients and giving advice accordingly;,0.415,Exposed: Gradient 2,The Big Uknown,0.44,predicted,2025
3324,3,Trade Brokers,Buying  and selling cargo space on ships;,0.41,Exposed: Gradient 2,The Big Uknown,0.44,predicted,2025
3324,4,Trade Brokers,Negotiating purchase or sale of commodities and commodity futures;,0.3125,Exposed: Gradient 2,The Big Uknown,0.44,predicted,2025
3324,5,Trade Brokers,"Finding cargo and/or storage space for commodities and negotiating freight, shipping and storage charges;",0.45,Exposed: Gradient 2,The Big Uknown,0.44,predicted,2025
3324,6,Trade Brokers,Monitoring and analysing market trends and other factors affecting the supply and demand for commodities and shipping services.,0.615,Exposed: Gradient 2,The Big Uknown,0.44,predicted,2025
3331,1,Clearing and Forwarding Aents,Carrying out customs clearing procedures for exports or imports;,0.425,Exposed: Gradient 3,The Big Uknown,0.57,predicted,2025
3331,2,Clearing and Forwarding Aents,Ensuring that insurance is in order;,0.64,Exposed: Gradient 3,The Big Uknown,0.57,predicted,2025
3331,3,Clearing and Forwarding Aents,Ensuring that export/import licences and other formalities are in order;,0.615,Exposed: Gradient 3,The Big Uknown,0.57,predicted,2025
3331,4,Clearing and Forwarding Aents,Signing and issuing bills of lading;,0.55,Exposed: Gradient 3,The Big Uknown,0.57,predicted,2025
3331,5,Clearing and Forwarding Aents,"Checking import/export documentation to determine cargo contents, and classifying goods into different fee or tariff groups, using a tariff coding system.",0.6325000000000001,Exposed: Gradient 3,The Big Uknown,0.57,predicted,2025
3332,1,Conference and Event Planners,"Promoting conferences, conventions and trade shows to potential customers;",0.615,Exposed: Gradient 2,The Big Uknown,0.48,predicted,2025
3332,2,Conference and Event Planners,"Responding to inquiries concerning services provided and costs for room and equipment hire, catering and related services;",0.615,Exposed: Gradient 2,The Big Uknown,0.48,predicted,2025
3332,3,Conference and Event Planners,Meeting with clients to discuss their needs and outlining package options to meet these needs;,0.395,Exposed: Gradient 2,The Big Uknown,0.48,predicted,2025
3332,4,Conference and Event Planners,"Arranging and coordinating services, such as, conference facilities, catering, signage, displays, audiovisual and computer equipment, accommodation, transport and social events, for participants, logistical arrangements for presenters;",0.385,Exposed: Gradient 2,The Big Uknown,0.48,predicted,2025
3332,5,Conference and Event Planners,Organizing registration of participants;,0.65,Exposed: Gradient 2,The Big Uknown,0.48,predicted,2025
3332,6,Conference and Event Planners,Negotiating the type and costs of services to be provided within budget;,0.35,Exposed: Gradient 2,The Big Uknown,0.48,predicted,2025
3332,7,Conference and Event Planners,Overseeing work by contractors and reporting on variations to work orders.,0.335,Exposed: Gradient 2,The Big Uknown,0.48,predicted,2025
3333,1,Employment agents and contractors,Matching jobseekers with vacancies;,0.56,Minimal Exposure,The Big Uknown,0.39,predicted,2025
3333,2,Employment agents and contractors,Finding workers for vacant posts against a commission from the employer or worker;,0.36,Minimal Exposure,The Big Uknown,0.39,predicted,2025
3333,3,Employment agents and contractors,Discussing with employers the skills and other characteristics required of the workers to be employed or contracted;,0.33,Minimal Exposure,The Big Uknown,0.39,predicted,2025
3333,4,Employment agents and contractors,"Finding workers with appropriate skills, and undertaking the necessary formalities according to national or international regulations and requirements;",0.335,Minimal Exposure,The Big Uknown,0.39,predicted,2025
3333,5,Employment agents and contractors,Ensuring that the employment contracts meet legal requirements and signing them;,0.345,Minimal Exposure,The Big Uknown,0.39,predicted,2025
3333,6,Employment agents and contractors,Advising on training schemes.,0.41,Minimal Exposure,The Big Uknown,0.39,predicted,2025
3334,1,Real Estate Agents and Property Managers,"Obtaining information about properties to be sold or leased, the circumstances of their owner and the needs of prospective buyers or tenants;",0.36,Minimal Exposure,Augmentation Potential,0.35,predicted,2025
3334,2,Real Estate Agents and Property Managers,Showing properties to be sold or leased to prospective buyers or tenants and explaining terms of sale or conditions of rent or lease;,0.33,Minimal Exposure,Augmentation Potential,0.35,predicted,2025
3334,3,Real Estate Agents and Property Managers,Facilitating negotiations with tenants and owners on rents and fees;,0.295,Minimal Exposure,Augmentation Potential,0.35,predicted,2025
3334,4,Real Estate Agents and Property Managers,Drawing up leasing and sale agreements and estimating costs;,0.455,Minimal Exposure,Augmentation Potential,0.35,predicted,2025
3334,5,Real Estate Agents and Property Managers,Arranging signing of lease agreements and transfer of property rights;,0.385,Minimal Exposure,Augmentation Potential,0.35,predicted,2025
3334,6,Real Estate Agents and Property Managers,"Collecting rent and bond monies on behalf of owner and inspecting properties before, during and after tenancies;",0.44,Minimal Exposure,Augmentation Potential,0.35,predicted,2025
3334,7,Real Estate Agents and Property Managers,Ensuring the availability of workers to perform maintenance of the properties.,0.2,Minimal Exposure,Augmentation Potential,0.35,predicted,2025
3339,1,Business Services Agents Not Elsewhere Classified,Obtaining information about services to be sold and needs of prospective buyers;,0.6,Exposed: Gradient 2,The Big Uknown,0.44,predicted,2025
3339,2,Business Services Agents Not Elsewhere Classified,Negotiating contracts on behalf of seller or buyer and explaining terms of sale and payment to client;,0.33,Exposed: Gradient 2,The Big Uknown,0.44,predicted,2025
3339,3,Business Services Agents Not Elsewhere Classified,Signing agreements on behalf of seller or buyer and ensuring that contract is honoured;,0.29,Exposed: Gradient 2,The Big Uknown,0.44,predicted,2025
3339,4,Business Services Agents Not Elsewhere Classified,Making sure that the business service purchased is made available to the buyer in the agreed format at the agreed time;,0.535,Exposed: Gradient 2,The Big Uknown,0.44,predicted,2025
3339,5,Business Services Agents Not Elsewhere Classified,"Selling by auction various kinds of property, cars, commodities, livestock, art, jewellery and other objects.",0.4,Exposed: Gradient 2,The Big Uknown,0.44,predicted,2025
3339,6,Business Services Agents Not Elsewhere Classified,Organizing group tours for business or vacation travel and making bulk travel and accommodation bookings.,0.515,Exposed: Gradient 2,The Big Uknown,0.44,predicted,2025
3341,1,Office Supervisors,"Coordinating, assigning and reviewing the work of clerks engaged in the following duties: word processing, record keeping and filing, operating telephones and switchboards; data entry, desktop publishing and other activities involving general office and administrative skills;",0.635,Exposed: Gradient 2,The Big Uknown,0.43,predicted,2025
3341,2,Office Supervisors,Establishing work schedules and procedures and co-coordinating activities with other work units or departments;,0.3875,Exposed: Gradient 2,The Big Uknown,0.43,predicted,2025
3341,3,Office Supervisors,Resolving work-related problems and preparing and submitting progress and other reports;,0.47,Exposed: Gradient 2,The Big Uknown,0.43,predicted,2025
3341,4,Office Supervisors,"Training and instructing employees in job duties, safety procedures and company policies, or arranging for training to be provided;",0.335,Exposed: Gradient 2,The Big Uknown,0.43,predicted,2025
3341,5,Office Supervisors,"Evaluating employees‚Äô job performance and conformity with regulations, and recommending appropriate personnel action;",0.335,Exposed: Gradient 2,The Big Uknown,0.43,predicted,2025
3341,6,Office Supervisors,"Assisting in recruitment, interviewing and selection of employees.",0.41,Exposed: Gradient 2,The Big Uknown,0.43,reconciled,2025
3342,1,Legal Secretaries,"Preparing and processing legal documents and papers, such as deeds, wills, affidavits and briefs;",0.6000000000000001,Exposed: Gradient 3,The Big Uknown,0.55,predicted,2025
3342,2,Legal Secretaries,Reviewing and proofreading documents and correspondence to ensure compliance with legal procedures;,0.6325000000000001,Exposed: Gradient 3,The Big Uknown,0.55,predicted,2025
3342,3,Legal Secretaries,"Mailing, faxing or arranging for delivery of legal correspondence to clients, witnesses and court officials;",0.51,Exposed: Gradient 3,The Big Uknown,0.55,predicted,2025
3342,4,Legal Secretaries,"Organizing and maintaining documents, case files and law libraries;",0.575,Exposed: Gradient 3,The Big Uknown,0.55,predicted,2025
3342,5,Legal Secretaries,"Screening requests for meetings, and scheduling and organizing meetings;",0.735,Exposed: Gradient 3,The Big Uknown,0.55,predicted,2025
3342,6,Legal Secretaries,"Assisting in the preparation of budgets, monitoring of expenditures, drafting of contracts and purchasing or acquisition orders;",0.46,Exposed: Gradient 3,The Big Uknown,0.55,predicted,2025
3342,7,Legal Secretaries,Supervising the work of office support workers.,0.34,Exposed: Gradient 3,The Big Uknown,0.55,predicted,2025
3343,1,Administrative and Executive Secretaries,Drafting administrative correspondence and minutes;,0.585,Exposed: Gradient 3,The Big Uknown,0.54,predicted,2025
3343,2,Administrative and Executive Secretaries,"Obtaining, proposing and monitoring deadlines and follow-up dates;",0.595,Exposed: Gradient 3,The Big Uknown,0.54,predicted,2025
3343,3,Administrative and Executive Secretaries,"Screening requests for meetings, and scheduling and organizing meetings and travel arrangements;",0.7150000000000001,Exposed: Gradient 3,The Big Uknown,0.54,predicted,2025
3343,4,Administrative and Executive Secretaries,"Assisting in the preparation of budgets, monitoring of expenditures, drafting of contracts and purchasing or acquisition orders;",0.455,Exposed: Gradient 3,The Big Uknown,0.54,predicted,2025
3343,5,Administrative and Executive Secretaries,Liaising with other staff about a range of matters relating to the organization‚Äôs operations;,0.32,Exposed: Gradient 3,The Big Uknown,0.54,predicted,2025
3343,6,Administrative and Executive Secretaries,Writing and answering business or technical letters and other similar correspondence;,0.625,Exposed: Gradient 3,The Big Uknown,0.54,predicted,2025
3343,7,Administrative and Executive Secretaries,"Preparing verbatim reports of proceedings in legislative assemblies, courts of law or other places using shorthand or specialized office equipment.",0.645,Exposed: Gradient 3,The Big Uknown,0.54,predicted,2025
3343,8,Administrative and Executive Secretaries,Supervising the work of  clerical support workers.,0.35,Exposed: Gradient 3,The Big Uknown,0.54,predicted,2025
3344,1,Medical Secretaries,Scheduling and confirming medical appointments and communicating messages for medical staff; and patients;,0.63,Exposed: Gradient 3,The Big Uknown,0.53,predicted,2025
3344,2,Medical Secretaries,"Compiling, recording and reviewing medical charts, reports, documents and correspondence;",0.4525,Exposed: Gradient 3,The Big Uknown,0.53,predicted,2025
3344,3,Medical Secretaries,"Interviewing patients to complete forms, documents and case histories;",0.51,Exposed: Gradient 3,The Big Uknown,0.53,predicted,2025
3344,4,Medical Secretaries,Completing insurance and other claims forms;,0.66,Exposed: Gradient 3,The Big Uknown,0.53,predicted,2025
3344,5,Medical Secretaries,Maintaining medical files and records and technical library;,0.52,Exposed: Gradient 3,The Big Uknown,0.53,predicted,2025
3344,6,Medical Secretaries,Preparing financial statements and billing procedures;,0.645,Exposed: Gradient 3,The Big Uknown,0.53,predicted,2025
3344,7,Medical Secretaries,"Assisting in the preparation of budgets, drafting of contracts and purchasing or acquisition orders;",0.485,Exposed: Gradient 3,The Big Uknown,0.53,predicted,2025
3344,8,Medical Secretaries,Supervising the work of office support workers and other office staff.,0.34,Exposed: Gradient 3,The Big Uknown,0.53,predicted,2025
3411,1,Legal and Related Associate Professionals,Documenting court proceedings and judgements;,0.455,Exposed: Gradient 1,Augmentation Potential,0.39,predicted,2025
3411,2,Legal and Related Associate Professionals,"Serving statements of claims, summonses, warrants, subpoenas and other court orders;",0.4350000000000001,Exposed: Gradient 1,Augmentation Potential,0.39,predicted,2025
3411,3,Legal and Related Associate Professionals,Maintaining order in court and hearing rooms;,0.2,Exposed: Gradient 1,Augmentation Potential,0.39,predicted,2025
3411,4,Legal and Related Associate Professionals,"Preparing legal documents including trial briefs, pleadings, appeals, wills and contracts and preparing, papers summarizing legal positions or setting out conditions of loans or insurance;",0.56,Exposed: Gradient 1,Augmentation Potential,0.39,predicted,2025
3411,5,Legal and Related Associate Professionals,"Investigating facts, assembling evidence and researching relevant statutes, decisions and other legal documents to prepare cases;",0.4,Exposed: Gradient 1,Augmentation Potential,0.39,predicted,2025
3411,6,Legal and Related Associate Professionals,Advising clients on legal matters;,0.375,Exposed: Gradient 1,Augmentation Potential,0.39,predicted,2025
3411,7,Legal and Related Associate Professionals,"Examining documentation such as mortgages, liens, judgements, easements, contracts and maps in order to verify properties‚Äô legal descriptions and ownership;",0.39,Exposed: Gradient 1,Augmentation Potential,0.39,predicted,2025
3411,8,Legal and Related Associate Professionals,"Preparing documents relating to transfer of real estate, stocks or other matters requiring formal registration;",0.605,Exposed: Gradient 1,Augmentation Potential,0.39,predicted,2025
3411,9,Legal and Related Associate Professionals,"Investigating possible cases of theft of goods, money or information from business establishments and of other possible cases of unlawful behaviour by customers or employees;",0.1925,Exposed: Gradient 1,Augmentation Potential,0.39,predicted,2025
3411,10,Legal and Related Associate Professionals,Investigating establishments or the circumstances and behaviour of persons on behalf of clients.,0.295,Exposed: Gradient 1,Augmentation Potential,0.39,predicted,2025
3511,1,Information and Communications Technology Operations Technicians,Operating and controlling peripheral and related computer equipment;,0.4075,Exposed: Gradient 2,The Big Uknown,0.43,predicted,2025
3511,2,Information and Communications Technology Operations Technicians,"Entering commands, using computer terminal, and activating controls on computer and peripheral equipment to integrate and operate equipment;",0.4350000000000001,Exposed: Gradient 2,The Big Uknown,0.43,predicted,2025
3511,3,Information and Communications Technology Operations Technicians,Monitoring systems for equipment failure or errors in performance;,0.35,Exposed: Gradient 2,The Big Uknown,0.43,reconciled,2025
3511,4,Information and Communications Technology Operations Technicians,Notifying supervisor or maintenance technician of equipment malfunctions;,0.4,Exposed: Gradient 2,The Big Uknown,0.43,reconciled,2025
3511,5,Information and Communications Technology Operations Technicians,"Responding to programme error messages by finding and correcting problems, escalating the problem to other staff or terminating the programme;",0.47,Exposed: Gradient 2,The Big Uknown,0.43,predicted,2025
3511,6,Information and Communications Technology Operations Technicians,"Reading job set-up instructions to determine equipment to be used, order of use, material such as disks and paper to be loaded, and control settings;",0.5,Exposed: Gradient 2,The Big Uknown,0.43,reconciled,2025
3511,7,Information and Communications Technology Operations Technicians,"Retrieving, separating and sorting programme output as needed, and sending data to specified users;",0.6699999999999999,Exposed: Gradient 2,The Big Uknown,0.43,predicted,2025
3511,8,Information and Communications Technology Operations Technicians,"Loading peripheral equipment, such as printers, with selected materials for operating runs, or overseeing loading of peripheral equipment by peripheral equipment operators.",0.2,Exposed: Gradient 2,The Big Uknown,0.43,predicted,2025
3512,1,Information and Communications Technology User Support Technicians,Answering user inquiries regarding software or hardware operation to resolve problems;,0.63,Exposed: Gradient 2,The Big Uknown,0.47,predicted,2025
3512,2,Information and Communications Technology User Support Technicians,Entering commands and observing system functioning to verify correct operations and detect errors;,0.3,Exposed: Gradient 2,The Big Uknown,0.47,predicted,2025
3512,3,Information and Communications Technology User Support Technicians,"Installing and performing minor repairs to hardware, software or peripheral equipment, following design or installation specifications;",0.1425,Exposed: Gradient 2,The Big Uknown,0.47,predicted,2025
3512,4,Information and Communications Technology User Support Technicians,Overseeing the daily performance of communications and computer systems;,0.465,Exposed: Gradient 2,The Big Uknown,0.47,predicted,2025
3512,5,Information and Communications Technology User Support Technicians,"Setting up equipment for employee use and performing or ensuring proper installation of cables, operating systems or appropriate software;",0.27,Exposed: Gradient 2,The Big Uknown,0.47,predicted,2025
3512,6,Information and Communications Technology User Support Technicians,"Maintaining records of daily data communication transactions, problems and remedial actions taken, or installation activities.",0.575,Exposed: Gradient 2,The Big Uknown,0.47,predicted,2025
3512,7,Information and Communications Technology User Support Technicians,Emulating or reproducing technical problems encountered by users;,0.55,Exposed: Gradient 2,The Big Uknown,0.47,predicted,2025
3512,8,Information and Communications Technology User Support Technicians,"Consulting user guides, technical manuals and other documents to research and implement solutions;",0.665,Exposed: Gradient 2,The Big Uknown,0.47,predicted,2025
3512,9,Information and Communications Technology User Support Technicians,"Assisting applications programmers, systems developers and other ICT professionals to develop and test ICT products and services.",0.635,Exposed: Gradient 2,The Big Uknown,0.47,predicted,2025
3513,1,Computer Network and Systems Technicians,"Operating, maintaining and troubleshooting network systems;",0.485,Exposed: Gradient 2,The Big Uknown,0.43,predicted,2025
3513,2,Computer Network and Systems Technicians,Operating and maintaining data communications systems other than networks;,0.4,Exposed: Gradient 2,The Big Uknown,0.43,predicted,2025
3513,3,Computer Network and Systems Technicians,Assisting users with network and data communications problems;,0.55,Exposed: Gradient 2,The Big Uknown,0.43,predicted,2025
3513,4,Computer Network and Systems Technicians,Identifying areas needing upgraded equipment and software;,0.355,Exposed: Gradient 2,The Big Uknown,0.43,predicted,2025
3513,5,Computer Network and Systems Technicians,"Installing computer hardware, network software, operating system software and applications software;",0.33,Exposed: Gradient 2,The Big Uknown,0.43,predicted,2025
3513,6,Computer Network and Systems Technicians,Performing start up and close down as well as backup and disaster recovery operations for computer networks.,0.46,Exposed: Gradient 2,The Big Uknown,0.43,predicted,2025
3514,1,Web Technicians,"Installing, monitoring and supporting the reliability and usability of Internet and Intranet websites or web server hardware or software;",0.415,Exposed: Gradient 3,The Big Uknown,0.53,predicted,2025
3514,2,Web Technicians,"Developing and maintaining documentation, policies and instructions, recording operational procedures and system logs;",0.615,Exposed: Gradient 3,The Big Uknown,0.53,predicted,2025
3514,3,Web Technicians,"Developing, coordinating, implementing and monitoring security measures;",0.45,Exposed: Gradient 3,The Big Uknown,0.53,predicted,2025
3514,4,Web Technicians,"Analysing and making recommendations to enhance performance, including upgrading and acquiring new systems;",0.54,Exposed: Gradient 3,The Big Uknown,0.53,predicted,2025
3514,5,Web Technicians,"Liaising with, and providing guidance to, clients and users;",0.37,Exposed: Gradient 3,The Big Uknown,0.53,predicted,2025
3514,6,Web Technicians,Creating and modifying web pages;,0.725,Exposed: Gradient 3,The Big Uknown,0.53,predicted,2025
3514,7,Web Technicians,Performing web server backup and recovery operations.,0.585,Exposed: Gradient 3,The Big Uknown,0.53,predicted,2025
3521,1,Broadcasting and Audio-visual Technicians,Controlling equipment to record sound;,0.275,Minimal Exposure,Augmentation Potential,0.35,predicted,2025
3521,2,Broadcasting and Audio-visual Technicians,Controlling equipment to edit and mix image and sound recordings to ensure satisfactory quality and to create special image and sound effects;,0.52,Minimal Exposure,Augmentation Potential,0.35,predicted,2025
3521,3,Broadcasting and Audio-visual Technicians,Applying knowledge of principles and practices of image and sound recording and editing in order to identify and solve problems;,0.4,Minimal Exposure,Augmentation Potential,0.35,predicted,2025
3521,4,Broadcasting and Audio-visual Technicians,Controlling transmitting and broadcast systems and satellite systems for radio and television programmes;,0.3875,Minimal Exposure,Augmentation Potential,0.35,predicted,2025
3521,5,Broadcasting and Audio-visual Technicians,"Controlling radio communications systems, satellite services and multiplex systems on land, sea or in aircraft;",0.33,Minimal Exposure,Augmentation Potential,0.35,predicted,2025
3521,6,Broadcasting and Audio-visual Technicians,"Applying knowledge of principles and practices of broadcasting, telecommunications terminals and transmissions systems, in order to identify and solve problems;",0.385,Minimal Exposure,Augmentation Potential,0.35,predicted,2025
3521,7,Broadcasting and Audio-visual Technicians,Making emergency repairs to equipment.,0.165,Minimal Exposure,Augmentation Potential,0.35,predicted,2025
3522,1,Telecommunications Engineering Technicians,"Providing technical assistance connected with research and the development of telecommunications equipment, or testing prototypes;",0.475,Minimal Exposure,Augmentation Potential,0.45,predicted,2025
3522,2,Telecommunications Engineering Technicians,Studying technical material such as blue prints and sketches to determine the method of work to be adopted;,0.39,Minimal Exposure,Augmentation Potential,0.45,predicted,2025
3522,3,Telecommunications Engineering Technicians,"Preparing detailed estimates of quantities and costs of materials and labour required for the manufacture and installation of telecommunications equipment, according to the specifications given;",0.455,Minimal Exposure,Augmentation Potential,0.45,predicted,2025
3522,4,Telecommunications Engineering Technicians,"Providing technical supervision of the manufacture, utilization, maintenance and repair of telecommunications systems to ensure satisfactory performance and compliance with specifications and regulations;",0.475,Minimal Exposure,Augmentation Potential,0.45,predicted,2025
3522,5,Telecommunications Engineering Technicians,Applying technical knowledge of telecommunications engineering principles and practices in order to identify and solve problems arising in the course of their work.,0.47,Minimal Exposure,Augmentation Potential,0.45,predicted,2025
4131,1,Typists and Word Processing Operators,"Typing written material from rough drafts, corrected copies, voice recordings or shorthand using a computer, word processor or typewriter;",0.665,Exposed: Gradient 4,Automation Potential,0.65,predicted,2025
4131,2,Typists and Word Processing Operators,"Checking completed work for proper spelling, grammar, punctuation and formatting;",0.7,Exposed: Gradient 4,Automation Potential,0.65,predicted,2025
4131,3,Typists and Word Processing Operators,"Gathering and arranging the material to be typed, following instructions;",0.5575,Exposed: Gradient 4,Automation Potential,0.65,predicted,2025
4131,4,Typists and Word Processing Operators,"Filing and storing completed documents on computer hard drive or disk, or maintain a computer filing system to store, retrieve or update documents;",0.685,Exposed: Gradient 4,Automation Potential,0.65,predicted,2025
4131,5,Typists and Word Processing Operators,Taking dictation and recording other matter in shorthand;,0.6725,Exposed: Gradient 4,Automation Potential,0.65,predicted,2025
4131,6,Typists and Word Processing Operators,"Reproducing the spoken word, environmental sounds and song lyrics as captions for cinema and television programming;",0.685,Exposed: Gradient 4,Automation Potential,0.65,predicted,2025
4131,7,Typists and Word Processing Operators,Transcribing information recorded in shorthand and on sound recording equipment.,0.6000000000000001,Exposed: Gradient 4,Automation Potential,0.65,predicted,2025
4132,1,Data Entry Clerks,"Receiving and registering invoices, forms, records and other documents for data capture;",0.7150000000000001,Exposed: Gradient 4,Automation Potential,0.7,predicted,2025
4132,2,Data Entry Clerks,"Entering numerical data, codes and text from source material into computer-compatible storage and processing devices;",0.7375,Exposed: Gradient 4,Automation Potential,0.7,predicted,2025
4132,3,Data Entry Clerks,"Verifying accuracy and completeness of data and correcting entered data, if needed;",0.685,Exposed: Gradient 4,Automation Potential,0.7,predicted,2025
4132,4,Data Entry Clerks,Operating bookkeeping and calculating machines;,0.6625000000000001,Exposed: Gradient 4,Automation Potential,0.7,predicted,2025
4132,5,Data Entry Clerks,Importing and exporting data between different database systems and software.,0.7,Exposed: Gradient 4,Automation Potential,0.7,predicted,2025
4211,1,Bank Tellers and Related Clerks,"Process customer cash deposits and withdrawals, cheques, transfers, bills, credit card payments, money orders, certified cheques and other related banking transactions;",0.5960000000000001,Exposed: Gradient 3,Automation Potential,0.58,predicted,2025
4211,2,Bank Tellers and Related Clerks,Crediting and debiting clients' accounts;,0.64,Exposed: Gradient 3,Automation Potential,0.58,predicted,2025
4211,3,Bank Tellers and Related Clerks,Paying bills and making money transfers on clients' behalf;,0.6375,Exposed: Gradient 3,Automation Potential,0.58,predicted,2025
4211,4,Bank Tellers and Related Clerks,"Receiving mail, selling postage stamps and conducting other post office counter business such as bill payments, money transfers and related business;",0.4,Exposed: Gradient 3,Automation Potential,0.58,reconciled,2025
4211,5,Bank Tellers and Related Clerks,"Changing money from one currency to another, as requested by clients;",0.63,Exposed: Gradient 3,Automation Potential,0.58,reconciled,2025
4211,6,Bank Tellers and Related Clerks,Making records of all transactions and reconciling them with cash balance.,0.5900000000000001,Exposed: Gradient 3,Automation Potential,0.58,predicted,2025
4212,1,"Bookmakers, Croupiers and Related Gaming Workers",Determining risks to decide odds and to hedge or refuse bets;,0.565,Exposed: Gradient 2,The Big Uknown,0.45,predicted,2025
4212,2,"Bookmakers, Croupiers and Related Gaming Workers",Preparing and issuing lists of approximate odds;,0.65,Exposed: Gradient 2,The Big Uknown,0.45,predicted,2025
4212,3,"Bookmakers, Croupiers and Related Gaming Workers","Distributing cards, rolling dice or spinning a roulette wheel;",0.1775,Exposed: Gradient 2,The Big Uknown,0.45,predicted,2025
4212,4,"Bookmakers, Croupiers and Related Gaming Workers",Explaining and interpreting operating rules of a gambling establishment;,0.3475,Exposed: Gradient 2,The Big Uknown,0.45,predicted,2025
4212,5,"Bookmakers, Croupiers and Related Gaming Workers","Announcing winning numbers, paying winners and collecting payments from losers.",0.49,Exposed: Gradient 2,The Big Uknown,0.45,predicted,2025
4213,1,Pawnbrokers and Money-lenders,"Evaluating articles offered as pledges, calculating interest, and lending money;",0.5525,Exposed: Gradient 2,The Big Uknown,0.48,predicted,2025
4213,2,Pawnbrokers and Money-lenders,"Returning articles when the loan is paid or, in the event of non-payment, selling pledged articles;",0.485,Exposed: Gradient 2,The Big Uknown,0.48,predicted,2025
4213,3,Pawnbrokers and Money-lenders,Lending money as personal loans against success of future harvest and other similar undertakings;,0.515,Exposed: Gradient 2,The Big Uknown,0.48,predicted,2025
4213,4,Pawnbrokers and Money-lenders,Collecting loans when the pledge involved the success of future harvest and other similar undertakings;,0.45,Exposed: Gradient 2,The Big Uknown,0.48,predicted,2025
4213,5,Pawnbrokers and Money-lenders,Keeping a record of items received and money distributed and received.,0.4,Exposed: Gradient 2,The Big Uknown,0.48,predicted,2025
4214,1,Debt Collectors and Related Workers,Tracing and locating debtors;,0.37,Exposed: Gradient 2,The Big Uknown,0.43,predicted,2025
4214,2,Debt Collectors and Related Workers,"Telephoning, visiting, or writing to customers to collect money or arrange for later payments;",0.35,Exposed: Gradient 2,The Big Uknown,0.43,predicted,2025
4214,3,Debt Collectors and Related Workers,"Preparing reports including amounts collected, and maintain records and files related to collection work;",0.45,Exposed: Gradient 2,The Big Uknown,0.43,predicted,2025
4214,4,Debt Collectors and Related Workers,Recommending legal action or discontinuation of service when payment cannot be otherwise obtained;,0.535,Exposed: Gradient 2,The Big Uknown,0.43,predicted,2025
4214,5,Debt Collectors and Related Workers,Asking for and collecting charity payments.,0.425,Exposed: Gradient 2,The Big Uknown,0.43,predicted,2025
4221,1,Travel Consultants and Clerks,"Obtaining information about the availability, cost and convenience of different types of transport and accommodation, ascertaining customer‚Äôs requirements and advising them on travel arrangements;",0.62,Exposed: Gradient 3,Automation Potential,0.56,predicted,2025
4221,2,Travel Consultants and Clerks,"Providing information about local and regional attractions, sightseeing tours, restaurants, arts and entertainment, and providing maps and brochures;",0.615,Exposed: Gradient 3,Automation Potential,0.56,predicted,2025
4221,3,Travel Consultants and Clerks,Preparing itineraries;,0.576,Exposed: Gradient 3,Automation Potential,0.56,reconciled,2025
4221,4,Travel Consultants and Clerks,"Making and confirming reservations for travel, tours and accommodation;",0.635,Exposed: Gradient 3,Automation Potential,0.56,predicted,2025
4221,5,Travel Consultants and Clerks,"Issuing tickets, boarding passes and vouchers;",0.5800000000000001,Exposed: Gradient 3,Automation Potential,0.56,predicted,2025
4221,6,Travel Consultants and Clerks,Helping customers in obtaining necessary travel documents such as visas;,0.465,Exposed: Gradient 3,Automation Potential,0.56,predicted,2025
4221,7,Travel Consultants and Clerks,Verifying travel documentation and registering passengers and luggage at check-in and departure;,0.45,Exposed: Gradient 3,Automation Potential,0.56,predicted,2025
4221,8,Travel Consultants and Clerks,Preparing bills and receiving payments.,0.5,Exposed: Gradient 3,Automation Potential,0.56,predicted,2025
4222,1,Contact Centre Information Clerks,"Dealing with incoming calls and messages from clients, whether to answer queries, handle calls for service or sort out complaints;",0.56,Exposed: Gradient 3,Automation Potential,0.58,predicted,2025
4222,2,Contact Centre Information Clerks,Identifying requirements and entering events into a computer system;,0.625,Exposed: Gradient 3,Automation Potential,0.58,predicted,2025
4222,3,Contact Centre Information Clerks,"Dispatching tasks to other units, when relevant;",0.52,Exposed: Gradient 3,Automation Potential,0.58,reconciled,2025
4222,4,Contact Centre Information Clerks,"Invoicing or handling payments, where necessary;",0.61,Exposed: Gradient 3,Automation Potential,0.58,predicted,2025
4222,5,Contact Centre Information Clerks,"Sending letters, information sheets and other documents to clients;",0.655,Exposed: Gradient 3,Automation Potential,0.58,predicted,2025
4222,6,Contact Centre Information Clerks,Advising clients of additional products or services.,0.515,Exposed: Gradient 3,Automation Potential,0.58,predicted,2025
4223,1,Telephone Switchboard Operators,"Operating switchboards and consoles to connect, hold, transfer, and disconnect telephone calls;",0.665,Exposed: Gradient 3,The Big Uknown,0.54,predicted,2025
4223,2,Telephone Switchboard Operators,Making connections for outgoing calls;,0.535,Exposed: Gradient 3,The Big Uknown,0.54,predicted,2025
4223,3,Telephone Switchboard Operators,Dealing with telephone inquiries and recording messages;,0.615,Exposed: Gradient 3,The Big Uknown,0.54,predicted,2025
4223,4,Telephone Switchboard Operators,Forwarding messages to staff or clients;,0.581,Exposed: Gradient 3,The Big Uknown,0.54,predicted,2025
4223,5,Telephone Switchboard Operators,Investigating operating system problems and informing repair services.,0.29,Exposed: Gradient 3,The Big Uknown,0.54,predicted,2025
4224,1,Hotel Receptionists,"Maintaining an inventory of rooms available for occupancy, reservations and room assignments;",0.53,Exposed: Gradient 3,Automation Potential,0.51,predicted,2025
4224,2,Hotel Receptionists,"Registering arriving guests, assigning rooms; verifying customer‚Äôs credit and issuing room keys;",0.505,Exposed: Gradient 3,Automation Potential,0.51,predicted,2025
4224,3,Hotel Receptionists,Providing information regarding hotel services and services available in the community;,0.625,Exposed: Gradient 3,Automation Potential,0.51,predicted,2025
4224,4,Hotel Receptionists,Providing information about availability of accommodation and making room reservations;,0.545,Exposed: Gradient 3,Automation Potential,0.51,predicted,2025
4224,5,Hotel Receptionists,Responding to guests‚Äô requests for housekeeping and maintenance services as well as complaints;,0.3875,Exposed: Gradient 3,Automation Potential,0.51,predicted,2025
4224,6,Hotel Receptionists,Contacting housekeeping or maintenance services when guests report problems;,0.435,Exposed: Gradient 3,Automation Potential,0.51,predicted,2025
4224,7,Hotel Receptionists,Compiling and checking guest accounts for charges using computerized or manual systems;,0.54,Exposed: Gradient 3,Automation Potential,0.51,predicted,2025
4224,8,Hotel Receptionists,Receiving and forwarding messages in person or using telephone or telephone switchboard;,0.5,Exposed: Gradient 3,Automation Potential,0.51,predicted,2025
4224,9,Hotel Receptionists,Reviewing statements of charges to departing guests and receiving payment.,0.56,Exposed: Gradient 3,Automation Potential,0.51,predicted,2025
4225,1,Inquiry Clerks,"Answering inquiries about goods services, and policy and providing information about their availability, location, price and related issues;",0.56,Exposed: Gradient 3,Automation Potential,0.57,predicted,2025
4225,2,Inquiry Clerks,"Responding to inquiries about problems and providing advice, information and assistance;",0.6699999999999999,Exposed: Gradient 3,Automation Potential,0.57,predicted,2025
4225,3,Inquiry Clerks,Recording information about inquiries and complaints;,0.515,Exposed: Gradient 3,Automation Potential,0.57,predicted,2025
4225,4,Inquiry Clerks,Referring complex inquiries to team leaders or expert advisers;,0.47,Exposed: Gradient 3,Automation Potential,0.57,predicted,2025
4225,5,Inquiry Clerks,"Issuing relevant forms, information kits and brochures to interested parties.",0.655,Exposed: Gradient 3,Automation Potential,0.57,predicted,2025
4226,1,Receptionists (general),"Receiving and welcoming visitors, guests or clients;",0.365,Exposed: Gradient 3,The Big Uknown,0.57,predicted,2025
4226,2,Receptionists (general),Making appointments for clients;,0.735,Exposed: Gradient 3,The Big Uknown,0.57,predicted,2025
4226,3,Receptionists (general),Dealing with telephone requests for information or appointments;,0.625,Exposed: Gradient 3,The Big Uknown,0.57,predicted,2025
4226,4,Receptionists (general),Directing clients to appropriate location or person;,0.415,Exposed: Gradient 3,The Big Uknown,0.57,predicted,2025
4226,5,Receptionists (general),"Supplying information pamphlets, brochures or forms.",0.685,Exposed: Gradient 3,The Big Uknown,0.57,predicted,2025
4229,1,Client Information Workers Not Elsewhere Classified,Interviewing patients to obtain and process information required to provide hospital services;,0.325,Exposed: Gradient 2,The Big Uknown,0.42,predicted,2025
4229,2,Client Information Workers Not Elsewhere Classified,Interviewing applicants for public assistance to gather information pertinent to their application;,0.3035,Exposed: Gradient 2,The Big Uknown,0.42,predicted,2025
4229,3,Client Information Workers Not Elsewhere Classified,Verifying the accuracy of information provided;,0.6000000000000001,Exposed: Gradient 2,The Big Uknown,0.42,predicted,2025
4229,4,Client Information Workers Not Elsewhere Classified,"Initiating procedures to grant, modify, deny or terminate assistance;",0.38,Exposed: Gradient 2,The Big Uknown,0.42,predicted,2025
4229,5,Client Information Workers Not Elsewhere Classified,Providing information and answering questions concerning benefits and claims procedures;,0.565,Exposed: Gradient 2,The Big Uknown,0.42,predicted,2025
4229,6,Client Information Workers Not Elsewhere Classified,Referring patients or applicants to other organizations if they are ineligible for services.,0.32,Exposed: Gradient 2,The Big Uknown,0.42,predicted,2025
4311,1,Accounting and Bookkeeping Clerks,"Checking figures, postings and documents for correct entry, mathematical accuracy and proper codes;",0.53,Exposed: Gradient 4,Automation Potential,0.64,predicted,2025
4311,2,Accounting and Bookkeeping Clerks,"Operating computers programmed with accounting software to record, store and analyse information;",0.7,Exposed: Gradient 4,Automation Potential,0.64,predicted,2025
4311,3,Accounting and Bookkeeping Clerks,"Classifying, recording and summarizing numerical and financial data to compile and keep financial records, using journals and ledgers or computers;",0.62,Exposed: Gradient 4,Automation Potential,0.64,predicted,2025
4311,4,Accounting and Bookkeeping Clerks,"Calculating, preparing and issuing bills, invoices, account statements and other financial statements according to established procedures.",0.71,Exposed: Gradient 4,Automation Potential,0.64,predicted,2025
4311,5,Accounting and Bookkeeping Clerks,"Compiling statistical, financial, accounting or auditing reports and tables pertaining to such matters as cash receipts, expenditures, accounts payable and receivable, and profits and losses.",0.64,Exposed: Gradient 4,Automation Potential,0.64,predicted,2025
4312,1,"Statistical, Finance and Insurance Clerks","Processing insurance enrolments, cancellations, claims transactions, policy changes and payments;",0.665,Exposed: Gradient 4,Automation Potential,0.64,predicted,2025
4312,2,"Statistical, Finance and Insurance Clerks",Obtaining and compiling statistical or actuarial data based on routine or special sources of information;,0.645,Exposed: Gradient 4,Automation Potential,0.64,predicted,2025
4312,3,"Statistical, Finance and Insurance Clerks","Calculating totals, averages, percentages and other details and presenting them in the required tabular form;",0.65,Exposed: Gradient 4,Automation Potential,0.64,predicted,2025
4312,4,"Statistical, Finance and Insurance Clerks","Preparing financial documents, and calculating interest or brokerage charges and stamp duties payable;",0.6000000000000001,Exposed: Gradient 4,Automation Potential,0.64,predicted,2025
4312,5,"Statistical, Finance and Insurance Clerks","Maintaining records of bonds, shares and other securities bought or sold on behalf of clients or employer.",0.6375,Exposed: Gradient 4,Automation Potential,0.64,predicted,2025
4321,1,Stock Clerks,Arranging and controlling receipt and dispatch of goods and keeping relevant records;,0.385,Minimal Exposure,Augmentation Potential,0.37,predicted,2025
4321,2,Stock Clerks,"Maintaining stock records, verifying issue of goods, estimating needs and making requisitions of new stocks;",0.4325,Minimal Exposure,Augmentation Potential,0.37,predicted,2025
4321,3,Stock Clerks,"Receiving, storing and issuing tools, spare parts, or various equipment and maintaining relevant records;",0.385,Minimal Exposure,Augmentation Potential,0.37,predicted,2025
4321,4,Stock Clerks,"Weighing goods received or produced, or for issue or dispatch and maintaining relevant records;",0.265,Minimal Exposure,Augmentation Potential,0.37,predicted,2025
4321,5,Stock Clerks,Compiling inventories of furniture and other items received for storage;,0.3775,Minimal Exposure,Augmentation Potential,0.37,predicted,2025
4322,1,Production Clerks,"Computing quantities, qualities and types of materials required by production programme;",0.385,Exposed: Gradient 2,The Big Uknown,0.44,predicted,2025
4322,2,Production Clerks,"Preparing production requirements schedules, ensuring that materials are available when needed, and keeping relevant records;",0.4625,Exposed: Gradient 2,The Big Uknown,0.44,predicted,2025
4322,3,Production Clerks,Preparing or assisting in the preparation of production operation schedules on the basis of customers' orders and production capacity and performance;,0.535,Exposed: Gradient 2,The Big Uknown,0.44,predicted,2025
4322,4,Production Clerks,"Verifying stocks, arranging deliveries and investigating delays;",0.4,Exposed: Gradient 2,The Big Uknown,0.44,predicted,2025
4322,5,Production Clerks,Recording and coordinating the flow of work and materials between departments.,0.395,Exposed: Gradient 2,The Big Uknown,0.44,predicted,2025
4323,1,Transport Clerks,Keeping records of operational aspects and coordinating the timing of passenger and freight transport;,0.5,Exposed: Gradient 3,The Big Uknown,0.5,predicted,2025
4323,2,Transport Clerks,Directing train routings within a division or zone of a railway system and keeping related records;,0.415,Exposed: Gradient 3,The Big Uknown,0.5,predicted,2025
4323,3,Transport Clerks,"Directing, controlling and keeping records of freight handling at a railway yard;",0.345,Exposed: Gradient 3,The Big Uknown,0.5,predicted,2025
4323,4,Transport Clerks,"Coordinating and keeping records of operational activities concerning road transport, such as allocation and scheduling of vehicles and drivers, loading and unloading of vehicles and storage of goods in transit;",0.585,Exposed: Gradient 3,The Big Uknown,0.5,predicted,2025
4323,5,Transport Clerks,"Coordinating and keeping records of operational activities concerning air transport of passengers and freight, such as passenger lists and freight manifests;",0.55,Exposed: Gradient 3,The Big Uknown,0.5,predicted,2025
4323,6,Transport Clerks,Preparing reports for management.,0.575,Exposed: Gradient 3,The Big Uknown,0.5,predicted,2025
4411,1,Library Clerks,Issuing and receiving library books and other materials;,0.4125,Exposed: Gradient 2,The Big Uknown,0.46,predicted,2025
4411,2,Library Clerks,Placing books and other library materials on shelves;,0.165,Exposed: Gradient 2,The Big Uknown,0.46,predicted,2025
4411,3,Library Clerks,"Performing clerical activities such as manual and electronic filing, word processing and occasional typing;",0.6000000000000001,Exposed: Gradient 2,The Big Uknown,0.46,predicted,2025
4411,4,Library Clerks,Maintaining journal subscriptions;,0.665,Exposed: Gradient 2,The Big Uknown,0.46,predicted,2025
4411,5,Library Clerks,Assisting library users in accessing basic library materials and making interlibrary loans;,0.4,Exposed: Gradient 2,The Big Uknown,0.46,predicted,2025
4411,6,Library Clerks,"Maintaining library records relating to the acquisition, issue and return of books and other materials.",0.52,Exposed: Gradient 2,The Big Uknown,0.46,predicted,2025
4412,1,Mail Carriers and Sorting Clerks,Performing mail-handling duties in public post offices or privately owned delivery establishments;,0.305,Exposed: Gradient 2,The Big Uknown,0.41,predicted,2025
4412,2,Mail Carriers and Sorting Clerks,Sorting and delivering mail to private houses and businesses;,0.25,Exposed: Gradient 2,The Big Uknown,0.41,predicted,2025
4412,3,Mail Carriers and Sorting Clerks,Providing delivery confirmation records when requested by the client;,0.565,Exposed: Gradient 2,The Big Uknown,0.41,predicted,2025
4412,4,Mail Carriers and Sorting Clerks,Sorting and keeping simple records of incoming and outgoing correspondence and dispatching outgoing mail in various establishments;,0.51,Exposed: Gradient 2,The Big Uknown,0.41,reconciled,2025
4413,1,"Coding, Proofreading and Related Clerks",Converting information into codes and classifying information by codes for data-processing purposes;,0.6975,Exposed: Gradient 3,The Big Uknown,0.51,predicted,2025
4413,2,"Coding, Proofreading and Related Clerks","Comparing proofs of texts and related material prepared for printing with original material, correcting errors and marking texts for printer according to the established rules;",0.675,Exposed: Gradient 3,The Big Uknown,0.51,predicted,2025
4413,3,"Coding, Proofreading and Related Clerks",Sorting forms and marking them with identification numbers;,0.35,Exposed: Gradient 3,The Big Uknown,0.51,predicted,2025
4413,4,"Coding, Proofreading and Related Clerks",Sorting documents for filing or to collate sets of pages;,0.6000000000000001,Exposed: Gradient 3,The Big Uknown,0.51,predicted,2025
4413,5,"Coding, Proofreading and Related Clerks",Addressing circulars and envelopes by hand.,0.25,Exposed: Gradient 3,The Big Uknown,0.51,predicted,2025
4414,1,Scribes and Related Workers,Reading letters and other written matter to persons who are unable to read or write and providing necessary interpretation and information;,0.56,Exposed: Gradient 3,Automation Potential,0.58,predicted,2025
4414,2,Scribes and Related Workers,Writing letters and completing forms on behalf of others;,0.6699999999999999,Exposed: Gradient 3,Automation Potential,0.58,predicted,2025
4414,3,Scribes and Related Workers,Offering advice to individuals and interpreting and helping with the completion of government and other official forms.,0.52,Exposed: Gradient 3,Automation Potential,0.58,predicted,2025
4415,1,Filing and Copying Clerks,"Sorting or classifying materials according to guidelines such as content, purpose, user criteria, or chronological, alphabetical, or numerical order;",0.43,Exposed: Gradient 1,The Big Uknown,0.37,reconciled,2025
4415,2,Filing and Copying Clerks,"Filing material in drawers, cabinets and storage boxes;",0.2525,Exposed: Gradient 1,The Big Uknown,0.37,predicted,2025
4415,3,Filing and Copying Clerks,Locating and remove materials from files when requested;,0.3905,Exposed: Gradient 1,The Big Uknown,0.37,predicted,2025
4415,4,Filing and Copying Clerks,Keeping records of materials filed and removed;,0.6000000000000001,Exposed: Gradient 1,The Big Uknown,0.37,predicted,2025
4415,5,Filing and Copying Clerks,"Photocopying, scanning or faxing documents.",0.17,Exposed: Gradient 1,The Big Uknown,0.37,reconciled,2025
4416,1,Personnel Clerks,"Updating information on, employment history, salaries, performance evaluations, qualifications and training and leave taken and accumulated;",0.635,Exposed: Gradient 4,Automation Potential,0.6,predicted,2025
4416,2,Personnel Clerks,Initiating records for newly appointed workers and checking records for completeness;,0.615,Exposed: Gradient 4,Automation Potential,0.6,predicted,2025
4416,3,Personnel Clerks,Processing applications for employment and promotions and advising applicants of results;,0.4425,Exposed: Gradient 4,Automation Potential,0.6,predicted,2025
4416,4,Personnel Clerks,Receiving and answering inquiries about employment entitlements and conditions;,0.525,Exposed: Gradient 4,Automation Potential,0.6,predicted,2025
4416,5,Personnel Clerks,Sending out job applications and announcements of job openings and job examinations;,0.6825,Exposed: Gradient 4,Automation Potential,0.6,predicted,2025
4416,6,Personnel Clerks,"Maintaining and updating manual and computerized filing and registration systems, and compiling and preparing reports and documents relating to personnel activities;",0.66,Exposed: Gradient 4,Automation Potential,0.6,predicted,2025
4416,7,Personnel Clerks,Storing and retrieving personnel records and files on request.,0.675,Exposed: Gradient 4,Automation Potential,0.6,predicted,2025
4419,1,Clerical Support Workers Not Elsewhere Classified,"Receiving customers' orders for classified advertising, writing and editing copy, calculating advertising rates and billing customers;",0.6665,Exposed: Gradient 4,Automation Potential,0.63,predicted,2025
4419,2,Clerical Support Workers Not Elsewhere Classified,"Writing business and government correspondence such as replies to requests for information and assistance, damage claims, credit and billing enquiries and service complaints;",0.62,Exposed: Gradient 4,Automation Potential,0.63,predicted,2025
4419,3,Clerical Support Workers Not Elsewhere Classified,"Assisting in the preparation of periodicals, advertisements, catalogues, directories and other material for publication;",0.61,Exposed: Gradient 4,Automation Potential,0.63,predicted,2025
4419,4,Clerical Support Workers Not Elsewhere Classified,"Reading newspapers, magazines, press releases and other publications to locate and file articles of interest to staff and clients.",0.615,Exposed: Gradient 4,Automation Potential,0.63,predicted,2025
5111,1,Travel Attendants and Travel Stewards,"Greeting passengers entering aircraft or ships, checking tickets or boarding passes, and directing them to their seats or berths;",0.265,Not Exposed,Augmentation Potential,0.22,predicted,2025
5111,2,Travel Attendants and Travel Stewards,"Announcing, explaining and demonstrating safety and emergency procedures, such as the use of oxygen masks, seat belts, and life jackets;",0.225,Not Exposed,Augmentation Potential,0.22,predicted,2025
5111,3,Travel Attendants and Travel Stewards,Assembling and serving pre-prepared meals and  beverages;,0.165,Not Exposed,Augmentation Potential,0.22,predicted,2025
5111,4,Travel Attendants and Travel Stewards,Selling duty-free and other goods;,0.3875,Not Exposed,Augmentation Potential,0.22,predicted,2025
5111,5,Travel Attendants and Travel Stewards,"Taking care of general needs and comfort of passengers, answering inquiries, and keeping cabins clean and tidy;",0.15,Not Exposed,Augmentation Potential,0.22,predicted,2025
5111,6,Travel Attendants and Travel Stewards,"Directing and assisting passengers and following prescribed procedures in the event of an emergency, such as evacuating an aircraft following an emergency landing;",0.2175,Not Exposed,Augmentation Potential,0.22,predicted,2025
5111,7,Travel Attendants and Travel Stewards,Verifying that first aid kits and other emergency equipment are in working order;,0.09,Not Exposed,Augmentation Potential,0.22,predicted,2025
5111,8,Travel Attendants and Travel Stewards,Administering first aid to passengers in distress;,0.0849999999999999,Not Exposed,Augmentation Potential,0.22,predicted,2025
5111,9,Travel Attendants and Travel Stewards,"Attending pre-flight briefings concerning weather, altitudes, routes, emergency procedures, crew coordination, lengths of flights, food and beverage services offered, and numbers of passengers;",0.405,Not Exposed,Augmentation Potential,0.22,predicted,2025
5111,10,Travel Attendants and Travel Stewards,Preparing passengers and aircraft for take-off and landing;,0.2,Not Exposed,Augmentation Potential,0.22,predicted,2025
5111,11,Travel Attendants and Travel Stewards,"Determining special assistance needs of passengers such as small children, the elderly, or disabled persons.",0.1775,Not Exposed,Augmentation Potential,0.22,predicted,2025
5112,1,Transport Conductors,"Collecting and issuing tickets, passes or fares, and checking the validity of tickets issued previously;",0.4625,Minimal Exposure,Augmentation Potential,0.25,predicted,2025
5112,2,Transport Conductors,Attending to sleeping-cars and their occupants on passenger trains;,0.175,Minimal Exposure,Augmentation Potential,0.25,predicted,2025
5112,3,Transport Conductors,"Providing assistance with boarding, seating and luggage as required, especially to elderly, sick, or injured people;",0.135,Minimal Exposure,Augmentation Potential,0.25,predicted,2025
5112,4,Transport Conductors,Opening and closing doors for passengers;,0.0925,Minimal Exposure,Augmentation Potential,0.25,predicted,2025
5112,5,Transport Conductors,Performing equipment safety checks prior to departure;,0.2,Minimal Exposure,Augmentation Potential,0.25,predicted,2025
5112,6,Transport Conductors,Signalling to drivers to stop or proceed;,0.175,Minimal Exposure,Augmentation Potential,0.25,predicted,2025
5112,7,Transport Conductors,"Greeting passengers boarding transportation equipment, and announcing routes and stops.",0.29,Minimal Exposure,Augmentation Potential,0.25,predicted,2025
5112,8,Transport Conductors,Ensuring that safety regulations are respected;,0.23,Minimal Exposure,Augmentation Potential,0.25,predicted,2025
5112,9,Transport Conductors,Responding to passengers requests and complaints and providing information about stops and connections;,0.615,Minimal Exposure,Augmentation Potential,0.25,predicted,2025
5112,10,Transport Conductors,Taking appropriate action in case of emergencies or accidents.,0.1175,Minimal Exposure,Augmentation Potential,0.25,predicted,2025
5113,1,Travel Guides,Escorting and guiding tourists on cruises and sightseeing tours;,0.29,Minimal Exposure,The Big Uknown,0.32,predicted,2025
5113,2,Travel Guides,"Escorting visitors through places of interest such as museums, exhibitions, theme parks, factories and other industrial establishments;",0.305,Minimal Exposure,The Big Uknown,0.32,predicted,2025
5113,3,Travel Guides,Describing and providing information on points of interest and exhibits and responding to questions;,0.485,Minimal Exposure,The Big Uknown,0.32,predicted,2025
5113,4,Travel Guides,Conducting educational activities for school children;,0.26,Minimal Exposure,The Big Uknown,0.32,predicted,2025
5113,5,Travel Guides,Monitoring visitors' activities to ensure compliance with establishment or tour regulations and safety practices;,0.285,Minimal Exposure,The Big Uknown,0.32,predicted,2025
5113,6,Travel Guides,"Greeting and registering visitors and tour participants, and issuing any required identification badges or safety devices;",0.435,Minimal Exposure,The Big Uknown,0.32,predicted,2025
5113,7,Travel Guides,"Distributing brochures, showing audiovisual presentations, and explaining procedures and operations at tour sites;",0.305,Minimal Exposure,The Big Uknown,0.32,predicted,2025
5113,8,Travel Guides,"Providing for physical safety of groups, and performing activities such as providing first aid and directing emergency evacuations;",0.12,Minimal Exposure,The Big Uknown,0.32,predicted,2025
5113,9,Travel Guides,"Resolving any problems with tour itineraries, service, or accommodation.",0.385,Minimal Exposure,The Big Uknown,0.32,predicted,2025
5131,1,Waiters,"Setting tables with clean linen, cutlery, crockery and glassware;",0.135,Minimal Exposure,Augmentation Potential,0.28,predicted,2025
5131,2,Waiters,Greeting customers and presenting them with menus and beverage lists;,0.33,Minimal Exposure,Augmentation Potential,0.28,predicted,2025
5131,3,Waiters,Advising on food and beverage choices;,0.33,Minimal Exposure,Augmentation Potential,0.28,predicted,2025
5131,4,Waiters,Taking orders for food and drinks and passing order to kitchen or bar staff;,0.405,Minimal Exposure,Augmentation Potential,0.28,predicted,2025
5131,5,Waiters,Serving food and beverages to clients at tables;,0.17,Minimal Exposure,Augmentation Potential,0.28,predicted,2025
5131,6,Waiters,Clearing tables and returning dishes and cutlery to kitchen;,0.08,Minimal Exposure,Augmentation Potential,0.28,predicted,2025
5131,7,Waiters,"Presenting bills, accepting payment and operating point of sales machines and cash registers.",0.515,Minimal Exposure,Augmentation Potential,0.28,predicted,2025
5132,1,Bartenders,Taking beverage orders from serving staff or directly from patrons;,0.465,Not Exposed,Not affected,0.26,predicted,2025
5132,2,Bartenders,Preparing and serving alcoholic and non-alcoholic drinks at a bar;,0.265,Not Exposed,Not affected,0.26,predicted,2025
5132,3,Bartenders,"Washing used glassware, cleaning and maintaining bar service areas, tea and coffee-making areas and equipment such as espresso machines;",0.1225,Not Exposed,Not affected,0.26,predicted,2025
5132,4,Bartenders,"Collecting payment for sales, operating cash registers and balancing cash receipts;",0.4125,Not Exposed,Not affected,0.26,predicted,2025
5132,5,Bartenders,Tapping kegs and attaching supply lines;,0.1025,Not Exposed,Not affected,0.26,predicted,2025
5132,6,Bartenders,Assisting in keeping bar properly stocked and arranging bottles and glasses;,0.24,Not Exposed,Not affected,0.26,predicted,2025
5132,7,Bartenders,Checking identification of customers to verify age requirements for purchase of alcohol;,0.3675,Not Exposed,Not affected,0.26,predicted,2025
5132,8,Bartenders,"Taking steps to limit problems related to excessive drinking such, as persuading customers to stop drinking, declining further service and ordering transportation;",0.24,Not Exposed,Not affected,0.26,predicted,2025
5132,9,Bartenders,Mixing ingredients to prepare cocktails and other drinks;,0.16,Not Exposed,Not affected,0.26,predicted,2025
5132,10,Bartenders,Serving snacks or other food items to customers at the bar.,0.235,Not Exposed,Not affected,0.26,predicted,2025
5141,1,Hairdressers,"Cutting, washing, tinting and waving hair;",0.0824999999999999,Not Exposed,Augmentation Potential,0.17,predicted,2025
5141,2,Hairdressers,Shaving or trimming beards and moustaches;,0.0675,Not Exposed,Augmentation Potential,0.17,predicted,2025
5141,3,Hairdressers,Giving scalp treatment;,0.0675,Not Exposed,Augmentation Potential,0.17,predicted,2025
5141,4,Hairdressers,Fitting wigs according to customers‚Äô requirements;,0.12,Not Exposed,Augmentation Potential,0.17,predicted,2025
5141,5,Hairdressers,"Providing advice on hair care, beauty products and hairstyles;",0.22,Not Exposed,Augmentation Potential,0.17,predicted,2025
5141,6,Hairdressers,Styling hair into dreadlocks and braids and adding hair extensions;,0.1125,Not Exposed,Augmentation Potential,0.17,predicted,2025
5141,7,Hairdressers,Arranging appointments and collecting payments;,0.6000000000000001,Not Exposed,Augmentation Potential,0.17,predicted,2025
5141,8,Hairdressers,Cleaning work areas and sanitizing instruments.,0.115,Not Exposed,Augmentation Potential,0.17,predicted,2025
5142,1,Beauticians and Related Workers,"Cleaning and applying creams, lotions and related products to face and other parts of the body;",0.09,Not Exposed,Not affected,0.18,predicted,2025
5142,2,Beauticians and Related Workers,Giving facial and body massage;,0.075,Not Exposed,Not affected,0.18,predicted,2025
5142,3,Beauticians and Related Workers,Applying make-up to clients of a beauty parlour or to actors and other performers;,0.105,Not Exposed,Not affected,0.18,predicted,2025
5142,4,Beauticians and Related Workers,"Cleaning, shaping and polishing finger- and toe-nails and treating ailments of the human foot such as corns, calluses or deformed toe-nails;",0.0775,Not Exposed,Not affected,0.18,predicted,2025
5142,5,Beauticians and Related Workers,Attending to clients taking baths and administering elementary massage;,0.0825,Not Exposed,Not affected,0.18,predicted,2025
5142,6,Beauticians and Related Workers,"Using waxing, sugaring and depilation techniques to remove unwanted bodily hair;",0.07,Not Exposed,Not affected,0.18,predicted,2025
5142,7,Beauticians and Related Workers,Advising clients on diet and exercise to assist in weight loss and slimming;,0.4275,Not Exposed,Not affected,0.18,predicted,2025
5142,8,Beauticians and Related Workers,Arranging appointments and collecting payments.,0.5375,Not Exposed,Not affected,0.18,predicted,2025
5151,1,"Cleaning and Housekeeping Supervisors in Offices, Hotels and Other Establishments","Engaging, training, discharging, organizing and supervising helpers, cleaners and other housekeeping staff;",0.2425,Not Exposed,Not affected,0.22,predicted,2025
5151,2,"Cleaning and Housekeeping Supervisors in Offices, Hotels and Other Establishments",Purchasing or controlling the purchase of supplies;,0.36,Not Exposed,Not affected,0.22,predicted,2025
5151,3,"Cleaning and Housekeeping Supervisors in Offices, Hotels and Other Establishments",Controlling storage and issue of supplies;,0.3575,Not Exposed,Not affected,0.22,predicted,2025
5151,4,"Cleaning and Housekeeping Supervisors in Offices, Hotels and Other Establishments",Supervising general welfare and conduct of individuals in institutions;,0.251,Not Exposed,Not affected,0.22,predicted,2025
5151,5,"Cleaning and Housekeeping Supervisors in Offices, Hotels and Other Establishments","Sweeping or vacuum-cleaning, washing and polishing floors, furniture and other fixtures;",0.1,Not Exposed,Not affected,0.22,predicted,2025
5151,6,"Cleaning and Housekeeping Supervisors in Offices, Hotels and Other Establishments","Making beds, cleaning bathrooms and supplying towels, soap and related items;",0.135,Not Exposed,Not affected,0.22,predicted,2025
5151,7,"Cleaning and Housekeeping Supervisors in Offices, Hotels and Other Establishments","Cleaning kitchens and generally helping with kitchen work, including dishwashing;",0.13,Not Exposed,Not affected,0.22,predicted,2025
5151,8,"Cleaning and Housekeeping Supervisors in Offices, Hotels and Other Establishments",Restocking mini-bars and replenishing items such as drinking glasses and writing equipment.,0.185,Not Exposed,Not affected,0.22,predicted,2025
5152,1,Domestic Housekeepers,Supervising workers employed in households as domestic staff;,0.27,Not Exposed,Not affected,0.2,predicted,2025
5152,2,Domestic Housekeepers,Purchasing or controlling the purchase of supplies;,0.3725,Not Exposed,Not affected,0.2,predicted,2025
5152,3,Domestic Housekeepers,Controlling storage and issue of supplies;,0.285,Not Exposed,Not affected,0.2,predicted,2025
5152,4,Domestic Housekeepers,"Assisting in cases of minor injury or illness by performing tasks such as taking temperature, giving medicine, putting on bandages;",0.095,Not Exposed,Not affected,0.2,predicted,2025
5152,5,Domestic Housekeepers,"Sweeping or vacuum-cleaning, washing and polishing floors, furniture and other fixtures.",0.0925,Not Exposed,Not affected,0.2,predicted,2025
5152,6,Domestic Housekeepers,"Making beds, cleaning bathrooms, supplying towels, soap and related items;",0.1375,Not Exposed,Not affected,0.2,predicted,2025
5152,7,Domestic Housekeepers,"Taking care of household pets and plants, receiving visitors, answering telephones, delivering messages and shopping for groceries;",0.285,Not Exposed,Not affected,0.2,predicted,2025
5152,8,Domestic Housekeepers,"Preparing and cooking meals, setting and clearing tables and serving food and beverages.",0.1375,Not Exposed,Not affected,0.2,predicted,2025
5152,9,Domestic Housekeepers,"Cleaning kitchens and generally helping with kitchen work, including dishwashing.",0.12,Not Exposed,Not affected,0.2,predicted,2025
5153,1,Building Caretakers,"Supervising the work of cleaning, housekeeping and building maintenance staff and contractors;",0.2175,Minimal Exposure,Augmentation Potential,0.27,predicted,2025
5153,2,Building Caretakers,"Participating in cleaning, simple repairs and maintenance of building interiors;",0.0925,Minimal Exposure,Augmentation Potential,0.27,predicted,2025
5153,3,Building Caretakers,Tending furnaces and boilers to ensure provision of heat and hot water;,0.2,Minimal Exposure,Augmentation Potential,0.27,predicted,2025
5153,4,Building Caretakers,Regulating conduct of tenants and visitors in such matters as noise abatement or misuse of property;,0.195,Minimal Exposure,Augmentation Potential,0.27,predicted,2025
5153,5,Building Caretakers,Providing small services to absent tenants such as accepting deliveries on their behalf or providing requested information to callers;,0.405,Minimal Exposure,Augmentation Potential,0.27,predicted,2025
5153,6,Building Caretakers,Notifying management and owners of buildings of the need for major repairs;,0.29,Minimal Exposure,Augmentation Potential,0.27,predicted,2025
5153,7,Building Caretakers,Patrolling buildings to ensure security is maintained;,0.155,Minimal Exposure,Augmentation Potential,0.27,predicted,2025
5153,8,Building Caretakers,Filling out registration forms and providing tenants with copies of rules.,0.575,Minimal Exposure,Augmentation Potential,0.27,predicted,2025
5161,1,"Astrologers, Fortune-tellers and Related Workers",Casting horoscopes of individuals at birth or later to recount past and forecast future events and conditions of their lives;,0.235,Minimal Exposure,The Big Uknown,0.3,predicted,2025
5161,2,"Astrologers, Fortune-tellers and Related Workers","Interpreting characteristics of clients‚Äô palms, samples of playing cards, position of tea leaves or coffee remnants in a cup, shapes and patterns of bones of dead animals, etc.;",0.15,Minimal Exposure,The Big Uknown,0.3,predicted,2025
5161,3,"Astrologers, Fortune-tellers and Related Workers",Forecasting future events on the basis of these interpretations;,0.585,Minimal Exposure,The Big Uknown,0.3,predicted,2025
5161,4,"Astrologers, Fortune-tellers and Related Workers","Determining auspicious times for various human activities such as inaugurations, marriages, journeys and religious and other ceremonies;",0.25,Minimal Exposure,The Big Uknown,0.3,predicted,2025
5161,5,"Astrologers, Fortune-tellers and Related Workers",Giving warnings and advice on possible courses of action;,0.385,Minimal Exposure,The Big Uknown,0.3,predicted,2025
5161,6,"Astrologers, Fortune-tellers and Related Workers",Advising individuals on precautions to be taken to avoid evil influences.,0.175,Minimal Exposure,The Big Uknown,0.3,predicted,2025
5162,1,Companions and Valets,"Providing companionship to employer by accompanying him/her to various places, reading, conversing and participating in activities such as sports;",0.1725,Not Exposed,Not affected,0.22,predicted,2025
5162,2,Companions and Valets,Assisting in entertaining visitors in employer's home;,0.265,Not Exposed,Not affected,0.22,predicted,2025
5162,3,Companions and Valets,Keeping wardrobe and personal effects of the employer in good order.,0.216,Not Exposed,Not affected,0.22,predicted,2025
5163,1,Undertakers and Embalmers,"Making arrangements for, and conducting, funerals, cremations and burials;",0.3305,Not Exposed,Not affected,0.17,predicted,2025
5163,2,Undertakers and Embalmers,Embalming human bodies to retard or arrest the process of decay;,0.055,Not Exposed,Not affected,0.17,predicted,2025
5163,3,Undertakers and Embalmers,Conforming to health and sanitation and ensuring that legal requirements concerning embalming are met;,0.05,Not Exposed,Not affected,0.17,predicted,2025
5163,4,Undertakers and Embalmers,Incising and closing incisions on various parts of the body and reshaping or reconstructing disfigured or maimed bodies when necessary;,0.0635,Not Exposed,Not affected,0.17,predicted,2025
5163,5,Undertakers and Embalmers,Dressing bodies and placing them in caskets;,0.0575,Not Exposed,Not affected,0.17,predicted,2025
5163,6,Undertakers and Embalmers,"Conducting interviews to arrange for preparation of obituary notices, to assist with the selection of caskets or urns, and to determine the location and time of burials or cremations.",0.4425,Not Exposed,Not affected,0.17,predicted,2025
5164,1,Pet Groomers and Animal Care Workers,Bathing and feeding animals;,0.114,Not Exposed,Not affected,0.14,predicted,2025
5164,2,Pet Groomers and Animal Care Workers,Leading or carrying animals to treatment room and holding them during treatment;,0.145,Not Exposed,Not affected,0.14,predicted,2025
5164,3,Pet Groomers and Animal Care Workers,Cleaning and sterilising veterinary surgical instruments;,0.1,Not Exposed,Not affected,0.14,predicted,2025
5164,4,Pet Groomers and Animal Care Workers,"Labelling drugs, chemicals and other pharmaceutical preparations and replenishing stock;",0.2525,Not Exposed,Not affected,0.14,predicted,2025
5164,5,Pet Groomers and Animal Care Workers,"Sterilising bottles, beakers and other equipment;",0.165,Not Exposed,Not affected,0.14,predicted,2025
5164,6,Pet Groomers and Animal Care Workers,"Cleaning, organizing, and disinfecting animal quarters such as pens, stables, cages and yards, and animal equipment such as saddles and bridles;",0.0775,Not Exposed,Not affected,0.14,predicted,2025
5164,7,Pet Groomers and Animal Care Workers,"Collecting and recording animal information such as weight, size, physical condition, treatments received, medications given and food intake;",0.165,Not Exposed,Not affected,0.14,predicted,2025
5164,8,Pet Groomers and Animal Care Workers,"Training animals to develop and maintain desired behaviours for competition, entertainment, obedience, security, riding and other activities;",0.17,Not Exposed,Not affected,0.14,predicted,2025
5164,9,Pet Groomers and Animal Care Workers,"Grooming animals by performing tasks such as washing, brushing, clipping, and trimming coats, cutting nails and cleaning ears.",0.0775,Not Exposed,Not affected,0.14,predicted,2025
5165,1,Driving Instructors,"Instructing students under actual driving conditions, and explaining and demonstrating the operation of brakes, clutch, gear selection, automatic transmission, signals and lights;",0.17,Not Exposed,Augmentation Potential,0.2,predicted,2025
5165,2,Driving Instructors,Teaching road traffic regulations;,0.235,Not Exposed,Augmentation Potential,0.2,predicted,2025
5165,3,Driving Instructors,Teaching road craft and road safety;,0.245,Not Exposed,Augmentation Potential,0.2,predicted,2025
5165,4,Driving Instructors,Advising students when they are ready to undergo driving examination;,0.215,Not Exposed,Augmentation Potential,0.2,predicted,2025
5165,5,Driving Instructors,Advising on and teaching advanced driving techniques required for emergency situations;,0.205,Not Exposed,Augmentation Potential,0.2,predicted,2025
5165,6,Driving Instructors,Illustrating and explaining handling and mechanical operation of motor vehicles and driving techniques using blackboard diagrams and audiovisual aids.,0.16,Not Exposed,Augmentation Potential,0.2,predicted,2025
5169,1,Personal Services Workers Not Elsewhere Classified,Accompanying clients to restaurants and other outings;,0.245,Not Exposed,Not affected,0.21,predicted,2025
5169,2,Personal Services Workers Not Elsewhere Classified,Acting as a dancing partner;,0.13,Not Exposed,Not affected,0.21,predicted,2025
5169,3,Personal Services Workers Not Elsewhere Classified,Welcoming clients to a night-club and ensuring that they are entertained well.,0.265,Not Exposed,Not affected,0.21,predicted,2025
5211,1,Stall and Market Salespersons,"Obtaining permission to set up a stand at a particular place in streets, markets or other open spaces;",0.2125,Exposed: Gradient 1,Augmentation Potential,0.35,predicted,2025
5211,2,Stall and Market Salespersons,"Determining product mix, stock and price levels for goods to be sold;",0.45,Exposed: Gradient 1,Augmentation Potential,0.35,reconciled,2025
5211,3,Stall and Market Salespersons,Buying or contracting a regular supply of goods to be sold from wholesale suppliers or directly from producers;,0.425,Exposed: Gradient 1,Augmentation Potential,0.35,predicted,2025
5211,4,Stall and Market Salespersons,"Erecting and dismantling stalls and stands, and transporting, storing, loading and unloading goods for sale;",0.165,Exposed: Gradient 1,Augmentation Potential,0.35,predicted,2025
5211,5,Stall and Market Salespersons,Demonstrating and selling goods and accepting payment;,0.43,Exposed: Gradient 1,Augmentation Potential,0.35,predicted,2025
5211,6,Stall and Market Salespersons,"Stacking and displaying goods for sale, and wrapping and packing goods sold;",0.165,Exposed: Gradient 1,Augmentation Potential,0.35,predicted,2025
5211,7,Stall and Market Salespersons,Keeping accounts and maintaining a record of stock levels.,0.6,Exposed: Gradient 1,Augmentation Potential,0.35,predicted,2025
5212,1,Street Food Salespersons,"Obtaining permission or a licence, where required, to sell food and drinks on the street or in a public place;",0.305,Not Exposed,Not affected,0.22,predicted,2025
5212,2,Street Food Salespersons,Obtaining food and drinks for sale;,0.1425,Not Exposed,Not affected,0.22,predicted,2025
5212,3,Street Food Salespersons,"Preparing, either beforehand or on the spot, food and drinks for sale;",0.215,Not Exposed,Not affected,0.22,predicted,2025
5212,4,Street Food Salespersons,"Loading and unloading, pushing, pedalling or carrying handcarts, trucks, trays or baskets to bring food and drinks to the desired place in the street, or to public places such as stations or cinemas;",0.0975,Not Exposed,Not affected,0.22,predicted,2025
5212,5,Street Food Salespersons,Displaying and selling food and drinks and accepting payment.,0.3625,Not Exposed,Not affected,0.22,predicted,2025
5221,1,Shopkeepers,"Determining product mix, stock and price levels for goods to be sold;",0.45,Exposed: Gradient 2,The Big Uknown,0.43,reconciled,2025
5221,2,Shopkeepers,"Purchasing and ordering goods for sale from markets, wholesalers and other suppliers;",0.49,Exposed: Gradient 2,The Big Uknown,0.43,predicted,2025
5221,3,Shopkeepers,Budgeting and maintaining records of stock levels and financial transactions;,0.59,Exposed: Gradient 2,The Big Uknown,0.43,predicted,2025
5221,4,Shopkeepers,Determining prices and displaying goods for sale;,0.39,Exposed: Gradient 2,The Big Uknown,0.43,predicted,2025
5221,5,Shopkeepers,Selling goods to customers and advising them on product use;,0.4525,Exposed: Gradient 2,The Big Uknown,0.43,predicted,2025
5221,6,Shopkeepers,Examining returned goods and deciding on appropriate action;,0.29,Exposed: Gradient 2,The Big Uknown,0.43,predicted,2025
5221,7,Shopkeepers,Taking inventory of goods in stock.,0.3525,Exposed: Gradient 2,The Big Uknown,0.43,predicted,2025
5222,1,Shop Supervisors,Planning and preparing work schedules and assigning staff to specific duties;,0.525,Minimal Exposure,The Big Uknown,0.36,predicted,2025
5222,2,Shop Supervisors,"Instructing staff on sales procedures, including how to handle difficult or complex cases;",0.365,Minimal Exposure,The Big Uknown,0.36,predicted,2025
5222,3,Shop Supervisors,Ensuring that customers receive prompt service;,0.515,Minimal Exposure,The Big Uknown,0.36,predicted,2025
5222,4,Shop Supervisors,"Participating in and providing advice to managers on interviewing, hiring, training, evaluating, promoting and dismissing staff, and resolving staff grievances;",0.3075,Minimal Exposure,The Big Uknown,0.36,predicted,2025
5222,5,Shop Supervisors,Examining returned goods and deciding on appropriate action;,0.27,Minimal Exposure,The Big Uknown,0.36,predicted,2025
5222,6,Shop Supervisors,Taking inventory of goods for sale and ordering new stock;,0.33,Minimal Exposure,The Big Uknown,0.36,predicted,2025
5222,7,Shop Supervisors,Ensuring that goods and services are correctly priced and displayed;,0.4125,Minimal Exposure,The Big Uknown,0.36,predicted,2025
5222,8,Shop Supervisors,Ensuring that safety procedures are enforced.,0.1575,Minimal Exposure,The Big Uknown,0.36,predicted,2025
5223,1,Shop Sales Assistants,"Determining customer requirements and advising on product range, price, delivery, warranties and product use and care;",0.47,Exposed: Gradient 1,The Big Uknown,0.38,reconciled,2025
5223,2,Shop Sales Assistants,Demonstrating and explaining to customers the establishment's goods and services;,0.45,Exposed: Gradient 1,The Big Uknown,0.38,predicted,2025
5223,3,Shop Sales Assistants,"Selling goods and services, accepting payment by a variety of payment methods, preparing sales invoices and recording sales using cash registers;",0.55,Exposed: Gradient 1,The Big Uknown,0.38,predicted,2025
5223,4,Shop Sales Assistants,Assisting with the ongoing management of stock such as product inventories and participating in stock takes;,0.295,Exposed: Gradient 1,The Big Uknown,0.38,predicted,2025
5223,5,Shop Sales Assistants,"Stacking and displaying goods for sale, and wrapping and packing goods sold.",0.1575,Exposed: Gradient 1,The Big Uknown,0.38,predicted,2025
5241,1,Fashion and Other Models,Dressing in sample apparel of new or current styles or of type wanted by customer;,0.23,Not Exposed,Not affected,0.25,predicted,2025
5241,2,Fashion and Other Models,"Walking, turning and posing to demonstrate, to best advantage, style and characteristics of garments, fashion accessories and other merchandise;",0.245,Not Exposed,Not affected,0.25,predicted,2025
5241,3,Fashion and Other Models,"Posing as subject for sculpture, painting and other types of visual art;",0.165,Not Exposed,Not affected,0.25,predicted,2025
5241,4,Fashion and Other Models,Posing for still photography for magazines and other advertising media;,0.3,Not Exposed,Not affected,0.25,predicted,2025
5241,5,Fashion and Other Models,"Posing for television, video and cinema commercials and other productions.",0.3,Not Exposed,Not affected,0.25,predicted,2025
5242,1,Sales Demonstrators,"Setting up displays and demonstrating articles for sale to inform customers about their characteristics and mode of use, as well as to stimulate buying interest;",0.435,Exposed: Gradient 2,The Big Uknown,0.42,predicted,2025
5242,2,Sales Demonstrators,Answering questions and offering advice on the use of goods;,0.42,Exposed: Gradient 2,The Big Uknown,0.42,reconciled,2025
5242,3,Sales Demonstrators,Selling goods or directing customers to sales staff;,0.4675,Exposed: Gradient 2,The Big Uknown,0.42,predicted,2025
5242,4,Sales Demonstrators,"Taking orders and making arrangements for payment, delivery and collection of goods;",0.535,Exposed: Gradient 2,The Big Uknown,0.42,predicted,2025
5242,5,Sales Demonstrators,Offering sample goods and distributing catalogues and advertising material.,0.23,Exposed: Gradient 2,The Big Uknown,0.42,reconciled,2025
5243,1,Door-to-door Salespersons,Giving details of various goods or services and of terms of sale by visiting clients and potential clients in private homes;,0.465,Exposed: Gradient 2,The Big Uknown,0.46,predicted,2025
5243,2,Door-to-door Salespersons,Demonstrating or describing goods or services on offer;,0.5525,Exposed: Gradient 2,The Big Uknown,0.46,predicted,2025
5243,3,Door-to-door Salespersons,Recording orders and transactions and placing orders received with suppliers;,0.585,Exposed: Gradient 2,The Big Uknown,0.46,predicted,2025
5243,4,Door-to-door Salespersons,Preparing invoices and sales contracts and accepting payment;,0.585,Exposed: Gradient 2,The Big Uknown,0.46,predicted,2025
5243,5,Door-to-door Salespersons,"Distributing letters, information sheets and other documents to clients;",0.25,Exposed: Gradient 2,The Big Uknown,0.46,reconciled,2025
5243,6,Door-to-door Salespersons,Compiling lists of prospective clients and calling on them to obtain new business;,0.62,Exposed: Gradient 2,The Big Uknown,0.46,predicted,2025
5243,7,Door-to-door Salespersons,Travelling between sales areas and clients and transporting samples or goods for sale.,0.1525,Exposed: Gradient 2,The Big Uknown,0.46,predicted,2025
5244,1,Contact Centre Salespersons,"Promoting goods and services by telephone or electronic mail, following scripts and working from lists of contacts;",0.625,Exposed: Gradient 4,Automation Potential,0.61,predicted,2025
5244,2,Contact Centre Salespersons,"Creating interest in goods and services, and seeking a sale or agreement to see sales representatives;",0.55,Exposed: Gradient 4,Automation Potential,0.61,predicted,2025
5244,3,Contact Centre Salespersons,"Arranging processing and despatch of goods and services, information kits and brochures to customers;",0.5625,Exposed: Gradient 4,Automation Potential,0.61,predicted,2025
5244,4,Contact Centre Salespersons,Arranging appointments for sales representatives;,0.7625,Exposed: Gradient 4,Automation Potential,0.61,predicted,2025
5244,5,Contact Centre Salespersons,Recording notes for follow-up action and updating marketing databases to reflect changes to the status of each customer;,0.5900000000000001,Exposed: Gradient 4,Automation Potential,0.61,predicted,2025
5244,6,Contact Centre Salespersons,Reporting competitor activities and issues raised by contacts for attention by managers;,0.4375,Exposed: Gradient 4,Automation Potential,0.61,predicted,2025
5244,7,Contact Centre Salespersons,Maintaining statistics of calls made and successes achieved;,0.7150000000000001,Exposed: Gradient 4,Automation Potential,0.61,predicted,2025
5244,8,Contact Centre Salespersons,Submitting periodic reports on telemarketing activities and results.,0.65,Exposed: Gradient 4,Automation Potential,0.61,predicted,2025
5245,1,Service Station Attendants,Filling fuel tanks and containers to level specified by customer;,0.2175,Minimal Exposure,Augmentation Potential,0.24,predicted,2025
5245,2,Service Station Attendants,"Checking and replenishing air pressure in vehicle tyres, and oil and other vehicle fluid levels;",0.1425,Minimal Exposure,Augmentation Potential,0.24,predicted,2025
5245,3,Service Station Attendants,Washing vehicle windscreens and windows;,0.1,Minimal Exposure,Augmentation Potential,0.24,predicted,2025
5245,4,Service Station Attendants,"Performing minor repair work to vehicles such as replacing tyres, light bulbs and windscreen wiper blades;",0.1675,Minimal Exposure,Augmentation Potential,0.24,predicted,2025
5245,5,Service Station Attendants,Maintaining and operating automatic car wash facilities;,0.18,Minimal Exposure,Augmentation Potential,0.24,predicted,2025
5245,6,Service Station Attendants,Collecting payments from customers for purchases;,0.415,Minimal Exposure,Augmentation Potential,0.24,predicted,2025
5245,7,Service Station Attendants,"Cleaning petrol pumps and surrounding driveway, shop and facilities;",0.1375,Minimal Exposure,Augmentation Potential,0.24,predicted,2025
5245,8,Service Station Attendants,"Undertaking stock control and preparing reports on fuel, oil, accessories and other items sold.",0.565,Minimal Exposure,Augmentation Potential,0.24,predicted,2025
5246,1,Food Service Counter Attendants,Serving food to customers at counters;,0.29,Not Exposed,Not affected,0.24,predicted,2025
5246,2,Food Service Counter Attendants,"Ascertaining the products desired by the customer, assisting them in making  choices and taking orders;",0.46,Not Exposed,Not affected,0.24,predicted,2025
5246,3,Food Service Counter Attendants,"Cleaning, peeling, slicing and trimming foodstuffs using manual and electric appliances;",0.135,Not Exposed,Not affected,0.24,predicted,2025
5246,4,Food Service Counter Attendants,Preparing simple food items and reheating prepared meals;,0.135,Not Exposed,Not affected,0.24,predicted,2025
5246,5,Food Service Counter Attendants,Portioning and wrapping food or placing it directly on plates for service to patrons;,0.14,Not Exposed,Not affected,0.24,predicted,2025
5246,6,Food Service Counter Attendants,Packaging takeaway food;,0.165,Not Exposed,Not affected,0.24,predicted,2025
5246,7,Food Service Counter Attendants,"Stocking refrigerators, salad, buffet bars and keeping records of the quantities of food used;",0.165,Not Exposed,Not affected,0.24,predicted,2025
5246,8,Food Service Counter Attendants,Receiving payment for food items purchased.,0.415,Not Exposed,Not affected,0.24,predicted,2025
5311,1,Child Care Workers,"Assisting children to wash, dress and feed themselves;",0.12,Not Exposed,Not affected,0.19,predicted,2025
5311,2,Child Care Workers,Taking children to and from school or outdoors for recreation;,0.1625,Not Exposed,Not affected,0.19,predicted,2025
5311,3,Child Care Workers,"Playing games with children, or entertaining them by reading or storytelling;",0.18,Not Exposed,Not affected,0.19,predicted,2025
5311,4,Child Care Workers,Assisting in the preparation of materials and equipment for children's education and recreational activities;,0.245,Not Exposed,Not affected,0.19,predicted,2025
5311,5,Child Care Workers,Managing children's behaviour and guiding their social development;,0.139,Not Exposed,Not affected,0.19,predicted,2025
5311,6,Child Care Workers,"Disciplining children and recommending or initiating other measures to control behaviour, such as caring for own clothing and picking up toys and books;",0.1425,Not Exposed,Not affected,0.19,predicted,2025
5311,7,Child Care Workers,Observing and monitoring children's play activities;,0.135,Not Exposed,Not affected,0.19,predicted,2025
5311,8,Child Care Workers,"Keeping records on individual children, including daily observations and information about activities, meals served, and medications administered.",0.4,Not Exposed,Not affected,0.19,predicted,2025
5312,1,Teachers' Aides,"Demonstrating, supervising and participating in activities that enhance the physical, social, emotional and intellectual development of children in schools and pre-schools;",0.18,Not Exposed,Augmentation Potential,0.24,predicted,2025
5312,2,Teachers' Aides,Preparing indoor and outdoor areas for learning and recreational activities;,0.165,Not Exposed,Augmentation Potential,0.24,predicted,2025
5312,3,Teachers' Aides,"Assisting children with intellectual, physical, behavioural and other learning difficulties with their studies;",0.15,Not Exposed,Augmentation Potential,0.24,predicted,2025
5312,4,Teachers' Aides,Assisting children individually to learn social skills;,0.1425,Not Exposed,Augmentation Potential,0.24,predicted,2025
5312,5,Teachers' Aides,"Assisting with preparing teaching materials, and copying and collating written and printed material;",0.535,Not Exposed,Augmentation Potential,0.24,predicted,2025
5312,6,Teachers' Aides,"Operating audio-visual equipment, computers and other teaching aides;",0.315,Not Exposed,Augmentation Potential,0.24,predicted,2025
5312,7,Teachers' Aides,Distributing and collecting lesson material.,0.2,Not Exposed,Augmentation Potential,0.24,predicted,2025
5321,1,Health Care Assistants,"Providing care, support and treatment to patients and residents of medical, rehabilitative and residential care facilities according to treatment plans established by medical, nursing and other health professionals;",0.1725,Not Exposed,Not affected,0.14,predicted,2025
5321,2,Health Care Assistants,"Assisting patients with personal and therapeutic care needs such as personal hygiene, feeding, dressing, physical mobility and exercise, communication, taking oral medications and changing dressings;",0.12,Not Exposed,Not affected,0.14,predicted,2025
5321,3,Health Care Assistants,"Positioning, lifting and turning patients and transporting them in wheelchairs or on movable beds;",0.095,Not Exposed,Not affected,0.14,predicted,2025
5321,4,Health Care Assistants,"Maintaining patients' environmental hygiene standards, such as cleaning patient rooms and changing bed linen;",0.1025,Not Exposed,Not affected,0.14,predicted,2025
5321,5,Health Care Assistants,"Providing massage and other non-pharmacological pain relief measures, such as during pregnancy and labour;",0.115,Not Exposed,Not affected,0.14,predicted,2025
5321,6,Health Care Assistants,"Observing patients‚Äô condition, responses and behaviour and reporting changes to a health professional.",0.24,Not Exposed,Not affected,0.14,predicted,2025
5322,1,Home-based Personal Care Workers,"Assisting clients with personal and therapeutic care needs such as personal hygiene, feeding, dressing, physical mobility and exercise, communication, taking oral medications and changing dressings, usually as per care plans established by a health professional",0.101,Minimal Exposure,Not affected,0.25,predicted,2025
5322,2,Home-based Personal Care Workers,"Maintaining records of client care, changes in condition and responses to care and treatment, and reporting concerns or providing referrals to a health or social services professional;",0.465,Minimal Exposure,Not affected,0.25,predicted,2025
5322,3,Home-based Personal Care Workers,"Positioning and lifting clients with physical mobility challenges, and helping transport them in wheelchairs and motor vehicles;",0.075,Minimal Exposure,Not affected,0.25,predicted,2025
5322,4,Home-based Personal Care Workers,"Providing clients and families with emotional support and information and advice on topics such as nutrition, hygiene, exercise, caring for infants or adapting to disability or illness;",0.255,Minimal Exposure,Not affected,0.25,predicted,2025
5322,5,Home-based Personal Care Workers,"Maintaining clients' environmental hygiene standards, such as changing bed linen, washing clothes and dishes, and cleaning living quarters;",0.105,Minimal Exposure,Not affected,0.25,predicted,2025
5322,6,Home-based Personal Care Workers,Providing psychological support to clients such as through conversation or reading aloud;,0.265,Minimal Exposure,Not affected,0.25,predicted,2025
5322,7,Home-based Personal Care Workers,"Planning, purchasing, preparing, or serving meals to meet nutritional requirements and prescribed diets;",0.2075,Minimal Exposure,Not affected,0.25,predicted,2025
5322,8,Home-based Personal Care Workers,Providing support to parents and care for newborns during the postpartum period,0.145,Minimal Exposure,Not affected,0.25,predicted,2025
5322,9,Home-based Personal Care Workers,Scheduling and accompanying clients for appointments with medical doctors and other health professionals or performing other errands.,0.6000000000000001,Minimal Exposure,Not affected,0.25,predicted,2025
5329,1,Personal Care Workers in Health Services Not Elsewhere Classified,"Cleaning and sterilizing surgical, dental and pharmaceutical instruments, bottles, beakers and other equipment;",0.125,Not Exposed,Not affected,0.15,predicted,2025
5329,2,Personal Care Workers in Health Services Not Elsewhere Classified,"Labelling drugs, chemicals and other pharmaceutical preparations and replenishing stock on shelves;",0.2125,Not Exposed,Not affected,0.15,predicted,2025
5329,3,Personal Care Workers in Health Services Not Elsewhere Classified,"Lifting, turning and moving patients and transporting them in wheelchairs or on moveable beds;",0.14,Not Exposed,Not affected,0.15,predicted,2025
5329,4,Personal Care Workers in Health Services Not Elsewhere Classified,Preparing patients for examination or treatment;,0.145,Not Exposed,Not affected,0.15,predicted,2025
5329,5,Personal Care Workers in Health Services Not Elsewhere Classified,"Setting  up instrument trays, preparing materials, and assisting dentists or radiographers during procedures;",0.135,Not Exposed,Not affected,0.15,predicted,2025
5329,6,Personal Care Workers in Health Services Not Elsewhere Classified,Exposing diagnostic X-rays.,0.145,Not Exposed,Not affected,0.15,predicted,2025
5411,1,Fire Fighters,"Responding to fire alarms and other calls for assistance, such as automobile and industrial accidents, bomb threats and other emergencies;",0.15,Not Exposed,Not affected,0.18,predicted,2025
5411,2,Fire Fighters,Controlling and extinguishing fires using manual and power equipment and fire-fighting chemicals;,0.1375,Not Exposed,Not affected,0.18,predicted,2025
5411,3,Fire Fighters,Fighting special types of fires and using special equipment in industrial establishments;,0.135,Not Exposed,Not affected,0.18,predicted,2025
5411,4,Fire Fighters,Rescuing people from burning buildings and accident sites and those trapped in dangerous situations;,0.0849999999999999,Not Exposed,Not affected,0.18,predicted,2025
5411,5,Fire Fighters,Preventing or limiting the spread of dangerous substances in case of fires or accidents;,0.2325,Not Exposed,Not affected,0.18,predicted,2025
5411,6,Fire Fighters,Informing the public about fire prevention.,0.36,Not Exposed,Not affected,0.18,predicted,2025
5412,1,Police Officers,"Patrolling a specific area to maintain public order, responding to emergencies, protecting people and property and enforcing laws and regulations;",0.12,Not Exposed,Not affected,0.14,predicted,2025
5412,2,Police Officers,"Identifying, pursuing and arresting suspects and perpetrators of criminal acts;",0.1225,Not Exposed,Not affected,0.14,predicted,2025
5412,3,Police Officers,Directing traffic and assuming authority in the event of accidents;,0.19,Not Exposed,Not affected,0.14,predicted,2025
5412,4,Police Officers,"Providing emergency assistance to victims of accidents, crimes and natural disasters.",0.125,Not Exposed,Not affected,0.14,predicted,2025
5413,1,Prison Guards,"Searching arriving prisoners, putting their valuables in safekeeping, escorting prisoners to cells and locking them in;",0.1125,Not Exposed,Not affected,0.14,predicted,2025
5413,2,Prison Guards,"Making periodic inspection tours of cells and inspecting and maintaining the security of locks, windows, doors and gates;",0.15,Not Exposed,Not affected,0.14,predicted,2025
5413,3,Prison Guards,"Supervising prisoners at work and meals, and during recreation periods;",0.165,Not Exposed,Not affected,0.14,predicted,2025
5413,4,Prison Guards,Observing the conduct and behaviour of prisoners to prevent disturbances and escapes;,0.1075,Not Exposed,Not affected,0.14,predicted,2025
5413,5,Prison Guards,Patrolling prison areas to prevent escapes;,0.0975,Not Exposed,Not affected,0.14,predicted,2025
5413,6,Prison Guards,Assisting with the implementation of rehabilitation programmes;,0.215,Not Exposed,Not affected,0.14,predicted,2025
5413,7,Prison Guards,Escorting prisoners in transit and during temporary leave.,0.115,Not Exposed,Not affected,0.14,predicted,2025
5414,1,Security Guards,"Patrolling premises and checking doors, windows and gates to prevent and detect signs of unauthorised entry;",0.16,Not Exposed,Not affected,0.2,predicted,2025
5414,2,Security Guards,"Controlling access to establishments, monitoring and authorizing the entrance or departure of employees and visitors, checking identification and issuing security passes;",0.365,Not Exposed,Not affected,0.2,predicted,2025
5414,3,Security Guards,"Circulating among visitors, patrons, or employees to preserve order, protect property from theft or vandalism and enforce the regulations of the establishment;",0.13,Not Exposed,Not affected,0.2,predicted,2025
5414,4,Security Guards,"Responding to alarms, investigating disturbances and contacting superiors, police or fire fighters as appropriate;",0.235,Not Exposed,Not affected,0.2,predicted,2025
5414,5,Security Guards,Performing security checks of passengers and luggage at airports;,0.175,Not Exposed,Not affected,0.2,predicted,2025
5414,6,Security Guards,"Picking up and ensuring the safe delivery of cash and valuables to banks, automated teller machines and retail establishments.",0.15,Not Exposed,Not affected,0.2,predicted,2025
5419,1,Protective Services Workers Not Elsewhere Classified,Patrolling beaches and swimming pools to prevent accidents and to rescue bathers from drowning;,0.1025,Not Exposed,Not affected,0.2,predicted,2025
5419,2,Protective Services Workers Not Elsewhere Classified,Monitoring traffic flow to locate safe gaps through which pedestrians can cross streets;,0.2125,Not Exposed,Not affected,0.2,predicted,2025
5419,3,Protective Services Workers Not Elsewhere Classified,"Responding to citizen complaints concerning stray domestic animals, livestock and wildlife, issuing warnings and citations to owners and impounding lost, homeless and dangerous animals;",0.215,Not Exposed,Not affected,0.2,predicted,2025
5419,4,Protective Services Workers Not Elsewhere Classified,Patrolling an assigned area to enforce parking regulations;,0.24125,Not Exposed,Not affected,0.2,predicted,2025
5419,5,Protective Services Workers Not Elsewhere Classified,Directing traffic.,0.215,Not Exposed,Not affected,0.2,predicted,2025
6111,1,Field Crop and Vegetable Growers,"Monitoring market activity and conditions, determining types and quantities of crops to be grown, and planning and coordinating production accordingly;",0.43,Not Exposed,Not affected,0.18,predicted,2025
6111,2,Field Crop and Vegetable Growers,"Preparing soil by hand or machine, and spreading fertilizers and manure;",0.08,Not Exposed,Not affected,0.18,predicted,2025
6111,3,Field Crop and Vegetable Growers,"Selecting and sowing seeds, and planting seedlings;",0.115,Not Exposed,Not affected,0.18,predicted,2025
6111,4,Field Crop and Vegetable Growers,"Maintaining crops by cultivating soil, by transplanting, pruning or thinning plants, and by setting up and operating irrigation equipment;",0.095,Not Exposed,Not affected,0.18,predicted,2025
6111,5,Field Crop and Vegetable Growers,"Controlling weeds, pests and diseases by applying herbicides and pesticides;",0.145,Not Exposed,Not affected,0.18,predicted,2025
6111,6,Field Crop and Vegetable Growers,Harvesting crops and destroying diseased or superfluous crops;,0.0849999999999999,Not Exposed,Not affected,0.18,predicted,2025
6111,7,Field Crop and Vegetable Growers,"Inspecting, cleaning, grading, packaging, storing and loading crops for sale or delivery to market;",0.135,Not Exposed,Not affected,0.18,predicted,2025
6111,8,Field Crop and Vegetable Growers,"Tending working animals and maintaining farm buildings, structures, equipment and water supply systems;",0.09,Not Exposed,Not affected,0.18,predicted,2025
6111,9,Field Crop and Vegetable Growers,Storing and carrying out some processing of produce;,0.12,Not Exposed,Not affected,0.18,predicted,2025
6111,10,Field Crop and Vegetable Growers,"Promoting and marketing products, arranging the sale, purchase and transportation of produce and supplies and maintaining and evaluating records of farm activities and transactions;",0.385,Not Exposed,Not affected,0.18,predicted,2025
6111,11,Field Crop and Vegetable Growers,"Training and supervising workers in crop production, maintenance duties and health and safety precautions, and hiring and discharging workers and contractors.",0.2575,Not Exposed,Not affected,0.18,predicted,2025
6112,1,Tree and Shrub Crop Growers,"Monitoring market activity and conditions, determining types and quantities of crops to be grown, and planning and coordinating production accordingly;",0.43,Not Exposed,Not affected,0.17,predicted,2025
6112,2,Tree and Shrub Crop Growers,"Preparing soil by hand or machine, and spreading fertilizers and manure;",0.08,Not Exposed,Not affected,0.17,predicted,2025
6112,3,Tree and Shrub Crop Growers,"Selecting and sowing seeds, and planting seedlings;",0.115,Not Exposed,Not affected,0.17,predicted,2025
6112,4,Tree and Shrub Crop Growers,"Maintaining crops by cultivating soil, by transplanting, pruning or thinning trees and shrubs, and by setting up and operating irrigation equipment;",0.105,Not Exposed,Not affected,0.17,predicted,2025
6112,5,Tree and Shrub Crop Growers,"Controlling weeds, pests and diseases by applying herbicides and pesticides;",0.1425,Not Exposed,Not affected,0.17,predicted,2025
6112,6,Tree and Shrub Crop Growers,"Tending trees or bushes, collecting sap and harvesting crops;",0.0975,Not Exposed,Not affected,0.17,predicted,2025
6112,7,Tree and Shrub Crop Growers,"Inspecting, cleaning, grading, packaging, storing and loading crops for sale or delivery to market;",0.135,Not Exposed,Not affected,0.17,predicted,2025
6112,8,Tree and Shrub Crop Growers,"Tending working animals and maintaining farm buildings, structures, equipment and water supply systems;",0.0875,Not Exposed,Not affected,0.17,predicted,2025
6112,9,Tree and Shrub Crop Growers,Storing and carrying out some processing of produce;,0.1175,Not Exposed,Not affected,0.17,predicted,2025
6112,10,Tree and Shrub Crop Growers,"Promoting and marketing products, arranging the sale, purchase and transportation of produce and supplies and maintaining and evaluating records of farm activities and transactions;",0.315,Not Exposed,Not affected,0.17,predicted,2025
6112,11,Tree and Shrub Crop Growers,"Training and supervising workers in crop production, maintenance duties, and health and safety precautions, and hiring and discharging workers and contractors.",0.2575,Not Exposed,Not affected,0.17,predicted,2025
6113,1,"Gardeners, Horticultural and Nursery Growers","Monitoring market activity and conditions determining kinds and amounts of vegetables, horticultural and nursery products to be grown, and planning and coordinating production accordingly;",0.335,Not Exposed,Not affected,0.18,predicted,2025
6113,2,"Gardeners, Horticultural and Nursery Growers","Preparing land by conditioning soil, levelling ground and installing and operating irrigation and drainage systems;",0.125,Not Exposed,Not affected,0.18,predicted,2025
6113,3,"Gardeners, Horticultural and Nursery Growers","Planting trees, hedges, garden plants and grass;",0.115,Not Exposed,Not affected,0.18,predicted,2025
6113,4,"Gardeners, Horticultural and Nursery Growers","Pruning and trimming trees, shrubs and hedges, installing plant supports and protection, and rolling, mowing, aerating and edging lawns;",0.115,Not Exposed,Not affected,0.18,predicted,2025
6113,5,"Gardeners, Horticultural and Nursery Growers","Constructing features and facilities within gardens, such as paths or paved areas, walls, rockeries, garden beds, ponds and water features, sheds and fences;",0.135,Not Exposed,Not affected,0.18,predicted,2025
6113,6,"Gardeners, Horticultural and Nursery Growers","Checking the health of plants and trees, identifying and treating weeds, pests and diseases, and applying mulch and fertilizers;",0.15,Not Exposed,Not affected,0.18,predicted,2025
6113,7,"Gardeners, Horticultural and Nursery Growers","Producing saplings, bulbs and seeds and raising plants from seeds or cuttings;",0.0975,Not Exposed,Not affected,0.18,predicted,2025
6113,8,"Gardeners, Horticultural and Nursery Growers","Harvesting crops and inspecting, cleaning, grading, packaging, storing and loading products for sale or delivery to market;",0.15,Not Exposed,Not affected,0.18,predicted,2025
6113,9,"Gardeners, Horticultural and Nursery Growers","Maintaining buildings, greenhouses and other structures, equipment and water supply systems;",0.14,Not Exposed,Not affected,0.18,predicted,2025
6113,10,"Gardeners, Horticultural and Nursery Growers",Storing and carrying out some processing of produce;,0.11,Not Exposed,Not affected,0.18,predicted,2025
6113,11,"Gardeners, Horticultural and Nursery Growers","Promoting and marketing products, arranging the sale, purchase and transportation of produce and supplies, and maintaining and evaluating records of activities and transactions;",0.45,Not Exposed,Not affected,0.18,predicted,2025
6113,12,"Gardeners, Horticultural and Nursery Growers","Training and supervising workers in production, maintenance duties, and health and safety precautions, and hiring and discharging workers and contractors.",0.2875,Not Exposed,Not affected,0.18,predicted,2025
6114,1,Mixed Crop Growers,"Monitoring market activity and conditions, determining types and quantities of crops to be grown, and planning and coordinating production accordingly;",0.415,Not Exposed,Not affected,0.17,predicted,2025
6114,2,Mixed Crop Growers,"Preparing soil by hand or machine, and spreading fertilizers and manure;",0.07625,Not Exposed,Not affected,0.17,predicted,2025
6114,3,Mixed Crop Growers,"Selecting and sowing seeds, and planting seedlings;",0.106,Not Exposed,Not affected,0.17,predicted,2025
6114,4,Mixed Crop Growers,"Maintaining crops by cultivating soil, by transplanting, pruning or thinning crops, trees and shrubs, and by setting up and operating irrigation equipment;",0.11625,Not Exposed,Not affected,0.17,predicted,2025
6114,5,Mixed Crop Growers,Growing flowers and vegetables by intensive cultivation;,0.1125,Not Exposed,Not affected,0.17,predicted,2025
6114,6,Mixed Crop Growers,"Producing saplings, bulbs and seeds;",0.115,Not Exposed,Not affected,0.17,predicted,2025
6114,7,Mixed Crop Growers,"Harvesting crops and inspecting, cleaning, grading, packaging, storing and loading products for sale or delivery to market;",0.15,Not Exposed,Not affected,0.17,predicted,2025
6114,8,Mixed Crop Growers,"Tending working animals and maintaining farm buildings, structures, equipment and water supply systems;",0.085,Not Exposed,Not affected,0.17,predicted,2025
6114,9,Mixed Crop Growers,Storing and carrying out some processing of produce;,0.125,Not Exposed,Not affected,0.17,predicted,2025
6114,10,Mixed Crop Growers,"Promoting and marketing products, arranging the sale, purchase and transportation of produce and supplies and maintaining and evaluating records of activities and transactions;",0.4225,Not Exposed,Not affected,0.17,predicted,2025
6114,11,Mixed Crop Growers,"Training and supervising workers in production, maintenance duties and health and safety precautions, and hiring and discharging workers and contractors.",0.1725,Not Exposed,Not affected,0.17,predicted,2025
6121,1,Livestock and Dairy Producers,"Monitoring market activity and conditions, determining kinds and amounts of stock to produce, planning and coordinating production accordingly;",0.43,Not Exposed,Not affected,0.17,predicted,2025
6121,2,Livestock and Dairy Producers,Cultivating pastures and providing and monitoring fodder and water supplies to maintain appropriate nutritional levels and condition of livestock;,0.1375,Not Exposed,Not affected,0.17,predicted,2025
6121,3,Livestock and Dairy Producers,"Monitoring and examining animals to detect illness, injury or disease, and to check physical condition such as rate of weight gain;",0.165,Not Exposed,Not affected,0.17,predicted,2025
6121,4,Livestock and Dairy Producers,"Grooming, marking, clipping, trimming, drenching and/or castrating animals and shearing coats to collect hair or wool;",0.075,Not Exposed,Not affected,0.17,predicted,2025
6121,5,Livestock and Dairy Producers,"Herding livestock to pastures for grazing or to scales, sheds, vehicles, or other enclosures;",0.1075,Not Exposed,Not affected,0.17,predicted,2025
6121,6,Livestock and Dairy Producers,Milking animals by hand or using milking machines;,0.12,Not Exposed,Not affected,0.17,predicted,2025
6121,7,Livestock and Dairy Producers,"Mixing feed, additives, and medicines in prescribed portions and distributing or hand feeding to animals for consumption;",0.135,Not Exposed,Not affected,0.17,predicted,2025
6121,8,Livestock and Dairy Producers,"Performing duties related to livestock reproduction, such as breeding, artificial insemination and helping with animal births;",0.14,Not Exposed,Not affected,0.17,predicted,2025
6121,9,Livestock and Dairy Producers,"Maintaining and cleaning farm buildings, machinery, equipment and structures;",0.1275,Not Exposed,Not affected,0.17,predicted,2025
6121,10,Livestock and Dairy Producers,Slaughtering and skinning animals and preparing them for market;,0.0849999999999999,Not Exposed,Not affected,0.17,predicted,2025
6121,11,Livestock and Dairy Producers,Storing and carrying out some processing of animal and dairy produce;,0.1225,Not Exposed,Not affected,0.17,predicted,2025
6121,12,Livestock and Dairy Producers,"Promoting and marketing products, arranging the sale, purchase and transportation of livestock, produce and supplies, and maintaining and evaluating records of farm activities and transactions;",0.35,Not Exposed,Not affected,0.17,predicted,2025
6121,13,Livestock and Dairy Producers,"Training and supervising workers in animal care procedures, maintenance duties, and health and safety precautions, and hiring and discharging workers and contractors.",0.215,Not Exposed,Not affected,0.17,predicted,2025
6122,1,Poultry Producers,"Monitoring market activity, planning and coordinating production accordingly, maintaining and evaluating records of farming activities;",0.4125,Not Exposed,Not affected,0.19,predicted,2025
6122,2,Poultry Producers,Growing and purchasing feed and other supplies needed to maintain appropriate nutritional levels and condition of poultry;,0.15,Not Exposed,Not affected,0.19,predicted,2025
6122,3,Poultry Producers,"Monitoring and examining poultry to detect illness, injury, or disease and to check physical condition, such as rate of weight gain, and removing weak, ill and dead poultry from flock;",0.145,Not Exposed,Not affected,0.19,predicted,2025
6122,4,Poultry Producers,Mixing feed and feed additives and filling feed and water containers;,0.125,Not Exposed,Not affected,0.19,predicted,2025
6122,5,Poultry Producers,"Vaccinating poultry via drinking water, injection or dusting of air;",0.14,Not Exposed,Not affected,0.19,predicted,2025
6122,6,Poultry Producers,Collecting and storing eggs and packaging them for sale or delivery to market;,0.135,Not Exposed,Not affected,0.19,predicted,2025
6122,7,Poultry Producers,"Determining sex of chicks and facilitating breeding, artificial insemination and hatching of eggs;",0.1675,Not Exposed,Not affected,0.19,predicted,2025
6122,8,Poultry Producers,"Renting or investing in, and maintaining and cleaning, farm buildings, machinery, equipment and structures;",0.12,Not Exposed,Not affected,0.19,predicted,2025
6122,9,Poultry Producers,Slaughtering and dressing poultry for sale or delivery to market;,0.145,Not Exposed,Not affected,0.19,predicted,2025
6122,10,Poultry Producers,Storing and carrying out some processing of produce;,0.12,Not Exposed,Not affected,0.19,predicted,2025
6122,11,Poultry Producers,"Arranging the sale, purchase and transportation stock, produce and supplies;",0.36,Not Exposed,Not affected,0.19,predicted,2025
6122,12,Poultry Producers,"Training and supervising workers in poultry production procedures, maintenance duties and health and safety precautions, and hiring and discharging workers and contractors.",0.25,Not Exposed,Not affected,0.19,predicted,2025
6123,1,Apiarists and Sericulturists,"Monitoring market activity and conditions, determining kinds and amounts of insect products to produce, and planning and coordinating production accordingly;",0.415,Not Exposed,Augmentation Potential,0.22,predicted,2025
6123,2,Apiarists and Sericulturists,Purchasing insects and growing or purchasing feed and other supplies;,0.1725,Not Exposed,Augmentation Potential,0.22,predicted,2025
6123,3,Apiarists and Sericulturists,"Breeding, raising and tending insects and collecting their products;",0.1225,Not Exposed,Augmentation Potential,0.22,predicted,2025
6123,4,Apiarists and Sericulturists,"Renting or investing in, and maintaining and cleaning buildings, machinery, equipment and structures;",0.175,Not Exposed,Augmentation Potential,0.22,predicted,2025
6123,5,Apiarists and Sericulturists,Storing and carrying out some processing of produce;,0.121,Not Exposed,Augmentation Potential,0.22,predicted,2025
6123,6,Apiarists and Sericulturists,"Arranging the sale, purchase and transportation of stock, produce and supplies, and maintaining and evaluating records of farming activities;",0.3,Not Exposed,Augmentation Potential,0.22,predicted,2025
6123,7,Apiarists and Sericulturists,"Training and supervising workers in production procedures, maintenance duties, and health and safety precautions, and hiring and discharging workers and contractors.",0.245,Not Exposed,Augmentation Potential,0.22,predicted,2025
6129,1,Animal Producers Not Elsewhere Classified,"Monitoring market activity and conditions, determining kinds and amounts of products to produce, planning and coordinating production accordingly;",0.4625,Not Exposed,Not affected,0.2,predicted,2025
6129,2,Animal Producers Not Elsewhere Classified,"Raising, feeding and tending animals;",0.13125,Not Exposed,Not affected,0.2,predicted,2025
6129,3,Animal Producers Not Elsewhere Classified,"Monitoring and examining animals to detect illness, injury, or disease, and to check physical condition such as rate of weight gain;",0.1475,Not Exposed,Not affected,0.2,predicted,2025
6129,4,Animal Producers Not Elsewhere Classified,"Performing duties related to animal reproduction, such as breeding, artificial insemination and helping with animal births;",0.13,Not Exposed,Not affected,0.2,predicted,2025
6129,5,Animal Producers Not Elsewhere Classified,"Renting or investing in, and maintaining and cleaning buildings, machinery, equipment and structures;",0.13625,Not Exposed,Not affected,0.2,predicted,2025
6129,6,Animal Producers Not Elsewhere Classified,Slaughtering and skinning animals and preparing animal products for market;,0.0975,Not Exposed,Not affected,0.2,predicted,2025
6129,7,Animal Producers Not Elsewhere Classified,Storing and carrying out some processing of produce;,0.1125,Not Exposed,Not affected,0.2,predicted,2025
6129,8,Animal Producers Not Elsewhere Classified,"Promoting and marketing products, arranging the sale, purchase and transportation of stock, produce and supplies, and maintaining and evaluating records of activities and transactions;",0.405,Not Exposed,Not affected,0.2,predicted,2025
6129,9,Animal Producers Not Elsewhere Classified,"Training and supervising workers in animal care procedures, maintenance duties, and health and safety precautions.",0.1775,Not Exposed,Not affected,0.2,predicted,2025
6221,1,Aquaculture Workers,"Breeding, raising and cultivating fish, mussels, oysters and other forms of aquatic life as cash crops or for release into freshwater or saltwater;",0.135,Not Exposed,Not affected,0.22,predicted,2025
6221,2,Aquaculture Workers,"Collecting and recording growth, production and environmental data;",0.435,Not Exposed,Not affected,0.22,predicted,2025
6221,3,Aquaculture Workers,Conducting and supervising stock examinations in order to identify diseases or parasites;,0.17,Not Exposed,Not affected,0.22,predicted,2025
6221,4,Aquaculture Workers,Monitoring environments to ensure maintenance of optimum conditions for aquatic life;,0.15,Not Exposed,Not affected,0.22,predicted,2025
6221,5,Aquaculture Workers,"Directing and monitoring trapping and spawning of fish, egg incubation and fry rearing, applying knowledge of management and fish culturing techniques;",0.135,Not Exposed,Not affected,0.22,predicted,2025
6221,6,Aquaculture Workers,"Cleaning, freezing, icing or salting catch on- or offshore, and preparing fish and other products for shipment;",0.125,Not Exposed,Not affected,0.22,predicted,2025
6221,7,Aquaculture Workers,"Maintaining buildings, tanks, machinery, boats and other equipment;",0.12,Not Exposed,Not affected,0.22,predicted,2025
6221,8,Aquaculture Workers,Delivering or marketing products;,0.5625,Not Exposed,Not affected,0.22,predicted,2025
6221,9,Aquaculture Workers,"Renting or investing in buildings, equipment and machinery, and purchasing food and other supplies;",0.135,Not Exposed,Not affected,0.22,predicted,2025
6221,10,Aquaculture Workers,Supervising and training aquaculture and fish hatchery support workers.,0.28,Not Exposed,Not affected,0.22,predicted,2025
6222,1,Inland and Coastal Waters Fishery Workers,Preparing and repairing nets and other fishing gear and equipment;,0.0875,Not Exposed,Not affected,0.17,predicted,2025
6222,2,Inland and Coastal Waters Fishery Workers,"Selecting area for fishing, plotting courses and computing navigational positions using compass, charts and other aids;",0.2225,Not Exposed,Not affected,0.17,predicted,2025
6222,3,Inland and Coastal Waters Fishery Workers,"Operating fishing vessels to, from and at fishing grounds;",0.14,Not Exposed,Not affected,0.17,predicted,2025
6222,4,Inland and Coastal Waters Fishery Workers,"Baiting, setting, operating and hauling in fishing gear by hand or using hoisting equipment;",0.1375,Not Exposed,Not affected,0.17,predicted,2025
6222,5,Inland and Coastal Waters Fishery Workers,Gathering various forms of aquatic life from shores and shallow waters;,0.1425,Not Exposed,Not affected,0.17,predicted,2025
6222,6,Inland and Coastal Waters Fishery Workers,Maintaining engine fishing gear and other on-board equipment;,0.14375,Not Exposed,Not affected,0.17,predicted,2025
6222,7,Inland and Coastal Waters Fishery Workers,"Keeping records of transactions, fishing activities, weather and sea conditions and estimating costs and budgets;",0.425,Not Exposed,Not affected,0.17,predicted,2025
6222,8,Inland and Coastal Waters Fishery Workers,"Sorting, and storing catch in holds with salt and ice;",0.11875,Not Exposed,Not affected,0.17,predicted,2025
6222,9,Inland and Coastal Waters Fishery Workers,"Removing catches from fishing equipment, measuring them to ensure compliance with legal size and returning undesirable or illegal catches to the water;",0.1375,Not Exposed,Not affected,0.17,predicted,2025
6222,10,Inland and Coastal Waters Fishery Workers,"Directing fishing operations, and supervising fishing crew members.",0.1925,Not Exposed,Not affected,0.17,predicted,2025
6223,1,Deep-sea Fishery Workers,Preparing and repairing nets and other fishing gear and equipment;,0.0945,Not Exposed,Not affected,0.18,predicted,2025
6223,2,Deep-sea Fishery Workers,"Commanding and operating fishing vessels to, from and at deep-sea fishing grounds;",0.1475,Not Exposed,Not affected,0.18,predicted,2025
6223,3,Deep-sea Fishery Workers,"Determining areas for fishing, plotting courses and computing navigational positions using compass, charts, tables and other aids;",0.185,Not Exposed,Not affected,0.18,predicted,2025
6223,4,Deep-sea Fishery Workers,Steering vessels and operating navigational instruments and electronic fishing aids;,0.1875,Not Exposed,Not affected,0.18,predicted,2025
6223,5,Deep-sea Fishery Workers,Directing fishing operations and supervising crew activities;,0.205,Not Exposed,Not affected,0.18,predicted,2025
6223,6,Deep-sea Fishery Workers,"Recording fishing progress and activities, as well as weather and sea conditions, on the ship's log;",0.325,Not Exposed,Not affected,0.18,predicted,2025
6223,7,Deep-sea Fishery Workers,"Baiting, setting and hauling in fishing gear;",0.125,Not Exposed,Not affected,0.18,predicted,2025
6223,8,Deep-sea Fishery Workers,"Cleaning, freezing, icing or salting catch on- or offshore;",0.115,Not Exposed,Not affected,0.18,predicted,2025
6223,9,Deep-sea Fishery Workers,Selecting and training vessel crews.,0.195,Not Exposed,Not affected,0.18,predicted,2025
6224,1,Hunters and Trappers,"Setting traps to catch mammals, birds or reptiles;",0.0625,Not Exposed,Not affected,0.09,predicted,2025
6224,2,Hunters and Trappers,"Killing trapped or free mammals, birds or reptiles with firearms or other weapons;",0.06,Not Exposed,Not affected,0.09,predicted,2025
6224,3,Hunters and Trappers,"Skinning and otherwise treating killed mammals, birds or reptiles to obtain desired products for sale or delivery;",0.0849999999999999,Not Exposed,Not affected,0.09,predicted,2025
6224,4,Hunters and Trappers,"Delivering or selling trapped live mammals, birds or reptiles;",0.10375,Not Exposed,Not affected,0.09,predicted,2025
6224,5,Hunters and Trappers,Repairing and maintaining equipment.,0.1375,Not Exposed,Not affected,0.09,predicted,2025
7111,1,House Builders,Preparing ground for erecting building or other structures;,0.105,Not Exposed,Not affected,0.14,predicted,2025
7111,2,House Builders,"Erecting structures to support roof, and building and covering walls with appropriate materials;",0.104,Not Exposed,Not affected,0.14,predicted,2025
7111,3,House Builders,Fixing rafters to roof and covering with roofing material;,0.0849999999999999,Not Exposed,Not affected,0.14,predicted,2025
7111,4,House Builders,Levelling floor to make it smooth and serviceable;,0.0825,Not Exposed,Not affected,0.14,predicted,2025
7111,5,House Builders,Maintaining and repairing existing structures;,0.135,Not Exposed,Not affected,0.14,predicted,2025
7111,6,House Builders,"Arranging for specialized work such as bricklaying, painting, plumbing and electrical wiring to be done by subcontractors;",0.165,Not Exposed,Not affected,0.14,predicted,2025
7111,7,House Builders,"Coordinating and supervising the activities of subcontractors, labourers and other workers.",0.2825,Not Exposed,Not affected,0.14,predicted,2025
7112,1,Bricklayers and Related Workers,"Laying stone, brick and similar building blocks to construct or repair walls, partitions, fireplaces and other structures such as smokestacks, furnaces, converters, kilns and ovens, piers and abutments;",0.1025,Not Exposed,Not affected,0.09,predicted,2025
7112,2,Bricklayers and Related Workers,"Laying footpaths, kerbs and pavements;",0.081,Not Exposed,Not affected,0.09,predicted,2025
7112,3,Bricklayers and Related Workers,"Laying bricks or other masonry to build patios, garden walls and other decorative installations.",0.0825,Not Exposed,Not affected,0.09,predicted,2025
7113,1,"Stonemasons, Stone Cutters, Splitters and Carvers",Driving wedges into quarried stone to break it into slabs or blocks;,0.07,Not Exposed,Not affected,0.11,predicted,2025
7113,2,"Stonemasons, Stone Cutters, Splitters and Carvers","Selecting and grading slabs and blocks of granite, marble, and other stone;",0.14,Not Exposed,Not affected,0.11,predicted,2025
7113,3,"Stonemasons, Stone Cutters, Splitters and Carvers","Cutting, shaping and finishing building and monumental stone such as granite or marble using hand tools or hand-held power tools;",0.11,Not Exposed,Not affected,0.11,predicted,2025
7113,4,"Stonemasons, Stone Cutters, Splitters and Carvers","Making patterns and marking shapes on stone for subsequent sawing, planing, drilling and other dressing and cutting operations;",0.135,Not Exposed,Not affected,0.11,predicted,2025
7113,5,"Stonemasons, Stone Cutters, Splitters and Carvers","Cutting and carving characters, figures or designs on stone blocks used for monuments or memorials;",0.116,Not Exposed,Not affected,0.11,predicted,2025
7113,6,"Stonemasons, Stone Cutters, Splitters and Carvers",Setting stone in the erection of monuments and memorials;,0.09,Not Exposed,Not affected,0.11,predicted,2025
7113,7,"Stonemasons, Stone Cutters, Splitters and Carvers","Repairing and replacing stonework on old buildings, churches and monuments.",0.105,Not Exposed,Not affected,0.11,predicted,2025
7114,1,"Concrete Placers, Concrete Finishers and Related Workers","Constructing and repairing reinforced concrete floors, walls, tanks, silos and other concrete structures;",0.12,Not Exposed,Not affected,0.1,predicted,2025
7114,2,"Concrete Placers, Concrete Finishers and Related Workers",Making shuttering or assembling prefabricated forms for moulding concrete;,0.14,Not Exposed,Not affected,0.1,predicted,2025
7114,3,"Concrete Placers, Concrete Finishers and Related Workers",Cementing openings in walls or casings for wells;,0.0875,Not Exposed,Not affected,0.1,predicted,2025
7114,4,"Concrete Placers, Concrete Finishers and Related Workers",Finishing and smoothing surfaces of concrete structures;,0.0925,Not Exposed,Not affected,0.1,predicted,2025
7114,5,"Concrete Placers, Concrete Finishers and Related Workers","Applying a durable, smooth surfacing composed of cement, sand pigment and marble particles to floors, known as a terrazzo finish;",0.0775,Not Exposed,Not affected,0.1,predicted,2025
7115,1,Carpenters and Joiners,"Making, altering and repairing structural and other woodwork at a workbench and on a construction site;",0.1375,Not Exposed,Not affected,0.13,predicted,2025
7115,2,Carpenters and Joiners,"Constructing, erecting and installing heavy-framed wooden structures on building sites;",0.095,Not Exposed,Not affected,0.13,predicted,2025
7115,3,Carpenters and Joiners,"Fitting, assembling and altering internal and external fixtures of buildings, such as walls, doors, door and window frames, facings and panelling;",0.1175,Not Exposed,Not affected,0.13,predicted,2025
7115,4,Carpenters and Joiners,"Making, repairing and fitting scenic equipment for theatrical performances and motion picture or television productions;",0.1475,Not Exposed,Not affected,0.13,predicted,2025
7115,5,Carpenters and Joiners,"Constructing, assembling, altering and repairing wooden fixtures and fittings in train coaches, aircraft, ships, boats, floats and other vehicles.",0.15,Not Exposed,Not affected,0.13,predicted,2025
7119,1,Building Frame and Related Trades Workers Not Elsewhere Classified,"Climbing and performing miscellaneous construction and building maintenance work on tall structures such as towers, chimneys and spires;",0.08,Not Exposed,Not affected,0.09,predicted,2025
7119,2,Building Frame and Related Trades Workers Not Elsewhere Classified,Erecting temporary metal or wooden scaffolding on building sites;,0.0975,Not Exposed,Not affected,0.09,predicted,2025
7119,3,Building Frame and Related Trades Workers Not Elsewhere Classified,Demolishing buildings and other structures.,0.1035,Not Exposed,Not affected,0.09,predicted,2025
7121,1,Roofers,"Studying drawings, specifications and construction sites to determine materials required;",0.28,Not Exposed,Not affected,0.13,predicted,2025
7121,2,Roofers,Covering roof frameworks with slate and pre-fabricated tiles to cover pitched roofs;,0.0775,Not Exposed,Not affected,0.13,predicted,2025
7121,3,Roofers,Laying a waterproof shield and fixing metallic or synthetic materials to a building‚Äôs frame;,0.12,Not Exposed,Not affected,0.13,predicted,2025
7121,4,Roofers,"Sizing and cutting roofing materials to fit around edges, corners and protuberances such as chimneys;",0.1075,Not Exposed,Not affected,0.13,predicted,2025
7121,5,Roofers,Using natural materials such as thatching to provide roof coverings;,0.0824999999999999,Not Exposed,Not affected,0.13,predicted,2025
7121,6,Roofers,Creating temporary structures such as scaffolding and ladders.,0.09,Not Exposed,Not affected,0.13,predicted,2025
7122,1,Floor Layers and Tile Setters,Preparing floor areas for covering with a variety of materials;,0.095,Not Exposed,Not affected,0.1,predicted,2025
7122,2,Floor Layers and Tile Setters,"Assembling carpet, tiles or other materials and laying them on floors according to design and other specifications;",0.125,Not Exposed,Not affected,0.1,predicted,2025
7122,3,Floor Layers and Tile Setters,Preparing wall areas for covering with tiles or other materials for decorative or other purposes such as acoustic insulation;,0.09,Not Exposed,Not affected,0.1,predicted,2025
7122,4,Floor Layers and Tile Setters,"Setting tiles and constructing and laying mosaic panels to walls, floors and other surfaces.",0.0975,Not Exposed,Not affected,0.1,predicted,2025
7123,1,Plasterers,Applying one or more coats of plaster to interior walls and ceilings of buildings to produce finished surface;,0.105,Not Exposed,Not affected,0.11,predicted,2025
7123,2,Plasterers,"Measuring, marking and installing ornamental plaster panels, and casting and trimming ornamental plaster cornices;",0.135,Not Exposed,Not affected,0.11,predicted,2025
7123,3,Plasterers,"Measuring, marking and cutting plasterboard, lifting and positioning panels and securing them to walls, ceilings and battens;",0.1025,Not Exposed,Not affected,0.11,predicted,2025
7123,4,Plasterers,"Covering joins and nail holes with wet plaster and sealing compounds, and smoothing them using wet brushes and sand paper;",0.1025,Not Exposed,Not affected,0.11,predicted,2025
7123,5,Plasterers,"Applying protective and decorative covering of cement, plaster and similar materials to exterior building surfaces;",0.1075,Not Exposed,Not affected,0.11,predicted,2025
7123,6,Plasterers,Making and installing decorative plaster fixtures of fibrous plaster;,0.12,Not Exposed,Not affected,0.11,predicted,2025
7123,7,Plasterers,"Applying and finishing acoustic, insulating and fireproofing materials bonded with plaster, plastic cement and similar materials.",0.1275,Not Exposed,Not affected,0.11,predicted,2025
7124,1,Insulation Workers,Cutting insulation material by size and shape;,0.1175,Not Exposed,Not affected,0.13,predicted,2025
7124,2,Insulation Workers,"Applying slabs and sheets of insulating or sound-absorbing materials to walls, floors and ceilings of buildings;",0.11,Not Exposed,Not affected,0.13,predicted,2025
7124,3,Insulation Workers,"Blowing and packing insulating or sound-absorbing materials into cavities between walls, floors and ceilings of buildings with power-driven machines;",0.11,Not Exposed,Not affected,0.13,predicted,2025
7124,4,Insulation Workers,"Examining plans, specifications and work sites to determine the type, quality and quantity of insulation material required;",0.14,Not Exposed,Not affected,0.13,predicted,2025
7124,5,Insulation Workers,"Applying insulating materials to exposed surfaces of equipment such as boilers, pipes and tanks;",0.15,Not Exposed,Not affected,0.13,predicted,2025
7124,6,Insulation Workers,Insulating refrigeration and air-conditioning equipment.,0.135,Not Exposed,Not affected,0.13,predicted,2025
7125,1,Glaziers,"Selecting the type of glass to be used, cutting to right size and shape and installing in windows, doors, showers and partitions of buildings;",0.135,Not Exposed,Not affected,0.14,predicted,2025
7125,2,Glaziers,"Installing glass and mirrors in skylights, display cases, interior walls and ceilings;",0.1325,Not Exposed,Not affected,0.14,predicted,2025
7125,3,Glaziers,Installing or replacing windscreens in vehicles or boats;,0.1375,Not Exposed,Not affected,0.14,predicted,2025
7125,4,Glaziers,"Creating decorative glass features such as glass walls, staircases, balustrades and stained-glass windows.",0.1425,Not Exposed,Not affected,0.14,predicted,2025
7126,1,Plumbers and Pipe Fitters,"Examining blueprints, drawings and specifications to determine the layout of plumbing and ventilation systems and materials required;",0.25,Not Exposed,Not affected,0.18,predicted,2025
7126,2,Plumbers and Pipe Fitters,"Measuring, cutting, threading, bending, jointing, assembling, installing, maintaining and repairing pipes, fittings and fixtures of drainage, heating, ventilation, water supply and sewerage systems;",0.1025,Not Exposed,Not affected,0.18,predicted,2025
7126,3,Plumbers and Pipe Fitters,"Installing gas appliances, dishwashers and water heaters, sinks and toilets using hand and power tools;",0.0975,Not Exposed,Not affected,0.18,predicted,2025
7126,4,Plumbers and Pipe Fitters,"Laying clay, concrete or cast-iron pipes in ditches to form sewers, drains or water mains, or for other purposes;",0.095,Not Exposed,Not affected,0.18,predicted,2025
7126,5,Plumbers and Pipe Fitters,"Inspecting, examining and testing installed systems and pipes, using pressure gauge, hydrostatic testing, observation or other methods.",0.2125,Not Exposed,Not affected,0.18,predicted,2025
7127,1,Air Conditioning and Refrigeration Mechanics,"Interpreting blueprints, drawings or other specifications;",0.365,Not Exposed,Not affected,0.21,predicted,2025
7127,2,Air Conditioning and Refrigeration Mechanics,"Assembling, installing and repairing components such as compressors, motors, condensers, evaporators, switches and gauges for air conditioning and refrigeration systems;",0.155,Not Exposed,Not affected,0.21,predicted,2025
7127,3,Air Conditioning and Refrigeration Mechanics,"Connecting piping and equipment by bolting, riveting, welding or brazing;",0.1,Not Exposed,Not affected,0.21,predicted,2025
7127,4,Air Conditioning and Refrigeration Mechanics,"Testing systems, diagnosing faults and performing routine maintenance or servicing.",0.2075,Not Exposed,Not affected,0.21,predicted,2025
7131,1,Painters and Related Workers,Cleaning and preparing walls and other surfaces of buildings for painting or wallpapering;,0.09,Not Exposed,Not affected,0.13,predicted,2025
7131,2,Painters and Related Workers,Selecting and preparing paints to required colours by mixing pigments and additives;,0.19,Not Exposed,Not affected,0.13,predicted,2025
7131,3,Painters and Related Workers,"Applying or spraying paint, varnish, and similar materials to surfaces, fixtures and fittings of buildings;",0.1275,Not Exposed,Not affected,0.13,predicted,2025
7131,4,Painters and Related Workers,Measuring and hanging wallpaper or other fabrics on interior walls and ceilings;,0.0975,Not Exposed,Not affected,0.13,predicted,2025
7131,5,Painters and Related Workers,"Applying paints, varnishes and stains to surfaces using brushes, rollers and sprays.",0.125,Not Exposed,Not affected,0.13,predicted,2025
7132,1,Spray Painters and Varnishers,"Preparing surfaces to be coated using a variety of methods to remove grease, dirt and rust;",0.1175,Not Exposed,Not affected,0.12,predicted,2025
7132,2,Spray Painters and Varnishers,"Painting cars, buses, trucks and other vehicles, and applying varnish and other protective coatings;",0.12,Not Exposed,Not affected,0.12,predicted,2025
7132,3,Spray Painters and Varnishers,"Applying paint as well as protective coatings of enamel or varnish on metal, wooden and other manufactured products, usually with a hand-spraying device.",0.12,Not Exposed,Not affected,0.12,predicted,2025
7133,1,Building Structure Cleaners,"Cleaning exterior surfaces of stone, brick, metal or similar materials by means of chemicals, or a jet of steam or sand applied under high pressure;",0.1025,Not Exposed,Not affected,0.09,predicted,2025
7133,2,Building Structure Cleaners,"Removing soot from flues, chimneys and connecting pipes;",0.09,Not Exposed,Not affected,0.09,predicted,2025
7133,3,Building Structure Cleaners,"Removing asbestos, mould and fire-damaged surfaces from buildings.",0.0824999999999999,Not Exposed,Not affected,0.09,predicted,2025
7211,1,Metal Moulders and Coremakers,"Making moulds by hand or using auxiliary machines on a bench for small metal castings, on the foundry floor, or in a pit for large castings;",0.145,Not Exposed,Not affected,0.13,predicted,2025
7211,2,Metal Moulders and Coremakers,Making cores for use in metal moulds;,0.146,Not Exposed,Not affected,0.13,predicted,2025
7211,3,Metal Moulders and Coremakers,"Cleaning and smoothing moulds, core boxes, and repairing surface imperfections;",0.135,Not Exposed,Not affected,0.13,predicted,2025
7211,4,Metal Moulders and Coremakers,"Moving and positioning work pieces such as mould sections, patterns, and bottom boards, using cranes, or signalling others to move work pieces;",0.125,Not Exposed,Not affected,0.13,predicted,2025
7211,5,Metal Moulders and Coremakers,Positioning patterns inside mould sections and clamping sections together;,0.14,Not Exposed,Not affected,0.13,predicted,2025
7211,6,Metal Moulders and Coremakers,"Cutting spouts, runner holes and sprue holes into moulds;",0.12,Not Exposed,Not affected,0.13,predicted,2025
7211,7,Metal Moulders and Coremakers,Lifting upper mould sections from lower sections and remove moulded patterns.,0.125,Not Exposed,Not affected,0.13,predicted,2025
7212,1,Welders and Flame Cutters,"Welding metal parts using gas flame, or an electric arc, thermite compound or other methods;",0.09,Not Exposed,Not affected,0.13,predicted,2025
7212,2,Welders and Flame Cutters,Operating resistance-welding machines;,0.13,Not Exposed,Not affected,0.13,predicted,2025
7212,3,Welders and Flame Cutters,"Using blowtorch to make and repair lead linings, pipes, floors and other lead fixtures;",0.09,Not Exposed,Not affected,0.13,predicted,2025
7212,4,Welders and Flame Cutters,Brazing metal parts together;,0.1225,Not Exposed,Not affected,0.13,predicted,2025
7212,5,Welders and Flame Cutters,Cutting metal pieces using gas flame or an electric arc;,0.0975,Not Exposed,Not affected,0.13,predicted,2025
7212,6,Welders and Flame Cutters,Joining metal parts by hand soldering;,0.115,Not Exposed,Not affected,0.13,predicted,2025
7212,7,Welders and Flame Cutters,"Monitoring the fitting, burning, and welding processes to avoid overheating of parts or warping, shrinking, distortion or expansion of material;",0.24,Not Exposed,Not affected,0.13,predicted,2025
7212,8,Welders and Flame Cutters,Examining work pieces for defects and measuring work pieces with straight edges or templates to ensure conformance with specifications.,0.1575,Not Exposed,Not affected,0.13,predicted,2025
7213,1,Sheet Metal Workers,Marking sheet metal for cutting and shaping;,0.125,Not Exposed,Not affected,0.21,predicted,2025
7213,2,Sheet Metal Workers,"Making and repairing household utensils and other articles in tin, copper and light alloys, or ornamental articles and fittings;",0.1425,Not Exposed,Not affected,0.21,predicted,2025
7213,3,Sheet Metal Workers,"Making and repairing boilers, tanks, vats and similar containers;",0.1425,Not Exposed,Not affected,0.21,predicted,2025
7213,4,Sheet Metal Workers,Installing and repairing sheet-metal parts of vehicles and aircraft;,0.145,Not Exposed,Not affected,0.21,predicted,2025
7213,5,Sheet Metal Workers,Converting blueprints into shop drawings to be followed in the construction and assembly of sheet metal products;,0.265,Not Exposed,Not affected,0.21,predicted,2025
7213,6,Sheet Metal Workers,"Determining project requirements, including scope, assembly sequences, and required methods and materials, according to blueprints, drawings, and written or verbal instructions;",0.37,Not Exposed,Not affected,0.21,predicted,2025
7213,7,Sheet Metal Workers,Inspecting product quality and installation to ensure conformance to specifications.,0.255,Not Exposed,Not affected,0.21,predicted,2025
7214,1,Structural Metal Preparers and Erectors,"Marking metal framework as a guide when drilling, cutting and shaping metal stock for use in buildings, ships and other structures;",0.0975,Not Exposed,Not affected,0.11,predicted,2025
7214,2,Structural Metal Preparers and Erectors,"Drilling, cutting and shaping structural steel in a workshop;",0.11,Not Exposed,Not affected,0.11,predicted,2025
7214,3,Structural Metal Preparers and Erectors,"Erecting steel framework for buildings, bridges and other constructions;",0.09,Not Exposed,Not affected,0.11,predicted,2025
7214,4,Structural Metal Preparers and Erectors,Assembling and erecting the framework and other metal parts of ships' structures;,0.135,Not Exposed,Not affected,0.11,predicted,2025
7214,5,Structural Metal Preparers and Erectors,Shaping and fitting structural-steel plates of ships under construction or repair;,0.12,Not Exposed,Not affected,0.11,predicted,2025
7214,6,Structural Metal Preparers and Erectors,"Riveting structural metal members by hand, machine or pneumatic riveter.",0.1125,Not Exposed,Not affected,0.11,predicted,2025
7215,1,Riggers and Cable Splicers,"Estimating the size, shape and weight of objects to be moved and deciding on the type of equipment to move them;",0.1625,Not Exposed,Not affected,0.13,predicted,2025
7215,2,Riggers and Cable Splicers,"Installing and repairing cables, ropes, wires, pulleys and other tackle;",0.105,Not Exposed,Not affected,0.13,predicted,2025
7215,3,Riggers and Cable Splicers,"Joining, repairing and fitting attachments to wires, ropes and cables;",0.12,Not Exposed,Not affected,0.13,predicted,2025
7215,4,Riggers and Cable Splicers,"Working as member of crew erecting and repairing derricks for drilling water, gas and oil wells;",0.105,Not Exposed,Not affected,0.13,predicted,2025
7215,5,Riggers and Cable Splicers,"Lifting and mounting scenery, lighting and other equipment in theatres and on film sets;",0.155,Not Exposed,Not affected,0.13,predicted,2025
7215,6,Riggers and Cable Splicers,"Installing and maintaining communication towers, aerial cableways, funicular railways, ski lifts and similar infrastructure.",0.11,Not Exposed,Not affected,0.13,predicted,2025
7221,1,"Blacksmiths, Hammersmiths and Forging Press Workers","Heating metal in forge furnace and manufacturing and repairing articles by drawing, bending, cutting, hammering metal on an anvil, punching, shearing, joining and hardening or tempering;",0.1425,Not Exposed,Not affected,0.17,predicted,2025
7221,2,"Blacksmiths, Hammersmiths and Forging Press Workers",Shaping heated metal into forgings on power hammer equipped with open dies;,0.15,Not Exposed,Not affected,0.17,predicted,2025
7221,3,"Blacksmiths, Hammersmiths and Forging Press Workers",Operating closed-die drop hammer to forge metal articles;,0.15,Not Exposed,Not affected,0.17,predicted,2025
7221,4,"Blacksmiths, Hammersmiths and Forging Press Workers",Operating a power-press machine equipped with closed dies to forge metal articles;,0.125,Not Exposed,Not affected,0.17,predicted,2025
7221,5,"Blacksmiths, Hammersmiths and Forging Press Workers",Drawing wire;,0.13,Not Exposed,Not affected,0.17,predicted,2025
7221,6,"Blacksmiths, Hammersmiths and Forging Press Workers",Reading work orders or blueprints to determine specified tolerances and sequences of operations for machine setup;,0.20125,Not Exposed,Not affected,0.17,predicted,2025
7221,7,"Blacksmiths, Hammersmiths and Forging Press Workers",Measuring and inspecting machine parts to ensure conformance to product specifications.,0.26,Not Exposed,Not affected,0.17,predicted,2025
7222,1,Toolmakers and Related Workers,"Reading and interpreting engineering drawings and specifications of tools, dies, prototypes or models;",0.35,Not Exposed,Not affected,0.2,predicted,2025
7222,2,Toolmakers and Related Workers,"Preparing templates and sketches, and determining work processes;",0.415,Not Exposed,Not affected,0.2,predicted,2025
7222,3,Toolmakers and Related Workers,"Visualizing and computing dimensions, sizes, shapes and tolerances of assemblies, based on specifications;",0.2725,Not Exposed,Not affected,0.2,predicted,2025
7222,4,Toolmakers and Related Workers,"Positioning, securing and measuring metal stock or castings to lay out for machining;",0.135,Not Exposed,Not affected,0.2,predicted,2025
7222,5,Toolmakers and Related Workers,"Setting up, operating and maintaining conventional and computer numerically controlled machine tools to cut, turn, mill, plane, drill, bore, grind or otherwise shape work pieces to prescribed dimensions and finish;",0.15,Not Exposed,Not affected,0.2,predicted,2025
7222,6,Toolmakers and Related Workers,"Fitting and assembling parts to make and repair jigs, fixtures and gauges;",0.145,Not Exposed,Not affected,0.2,predicted,2025
7222,7,Toolmakers and Related Workers,Repairing and modifying sports guns and other small arms;,0.1075,Not Exposed,Not affected,0.2,predicted,2025
7222,8,Toolmakers and Related Workers,"Making, fitting, assembling, repairing and installing lock parts and locks;",0.15,Not Exposed,Not affected,0.2,predicted,2025
7222,9,Toolmakers and Related Workers,Making and repairing metal patterns for preparation of foundry moulds;,0.15,Not Exposed,Not affected,0.2,predicted,2025
7222,10,Toolmakers and Related Workers,"Laying out lines and reference points on metal stock to guide other workers who cut, turn, mill, grind or otherwise shape metal;",0.1175,Not Exposed,Not affected,0.2,predicted,2025
7222,11,Toolmakers and Related Workers,"Verifying dimensions, alignments and clearances of finished parts for conformity with specifications, using precision measuring instruments and testing completed items for proper operation.",0.2575,Not Exposed,Not affected,0.2,predicted,2025
7223,1,Metal Working Machine Tool Setters and  Operators,Setting one or more types of machine tool for production of metal articles in standardized series;,0.1625,Not Exposed,Not affected,0.18,predicted,2025
7223,2,Metal Working Machine Tool Setters and  Operators,"Operating and monitoring metal working machines, such as lathes, milling, planing, boring, drilling, grinding or honing machines, including multipurpose numerically controlled metal working machines;",0.1575,Not Exposed,Not affected,0.18,predicted,2025
7223,3,Metal Working Machine Tool Setters and  Operators,Performing similar tasks when machining plastics and other metal substitutes;,0.15,Not Exposed,Not affected,0.18,predicted,2025
7223,4,Metal Working Machine Tool Setters and  Operators,"Observing machine operations to detect work piece defects or machine malfunctions, and adjusting machines as necessary;",0.24,Not Exposed,Not affected,0.18,predicted,2025
7223,5,Metal Working Machine Tool Setters and  Operators,"Inspecting work pieces for defects, and measuring work pieces to determine accuracy of machine operation, using rules, templates or other measuring instruments;",0.25,Not Exposed,Not affected,0.18,predicted,2025
7223,6,Metal Working Machine Tool Setters and  Operators,"Changing worn machine accessories, such as cutting tools and brushes, using hand tools.",0.13,Not Exposed,Not affected,0.18,predicted,2025
7224,1,"Metal Polishers, Wheel Grinders and Tool Sharpeners",Operating fixed or portable buffing and polishing machines;,0.1475,Not Exposed,Not affected,0.17,predicted,2025
7224,2,"Metal Polishers, Wheel Grinders and Tool Sharpeners",Sharpening cutting tools and instruments using grinding wheels or mechanically operated grinding machines;,0.155,Not Exposed,Not affected,0.17,predicted,2025
7224,3,"Metal Polishers, Wheel Grinders and Tool Sharpeners","Repairing, adjusting and sharpening saw blades and metal teeth of cylinders in textile carding machines;",0.15,Not Exposed,Not affected,0.17,predicted,2025
7224,4,"Metal Polishers, Wheel Grinders and Tool Sharpeners","Dressing grinding wheels, according to specifications;",0.15,Not Exposed,Not affected,0.17,predicted,2025
7224,5,"Metal Polishers, Wheel Grinders and Tool Sharpeners","Monitoring machine operations to determine whether adjustments are necessary, and stopping machines when problems occur;",0.28,Not Exposed,Not affected,0.17,predicted,2025
7224,6,"Metal Polishers, Wheel Grinders and Tool Sharpeners","Inspecting, feeling, and measuring work pieces to ensure that surfaces and dimensions meet specifications;",0.1575,Not Exposed,Not affected,0.17,predicted,2025
7224,7,"Metal Polishers, Wheel Grinders and Tool Sharpeners","Selecting and mounting grinding wheels on machines according to specifications, using hand tools and applying knowledge of abrasives and grinding procedures.",0.14,Not Exposed,Not affected,0.17,predicted,2025
7231,1,Motor Vehicle Mechanics and Repairers,Detecting and diagnosing faults in engines and parts;,0.25,Not Exposed,Not affected,0.18,predicted,2025
7231,2,Motor Vehicle Mechanics and Repairers,"Fitting, examining, testing and servicing motor vehicle and motorcycle engines;",0.2,Not Exposed,Not affected,0.18,predicted,2025
7231,3,Motor Vehicle Mechanics and Repairers,Replacing engine components or complete engines;,0.15,Not Exposed,Not affected,0.18,predicted,2025
7231,4,Motor Vehicle Mechanics and Repairers,"Fitting, examining, adjusting, dismantling, rebuilding and replacing defective parts of motor vehicles;",0.1725,Not Exposed,Not affected,0.18,predicted,2025
7231,5,Motor Vehicle Mechanics and Repairers,"Installing or adjusting motors and brakes, and adjusting steering or other parts of motor vehicles;",0.18,Not Exposed,Not affected,0.18,predicted,2025
7231,6,Motor Vehicle Mechanics and Repairers,"Installing, adjusting, servicing and replacing mechatronics components of motor vehicles;",0.1775,Not Exposed,Not affected,0.18,predicted,2025
7231,7,Motor Vehicle Mechanics and Repairers,"Performing scheduled maintenance services, such as oil changes, lubrications and engine tune-ups, to achieve smoother running of vehicles and ensure compliance with pollution regulations;",0.16125,Not Exposed,Not affected,0.18,predicted,2025
7231,8,Motor Vehicle Mechanics and Repairers,Reassembling engines and parts after being repaired.,0.1325,Not Exposed,Not affected,0.18,predicted,2025
7232,1,Aircraft Engine Mechanics and Repairers,"Fitting, examining, testing and servicing aircraft engines;",0.17,Not Exposed,Not affected,0.19,predicted,2025
7232,2,Aircraft Engine Mechanics and Repairers,Replacing engine components or complete engines;,0.1525,Not Exposed,Not affected,0.19,predicted,2025
7232,3,Aircraft Engine Mechanics and Repairers,"Examining  and inspecting airframes and aircraft components, including landing gear, hydraulic systems, and de-icers to detect wear, cracks, breaks, leaks, or other problems;",0.195,Not Exposed,Not affected,0.19,predicted,2025
7232,4,Aircraft Engine Mechanics and Repairers,"Maintaining, repairing, overhauling, modifying and testing aircraft structural, mechanical and hydraulic systems;",0.15875,Not Exposed,Not affected,0.19,predicted,2025
7232,5,Aircraft Engine Mechanics and Repairers,"Reading and interpreting manuals, service bulletins, and other specifications to determine the feasibility and method of repairing or replacing malfunctioning or damaged components;",0.235,Not Exposed,Not affected,0.19,predicted,2025
7232,6,Aircraft Engine Mechanics and Repairers,"Maintaining, repairing and rebuilding aircraft structures, functional components and parts such as wings and fuselage, rigging, hydraulic units, oxygen systems, fuel systems, electrical systems, gaskets, and seals;",0.1475,Not Exposed,Not affected,0.19,predicted,2025
7232,7,Aircraft Engine Mechanics and Repairers,Inspecting completed work to certify that maintenance meets standards and the aircraft is ready for operation;,0.19,Not Exposed,Not affected,0.19,predicted,2025
7232,8,Aircraft Engine Mechanics and Repairers,"Maintaining repair logs, documenting all preventive and corrective aircraft maintenance;",0.39,Not Exposed,Not affected,0.19,predicted,2025
7232,9,Aircraft Engine Mechanics and Repairers,"Installing and testing electrical and electronic components, assemblies and systems in aircraft;",0.17,Not Exposed,Not affected,0.19,predicted,2025
7232,10,Aircraft Engine Mechanics and Repairers,"Connecting components to assemblies such as radio systems, instruments, magnetos, inverters, and in-flight refuelling systems.",0.14,Not Exposed,Not affected,0.19,predicted,2025
7233,1,Agricultural and Industrial Machinery Mechanics and Repairers,"Fitting, installing, examining, servicing and repairing engines, machinery and mechanical equipment;",0.15,Not Exposed,Not affected,0.17,predicted,2025
7233,2,Agricultural and Industrial Machinery Mechanics and Repairers,Oiling and greasing stationary engines and machinery;,0.13,Not Exposed,Not affected,0.17,predicted,2025
7233,3,Agricultural and Industrial Machinery Mechanics and Repairers,Inspecting and testing new machinery and mechanical equipment for conformity with standards and specifications;,0.235,Not Exposed,Not affected,0.17,predicted,2025
7233,4,Agricultural and Industrial Machinery Mechanics and Repairers,Disassembling machinery and equipment to remove parts and make repairs;,0.1225,Not Exposed,Not affected,0.17,predicted,2025
7233,5,Agricultural and Industrial Machinery Mechanics and Repairers,Examining parts for defects such as breakage and excessive wear;,0.175,Not Exposed,Not affected,0.17,predicted,2025
7233,6,Agricultural and Industrial Machinery Mechanics and Repairers,Operating newly repaired machinery and equipment to verify the adequacy of repairs;,0.205,Not Exposed,Not affected,0.17,predicted,2025
7233,7,Agricultural and Industrial Machinery Mechanics and Repairers,Recording repairs and maintenance performed.,0.2,Not Exposed,Not affected,0.17,predicted,2025
7234,1,Bicycle and Related Repairers,"Examining, servicing and repairing bicycles and other non-motorized transport equipment;",0.155,Not Exposed,Not affected,0.13,predicted,2025
7234,2,Bicycle and Related Repairers,Cleaning and lubricating bearings and other moving parts;,0.12,Not Exposed,Not affected,0.13,predicted,2025
7234,3,Bicycle and Related Repairers,"Replacing and repairing components and accessories, such as brakes, gears, driving chain mechanism, wheels, and handle bars;",0.15,Not Exposed,Not affected,0.13,predicted,2025
7234,4,Bicycle and Related Repairers,Changing tyres and controlling air pressure;,0.1,Not Exposed,Not affected,0.13,predicted,2025
7234,5,Bicycle and Related Repairers,Spray-painting frames;,0.1225,Not Exposed,Not affected,0.13,predicted,2025
7234,6,Bicycle and Related Repairers,"Assembling new bicycles, wheelchairs and similar non-motorized equipment.",0.14,Not Exposed,Not affected,0.13,predicted,2025
7311,1,Precision-instrument Makers and Repairers,"Repairing, cleaning and adjusting mechanisms of timing instruments such as watches and clocks;",0.14375,Not Exposed,Not affected,0.21,predicted,2025
7311,2,Precision-instrument Makers and Repairers,"Adjusting timing regulators, using calipers, watch-rate recorders and tweezers;",0.205,Not Exposed,Not affected,0.21,predicted,2025
7311,3,Precision-instrument Makers and Repairers,"Cleaning, rinsing and drying timepiece parts, using solutions and ultrasonic or mechanical watch-cleaning machines;",0.1325,Not Exposed,Not affected,0.21,predicted,2025
7311,4,Precision-instrument Makers and Repairers,"Testing timepiece accuracy and performance, using meters and other electronic instruments;",0.3225,Not Exposed,Not affected,0.21,predicted,2025
7311,5,Precision-instrument Makers and Repairers,"Testing accuracy of meters, gauges, indicators or other recording or controlling instruments to locate defective components and for conformance to standards;",0.3,Not Exposed,Not affected,0.21,predicted,2025
7311,6,Precision-instrument Makers and Repairers,"Calibrating instruments or scales, using hand tools and computer or electronic devices;",0.26,Not Exposed,Not affected,0.21,predicted,2025
7311,7,Precision-instrument Makers and Repairers,"Inspecting components, connections and drive mechanisms to detect defects;",0.2025,Not Exposed,Not affected,0.21,predicted,2025
7311,8,Precision-instrument Makers and Repairers,"Assembling instruments and devices such as barometers, control valves, gyroscopes, hygrometers, speedometers, tachometers and thermostats;",0.145,Not Exposed,Not affected,0.21,predicted,2025
7311,9,Precision-instrument Makers and Repairers,"Testing, calibrating and adjusting electronic, mercurial, aneroid and other types of meteorological instruments for compliance with printed specifications and schematic diagrams, using voltmeters, oscilloscopes, tube testers, and other test instruments;",0.3,Not Exposed,Not affected,0.21,predicted,2025
7311,10,Precision-instrument Makers and Repairers,"Adjusting and repairing masts, supporting structures, clearance lights, control panels, control cabling and wiring, and other electrical and mechanical devices",0.135,Not Exposed,Not affected,0.21,predicted,2025
7311,11,Precision-instrument Makers and Repairers,"Repairing and setting optical instruments such as microscopes, telescopes, theodolites and sextants;",0.1375,Not Exposed,Not affected,0.21,predicted,2025
7311,12,Precision-instrument Makers and Repairers,Checking whether assembled units conform to specifications and ensuring stipulated performance and sensitivity by standard tests.,0.285,Not Exposed,Not affected,0.21,predicted,2025
7312,1,Musical Instrument Makers and Tuners,"Fabricating and assembling musical instruments and instrument parts of wood, ebonite, metal, leather and other materials;",0.1425,Not Exposed,Not affected,0.14,predicted,2025
7312,2,Musical Instrument Makers and Tuners,"Repairing or replacing musical instrument parts and components, such as strings, bridges, felts and keys, using hand and power tools;",0.1385,Not Exposed,Not affected,0.14,predicted,2025
7312,3,Musical Instrument Makers and Tuners,Playing and inspecting instruments to evaluate their sound quality and to locate any defects;,0.155,Not Exposed,Not affected,0.14,predicted,2025
7312,4,Musical Instrument Makers and Tuners,Adjusting string tensions to achieve proper tone or pitch of stringed instruments;,0.155,Not Exposed,Not affected,0.14,predicted,2025
7312,5,Musical Instrument Makers and Tuners,"Adjusting lips, reeds or toe hole of organ pipes, using hand tools, to regulate airflow and loudness of sound;",0.1475,Not Exposed,Not affected,0.14,predicted,2025
7312,6,Musical Instrument Makers and Tuners,Tuning and servicing pipe organs by adjusting pitch of organ A pipes to conform with pitch of tuning fork and adjusting pitch of other pipes with reference to pitch of tuned pipes;,0.1475,Not Exposed,Not affected,0.14,predicted,2025
7312,7,Musical Instrument Makers and Tuners,Installing new drumheads in percussion instruments;,0.1,Not Exposed,Not affected,0.14,predicted,2025
7312,8,Musical Instrument Makers and Tuners,Tuning accordions by aurally comparing pitch of reeds with master reeds and filing reeds to obtain standard pitch;,0.1425,Not Exposed,Not affected,0.14,predicted,2025
7312,9,Musical Instrument Makers and Tuners,Aligning pads and keys on reed or wind instruments;,0.1225,Not Exposed,Not affected,0.14,predicted,2025
7312,10,Musical Instrument Makers and Tuners,Tuning percussion instruments to required pitch by tightening or loosening cords holding leather pieces fixed atop or at both ends of instrument;,0.1475,Not Exposed,Not affected,0.14,predicted,2025
7312,11,Musical Instrument Makers and Tuners,Assembling and installing new pipe organs and pianos in buildings.,0.145,Not Exposed,Not affected,0.14,predicted,2025
7313,1,Jewellery and Precious Metal Workers,Casting jewellery and other non-ferrous metal articles by hand;,0.1425,Not Exposed,Not affected,0.18,predicted,2025
7313,2,Jewellery and Precious Metal Workers,"Creating new jewellery designs and modifying existing designs, using computers as necessary;",0.225,Not Exposed,Not affected,0.18,predicted,2025
7313,3,Jewellery and Precious Metal Workers,Cutting designs in moulds or other materials to be used as models in the fabrication of metal and jewellery products;,0.15,Not Exposed,Not affected,0.18,predicted,2025
7313,4,Jewellery and Precious Metal Workers,Altering existing jewellery mountings in order to reposition jewels or to adjust mountings;,0.165,Not Exposed,Not affected,0.18,predicted,2025
7313,5,Jewellery and Precious Metal Workers,"Repairing, reshaping and restyling old jewellery or precious metal ware following designs or instructions;",0.146,Not Exposed,Not affected,0.18,predicted,2025
7313,6,Jewellery and Precious Metal Workers,"Making complete jewellery articles such as rings, necklaces, bangles, brooches and bracelets from materials such as gold, silver, platinum and precious or semi-precious stones;",0.1475,Not Exposed,Not affected,0.18,predicted,2025
7313,7,Jewellery and Precious Metal Workers,"Examining gem surfaces and internal structures, using polariscopes, refractometers, microscopes, and other optical instruments to differentiate between stones, to identify rare specimens, or to detect flaws, defects or peculiarities affecting gem values;",0.25,Not Exposed,Not affected,0.18,predicted,2025
7313,8,Jewellery and Precious Metal Workers,Cutting and polishing gems and setting them in jewellery articles;,0.145,Not Exposed,Not affected,0.18,predicted,2025
7313,9,Jewellery and Precious Metal Workers,"Engraving or embossing letters, designs or decorative lines on jewellery and precious metal ware;",0.15,Not Exposed,Not affected,0.18,predicted,2025
7313,10,Jewellery and Precious Metal Workers,"Grinding, drilling and finishing jewel bearings for use in precision instruments such as compasses and chronometers;",0.125,Not Exposed,Not affected,0.18,predicted,2025
7313,11,Jewellery and Precious Metal Workers,"Examining assembled or finished products to ensure conformance to specifications, using magnifying glasses or precision measuring instruments.",0.285,Not Exposed,Not affected,0.18,predicted,2025
7314,1,Potters and Related Workers,Making articles of pottery and porcelain;,0.1225,Not Exposed,Not affected,0.18,predicted,2025
7314,2,Potters and Related Workers,Making clay or plaster-of-Paris moulds;,0.13,Not Exposed,Not affected,0.18,predicted,2025
7314,3,Potters and Related Workers,Reading technical drawings to know customer‚Äôs requirements;,0.335,Not Exposed,Not affected,0.18,predicted,2025
7314,4,Potters and Related Workers,"Forming articles on potter's wheel by pressing thumbs into centres of revolving clay to form hollows, and press on the inside and outside of emerging clay cylinders with hands and fingers, gradually raising and shaping clay to desired forms and sizes;",0.13,Not Exposed,Not affected,0.18,predicted,2025
7314,5,Potters and Related Workers,Adjusting wheel speeds according to the feel of the clay as pieces enlarge and walls become thinner;,0.15,Not Exposed,Not affected,0.18,predicted,2025
7314,6,Potters and Related Workers,"Operating jigger machines to form ceramic ware, such as bowls, cups, plates and saucers;",0.1475,Not Exposed,Not affected,0.18,predicted,2025
7314,7,Potters and Related Workers,"Adjusting and setting controls of pug mill that mix, extrudes, cuts, and deposits clay charges in or over moulds as specified;",0.24,Not Exposed,Not affected,0.18,predicted,2025
7314,8,Potters and Related Workers,"Smoothening surfaces of finished pieces, using rubber scrapers and wet sponges;",0.1,Not Exposed,Not affected,0.18,predicted,2025
7314,9,Potters and Related Workers,Forming abrasive wheels by moulding and pressing an abrasive mixture by hand or by machine;,0.15,Not Exposed,Not affected,0.18,predicted,2025
7314,10,Potters and Related Workers,"Examining finished ware for defects verifying accuracy of shapes and sizes of objects, using callipers and templates;",0.19,Not Exposed,Not affected,0.18,predicted,2025
7314,11,Potters and Related Workers,"Preparing work for sale or exhibition, and maintaining relationships with retail, pottery, art and resource networks that can facilitate sale or exhibition of work.",0.2625,Not Exposed,Not affected,0.18,predicted,2025
7315,1,"Glass Makers, Cutters, Grinders and Finishers","Heating glass to pliable stage using gas flames or ovens, and rotating glass to heat it uniformly;",0.175,Not Exposed,Not affected,0.19,predicted,2025
7315,2,"Glass Makers, Cutters, Grinders and Finishers","Blowing and bending glass tubing into specified shapes to form scientific apparatus such as flasks, retorts and pipettes;",0.15,Not Exposed,Not affected,0.19,predicted,2025
7315,3,"Glass Makers, Cutters, Grinders and Finishers","Grinding and polishing glass objects or parts to correct defects or to prepare surfaces for further finishing and smoothing and polishing rough edges, using belt sander or polishing wheels;",0.14,Not Exposed,Not affected,0.19,predicted,2025
7315,4,"Glass Makers, Cutters, Grinders and Finishers","Examining glass stock and finished products and marking or discarding items with defects such as spots, stains, scars, snags, chips, scratches, or unacceptable shapes or finishes;",0.2,Not Exposed,Not affected,0.19,predicted,2025
7315,5,"Glass Makers, Cutters, Grinders and Finishers","Reading work orders to determine dimensions, cutting locations and quantities to cut;",0.25,Not Exposed,Not affected,0.19,predicted,2025
7315,6,"Glass Makers, Cutters, Grinders and Finishers","Observing gauges, computer printouts and video monitors to verify specified processing conditions and make adjustments as necessary;",0.2925,Not Exposed,Not affected,0.19,predicted,2025
7315,7,"Glass Makers, Cutters, Grinders and Finishers","Positioning pattern or drawing on glass, measuring dimensions, and marking cutting lines, using glass cutting tools and cutting glass along marked outlines or around pattern;",0.1425,Not Exposed,Not affected,0.19,predicted,2025
7315,8,"Glass Makers, Cutters, Grinders and Finishers","Setting up, operating and adjusting computerized or robotic glass cutting equipment;",0.1475,Not Exposed,Not affected,0.19,predicted,2025
7315,9,"Glass Makers, Cutters, Grinders and Finishers","Inspecting, weighing and measuring products to verify conformance to specifications, using instruments such as micrometers, callipers, magnifiers and rulers;",0.265,Not Exposed,Not affected,0.19,predicted,2025
7315,10,"Glass Makers, Cutters, Grinders and Finishers",Regulating oven temperatures according to glass types to be processed;,0.24,Not Exposed,Not affected,0.19,predicted,2025
7315,11,"Glass Makers, Cutters, Grinders and Finishers","Transferring pattern for individual stained glass parts from full size drawing to pattern paper, using stylus to trace drawings;",0.165,Not Exposed,Not affected,0.19,predicted,2025
7315,12,"Glass Makers, Cutters, Grinders and Finishers","Spraying silver solution on glass to provide mirrored surface, using spray gun;",0.1375,Not Exposed,Not affected,0.19,predicted,2025
7315,13,"Glass Makers, Cutters, Grinders and Finishers",Laying out cutting and grinding optical and other glass to specified dimensions and weight for moulding into lens blanks and for use as watch crystals.,0.12,Not Exposed,Not affected,0.19,predicted,2025
7316,1,"Sign Writers, Decorative Painters, Engravers and Etchers","Painting decorative freehand designs on objects, such as pottery, glass, cigarette cases, lampshades;",0.145,Not Exposed,Not affected,0.18,predicted,2025
7316,2,"Sign Writers, Decorative Painters, Engravers and Etchers",Transferring from paper transfers decorative or ornamental designs on articles;,0.141,Not Exposed,Not affected,0.18,predicted,2025
7316,3,"Sign Writers, Decorative Painters, Engravers and Etchers","Integrating and developing visual elements, such as line, space, mass, colour, and perspective, in order to produce desired effects such as the illustration of ideas, emotions or moods;",0.465,Not Exposed,Not affected,0.18,predicted,2025
7316,4,"Sign Writers, Decorative Painters, Engravers and Etchers","Laying out and painting in one or more languages letters, figures, monograms and designs to make signs;",0.19,Not Exposed,Not affected,0.18,predicted,2025
7316,5,"Sign Writers, Decorative Painters, Engravers and Etchers",Sketching or tracing design or lettering onto work piece or pattern material to prepare pattern or stencil;,0.15,Not Exposed,Not affected,0.18,predicted,2025
7316,6,"Sign Writers, Decorative Painters, Engravers and Etchers","Designing pattern or lettering to paint work pieces such as signs, glassware, pottery or zinc plates;",0.20625,Not Exposed,Not affected,0.18,predicted,2025
7316,7,"Sign Writers, Decorative Painters, Engravers and Etchers",Using software and routing equipment to produce three-dimensional Carved images for application onto larger signage as well as engraved and inlaid signs;,0.1625,Not Exposed,Not affected,0.18,predicted,2025
7316,8,"Sign Writers, Decorative Painters, Engravers and Etchers","Designing and producing normal flat cut lettering, or lettering that is shadowed with applied vinyl or lettering that is ready cut for  application;",0.185,Not Exposed,Not affected,0.18,predicted,2025
7316,9,"Sign Writers, Decorative Painters, Engravers and Etchers","Writing, painting or printing signs or show cards used for display or other purposes;",0.19,Not Exposed,Not affected,0.18,predicted,2025
7316,10,"Sign Writers, Decorative Painters, Engravers and Etchers","Cutting out letters and signs for display purposes from wallboard or cardboard, by hand or machines such as electrically powered jigsaw or bandsaw;",0.1175,Not Exposed,Not affected,0.18,predicted,2025
7316,11,"Sign Writers, Decorative Painters, Engravers and Etchers","Examining sketches, diagrams, samples, blueprints, or photographs to decide how designs are to be etched, cut or engraved onto work pieces;",0.16,Not Exposed,Not affected,0.18,predicted,2025
7316,12,"Sign Writers, Decorative Painters, Engravers and Etchers","Measuring and computing dimensions of lettering, designs, or patterns to be engraved;",0.1525,Not Exposed,Not affected,0.18,predicted,2025
7316,13,"Sign Writers, Decorative Painters, Engravers and Etchers","Engraving and printing patterns, ornamental designs, etchings, trademarks, figures or lettering onto flat or curved surfaces of a wide variety of metal, glass, plastic, or ceramic items;",0.145,Not Exposed,Not affected,0.18,predicted,2025
7316,14,"Sign Writers, Decorative Painters, Engravers and Etchers","Etching decorative designs, calibration markings and other figures on glass articles.",0.16625,Not Exposed,Not affected,0.18,predicted,2025
7317,1,"Handicraft Workers in Wood, Basketry and Related Materials","Preparing wood, straw, rattan, reeds, shells, or similar materials;",0.1175,Not Exposed,Not affected,0.14,predicted,2025
7317,2,"Handicraft Workers in Wood, Basketry and Related Materials",Carving floral and artistic designs on wooden surfaces for decorative purposes;,0.14,Not Exposed,Not affected,0.14,predicted,2025
7317,3,"Handicraft Workers in Wood, Basketry and Related Materials",Painting freehand decorative designs on glass and pottery or porcelain ware;,0.1475,Not Exposed,Not affected,0.14,predicted,2025
7317,4,"Handicraft Workers in Wood, Basketry and Related Materials","Carving, assembling, weaving, painting and decorating various articles for personal or household use such as salad bowls, serving-spoons, cutting-boards, trays, vases, jugs, baskets, straw hats, straw mats and similar objects;",0.1475,Not Exposed,Not affected,0.14,predicted,2025
7317,5,"Handicraft Workers in Wood, Basketry and Related Materials","Carving, assembling, weaving and painting various decorative articles such as statues and other sculptures, chess pieces, jewellery and similar objects;",0.1475,Not Exposed,Not affected,0.14,predicted,2025
7317,6,"Handicraft Workers in Wood, Basketry and Related Materials","Making wicker furniture from peeled and softened rattan, reeds, rushes, willow branches and similar materials;",0.14,Not Exposed,Not affected,0.14,predicted,2025
7317,7,"Handicraft Workers in Wood, Basketry and Related Materials","Making various kinds of baskets by interlacing osier, rattan, reeds, rushes or similar materials;",0.145,Not Exposed,Not affected,0.14,predicted,2025
7317,8,"Handicraft Workers in Wood, Basketry and Related Materials","Forming bottom of basket by interlacing strips of rattan, wood veneer or other material with framework of rods of material such as willow;",0.12875,Not Exposed,Not affected,0.14,predicted,2025
7317,9,"Handicraft Workers in Wood, Basketry and Related Materials",Inserting rods around edge of bottom between woven sections of bottom and bending them upright to serve as framework for sides;,0.125,Not Exposed,Not affected,0.14,predicted,2025
7317,10,"Handicraft Workers in Wood, Basketry and Related Materials","Selecting and preparing brush materials, such as bristles, nylon, fibres and wire, and setting them in brush base;",0.1375,Not Exposed,Not affected,0.14,predicted,2025
7317,11,"Handicraft Workers in Wood, Basketry and Related Materials","Selecting and preparing materials, such as broom corn, bass, whisker and fibre, and fastening them to broom handles.",0.115,Not Exposed,Not affected,0.14,predicted,2025
7318,1,"Handicraft Workers in Textile, Leather and Related Materials","Spinning and dyeing with natural dyestuffs, wool, cotton and other fibres;",0.15,Not Exposed,Not affected,0.13,predicted,2025
7318,2,"Handicraft Workers in Textile, Leather and Related Materials","Lace-making and weaving, knitting or embroidering various garments and articles for household use;",0.1425,Not Exposed,Not affected,0.13,predicted,2025
7318,3,"Handicraft Workers in Textile, Leather and Related Materials","Preparing and dyeing hides with natural dyestuffs and making traditional footwear or handbags, belts and other accessories;",0.15,Not Exposed,Not affected,0.13,predicted,2025
7318,4,"Handicraft Workers in Textile, Leather and Related Materials",Spinning and winding yarn by hand;,0.12,Not Exposed,Not affected,0.13,predicted,2025
7318,5,"Handicraft Workers in Textile, Leather and Related Materials",Drawing warp threads into loom by hand;,0.11,Not Exposed,Not affected,0.13,predicted,2025
7318,6,"Handicraft Workers in Textile, Leather and Related Materials","Weaving plain or figured cloth, tapestry, lace, carpet or other fabrics on hand looms;",0.135,Not Exposed,Not affected,0.13,predicted,2025
7318,7,"Handicraft Workers in Textile, Leather and Related Materials",Making carpets by using a knotting technique;,0.14,Not Exposed,Not affected,0.13,predicted,2025
7318,8,"Handicraft Workers in Textile, Leather and Related Materials",Knitting garments and other articles on hand-operated machine or by hand;,0.135,Not Exposed,Not affected,0.13,predicted,2025
7318,9,"Handicraft Workers in Textile, Leather and Related Materials",Crocheting or making braid by hand;,0.11,Not Exposed,Not affected,0.13,predicted,2025
7318,10,"Handicraft Workers in Textile, Leather and Related Materials",Making nets by hand;,0.135,Not Exposed,Not affected,0.13,predicted,2025
7318,11,"Handicraft Workers in Textile, Leather and Related Materials",Grading and classifying natural textile fibres;,0.2125,Not Exposed,Not affected,0.13,predicted,2025
7318,12,"Handicraft Workers in Textile, Leather and Related Materials",Washing wool fibres;,0.0825,Not Exposed,Not affected,0.13,predicted,2025
7318,13,"Handicraft Workers in Textile, Leather and Related Materials",Cleaning and fluffing textile fibres;,0.1175,Not Exposed,Not affected,0.13,predicted,2025
7318,14,"Handicraft Workers in Textile, Leather and Related Materials","Forming fibres into sliver, combing them, combining sliver into sliver laps or forming sliver into rove.",0.125,Not Exposed,Not affected,0.13,predicted,2025
7321,1,Pre-press Technicians,"Operating graphic cameras and other photographic equipment to reproduce camera-ready copy onto films, plates and digital output devices;",0.285,Exposed: Gradient 1,Not affected,0.38,predicted,2025
7321,2,Pre-press Technicians,"Using computer applications to generate images, text, layouts and impositions for print and other visual media displays;",0.685,Exposed: Gradient 1,Not affected,0.38,predicted,2025
7321,3,Pre-press Technicians,"Operating plate making equipment to reproduce images from film to printing plates, digital output devices and presses;",0.235,Exposed: Gradient 1,Not affected,0.38,predicted,2025
7321,4,Pre-press Technicians,"Operating computer screen-based equipment for scanning, colour separation, colour correction, masking, creative design, combining, imposing, retouching, and other processes used to transfer copy to film and produce film for plate, digital output and cylinder productions;",0.415,Exposed: Gradient 1,Not affected,0.38,predicted,2025
7321,5,Pre-press Technicians,"Carrying out digital and chemical proofing from digital systems, and negative and positive films;",0.24,Exposed: Gradient 1,Not affected,0.38,predicted,2025
7321,6,Pre-press Technicians,"Evaluating printed proofs, checking and correcting them for quality;",0.6645000000000001,Exposed: Gradient 1,Not affected,0.38,predicted,2025
7321,7,Pre-press Technicians,"Preparing and exposing carbon tissue for laying on cylinders by transfer method, and developing images.",0.15,Exposed: Gradient 1,Not affected,0.38,predicted,2025
7322,1,Printers,"Setting, adjusting and monitoring substrate-feed mechanisms, delivery mechanisms, inking systems and other printing machine functions;",0.27,Not Exposed,Not affected,0.25,predicted,2025
7322,2,Printers,"Mixing ink and solvents to standard, and regulating paper and ink supply during print runs;",0.265,Not Exposed,Not affected,0.25,predicted,2025
7322,3,Printers,"Monitoring, evaluating and determining press to check print quality standards against proofs and detect malfunctions;",0.345,Not Exposed,Not affected,0.25,predicted,2025
7322,4,Printers,"Producing a variety of printed products using relief, lithographic, flexographic and gravure printing presses, and in-line finishing systems;",0.26,Not Exposed,Not affected,0.25,predicted,2025
7322,5,Printers,"Preparing plates, blankets and impression cylinders on small offset lithographic printing presses;",0.15,Not Exposed,Not affected,0.25,predicted,2025
7322,6,Printers,Loading paper into feeding mechanisms;,0.08,Not Exposed,Not affected,0.25,predicted,2025
7322,7,Printers,Monitoring machine operations and quality of printing;,0.31,Not Exposed,Not affected,0.25,predicted,2025
7322,8,Printers,"Maintaining, adjusting, repairing and cleaning machines;",0.15,Not Exposed,Not affected,0.25,predicted,2025
7322,9,Printers,"Producing digital print images, and transferring and outputting images.",0.415,Not Exposed,Not affected,0.25,predicted,2025
7323,1,Print Finishing and Binding Workers,Setting up and supervising the operation of automatic binding and finishing equipment;,0.285,Not Exposed,Not affected,0.22,predicted,2025
7323,2,Print Finishing and Binding Workers,"Binding full, half and limp-bound books, and repairing bindings;",0.125,Not Exposed,Not affected,0.22,predicted,2025
7323,3,Print Finishing and Binding Workers,"Folding, collating and sewing signatures by machine and hand;",0.14,Not Exposed,Not affected,0.22,predicted,2025
7323,4,Print Finishing and Binding Workers,"Operating paper guillotines for pre-press and post-press paper cutting and trimming, and programming electronically operated units;",0.175,Not Exposed,Not affected,0.22,predicted,2025
7323,5,Print Finishing and Binding Workers,"Operating systems to insert printed material into newspapers, magazines and envelopes;",0.185,Not Exposed,Not affected,0.22,predicted,2025
7323,6,Print Finishing and Binding Workers,Embellishing printed products automatically and manually;,0.265,Not Exposed,Not affected,0.22,predicted,2025
7323,7,Print Finishing and Binding Workers,Operating photographic and electronic reproduction devices.,0.365,Not Exposed,Not affected,0.22,predicted,2025
7411,1,Building and Related Electricians,"Installing, maintaining and repairing electrical wiring systems and related equipment in various buildings such as schools, hospitals, commercial establishments, residential buildings and other structures;",0.18,Not Exposed,Not affected,0.19,predicted,2025
7411,2,Building and Related Electricians,"Examining blueprints, wiring diagrams and specifications to determine sequences and methods of operation;",0.2825,Not Exposed,Not affected,0.19,predicted,2025
7411,3,Building and Related Electricians,"Planning layout and installation of electrical wiring, equipment and fixtures, based on job specifications and relevant standards;",0.195,Not Exposed,Not affected,0.19,predicted,2025
7411,4,Building and Related Electricians,"Inspecting electrical systems, equipment and components to identify hazards, defects and the need for adjustment or repair;",0.2025,Not Exposed,Not affected,0.19,predicted,2025
7411,5,Building and Related Electricians,"Selecting, cutting and connecting wire and cable to terminals and connectors;",0.135,Not Exposed,Not affected,0.19,predicted,2025
7411,6,Building and Related Electricians,Measuring and laying out installation reference points;,0.1375,Not Exposed,Not affected,0.19,predicted,2025
7411,7,Building and Related Electricians,Positioning and installing electrical switchboards;,0.1375,Not Exposed,Not affected,0.19,predicted,2025
7411,8,Building and Related Electricians,Testing continuity of circuit.,0.26,Not Exposed,Not affected,0.19,predicted,2025
7412,1,Electrical Mechanics and Fitters,"Fitting, adjusting and repairing various kinds of electrical machinery and motors, generators, switchgear and control apparatus, instruments, or electrical parts of elevators and related equipment;",0.155,Not Exposed,Not affected,0.17,predicted,2025
7412,2,Electrical Mechanics and Fitters,"Fitting, adjusting and repairing electrical parts in domestic appliances, industrial machines and other appliances;",0.1625,Not Exposed,Not affected,0.17,predicted,2025
7412,3,Electrical Mechanics and Fitters,Inspecting and testing manufactured electrical products;,0.284,Not Exposed,Not affected,0.17,predicted,2025
7412,4,Electrical Mechanics and Fitters,"Installing, testing, connecting, commissioning, maintaining and modifying electrical equipment, wiring and control systems;",0.205,Not Exposed,Not affected,0.17,predicted,2025
7412,5,Electrical Mechanics and Fitters,"Designing, installing, maintaining, servicing and repairing electric and hydraulic passenger and freight lifts, escalators, moving walkways and other lift equipment;",0.135,Not Exposed,Not affected,0.17,predicted,2025
7412,6,Electrical Mechanics and Fitters,Connecting electrical systems to power supply;,0.14,Not Exposed,Not affected,0.17,predicted,2025
7412,7,Electrical Mechanics and Fitters,Replacing and repairing defective parts.,0.14,Not Exposed,Not affected,0.17,predicted,2025
7413,1,Electrical Line Installers and Repairers,Installing and repairing overhead and underground electrical power and electrical traction lines;,0.14,Not Exposed,Not affected,0.15,predicted,2025
7413,2,Electrical Line Installers and Repairers,Making joints in overhead and underground cables;,0.12,Not Exposed,Not affected,0.15,predicted,2025
7413,3,Electrical Line Installers and Repairers,"Adhering to safety practices and procedures, such as checking equipment regularly and erecting barriers around work areas;",0.225,Not Exposed,Not affected,0.15,predicted,2025
7413,4,Electrical Line Installers and Repairers,Opening switches or attaching grounding devices to remove electrical hazards from disturbed or fallen lines or to facilitate repairs;,0.11,Not Exposed,Not affected,0.15,predicted,2025
7413,5,Electrical Line Installers and Repairers,Climbing poles or using truck-mounted buckets to access equipment;,0.0575,Not Exposed,Not affected,0.15,predicted,2025
7413,6,Electrical Line Installers and Repairers,"Identifying defective sectionalizing devices, circuit breakers, fuses, voltage regulators, transformers, switches, relays or wiring, using wiring diagrams and electrical-testing instruments.",0.27,Not Exposed,Not affected,0.15,predicted,2025
7421,1,Electronics Mechanics and Servicers,"Examining and testing machines, instruments, components, control systems and other electronic equipment to identify faults;",0.265,Not Exposed,Not affected,0.25,predicted,2025
7421,2,Electronics Mechanics and Servicers,"Adjusting, repairing and replacing worn and defective parts and wiring, and maintaining machines, equipment and instruments;",0.135,Not Exposed,Not affected,0.25,predicted,2025
7421,3,Electronics Mechanics and Servicers,"Reassembling, test operating and adjusting equipment;",0.165,Not Exposed,Not affected,0.25,predicted,2025
7421,4,Electronics Mechanics and Servicers,Installing electronic instruments and control systems;,0.235,Not Exposed,Not affected,0.25,predicted,2025
7421,5,Electronics Mechanics and Servicers,"Coordinating work with that of engineers, technicians and other maintenance personnel;",0.26,Not Exposed,Not affected,0.25,predicted,2025
7421,6,Electronics Mechanics and Servicers,Interpreting test data to diagnose malfunctions and systemic performance problems;,0.3125,Not Exposed,Not affected,0.25,predicted,2025
7421,7,Electronics Mechanics and Servicers,"Installing, adjusting, repairing or replacing electrical and electronic components, assemblies and systems using hand tools, power tools or soldering irons;",0.1575,Not Exposed,Not affected,0.25,predicted,2025
7421,8,Electronics Mechanics and Servicers,"Connecting components to assemblies such as radio systems, instruments, magnetos, inverters and in-flight refuelling systems;",0.1475,Not Exposed,Not affected,0.25,predicted,2025
7421,9,Electronics Mechanics and Servicers,Keeping records of maintenance and repair work.,0.55,Not Exposed,Not affected,0.25,predicted,2025
7422,1,Information and Communications Technology Installers and Servicers,"Maintaining, troubleshooting, testing and repairing computers, data transmission equipment and computer peripherals;",0.3,Not Exposed,Not affected,0.24,predicted,2025
7422,2,Information and Communications Technology Installers and Servicers,Fitting and adjusting computer hardware;,0.1575,Not Exposed,Not affected,0.24,predicted,2025
7422,3,Information and Communications Technology Installers and Servicers,"Installing, maintaining, repairing and diagnosing malfunctions of microwave, telemetry, multiplexing, satellite and other radio and electromagnetic wave communications systems;",0.3,Not Exposed,Not affected,0.24,predicted,2025
7422,4,Information and Communications Technology Installers and Servicers,"Providing technical advice and information, and monitoring the performance of complex telecommunications networks and equipment;",0.5075,Not Exposed,Not affected,0.24,predicted,2025
7422,5,Information and Communications Technology Installers and Servicers,"Installing and repairing cabling for computer, radio, telephone and television transmission;",0.14,Not Exposed,Not affected,0.24,predicted,2025
7422,6,Information and Communications Technology Installers and Servicers,"Joining telecommunications and data cables, and sealing sheathes;",0.1325,Not Exposed,Not affected,0.24,predicted,2025
7422,7,Information and Communications Technology Installers and Servicers,"Installing, maintaining and repairing antennae used in communications.",0.135,Not Exposed,Not affected,0.24,predicted,2025
7511,1,"Butchers, Fishmongers and Related Food Preparers",Slaughtering animals;,0.0775,Not Exposed,Not affected,0.13,predicted,2025
7511,2,"Butchers, Fishmongers and Related Food Preparers",Flaying and trimming carcasses;,0.0875,Not Exposed,Not affected,0.13,predicted,2025
7511,3,"Butchers, Fishmongers and Related Food Preparers","Boning, cutting and dressing meat and fish for sale or further processing;",0.135,Not Exposed,Not affected,0.13,predicted,2025
7511,4,"Butchers, Fishmongers and Related Food Preparers","Preparing ingredients and making sausages and similar products using chopping, mixing and shaping machines;",0.15,Not Exposed,Not affected,0.13,predicted,2025
7511,5,"Butchers, Fishmongers and Related Food Preparers","Curing meat, fish and other foods;",0.1425,Not Exposed,Not affected,0.13,predicted,2025
7511,6,"Butchers, Fishmongers and Related Food Preparers","Operating smokehouses or ovens to smoke meat, fish and other foodstuffs;",0.1275,Not Exposed,Not affected,0.13,predicted,2025
7511,7,"Butchers, Fishmongers and Related Food Preparers","Cooking or in other ways preparing meat, fish and related food items for sale;",0.12,Not Exposed,Not affected,0.13,predicted,2025
7511,8,"Butchers, Fishmongers and Related Food Preparers","Selling meat or fish to customers, including wrapping, weighing and labelling products, and receiving payment.",0.1625,Not Exposed,Not affected,0.13,predicted,2025
7512,1,"Bakers, Pastry-cooks and Confectionery Makers","Making bread, cakes, biscuits, pastries, pies and other flour products;",0.14,Not Exposed,Not affected,0.17,predicted,2025
7512,2,"Bakers, Pastry-cooks and Confectionery Makers","Making handmade confectionery from mixtures of sugar, chocolate and other ingredients using hand tools and some machines;",0.165,Not Exposed,Not affected,0.17,predicted,2025
7512,3,"Bakers, Pastry-cooks and Confectionery Makers","Combining measured ingredients in bowls of mixing, blending or cooking machinery;",0.135,Not Exposed,Not affected,0.17,predicted,2025
7512,4,"Bakers, Pastry-cooks and Confectionery Makers",Checking the quality of raw materials to ensure that standards and specifications are met;,0.3525,Not Exposed,Not affected,0.17,predicted,2025
7512,5,"Bakers, Pastry-cooks and Confectionery Makers","Applying glazes, icings or other toppings to baked goods, using spatulas or brushes;",0.12,Not Exposed,Not affected,0.17,predicted,2025
7512,6,"Bakers, Pastry-cooks and Confectionery Makers",Checking the cleanliness of equipment and operation of premises before production runs to ensure compliance with occupational health and safety regulations;,0.185,Not Exposed,Not affected,0.17,predicted,2025
7512,7,"Bakers, Pastry-cooks and Confectionery Makers",Monitoring oven temperatures and product appearance to determine baking times;,0.125,Not Exposed,Not affected,0.17,predicted,2025
7512,8,"Bakers, Pastry-cooks and Confectionery Makers","Coordinating the forming, loading, baking, unloading, de-panning and cooling of batches of bread, rolls, pastry and confectionary products.",0.13,Not Exposed,Not affected,0.17,predicted,2025
7513,1,Dairy Products Makers,Boiling or pasteurizing milk to achieve specified butter fat content;,0.145,Not Exposed,Not affected,0.22,predicted,2025
7513,2,Dairy Products Makers,Separating cream from milk and churning cream into butter;,0.125,Not Exposed,Not affected,0.22,predicted,2025
7513,3,Dairy Products Makers,Dumping measured amounts of starter and other ingredients into milk;,0.1425,Not Exposed,Not affected,0.22,predicted,2025
7513,4,Dairy Products Makers,"Curdling milk, heating curd until it reaches desired firmness, draining curd and placing cheese into moulds to press it into shape;",0.145,Not Exposed,Not affected,0.22,predicted,2025
7513,5,Dairy Products Makers,Salting cheese and piercing or smearing cheese with cultured wash to develop mould growth;,0.1075,Not Exposed,Not affected,0.22,predicted,2025
7513,6,Dairy Products Makers,Placing and turning cheese blocks on shelves to cure cheese;,0.135,Not Exposed,Not affected,0.22,predicted,2025
7513,7,Dairy Products Makers,"Monitoring product quality before packaging by inspecting, taking samples and adjusting treatment conditions when necessary;",0.31,Not Exposed,Not affected,0.22,predicted,2025
7513,8,Dairy Products Makers,"Recording amounts of ingredients used, test results, and time cycles.",0.61,Not Exposed,Not affected,0.22,predicted,2025
7514,1,"Fruit, Vegetable and Related Preservers",Extracting juices from various fruits;,0.15,Not Exposed,Not affected,0.15,predicted,2025
7514,2,"Fruit, Vegetable and Related Preservers","Extracting oils from oil-bearing seeds, nuts or fruits;",0.1,Not Exposed,Not affected,0.15,predicted,2025
7514,3,"Fruit, Vegetable and Related Preservers","Cooking, salting or drying fruit, vegetables and related foods;",0.14,Not Exposed,Not affected,0.15,predicted,2025
7514,4,"Fruit, Vegetable and Related Preservers","Mixing and adding ingredients such as pectin, sugar, spices and vinegar to assist preservation and enhance texture, appearance and flavour;",0.2125,Not Exposed,Not affected,0.15,predicted,2025
7514,5,"Fruit, Vegetable and Related Preservers","Transferring preserved foods to sterile jars, bottles or other containers.",0.1375,Not Exposed,Not affected,0.15,predicted,2025
7515,1,Food and Beverage Tasters and Graders,"Inspecting, testing, tasting and smelling agricultural products, food and beverages at various stages of processing;",0.195,Minimal Exposure,Not affected,0.31,predicted,2025
7515,2,Food and Beverage Tasters and Graders,"Determining quality, acceptability to consumer tastes and approximate value of products, and grading them into appropriate classes;",0.3675,Minimal Exposure,Not affected,0.31,predicted,2025
7515,3,Food and Beverage Tasters and Graders,Discarding inferior products;,0.25,Minimal Exposure,Not affected,0.31,predicted,2025
7515,4,Food and Beverage Tasters and Graders,"Recording the grade and/or identification numbers on tags, receiving, or sales sheets;",0.55,Minimal Exposure,Not affected,0.31,predicted,2025
7515,5,Food and Beverage Tasters and Graders,Weighing and measuring products.,0.165,Minimal Exposure,Not affected,0.31,predicted,2025
7516,1,Tobacco Preparers and Tobacco Products Makers,"Grading cured tobacco leaves by type, quality and locality where grown;",0.215,Not Exposed,Not affected,0.14,predicted,2025
7516,2,Tobacco Preparers and Tobacco Products Makers,Mixing tobacco leaves according to formula to obtain a blend of distinct flavour;,0.175,Not Exposed,Not affected,0.14,predicted,2025
7516,3,Tobacco Preparers and Tobacco Products Makers,Tending vacuum container which moistens tobacco for further processing;,0.15,Not Exposed,Not affected,0.14,predicted,2025
7516,4,Tobacco Preparers and Tobacco Products Makers,Removing midribs and stalks from tobacco leaves and shredding tobacco;,0.075,Not Exposed,Not affected,0.14,predicted,2025
7516,5,Tobacco Preparers and Tobacco Products Makers,"Making cigars, cigarettes, snuff and other tobacco products by hand or with simple machines.",0.1025,Not Exposed,Not affected,0.14,predicted,2025
8111,1,Miners and Quarriers,"Positioning, operating and monitoring the performance of a variety of underground and surface mining equipment including continuous mining, cutting and channelling plant;",0.145,Not Exposed,Not affected,0.17,predicted,2025
8111,2,Miners and Quarriers,Setting up and operating drilling equipment in underground and surface mines and quarries;,0.125,Not Exposed,Not affected,0.17,predicted,2025
8111,3,Miners and Quarriers,"Operating machinery and using hand or power tools to remove loosened rock, ore, coal and other deposits;",0.1275,Not Exposed,Not affected,0.17,predicted,2025
8111,4,Miners and Quarriers,"Preparing, fitting and installing supports in underground workings including rock bolts;",0.115,Not Exposed,Not affected,0.17,predicted,2025
8111,5,Miners and Quarriers,"Operating machinery to open new shafts, drives, air vents and rises;",0.16,Not Exposed,Not affected,0.17,predicted,2025
8111,6,Miners and Quarriers,"Operating auxiliary plant such as pumps to expel air, water and mud;",0.135,Not Exposed,Not affected,0.17,predicted,2025
8111,7,Miners and Quarriers,"Performing minor maintenance and repairs and lubricating and cleaning plant, machines and tools;",0.135,Not Exposed,Not affected,0.17,predicted,2025
8111,8,Miners and Quarriers,Completing records detailing operations completed during shifts;,0.46,Not Exposed,Not affected,0.17,predicted,2025
8111,9,Miners and Quarriers,Collecting mineral samples for laboratory analysis.,0.15,Not Exposed,Not affected,0.17,predicted,2025
8112,1,Mineral and Stone Processing Plant Operators,"Setting up and operating stationary plant and machinery which grind, crush, cut, saw and slice rocks, minerals and stones according to the specifications for the job;",0.16,Not Exposed,Not affected,0.21,predicted,2025
8112,2,Mineral and Stone Processing Plant Operators,"Positioning blocks and slabs of stone onto machines for sawing, cutting and further working;",0.11,Not Exposed,Not affected,0.21,predicted,2025
8112,3,Mineral and Stone Processing Plant Operators,"Monitoring and maintaining the flow of unprocessed rocks, minerals and stones from conveyors into machines;",0.19,Not Exposed,Not affected,0.21,predicted,2025
8112,4,Mineral and Stone Processing Plant Operators,"Operating washing, separating, leaching, precipitating, filtering, extracting and combining equipment to remove waste material and recover minerals;",0.155,Not Exposed,Not affected,0.21,predicted,2025
8112,5,Mineral and Stone Processing Plant Operators,Combining mineral ores with solvents to facilitate further processing;,0.15,Not Exposed,Not affected,0.21,predicted,2025
8112,6,Mineral and Stone Processing Plant Operators,"Separating metal and mineral concentrates from ore and alluvial deposits by thickening, flotation, gravity separation, filtration, and or magnetic and electrostatic separation;",0.2,Not Exposed,Not affected,0.21,predicted,2025
8112,7,Mineral and Stone Processing Plant Operators,"Observing meters, gauges and control panels, and adjusting valves and controls to ensure the safe and efficient operation of equipment, and detecting malfunctions, and assisting with plant and machinery maintenance and repair;",0.225,Not Exposed,Not affected,0.21,predicted,2025
8112,8,Mineral and Stone Processing Plant Operators,"Examining processed materials visually or with hands to ensure compliance with established standards and job specifications, and collecting samples for testing in laboratories;",0.3,Not Exposed,Not affected,0.21,predicted,2025
8112,9,Mineral and Stone Processing Plant Operators,"Recording information about processing completed during shifts, such as quantities, types and dimensions of materials produced;",0.46,Not Exposed,Not affected,0.21,predicted,2025
8112,10,Mineral and Stone Processing Plant Operators,"Sorting, stacking and moving processed minerals and stone for packaging, further processing or shipping.",0.13,Not Exposed,Not affected,0.21,predicted,2025
8113,1,Well Drillers and Borers and Related Workers,"Dismantling, moving and assembling drilling rigs and auxiliary equipment;",0.11,Not Exposed,Not affected,0.19,predicted,2025
8113,2,Well Drillers and Borers and Related Workers,"Assembling and dismantling pipes, casings and drill heads, and replacing dysfunctional equipment;",0.1225,Not Exposed,Not affected,0.19,predicted,2025
8113,3,Well Drillers and Borers and Related Workers,"Operating controls to lower and raise drill pipes and casings in and out of wells, regulate pressure in the well and control the speed of tools;",0.15,Not Exposed,Not affected,0.19,predicted,2025
8113,4,Well Drillers and Borers and Related Workers,Preparing drilling fluid and checking the operation of pumps to ensure adequate circulation of fluid in drill pipe and well;,0.135,Not Exposed,Not affected,0.19,predicted,2025
8113,5,Well Drillers and Borers and Related Workers,"Monitoring gauges and other indicators and listening to equipment to detect malfunctions and unusual well conditions, and determining the need to change drilling or equipment;",0.2325,Not Exposed,Not affected,0.19,predicted,2025
8113,6,Well Drillers and Borers and Related Workers,"Maintaining, adjusting, repairing and cleaning drilling rigs, hoisting and other machinery;",0.115,Not Exposed,Not affected,0.19,predicted,2025
8113,7,Well Drillers and Borers and Related Workers,Maintaining records of drilling and servicing operations;,0.5,Not Exposed,Not affected,0.19,predicted,2025
8113,8,Well Drillers and Borers and Related Workers,"Operating machines and tools to extract dust, cuttings and lost and broken drilling equipment from holes and wells;",0.1425,Not Exposed,Not affected,0.19,predicted,2025
8113,9,Well Drillers and Borers and Related Workers,Closing and sealing wells no longer in use;,0.1125,Not Exposed,Not affected,0.19,predicted,2025
8113,10,Well Drillers and Borers and Related Workers,Supervising and training crew members.,0.255,Not Exposed,Not affected,0.19,predicted,2025
8114,1,"Cement, Stone and Other Mineral Products Machine Operators","Operating extrusion, moulding, mixing, pumping, compacting, grinding and cutting machinery to manufacture and finish precast concrete and stone products;",0.16,Not Exposed,Not affected,0.23,predicted,2025
8114,2,"Cement, Stone and Other Mineral Products Machine Operators","Operating plant to produce cement, lime and clinker, including loading and unloading ingredients and operating continuous feed equipment such as pumps and conveyors;",0.185,Not Exposed,Not affected,0.23,predicted,2025
8114,3,"Cement, Stone and Other Mineral Products Machine Operators","Operating plant and machines which weigh and mix sand, gravel, cement, water and other ingredients to make concrete;",0.145,Not Exposed,Not affected,0.23,predicted,2025
8114,4,"Cement, Stone and Other Mineral Products Machine Operators","Operating plant and machinery which assembles and fills moulds with concrete and artificial stone mixtures, removes castings from moulds and finishes surfaces of precast products;",0.16,Not Exposed,Not affected,0.23,predicted,2025
8114,5,"Cement, Stone and Other Mineral Products Machine Operators","Cutting, grinding, drilling, sandblasting and polishing concrete products and stone blocks, slabs and products to the specifications for the job;",0.1275,Not Exposed,Not affected,0.23,predicted,2025
8114,6,"Cement, Stone and Other Mineral Products Machine Operators","Checking production plans and specifications to determine and select materials, ingredients, procedures, components, settings and adjustments for extrusion, moulding, mixing and compacting machines;",0.2975,Not Exposed,Not affected,0.23,predicted,2025
8114,7,"Cement, Stone and Other Mineral Products Machine Operators","Monitoring plant and machines during operation by observing instruments such as temperature and pressure gauges, and adjusting controls and reporting malfunctions as necessary;",0.2575,Not Exposed,Not affected,0.23,predicted,2025
8114,8,"Cement, Stone and Other Mineral Products Machine Operators",Collecting and examining samples of mixtures and finished products for conformity to specifications and adjusting machine settings accordingly;,0.28,Not Exposed,Not affected,0.23,predicted,2025
8114,9,"Cement, Stone and Other Mineral Products Machine Operators","Checking and maintaining production records, including information about quantities, dimensions and types of materials and goods produced;",0.4975000000000001,Not Exposed,Not affected,0.23,predicted,2025
8114,10,"Cement, Stone and Other Mineral Products Machine Operators",Arranging and assisting with plant and machinery maintenance and repair.,0.1535,Not Exposed,Not affected,0.23,predicted,2025
8121,1,Metal Processing Plant Operators,"Setting up, preparing and adjusting mineral ore and metal processing machinery to carry out one step in the overall mineral ore or metal processing operation;",0.225,Not Exposed,Not affected,0.26,predicted,2025
8121,2,Metal Processing Plant Operators,"Operating single-function machinery to grind, separate, filter, mix, treat, cast, roll, refine or otherwise process metals and mineral ores;",0.15,Not Exposed,Not affected,0.26,predicted,2025
8121,3,Metal Processing Plant Operators,"Observing gauges, meters, computer printouts, video monitors and products to ensure correct operation of machines and verify specified processing conditions;",0.28,Not Exposed,Not affected,0.26,predicted,2025
8121,4,Metal Processing Plant Operators,"Adjusting equipment, valves, pumps, controls and process equipment;",0.295,Not Exposed,Not affected,0.26,predicted,2025
8121,5,Metal Processing Plant Operators,"Controlling the preparation, measuring and feeding of raw materials and processing agents into plant;",0.27,Not Exposed,Not affected,0.26,predicted,2025
8121,6,Metal Processing Plant Operators,"Controlling process start-up and shut-down, troubleshooting and monitoring outside process equipment;",0.245,Not Exposed,Not affected,0.26,predicted,2025
8121,7,Metal Processing Plant Operators,"Verifying equipment for malfunctions, carrying out routine operating tests and arranging for maintenance;",0.18,Not Exposed,Not affected,0.26,predicted,2025
8121,8,Metal Processing Plant Operators,"Analysing sample products, performing tests, recording data and writing production logs.",0.475,Not Exposed,Not affected,0.26,predicted,2025
8122,1,"Metal Finishing, Plating and Coating Machine Operators","Operating and monitoring equipment which cleans metal articles in preparation for electroplating, galvanizing, enamelling or similar processes;",0.1625,Not Exposed,Not affected,0.2,predicted,2025
8122,2,"Metal Finishing, Plating and Coating Machine Operators",Operating and monitoring electroplating equipment;,0.23,Not Exposed,Not affected,0.2,predicted,2025
8122,3,"Metal Finishing, Plating and Coating Machine Operators",Operating and monitoring hot-dip equipment used to coat iron and steel products;,0.2225,Not Exposed,Not affected,0.2,predicted,2025
8122,4,"Metal Finishing, Plating and Coating Machine Operators",Operating and monitoring machines which automatically coat wire with non-ferrous metal;,0.18125,Not Exposed,Not affected,0.2,predicted,2025
8122,5,"Metal Finishing, Plating and Coating Machine Operators",Operating and monitoring equipment used to spray molten metal or other substances onto metal products to provide a protective or decorative coating or to build up worn or damaged surfaces;,0.215,Not Exposed,Not affected,0.2,predicted,2025
8122,6,"Metal Finishing, Plating and Coating Machine Operators",Operating and monitoring equipment used to impart a rust-resistant finish to metal articles by treating them with chemicals and heating them;,0.185,Not Exposed,Not affected,0.2,predicted,2025
8122,7,"Metal Finishing, Plating and Coating Machine Operators","Checking proper thickness of plating using micrometers, callipers or other devices recording data and writing production logs;",0.275,Not Exposed,Not affected,0.2,predicted,2025
8122,8,"Metal Finishing, Plating and Coating Machine Operators",Preparing and mixing metalizing solutions according to formulas or specifications.,0.1675,Not Exposed,Not affected,0.2,predicted,2025
8131,1,Chemical Products Plant and Machine Operators,"Setting up, starting, controlling, adjusting and stopping machines and plant;",0.195,Not Exposed,Not affected,0.24,predicted,2025
8131,2,Chemical Products Plant and Machine Operators,Monitoring reaction processes and transfers of products in conformity with safety procedures;,0.295,Not Exposed,Not affected,0.24,predicted,2025
8131,3,Chemical Products Plant and Machine Operators,"Monitoring meters, gauges and electronic instrumentation on one or more chemical or formulation units, such as mixers, kettles, blenders, dryers, tabletting, encapsulation, granulation and coating machines;",0.275,Not Exposed,Not affected,0.24,predicted,2025
8131,4,Chemical Products Plant and Machine Operators,"Measuring, weighing and loading chemical ingredients following formulation cards;",0.21,Not Exposed,Not affected,0.24,predicted,2025
8131,5,Chemical Products Plant and Machine Operators,Making samples and performing routine chemical and physical tests of products and recording production data;,0.345,Not Exposed,Not affected,0.24,predicted,2025
8131,6,Chemical Products Plant and Machine Operators,Cleaning and performing minor repairs to machines and plant.,0.145,Not Exposed,Not affected,0.24,predicted,2025
8132,1,Photographic Products Machine Operators,Operating and monitoring equipment which makes photographic film and paper;,0.195,Not Exposed,Augmentation Potential,0.27,predicted,2025
8132,2,Photographic Products Machine Operators,"Operating, monitoring and testing photographic processing and printing equipment, and maintaining operational standards;",0.32,Not Exposed,Augmentation Potential,0.27,predicted,2025
8132,3,Photographic Products Machine Operators,Preparing exposed film for different processing batches in dark rooms and dark chambers;,0.1825,Not Exposed,Augmentation Potential,0.27,predicted,2025
8132,4,Photographic Products Machine Operators,"Inspecting images, films and prints, and adjusting settings on printmaking equipment to produce required colour, brightness, contrast, number, size and type of prints;",0.2775,Not Exposed,Augmentation Potential,0.27,predicted,2025
8132,5,Photographic Products Machine Operators,Adjusting settings and running automatic developing equipment;,0.345,Not Exposed,Augmentation Potential,0.27,predicted,2025
8132,6,Photographic Products Machine Operators,Operating equipment to transfer film to videotape or other electronic media;,0.25,Not Exposed,Augmentation Potential,0.27,predicted,2025
8132,7,Photographic Products Machine Operators,Performing photographic processing-related tasks;,0.315,Not Exposed,Augmentation Potential,0.27,predicted,2025
8132,8,Photographic Products Machine Operators,"Operating automatic equipment (in retail establishments) to develop colour negatives, prints and slides;",0.2875,Not Exposed,Augmentation Potential,0.27,predicted,2025
8141,1,Rubber Products Machine Operators,"Operating and monitoring machines which knead, mix and blend rubber and rubber compounds for further processing;",0.165,Not Exposed,Not affected,0.18,predicted,2025
8141,2,Rubber Products Machine Operators,Operating and monitoring machines which produce sheets of rubber or rubberized fabric by a rolling process;,0.165,Not Exposed,Not affected,0.18,predicted,2025
8141,3,Rubber Products Machine Operators,Operating and monitoring machines which extrude compounded rubber or shape vulcanized rubber by moulding;,0.16,Not Exposed,Not affected,0.18,predicted,2025
8141,4,Rubber Products Machine Operators,"Operating and monitoring machines which build up tires on a form, vulcanise tires and mould or rebuild used tyres;",0.18,Not Exposed,Not affected,0.18,predicted,2025
8141,5,Rubber Products Machine Operators,Examining outputs for defects and conformity to specifications;,0.2725,Not Exposed,Not affected,0.18,predicted,2025
8141,6,Rubber Products Machine Operators,Locating defects and repairing worn and faulty tyres by vulcanizing or other processes.,0.151,Not Exposed,Not affected,0.18,predicted,2025
8142,1,Plastic Products Machine Operators,Operating and monitoring machines which knead and blend compounds to obtain plastic materials;,0.17,Not Exposed,Not affected,0.17,predicted,2025
8142,2,Plastic Products Machine Operators,"Operating and monitoring machines which shape plastic materials by moulding, extrusion, blowing, cutting and other means;",0.165,Not Exposed,Not affected,0.17,predicted,2025
8142,3,Plastic Products Machine Operators,Operating and monitoring machines which laminate plastics and plastic-impregnated materials or produce fibreglass;,0.185,Not Exposed,Not affected,0.17,predicted,2025
8142,4,Plastic Products Machine Operators,"Encasing uncoated wire, cord, cable and optic fibre in plastic;",0.13,Not Exposed,Not affected,0.17,predicted,2025
8142,5,Plastic Products Machine Operators,Examining outputs for defects and conformity to specifications;,0.285,Not Exposed,Not affected,0.17,predicted,2025
8142,6,Plastic Products Machine Operators,Recycling waste plastic materials;,0.15,Not Exposed,Not affected,0.17,predicted,2025
8142,7,Plastic Products Machine Operators,"Making artificial eyes and contact lens discs, making and repairing spectacle frames and plastic parts of orthopaedic appliances.",0.14,Not Exposed,Not affected,0.17,predicted,2025
8143,1,Paper Products Machine Operators,"Operating and monitoring machines which glue paper to cardboard, cut it to the required length or cut and crease cardboard or paperboard to form box blanks;",0.18,Not Exposed,Not affected,0.18,predicted,2025
8143,2,Paper Products Machine Operators,"Operating and monitoring pressing machines which form drinking cups or other containers from paper, paperboard or cardboard;",0.1625,Not Exposed,Not affected,0.18,predicted,2025
8143,3,Paper Products Machine Operators,"Operating and monitoring machines which cut, fold and glue paper to make envelopes and paper bags, or which form bags from other similar material.",0.2,Not Exposed,Not affected,0.18,predicted,2025
8151,1,"Fibre Preparing, Spinning and Winding Machine Operators",Operating and monitoring machines for tearing woollen rags into fibre;,0.151,Not Exposed,Not affected,0.15,predicted,2025
8151,2,"Fibre Preparing, Spinning and Winding Machine Operators",Operating and monitoring machines for cleaning and turning woollen yarn waste into fluffed wool;,0.17,Not Exposed,Not affected,0.15,predicted,2025
8151,3,"Fibre Preparing, Spinning and Winding Machine Operators",Operating and monitoring machines which combine textile fibres into uniform blends;,0.18,Not Exposed,Not affected,0.15,predicted,2025
8151,4,"Fibre Preparing, Spinning and Winding Machine Operators","Operating and monitoring machines which clean and fluff textile fibres, transform them into sliver, comb them into sliver for first drawing, combine slivers into sliver lap or sliver laps into ribbon lap;",0.165,Not Exposed,Not affected,0.15,predicted,2025
8151,5,"Fibre Preparing, Spinning and Winding Machine Operators","Operating draw frame (machine) having number of drawing sets, each set combining several slivers into one of nearly same weight and thickness as any of original sliver;",0.14625,Not Exposed,Not affected,0.15,predicted,2025
8151,6,"Fibre Preparing, Spinning and Winding Machine Operators","Operating and monitoring machines which spin thread and yarn from roving, wind two or more threads onto bobbin, twist two or more strands of yarn or thread into single strands of yarn to increase strength, smoothness and/or uniformity of yarn, or wind yarn or thread from one package to another;",0.1625,Not Exposed,Not affected,0.15,predicted,2025
8151,7,"Fibre Preparing, Spinning and Winding Machine Operators",Operating and monitoring spinning frame that draws out and twists roving or sliver into yarn;,0.1675,Not Exposed,Not affected,0.15,predicted,2025
8151,8,"Fibre Preparing, Spinning and Winding Machine Operators",Operating and monitoring machines for drawing slivers received from drawing machine into loosely twisted strands;,0.165,Not Exposed,Not affected,0.15,predicted,2025
8151,9,"Fibre Preparing, Spinning and Winding Machine Operators","Preparing sizing for use in stiffening and finishing cloth and yarn by mixing ingredients such as starch, tallow, resins, soaps with water and boiling mixture for specified time in steam;",0.15,Not Exposed,Not affected,0.15,predicted,2025
8151,10,"Fibre Preparing, Spinning and Winding Machine Operators",Treating textiles with chemicals to make them water resistant;,0.1375,Not Exposed,Not affected,0.15,predicted,2025
8151,11,"Fibre Preparing, Spinning and Winding Machine Operators",Cleaning rollers and cylinders of carding machines to remove wool waste;,0.11,Not Exposed,Not affected,0.15,predicted,2025
8151,12,"Fibre Preparing, Spinning and Winding Machine Operators","Operating and resurfacing metal drawing rolls of various spinning, combing and lapping machines with new rubber or leather covers.",0.155,Not Exposed,Not affected,0.15,predicted,2025
8152,1,Weaving and Knitting Machine Operators,"Setting up and operating batteries of automatic, link-type knitting machines to knit garments of specified pattern and design;",0.215,Not Exposed,Not affected,0.16,predicted,2025
8152,2,Weaving and Knitting Machine Operators,"Threading yarn, thread and fabric through guides, needles, and rollers of machines for weaving, knitting or other processing;",0.1325,Not Exposed,Not affected,0.16,predicted,2025
8152,3,Weaving and Knitting Machine Operators,"Tending automatic looms that simultaneously weave pile yarn, filling yarn and warp yarn material to produce carpets and rugs with various coloured designs;",0.2,Not Exposed,Not affected,0.16,predicted,2025
8152,4,Weaving and Knitting Machine Operators,Operating and monitoring loom on which yarn or twist is intersected and knotted at regular intervals to form mesh;,0.165,Not Exposed,Not affected,0.16,predicted,2025
8152,5,Weaving and Knitting Machine Operators,"Operating and monitoring large automatic multi-needle machines to embroider material or to sew lengths of several layers of material to make yard goods, quilts or mattress coverings;",0.1775,Not Exposed,Not affected,0.16,predicted,2025
8152,6,Weaving and Knitting Machine Operators,Tending circular knitting machines with automatic pattern controls that knit seamless hose;,0.165,Not Exposed,Not affected,0.16,predicted,2025
8152,7,Weaving and Knitting Machine Operators,Operating and monitoring knitting machines to knit hosiery to shape of foot and leg;,0.165,Not Exposed,Not affected,0.16,predicted,2025
8152,8,Weaving and Knitting Machine Operators,Operating and monitoring machine for knitting heel and toes of socks into ribs or tops cut from circular fabric;,0.16,Not Exposed,Not affected,0.16,predicted,2025
8152,9,Weaving and Knitting Machine Operators,Operating and monitoring machine which seams openings in toes of socks;,0.1625,Not Exposed,Not affected,0.16,predicted,2025
8152,10,Weaving and Knitting Machine Operators,"Operating and monitoring crochet machine to knit lace, trimming etc. of desired pattern or design;",0.16,Not Exposed,Not affected,0.16,predicted,2025
8152,11,Weaving and Knitting Machine Operators,"Examining looms to determine causes of loom stoppage, such as warp filling, harness breaks or mechanical defects;",0.1975,Not Exposed,Not affected,0.16,predicted,2025
8152,12,Weaving and Knitting Machine Operators,Repairing or replacing worn or defective needles and other components;,0.125,Not Exposed,Not affected,0.16,predicted,2025
8152,13,Weaving and Knitting Machine Operators,"Cleaning, oiling, and lubricating machines, using air hoses, cleaning solutions, rags, oil cans, and/or grease guns.",0.12,Not Exposed,Not affected,0.16,predicted,2025
8153,1,Sewing Machine Operators,"Operating or tending sewing machines to perform garment sewing operations, such as joining, reinforcing, seaming or decorating garments or garment parts;",0.155,Not Exposed,Not affected,0.15,predicted,2025
8153,2,Sewing Machine Operators,"Attaching buttons, hooks, zippers, fasteners or other accessories to fabric, using feeding hoppers or clamp holders;",0.1225,Not Exposed,Not affected,0.15,predicted,2025
8153,3,Sewing Machine Operators,Tending semiautomatic sewing machines with multiple-sewing heads controlled by pattern chain that embroiders various designs on garments;,0.1425,Not Exposed,Not affected,0.15,predicted,2025
8153,4,Sewing Machine Operators,"Operating machines, such as single or double needle sergers and flat-bed felling machines to automatically join, reinforce, or decorate material or articles;",0.165,Not Exposed,Not affected,0.15,predicted,2025
8153,5,Sewing Machine Operators,Operating fur sewing machines to join fur pelt strips to required size and shape and join pelts into garment sections or shells;,0.12,Not Exposed,Not affected,0.15,predicted,2025
8153,6,Sewing Machine Operators,"Operating stitching machines to sew leather parts together for leather garments, handbags , gloves or similar items;",0.125,Not Exposed,Not affected,0.15,predicted,2025
8153,7,Sewing Machine Operators,"Monitoring machine operation to detect problems such as defective stitching, breaks in thread, or machine malfunctions;",0.2175,Not Exposed,Not affected,0.15,predicted,2025
8153,8,Sewing Machine Operators,Performing equipment maintenance tasks such as replacing needles.,0.135,Not Exposed,Not affected,0.15,predicted,2025
8154,1,"Bleaching, Dyeing and Fabric Cleaning Machine Operators","Starting and controlling machines and equipment to bleach, dye or otherwise process and finish fabric, yarn, thread and/or other textile goods;",0.18,Not Exposed,Not affected,0.21,predicted,2025
8154,2,"Bleaching, Dyeing and Fabric Cleaning Machine Operators",Tending machines that shrink woven or knitted cloth to predetermined size or strengthen the weave by interlocking the fibres;,0.1575,Not Exposed,Not affected,0.21,predicted,2025
8154,3,"Bleaching, Dyeing and Fabric Cleaning Machine Operators",Tending a variety of automatic machines that comb and polish furs;,0.135,Not Exposed,Not affected,0.21,predicted,2025
8154,4,"Bleaching, Dyeing and Fabric Cleaning Machine Operators",Operating and monitoring machines that treat silk to give it body and weight;,0.19,Not Exposed,Not affected,0.21,predicted,2025
8154,5,"Bleaching, Dyeing and Fabric Cleaning Machine Operators",Operating and monitoring machines that impregnate textiles with chemicals to render them waterproof;,0.185,Not Exposed,Not affected,0.21,predicted,2025
8154,6,"Bleaching, Dyeing and Fabric Cleaning Machine Operators",Dyeing articles to change or restore their colours;,0.1475,Not Exposed,Not affected,0.21,predicted,2025
8154,7,"Bleaching, Dyeing and Fabric Cleaning Machine Operators",Operating and monitoring machines that stretch or impart lustre or other type of finish to textiles;,0.19,Not Exposed,Not affected,0.21,predicted,2025
8154,8,"Bleaching, Dyeing and Fabric Cleaning Machine Operators",Tending and regulating equipment that fumigates and removes foreign matter from furs;,0.115,Not Exposed,Not affected,0.21,predicted,2025
8154,9,"Bleaching, Dyeing and Fabric Cleaning Machine Operators","Operating machines that comb, dry and polish furs, and clean, sterilize and fluff feathers and blankets;",0.17,Not Exposed,Not affected,0.21,predicted,2025
8154,10,"Bleaching, Dyeing and Fabric Cleaning Machine Operators",Keying in processing instructions to programme electronic equipment;,0.65,Not Exposed,Not affected,0.21,predicted,2025
8154,11,"Bleaching, Dyeing and Fabric Cleaning Machine Operators","Observing display screens, control panels, equipment, and cloth entering or exiting processes to determine if equipment is operating correctly;",0.2825,Not Exposed,Not affected,0.21,predicted,2025
8154,12,"Bleaching, Dyeing and Fabric Cleaning Machine Operators",Cleaning machine filters and lubricating equipment.,0.115,Not Exposed,Not affected,0.21,predicted,2025
8155,1,Fur and Leather Preparing Machine Operators,Operating and monitoring machines which remove flesh and fat from hides or pelts to clean and soften them prior to processing;,0.165,Not Exposed,Not affected,0.15,predicted,2025
8155,2,Fur and Leather Preparing Machine Operators,"Operating and monitoring machines which remove long coarse hair from fur pelts, trim hair to even length and dye, stretch and smooth dressed pelts;",0.11,Not Exposed,Not affected,0.15,predicted,2025
8155,3,Fur and Leather Preparing Machine Operators,"Operating and monitoring machines to remove epidermis hair roots, pigment cells and lime salts from grain side of skin;",0.105,Not Exposed,Not affected,0.15,predicted,2025
8155,4,Fur and Leather Preparing Machine Operators,Operating and monitoring machines to reduce thickness of hide or skin to uniform size;,0.1575,Not Exposed,Not affected,0.15,predicted,2025
8155,5,Fur and Leather Preparing Machine Operators,Operating and monitoring machines to polish or roughen hides or skins to specified finishes;,0.155,Not Exposed,Not affected,0.15,predicted,2025
8155,6,Fur and Leather Preparing Machine Operators,"Operating and monitoring machines which separate residual wool from skins, or flesh and hair from hides;",0.1625,Not Exposed,Not affected,0.15,predicted,2025
8155,7,Fur and Leather Preparing Machine Operators,Operating and monitoring machines in which hides are split edgeways to form two or more pieces or to give uniform thickness;,0.1675,Not Exposed,Not affected,0.15,predicted,2025
8155,8,Fur and Leather Preparing Machine Operators,Operating and monitoring machines which treat hides and skins in solutions to convert them into leather;,0.161,Not Exposed,Not affected,0.15,predicted,2025
8155,9,Fur and Leather Preparing Machine Operators,Treating surface of leather with oil and operating glazing machine to give glossy finishes to leather;,0.1225,Not Exposed,Not affected,0.15,predicted,2025
8155,10,Fur and Leather Preparing Machine Operators,Operating and monitoring machines which apply dyes and stains to leather,0.165,Not Exposed,Not affected,0.15,predicted,2025
8155,11,Fur and Leather Preparing Machine Operators,Maintaining and repairing vats and other machinery,0.135,Not Exposed,Not affected,0.15,predicted,2025
8156,1,Shoemaking and Related Machine Operators,Operating and monitoring machines which mark patterns and cut shoe parts;,0.17,Not Exposed,Not affected,0.16,predicted,2025
8156,2,Shoemaking and Related Machine Operators,"Operating and monitoring machines which sew shoe parts together, or edge, polish, or apply ornaments and perform finishing tasks;",0.1375,Not Exposed,Not affected,0.16,predicted,2025
8156,3,Shoemaking and Related Machine Operators,"Operating and monitoring machines which produce luggage, handbags, belts and other accessories, as well as other items such as saddles, collars or harnesses.",0.18,Not Exposed,Not affected,0.16,predicted,2025
8157,1,Laundry Machine Operators,"Sorting articles for cleaning according to the type, colour, fabric and cleaning treatment required;",0.1425,Not Exposed,Not affected,0.16,predicted,2025
8157,2,Laundry Machine Operators,Placing sorted articles into receptacles and onto conveyor belts for moving to repair and cleaning areas;,0.1375,Not Exposed,Not affected,0.16,predicted,2025
8157,3,Laundry Machine Operators,"Checking and removing stains from garments, replacing buttons and making minor repairs;",0.1375,Not Exposed,Not affected,0.16,predicted,2025
8157,4,Laundry Machine Operators,"Loading and unloading washing machines, driers and extractors;",0.1375,Not Exposed,Not affected,0.16,predicted,2025
8157,5,Laundry Machine Operators,Adding cleaning agents and starches to articles;,0.15,Not Exposed,Not affected,0.16,predicted,2025
8157,6,Laundry Machine Operators,Smoothing articles and guiding them through cleaning and pressing machines;,0.1575,Not Exposed,Not affected,0.16,predicted,2025
8157,7,Laundry Machine Operators,"Stopping and starting machines to untangle, straighten and remove articles;",0.15,Not Exposed,Not affected,0.16,predicted,2025
8157,8,Laundry Machine Operators,Placing articles on shelves and hanging articles for delivery and collection;,0.17,Not Exposed,Not affected,0.16,predicted,2025
8157,9,Laundry Machine Operators,Packaging articles and preparing orders for despatch.,0.225,Not Exposed,Not affected,0.16,predicted,2025
8159,1,"Textile, Fur and Leather Products Machine Operators Not Elsewhere Classified","Operating and monitoring machines which form and make hats out of textiles, fur or leather;",0.165,Not Exposed,Not affected,0.16,predicted,2025
8159,2,"Textile, Fur and Leather Products Machine Operators Not Elsewhere Classified",Operating and monitoring machines which make miscellaneous articles such as braids or other trimmings;,0.155,Not Exposed,Not affected,0.16,predicted,2025
8159,3,"Textile, Fur and Leather Products Machine Operators Not Elsewhere Classified",Operating and monitoring machines which fold cloth into measured length;,0.135,Not Exposed,Not affected,0.16,predicted,2025
8159,4,"Textile, Fur and Leather Products Machine Operators Not Elsewhere Classified","Operating and monitoring machines which wind thread, twine, or yarn into balls preparatory to shipping or further processing;",0.165,Not Exposed,Not affected,0.16,predicted,2025
8159,5,"Textile, Fur and Leather Products Machine Operators Not Elsewhere Classified",Operating and monitoring machines to measure size of pieces of leather.,0.1675,Not Exposed,Not affected,0.16,predicted,2025
8171,1,Pulp and Papermaking Plant Operators,"Operating and monitoring screening and bleaching equipment, digesters, mixing tanks, washers and other pulp processing machinery and equipment to carry out one or more cellulose processing steps;",0.18,Minimal Exposure,Augmentation Potential,0.28,predicted,2025
8171,2,Pulp and Papermaking Plant Operators,"Operating and monitoring papermaking and finishing process machinery and equipment to dry, calender, laminate, coat, slit, trim, wind or carry out other papermaking and finishing process steps;",0.2125,Minimal Exposure,Augmentation Potential,0.28,predicted,2025
8171,3,Pulp and Papermaking Plant Operators,"Controlling start-up and shut-down of machinery and equipment, and observing equipment and machinery panel indicators, gauges, and other equipment to detect machinery and equipment malfunctions and ensure process steps are carried out according to specifications;",0.165,Minimal Exposure,Augmentation Potential,0.28,predicted,2025
8171,4,Pulp and Papermaking Plant Operators,Communicating with process control operators to make process adjustments and start up or shut down machinery and equipment as required;,0.35,Minimal Exposure,Augmentation Potential,0.28,predicted,2025
8171,5,Pulp and Papermaking Plant Operators,Analysing instrument readings and production test samples and making adjustments to production process and equipment as required;,0.335,Minimal Exposure,Augmentation Potential,0.28,predicted,2025
8171,6,Pulp and Papermaking Plant Operators,"Mounting, positioning and threading paper rolls using a hoist;",0.135,Minimal Exposure,Augmentation Potential,0.28,predicted,2025
8171,7,Pulp and Papermaking Plant Operators,"Inspecting paper visually for wrinkles, holes, discoloration, streaks or other defects and taking corrective action;",0.265,Minimal Exposure,Augmentation Potential,0.28,predicted,2025
8171,8,Pulp and Papermaking Plant Operators,Completing and maintaining production reports.,0.56,Minimal Exposure,Augmentation Potential,0.28,predicted,2025
8172,1,Wood Processing Plant Operators,"Examining logs and rough lumber to determine size, condition, quality and other characteristics to decide best lumber cuts to carry out, or operating automated equipment to convey logs through laser scanners which determine the most productive and profitable cutting patterns;",0.115,Not Exposed,Not affected,0.14,predicted,2025
8172,2,Wood Processing Plant Operators,Operating and monitoring log in-feed and conveyor systems;,0.23,Not Exposed,Not affected,0.14,predicted,2025
8172,3,Wood Processing Plant Operators,"Operating and monitoring head saws, resaws and multiblade saws to saw logs, cants, flitches, slabs or wings and remove rough edges from sawn timber into dressed lumber of various sizes, and saw or split shingles and shakes;",0.115,Not Exposed,Not affected,0.14,predicted,2025
8172,4,Wood Processing Plant Operators,Operating and monitoring plywood core-laying machines and hot-plate plywood presses and machines which cut veneer;,0.155,Not Exposed,Not affected,0.14,predicted,2025
8172,5,Wood Processing Plant Operators,Cleaning and lubricating sawmill equipment.,0.105,Not Exposed,Not affected,0.14,predicted,2025
8181,1,Glass and Ceramics Plant Operators,Operating and monitoring glass-making furnaces to make glass by melting and fusing pre-mixed ingredients;,0.18,Not Exposed,Not affected,0.17,predicted,2025
8181,2,Glass and Ceramics Plant Operators,Tending hot- or cold-end spray equipment used to coat glassware with surface hardener;,0.14625,Not Exposed,Not affected,0.17,predicted,2025
8181,3,Glass and Ceramics Plant Operators,"Operating and maintaining machines that press or blow molten glass in moulds to form or shape containers, such as bottles, jars and drinking glasses;",0.1455,Not Exposed,Not affected,0.17,predicted,2025
8181,4,Glass and Ceramics Plant Operators,Operating hand press to mould glass into required shape;,0.125,Not Exposed,Not affected,0.17,predicted,2025
8181,5,Glass and Ceramics Plant Operators,Operating drawing kiln to process molten glass into continuous sheet of flat glass;,0.1725,Not Exposed,Not affected,0.17,predicted,2025
8181,6,Glass and Ceramics Plant Operators,Operating and monitoring floating-glass production plant;,0.215,Not Exposed,Not affected,0.17,predicted,2025
8181,7,Glass and Ceramics Plant Operators,"Operating and maintaining finishing machines to grind, drill, sand, bevel, decorate, wash or polish glass or glass products;",0.15,Not Exposed,Not affected,0.17,predicted,2025
8181,8,Glass and Ceramics Plant Operators,Setting and operating press machines to mould ceramic articles from moist clay;,0.1425,Not Exposed,Not affected,0.17,predicted,2025
8181,9,Glass and Ceramics Plant Operators,Operating machines to mix clay with water to knead it into a suitable plastic condition or semi-liquid form for making ceramic products;,0.13,Not Exposed,Not affected,0.17,predicted,2025
8181,10,Glass and Ceramics Plant Operators,"Operating and monitoring kilns which bake pottery, porcelain ware bricks and tiles;",0.165,Not Exposed,Not affected,0.17,predicted,2025
8181,11,Glass and Ceramics Plant Operators,Operating and monitoring machines for making glaze or abrasives;,0.17125,Not Exposed,Not affected,0.17,predicted,2025
8181,12,Glass and Ceramics Plant Operators,Operating and monitoring machines which extrude molten glass to form fibreglass filaments;,0.1675,Not Exposed,Not affected,0.17,predicted,2025
8181,13,Glass and Ceramics Plant Operators,"Observing finished products to identify splits, cracks, breaks, colour and other imperfections.",0.345,Not Exposed,Not affected,0.17,predicted,2025
8182,1,Steam Engine and Boiler Operators,"Operating, cleaning, lubricating and monitoring steam engines, boilers and auxiliary equipment such as pumps, compressors and air-conditioning equipment to supply and maintain steam and power for buildings, marine vessels or pneumatic tools;",0.175,Not Exposed,Not affected,0.2,predicted,2025
8182,2,Steam Engine and Boiler Operators,"Analysing and recording instrument readings, troubleshooting and performing minor repairs to prevent equipment or system failure;",0.235,Not Exposed,Not affected,0.2,predicted,2025
8182,3,Steam Engine and Boiler Operators,"Monitoring and inspecting performance of equipment for efficient operation and ensuring boiler water, chemical, and fuel are maintained at required levels;",0.26,Not Exposed,Not affected,0.2,predicted,2025
8182,4,Steam Engine and Boiler Operators,"Firing coal furnaces by hand or with stokers and gas- or oil-fed boilers, using automatic gas feeds or oil pumps;",0.1475,Not Exposed,Not affected,0.2,predicted,2025
8182,5,Steam Engine and Boiler Operators,"Testing boiler water quality or arrange for testing, adjusting and taking necessary corrective action, such as adding chemicals to prevent corrosion and harmful deposits;",0.185,Not Exposed,Not affected,0.2,predicted,2025
8182,6,Steam Engine and Boiler Operators,"Monitoring ship‚Äôs engine, machinery and equipment indicators, recording variables and reporting abnormalities to ship‚Äôs engineer officer on watch;",0.2125,Not Exposed,Not affected,0.2,predicted,2025
8182,7,Steam Engine and Boiler Operators,Operating and maintaining off-loading liquid pumps and valves.,0.15,Not Exposed,Not affected,0.2,predicted,2025
8183,1,"Packing, Bottling and Labelling Machine Operators","Operating and monitoring machines that weigh, wrap, seal and pack various products;",0.2225,Not Exposed,Not affected,0.22,predicted,2025
8183,2,"Packing, Bottling and Labelling Machine Operators","Operating and monitoring machines that fill and seal tubes, bottles, cans, boxes, bags and other containers with products such as food, beverages, paints, oils and lotions;",0.215,Not Exposed,Not affected,0.22,predicted,2025
8183,3,"Packing, Bottling and Labelling Machine Operators","Operating and monitoring machines that, by gluing or other methods, label products, packages and various containers.",0.23,Not Exposed,Not affected,0.22,predicted,2025
8211,1,Mechanical Machinery Assemblers,"Assembling and installing prefabricated parts or components to form subassemblies, mechanical machinery, engines and finished motor vehicles;",0.145,Minimal Exposure,Augmentation Potential,0.27,predicted,2025
8211,2,Mechanical Machinery Assemblers,"Reviewing work orders, specifications, diagrams and drawings to determine materials needed and assembly instructions;",0.28,Minimal Exposure,Augmentation Potential,0.27,predicted,2025
8211,3,Mechanical Machinery Assemblers,Recording production and operational data on specified forms;,0.56,Minimal Exposure,Augmentation Potential,0.27,predicted,2025
8211,4,Mechanical Machinery Assemblers,Inspecting and testing completed components and assemblies;,0.22,Minimal Exposure,Augmentation Potential,0.27,predicted,2025
8211,5,Mechanical Machinery Assemblers,Rejecting faulty assemblies and components;,0.1425,Minimal Exposure,Augmentation Potential,0.27,predicted,2025
8212,1,Electrical and Electronic Equipment Assemblers,"Assembling component parts and electrical and electronic systems and positioning, aligning and fastening units to assemblies, subassemblies or frames using hand or power tools, soldering and micro-welding equipment;",0.145,Minimal Exposure,Augmentation Potential,0.28,predicted,2025
8212,2,Electrical and Electronic Equipment Assemblers,"Reviewing work orders, specifications, diagrams and drawings to determine materials needed and assembly instructions;",0.265,Minimal Exposure,Augmentation Potential,0.28,predicted,2025
8212,3,Electrical and Electronic Equipment Assemblers,Recording production and operational data on specified forms;,0.6,Minimal Exposure,Augmentation Potential,0.28,predicted,2025
8212,4,Electrical and Electronic Equipment Assemblers,"Operating wire-coiling machines to wind wire coils used in electrical equipment and components such as registers, transformers, armature wires, electric motors and generators;",0.1175,Minimal Exposure,Augmentation Potential,0.28,predicted,2025
8212,5,Electrical and Electronic Equipment Assemblers,"Inspecting and testing completed components and assemblies, wiring installations and circuits and rejecting faulty assembly components;",0.25625,Minimal Exposure,Augmentation Potential,0.28,predicted,2025
8219,1,Assemblers Not Elsewhere Classified,"Assembling component parts and positioning, aligning and fastening units to assemblies, subassemblies or frames using hand or power tools, soldering and micro-welding equipment;",0.135,Minimal Exposure,Augmentation Potential,0.32,predicted,2025
8219,2,Assemblers Not Elsewhere Classified,"Reviewing work orders, specifications, diagrams and drawings to determine materials needed and assembly instructions;",0.285,Minimal Exposure,Augmentation Potential,0.32,predicted,2025
8219,3,Assemblers Not Elsewhere Classified,Recording production and operational data on specified forms;,0.5900000000000001,Minimal Exposure,Augmentation Potential,0.32,predicted,2025
8219,4,Assemblers Not Elsewhere Classified,Inspecting and testing components and completed assemblies;,0.265,Minimal Exposure,Augmentation Potential,0.32,predicted,2025
8219,5,Assemblers Not Elsewhere Classified,Rejecting faulty products.,0.32,Minimal Exposure,Augmentation Potential,0.32,predicted,2025
8311,1,Locomotive Engine Drivers,"Driving or assisting in driving a steam, electric or diesel-electric locomotive engine;",0.165,Not Exposed,Not affected,0.2,predicted,2025
8311,2,Locomotive Engine Drivers,Driving an underground or elevated passenger train;,0.16,Not Exposed,Not affected,0.2,predicted,2025
8311,3,Locomotive Engine Drivers,Driving a locomotive to haul carriages underground or on the surface of a mine or quarry;,0.1625,Not Exposed,Not affected,0.2,predicted,2025
8311,4,Locomotive Engine Drivers,"Watching for track hazards, observing signals and indicator gauges;",0.17,Not Exposed,Not affected,0.2,predicted,2025
8311,5,Locomotive Engine Drivers,Operating communications systems to communicate with train crews and traffic controllers to ensure safe operation and scheduling of trains.,0.335,Not Exposed,Not affected,0.2,predicted,2025
8312,1,"Railway Brake, Signal and Switch Operators",Taking charge of and safeguarding freight train during run;,0.15,Not Exposed,Not affected,0.17,predicted,2025
8312,2,"Railway Brake, Signal and Switch Operators",Controlling flow of railway traffic over section of line by operating signals and switches from control panel or signal box;,0.235,Not Exposed,Not affected,0.17,predicted,2025
8312,3,"Railway Brake, Signal and Switch Operators","Switching and coupling rolling stock in railway yards and sidings in accordance with orders about loading, unloading and make-up of trains;",0.165,Not Exposed,Not affected,0.17,predicted,2025
8312,4,"Railway Brake, Signal and Switch Operators",Making up trains for hauling by locomotive or cable and directing their movement along haulage ways in a mine or quarry;,0.19,Not Exposed,Not affected,0.17,predicted,2025
8312,5,"Railway Brake, Signal and Switch Operators","Checking train systems and equipment such as air conditioning and heating systems, brakes and brake hoses prior to train run.",0.135,Not Exposed,Not affected,0.17,predicted,2025
8321,1,Motorcycle Drivers,"Driving and tending motorcycles or motorized tricycles to transport materials, goods and passengers;",0.1775,Minimal Exposure,Augmentation Potential,0.25,predicted,2025
8321,2,Motorcycle Drivers,Observing traffic rules and signals;,0.1775,Minimal Exposure,Augmentation Potential,0.25,predicted,2025
8321,3,Motorcycle Drivers,Cleaning and washing vehicles as well as performing maintenance and minor repairs;,0.12,Minimal Exposure,Augmentation Potential,0.25,predicted,2025
8321,4,Motorcycle Drivers,Keeping a record of journeys;,0.55,Minimal Exposure,Augmentation Potential,0.25,predicted,2025
8321,5,Motorcycle Drivers,Delivering messages.,0.22375,Minimal Exposure,Augmentation Potential,0.25,predicted,2025
8322,1,"Car, Taxi and Van Drivers","Driving and tending passenger, vans, cars or taxis;",0.1725,Exposed: Gradient 1,Not affected,0.28,predicted,2025
8322,2,"Car, Taxi and Van Drivers","Driving and tending cars, vans or small trucks to deliver mail or goods;",0.165,Exposed: Gradient 1,Not affected,0.28,predicted,2025
8322,3,"Car, Taxi and Van Drivers",Assisting passengers with handling of luggage;,0.1,Exposed: Gradient 1,Not affected,0.28,reconciled,2025
8322,4,"Car, Taxi and Van Drivers","Collecting fares, payments for deliveries, or documents certifying deliveries;",0.35,Exposed: Gradient 1,Not affected,0.28,predicted,2025
8322,5,"Car, Taxi and Van Drivers","Operating telecommunications equipment to report location and availability, and follow directions of control centre;",0.485,Exposed: Gradient 1,Not affected,0.28,predicted,2025
8322,6,"Car, Taxi and Van Drivers",Determining most appropriate route;,0.735,Exposed: Gradient 1,Not affected,0.28,predicted,2025
8322,7,"Car, Taxi and Van Drivers",Assisting physically challenged passengers;,0.1225,Exposed: Gradient 1,Not affected,0.28,predicted,2025
8322,8,"Car, Taxi and Van Drivers",Operating equipment to facilitate the loading and unloading of physically challenged passengers.,0.08,Exposed: Gradient 1,Not affected,0.28,predicted,2025
8331,1,Bus and Tram Drivers,"Driving and tending motor buses, trolley buses or motor coaches to transport local or long-distance passengers, mail or goods;",0.165,Not Exposed,Not affected,0.18,predicted,2025
8331,2,Bus and Tram Drivers,Driving and tending street tramcars transporting passengers;,0.125,Not Exposed,Not affected,0.18,predicted,2025
8331,3,Bus and Tram Drivers,Opening and closing doors before or after passengers board or alight;,0.085,Not Exposed,Not affected,0.18,predicted,2025
8331,4,Bus and Tram Drivers,Assisting passengers with luggage;,0.15,Not Exposed,Not affected,0.18,predicted,2025
8331,5,Bus and Tram Drivers,"Controlling lighting, heating and ventilation on buses and trams;",0.25,Not Exposed,Not affected,0.18,predicted,2025
8331,6,Bus and Tram Drivers,Observing traffic to ensure safe progress;,0.225,Not Exposed,Not affected,0.18,predicted,2025
8331,7,Bus and Tram Drivers,Collecting fares or verifying passenger has necessary ticket.,0.25,Not Exposed,Not affected,0.18,predicted,2025
8332,1,Heavy Truck and Lorry Drivers,"Driving and tending a heavy motor vehicle, such as a lorry with or without trailer or a dump-truck, to transport goods, liquids or heavy materials over short or long distances;",0.14,Minimal Exposure,Not affected,0.24,predicted,2025
8332,2,Heavy Truck and Lorry Drivers,Determining the most appropriate routes;,0.7,Minimal Exposure,Not affected,0.24,predicted,2025
8332,3,Heavy Truck and Lorry Drivers,"Ensuring goods are stowed and securely covered, to prevent loss and damage;",0.18,Minimal Exposure,Not affected,0.24,predicted,2025
8332,4,Heavy Truck and Lorry Drivers,"Assisting with or carrying out loading or unloading operations, using various lifting or tipping devices;",0.1125,Minimal Exposure,Not affected,0.24,predicted,2025
8332,5,Heavy Truck and Lorry Drivers,"Carrying out minor maintenance to vehicles, and arranging major maintenance and repairs;",0.195,Minimal Exposure,Not affected,0.24,predicted,2025
8332,6,Heavy Truck and Lorry Drivers,"Estimating weights to comply with load limitations, and ensuring the safe distribution of weights.",0.1425,Minimal Exposure,Not affected,0.24,predicted,2025
8341,1,Mobile Farm and Forestry Plant Operators,"Driving and tending tractor-drawn or self-propelled special-purpose farm machinery to plough land and sow, fertilize, cultivate and harvest crops;",0.1,Not Exposed,Not affected,0.12,predicted,2025
8341,2,Mobile Farm and Forestry Plant Operators,"Driving and tending tractor-drawn or self-propelled special-purpose forestry machinery to clear land, plant, harvest and carry trees and timber or perform other forestry operations;",0.15,Not Exposed,Not affected,0.12,predicted,2025
8341,3,Mobile Farm and Forestry Plant Operators,Preparing and positioning plant for operation;,0.1375,Not Exposed,Not affected,0.12,predicted,2025
8341,4,Mobile Farm and Forestry Plant Operators,"Adjusting speed, height and depth of implements;",0.13,Not Exposed,Not affected,0.12,predicted,2025
8341,5,Mobile Farm and Forestry Plant Operators,"Operating plant to hold, lift and cut trees;",0.0725,Not Exposed,Not affected,0.12,predicted,2025
8341,6,Mobile Farm and Forestry Plant Operators,"Operating attachments to lift, swing, release and sort trees and logs, and operating auxiliary plant such as chipping machines and log splitting machines;",0.13,Not Exposed,Not affected,0.12,predicted,2025
8341,7,Mobile Farm and Forestry Plant Operators,Feeding felled trees into processors to strip limbs and cut into logs and loading logs onto stockpiles and into trucks;,0.1125,Not Exposed,Not affected,0.12,predicted,2025
8341,8,Mobile Farm and Forestry Plant Operators,Servicing machinery and performing minor repairs.,0.15,Not Exposed,Not affected,0.12,predicted,2025
8342,1,Earthmoving and Related Plant Operators,"Operating and monitoring excavating machinery equipped with moveable shovel, grab-bucket or dragline bucket, to excavate and move earth, rock, sand, gravel or similar materials;",0.1475,Not Exposed,Not affected,0.13,predicted,2025
8342,2,Earthmoving and Related Plant Operators,"Operating and monitoring machinery for digging trenches for sewers, drainage, water, oil, gas or similar pipelines;",0.1175,Not Exposed,Not affected,0.13,predicted,2025
8342,3,Earthmoving and Related Plant Operators,"Operating and monitoring machinery equipped with concave steel blade to move, distribute and level earth, sand, snow and other materials;",0.13,Not Exposed,Not affected,0.13,predicted,2025
8342,4,Earthmoving and Related Plant Operators,"Operating and monitoring equipment to remove sand, gravel and mud from bottom of body of water;",0.15,Not Exposed,Not affected,0.13,predicted,2025
8342,5,Earthmoving and Related Plant Operators,"Operating and monitoring machines for hammering wooden, concrete or steel piles into ground;",0.1,Not Exposed,Not affected,0.13,predicted,2025
8342,6,Earthmoving and Related Plant Operators,"Operating and monitoring power roller to compact and smooth layers of materials in making roads, pavements and similar work;",0.14,Not Exposed,Not affected,0.13,predicted,2025
8342,7,Earthmoving and Related Plant Operators,"Operating and monitoring machines which spread and smooth concrete or bituminous or tar preparations to construct roadways, roads or similar surfaces.",0.135,Not Exposed,Not affected,0.13,predicted,2025
8343,1,"Crane, hoist and related plant operators","Operating and monitoring stationary or mobile cranes by raising and lowering jibs and booms, to lift, move, position or place equipment and materials;",0.156,Not Exposed,Not affected,0.18,predicted,2025
8343,2,"Crane, hoist and related plant operators","Operating and monitoring equipment for hoisting, lowering or raising workers and materials on construction sites or in mines;",0.15,Not Exposed,Not affected,0.18,predicted,2025
8343,3,"Crane, hoist and related plant operators",Operating and monitoring ski-lifts and similar equipment;,0.225,Not Exposed,Not affected,0.18,predicted,2025
8343,4,"Crane, hoist and related plant operators","Operating and monitoring machinery used to haul ferry or barge with goods, passengers and vehicles across short stretches of water;",0.1775,Not Exposed,Not affected,0.18,predicted,2025
8343,5,"Crane, hoist and related plant operators",Operating and monitoring machinery to open and close bridge for the passage of road and water traffic;,0.21,Not Exposed,Not affected,0.18,predicted,2025
8343,6,"Crane, hoist and related plant operators",Operating and monitoring cranes equipped with dredging attachments to dredge waterways and other areas;,0.1575,Not Exposed,Not affected,0.18,predicted,2025
8343,7,"Crane, hoist and related plant operators","Operating cranes mounted on boats or barges to lift, move and place equipment and materials.",0.15,Not Exposed,Not affected,0.18,predicted,2025
8344,1,Lifting Truck Operators,"Operating and monitoring lifting truck and similar equipment to load and unload, transport, lift and stack goods and pallets in terminals, harbours, warehouses, factories and other establishments;",0.155,Not Exposed,Augmentation Potential,0.2,predicted,2025
8344,2,Lifting Truck Operators,"Positioning lifting devices under, over, or around loaded pallets, skids and boxes, and securing material or products for transport to designated areas;",0.15,Not Exposed,Augmentation Potential,0.2,predicted,2025
8344,3,Lifting Truck Operators,Inspecting equipment to identify wear and damage;,0.155,Not Exposed,Augmentation Potential,0.2,predicted,2025
8344,4,Lifting Truck Operators,Performing routine maintenance on vehicles and equipment;,0.1525,Not Exposed,Augmentation Potential,0.2,predicted,2025
8344,5,Lifting Truck Operators,Keeping records of work undertaken and breakdowns of vehicles.,0.3775,Not Exposed,Augmentation Potential,0.2,predicted,2025
9111,1,Domestic Cleaners and Helpers,"Sweeping, vacuum cleaning, polishing and washing floors and furniture, or washing windows and other fixtures;",0.09,Not Exposed,Not affected,0.14,predicted,2025
9111,2,Domestic Cleaners and Helpers,"Washing, ironing and mending linen and other textiles;",0.145,Not Exposed,Not affected,0.14,predicted,2025
9111,3,Domestic Cleaners and Helpers,Washing dishes;,0.0715,Not Exposed,Not affected,0.14,predicted,2025
9111,4,Domestic Cleaners and Helpers,"Helping with preparation, cooking and serving of meals and refreshments;",0.215,Not Exposed,Not affected,0.14,predicted,2025
9111,5,Domestic Cleaners and Helpers,Purchasing food and various other household supplies;,0.3,Not Exposed,Not affected,0.14,predicted,2025
9111,6,Domestic Cleaners and Helpers,"Cleaning, disinfecting and deodorising kitchens, bathrooms and toilets;",0.095,Not Exposed,Not affected,0.14,predicted,2025
9111,7,Domestic Cleaners and Helpers,Cleaning windows and other glass surfaces.,0.0875,Not Exposed,Not affected,0.14,predicted,2025
9112,1,"Cleaners and Helpers in Offices, Hotels and Other Establishments","Sweeping or vacuum cleaning, washing and polishing floors, furniture and other fixtures in buildings, coaches, buses, trams, trains and aircraft;",0.0875,Not Exposed,Not affected,0.12,predicted,2025
9112,2,"Cleaners and Helpers in Offices, Hotels and Other Establishments","Making beds, cleaning bathrooms, supplying towels, soap and related items;",0.1375,Not Exposed,Not affected,0.12,predicted,2025
9112,3,"Cleaners and Helpers in Offices, Hotels and Other Establishments","Cleaning kitchens and generally helping with kitchen work, including dishwashing;",0.115,Not Exposed,Not affected,0.12,predicted,2025
9112,4,"Cleaners and Helpers in Offices, Hotels and Other Establishments","Picking up rubbish, emptying garbage containers and taking contents to waste areas to removal.",0.135,Not Exposed,Not affected,0.12,predicted,2025
9121,1,Hand Launderers and Pressers,"Laundering and pressing linen, clothing, fabrics and similar articles by hand in a laundry or other establishment;",0.15,Not Exposed,Not affected,0.14,predicted,2025
9121,2,Hand Launderers and Pressers,"Cleaning, by hand and with chemical solutions, clothing, fabrics, leather goods and similar articles, in a dry-cleaning or other establishment;",0.11,Not Exposed,Not affected,0.14,predicted,2025
9121,3,Hand Launderers and Pressers,Replacing buttons and making minor repairs;,0.14,Not Exposed,Not affected,0.14,predicted,2025
9121,4,Hand Launderers and Pressers,Placing articles on shelves and hanging articles for delivery and collection.,0.175,Not Exposed,Not affected,0.14,predicted,2025
9122,1,Vehicle Cleaners,"Cleaning, washing and polishing cars and other vehicles, by hand or using hand-held power tools;",0.07875,Not Exposed,Not affected,0.09,predicted,2025
9122,2,Vehicle Cleaners,Vacuuming vehicle interiors and dry-cleaning carpets and upholstery;,0.0875,Not Exposed,Not affected,0.09,predicted,2025
9122,3,Vehicle Cleaners,Applying cleaning agents to remove stains from vehicle exteriors and interiors;,0.1,Not Exposed,Not affected,0.09,predicted,2025
9122,4,Vehicle Cleaners,Washing tyres and wheel arches and blackening tyres;,0.0775,Not Exposed,Not affected,0.09,predicted,2025
9122,5,Vehicle Cleaners,Washing and polishing vehicle windows;,0.095,Not Exposed,Not affected,0.09,predicted,2025
9122,6,Vehicle Cleaners,Emptying and cleaning compartments in vehicles.,0.095,Not Exposed,Not affected,0.09,predicted,2025
9123,1,Window Cleaners,"Washing windows or other glass surfaces with water or various solutions, drying and polishing them;",0.095,Not Exposed,Not affected,0.11,predicted,2025
9123,2,Window Cleaners,"Using ladders, swinging scaffolds, bosun¬¥s chairs, hydraulic bucket trucks and other equipment to reach and clean windows in multistorey buildings;",0.089,Not Exposed,Not affected,0.11,predicted,2025
9123,3,Window Cleaners,Selecting appropriate cleaning or polishing implement.,0.15,Not Exposed,Not affected,0.11,predicted,2025
9129,1,Other Cleaning Workers,Cleaning carpets and upholstered furniture using cleaning machines and their attachments;.,0.09,Not Exposed,Not affected,0.1,predicted,2025
9129,2,Other Cleaning Workers,Selecting and applying cleaning agents to remove stains from carpets;,0.1,Not Exposed,Not affected,0.1,predicted,2025
9129,3,Other Cleaning Workers,"Treating carpets with soil-repellent chemicals and deodorants, and treating for pests;",0.0925,Not Exposed,Not affected,0.1,predicted,2025
9129,4,Other Cleaning Workers,"Cleaning stone walls, metal surfaces and fascias using high pressure water cleaners and solvents;.",0.09,Not Exposed,Not affected,0.1,predicted,2025
9129,5,Other Cleaning Workers,Applying chemicals and high-pressure cleaning methods to remove micro-organisms from water and filtration systems;,0.12,Not Exposed,Not affected,0.1,predicted,2025
9129,6,Other Cleaning Workers,"Using wet vacuums and other suction equipment to remove scale, accumulated dirt and other deposits from swimming pools, cooling tower components and drains.",0.12,Not Exposed,Not affected,0.1,predicted,2025
9211,1,Crop Farm Labourers,Digging and shovelling to clear ditches or for other purposes;,0.075,Not Exposed,Not affected,0.09,predicted,2025
9211,2,Crop Farm Labourers,"Loading and unloading supplies, produce and other materials;",0.0985,Not Exposed,Not affected,0.09,predicted,2025
9211,3,Crop Farm Labourers,"Raking, pitching and stacking straw, hay and similar material;",0.0725,Not Exposed,Not affected,0.09,predicted,2025
9211,4,Crop Farm Labourers,"Watering, thinning, and weeding crops by hand or using hand tools;",0.0849999999999999,Not Exposed,Not affected,0.09,predicted,2025
9211,5,Crop Farm Labourers,"Picking fruit, nuts, vegetables and other crops;",0.0925,Not Exposed,Not affected,0.09,predicted,2025
9211,6,Crop Farm Labourers,"Planting and harvesting field crops, such as rice, by hand;",0.063,Not Exposed,Not affected,0.09,predicted,2025
9211,7,Crop Farm Labourers,"Grading, sorting, bunching and packing produce into containers;",0.125,Not Exposed,Not affected,0.09,predicted,2025
9211,8,Crop Farm Labourers,"Performing minor repairs on fixtures, buildings, equipment and fences.",0.12,Not Exposed,Not affected,0.09,predicted,2025
9212,1,Livestock Farm Labourers,Digging and shovelling to clear ditches or for other purposes;,0.066,Not Exposed,Not affected,0.12,predicted,2025
9212,2,Livestock Farm Labourers,"Loading and unloading supplies, produce and other materials;",0.11,Not Exposed,Not affected,0.12,predicted,2025
9212,3,Livestock Farm Labourers,"Feeding, watering and cleaning animals and keeping their quarters clean;",0.115,Not Exposed,Not affected,0.12,predicted,2025
9212,4,Livestock Farm Labourers,Monitoring livestock and reporting on their condition;,0.15,Not Exposed,Not affected,0.12,predicted,2025
9212,5,Livestock Farm Labourers,Assisting with maintaining the health and welfare of livestock;,0.135,Not Exposed,Not affected,0.12,predicted,2025
9212,6,Livestock Farm Labourers,"Assisting with herding, droving and separating livestock for milking, shearing, transportation or slaughter and between pastures;",0.15,Not Exposed,Not affected,0.12,predicted,2025
9212,7,Livestock Farm Labourers,Collecting eggs and placing in incubators;,0.095,Not Exposed,Not affected,0.12,predicted,2025
9212,8,Livestock Farm Labourers,"Raking, pitching, stacking and storing hay, straw and other types of animal feed and bedding",0.095,Not Exposed,Not affected,0.12,predicted,2025
9212,9,Livestock Farm Labourers,"Grading, sorting, packing produce into containers;",0.149,Not Exposed,Not affected,0.12,predicted,2025
9212,10,Livestock Farm Labourers,"Performing minor repairs on fixtures, buildings, equipment and fences.",0.12,Not Exposed,Not affected,0.12,predicted,2025
9213,1,Mixed Crop and Livestock Farm Labourers,Digging and shovelling to clear ditches or for other purposes;,0.075,Not Exposed,Not affected,0.11,predicted,2025
9213,2,Mixed Crop and Livestock Farm Labourers,"Loading and unloading supplies, produce and other materials;",0.125,Not Exposed,Not affected,0.11,predicted,2025
9213,3,Mixed Crop and Livestock Farm Labourers,"Raking, pitching and stacking straw, hay and similar material;",0.0775,Not Exposed,Not affected,0.11,predicted,2025
9213,4,Mixed Crop and Livestock Farm Labourers,"Watering, thinning and weeding crops by hand or using hand tools;",0.0975,Not Exposed,Not affected,0.11,predicted,2025
9213,5,Mixed Crop and Livestock Farm Labourers,"Picking fruit, nuts, vegetables and other crops and collecting eggs;",0.11,Not Exposed,Not affected,0.11,predicted,2025
9213,6,Mixed Crop and Livestock Farm Labourers,"Planting and harvesting field crops, such as rice, by hand;",0.0725,Not Exposed,Not affected,0.11,predicted,2025
9213,7,Mixed Crop and Livestock Farm Labourers,"Feeding, watering, and cleaning animals and keeping their quarters clean;",0.09,Not Exposed,Not affected,0.11,predicted,2025
9213,8,Mixed Crop and Livestock Farm Labourers,"Monitoring livestock, reporting on their condition;",0.155,Not Exposed,Not affected,0.11,predicted,2025
9213,9,Mixed Crop and Livestock Farm Labourers,"Assisting with herding, droving and separating livestock for milking, shearing, transportation or slaughter, and between pastures;",0.145,Not Exposed,Not affected,0.11,predicted,2025
9213,10,Mixed Crop and Livestock Farm Labourers,"Grading, sorting, bunching and packing produce into containers;",0.15,Not Exposed,Not affected,0.11,predicted,2025
9213,11,Mixed Crop and Livestock Farm Labourers,"Performing minor repairs on fixtures, buildings, equipment and fences.",0.1425,Not Exposed,Not affected,0.11,predicted,2025
9214,1,Garden and Horticultural Labourers,"Loading, unloading and moving supplies, produce and equipment;",0.11,Not Exposed,Not affected,0.12,predicted,2025
9214,2,Garden and Horticultural Labourers,Preparing garden sites and plots using hand tools and simple machines;,0.118,Not Exposed,Not affected,0.12,predicted,2025
9214,3,Garden and Horticultural Labourers,"Assisting with planting and transplanting flowers, shrubs, trees and lawns;",0.11,Not Exposed,Not affected,0.12,predicted,2025
9214,4,Garden and Horticultural Labourers,"Maintaining gardens by watering, weeding and mowing lawns;",0.125,Not Exposed,Not affected,0.12,predicted,2025
9214,5,Garden and Horticultural Labourers,Cleaning gardens and removing rubbish;,0.0875,Not Exposed,Not affected,0.12,predicted,2025
9214,6,Garden and Horticultural Labourers,"Assisting with propagating, planting and potting seeds, bulbs and cuttings;",0.115,Not Exposed,Not affected,0.12,predicted,2025
9214,7,Garden and Horticultural Labourers,Tending plants by hand watering and weeding;,0.094,Not Exposed,Not affected,0.12,predicted,2025
9214,8,Garden and Horticultural Labourers,Harvesting and packaging plants for sale and transport;,0.1475,Not Exposed,Not affected,0.12,predicted,2025
9214,9,Garden and Horticultural Labourers,"Performing minor repairs on fixtures, buildings, equipment and fences.",0.135,Not Exposed,Not affected,0.12,predicted,2025
9215,1,Forestry Labourers,Digging holes for tree planting;,0.091,Not Exposed,Not affected,0.09,predicted,2025
9215,2,Forestry Labourers,Stacking and loading logs and timber;,0.0835,Not Exposed,Not affected,0.09,predicted,2025
9215,3,Forestry Labourers,Clearing undergrowth in forest stands and thinning young plantations;,0.0925,Not Exposed,Not affected,0.09,predicted,2025
9215,4,Forestry Labourers,Maintaining look-out for fires in forests;,0.1075,Not Exposed,Not affected,0.09,predicted,2025
9215,5,Forestry Labourers,"Removing major branches and tree tops, trimming branches and sawing trunks into logs;",0.07,Not Exposed,Not affected,0.09,predicted,2025
9215,6,Forestry Labourers,Operating and maintaining manual and hand-held machine saws to fell trees and cut felled trees and branches into logs;,0.075,Not Exposed,Not affected,0.09,predicted,2025
9215,7,Forestry Labourers,"Collecting seeds, and planting seedlings;",0.108,Not Exposed,Not affected,0.09,predicted,2025
9215,8,Forestry Labourers,"Performing minor repairs and maintenance of forest roads, buildings, facilities, and equipment.",0.125,Not Exposed,Not affected,0.09,predicted,2025
9216,1,Fishery and Aquaculture Labourers,Cleaning the sea-bed and feeding fish and molluscs that are being cultivated;,0.13,Not Exposed,Not affected,0.11,predicted,2025
9216,2,Fishery and Aquaculture Labourers,"Gathering seaweed, sea mosses, clams and other molluscs;",0.05875,Not Exposed,Not affected,0.11,predicted,2025
9216,3,Fishery and Aquaculture Labourers,"Preparing nets, lines and other fishing tackle and other deck equipment;",0.1175,Not Exposed,Not affected,0.11,predicted,2025
9216,4,Fishery and Aquaculture Labourers,Operating fishing gear to catch fish and other marine life;,0.125,Not Exposed,Not affected,0.11,predicted,2025
9216,5,Fishery and Aquaculture Labourers,"Cleaning, sorting and packing fish and seafood in ice and salt, and stowing catch in hold;",0.115,Not Exposed,Not affected,0.11,predicted,2025
9216,6,Fishery and Aquaculture Labourers,Cleaning deck surfaces and fish hold;,0.0775,Not Exposed,Not affected,0.11,predicted,2025
9216,7,Fishery and Aquaculture Labourers,Handling mooring lines during docking.,0.15,Not Exposed,Not affected,0.11,predicted,2025
9311,1,Mining and Quarrying Labourers,"Assisting miners and quarriers in maintaining machinery, equipment, and mine and quarry installations;",0.1375,Not Exposed,Not affected,0.11,predicted,2025
9311,2,Mining and Quarrying Labourers,Assembling and dismantling mining equipment;,0.125,Not Exposed,Not affected,0.11,predicted,2025
9311,3,Mining and Quarrying Labourers,Removing tunnel supports from disused workings in mines and quarries;,0.095,Not Exposed,Not affected,0.11,predicted,2025
9311,4,Mining and Quarrying Labourers,Removing dangerous projections from mine and quarry workings;,0.082,Not Exposed,Not affected,0.11,predicted,2025
9311,5,Mining and Quarrying Labourers,"Removing waste and serviceable materials and equipment from work areas after extraction activities have been completed, and clearing rock and mineral spills;",0.11,Not Exposed,Not affected,0.11,predicted,2025
9311,6,Mining and Quarrying Labourers,"Cleaning machinery, equipment, tools, roadways and haulage tracks;",0.105,Not Exposed,Not affected,0.11,predicted,2025
9311,7,Mining and Quarrying Labourers,"Sorting, loading, unloading, stacking and storing tools, materials and supplies used by other mine workers.",0.1075,Not Exposed,Not affected,0.11,predicted,2025
9312,1,Civil Engineering Labourers,Digging and filling holes and trenches using hand held tools;,0.0725,Not Exposed,Not affected,0.09,predicted,2025
9312,2,Civil Engineering Labourers,Shovelling and spreading gravel and related materials;,0.0849999999999999,Not Exposed,Not affected,0.09,predicted,2025
9312,3,Civil Engineering Labourers,Trimming and cutting rocks and concrete and bitumen surfaces using jack-hammers;,0.08,Not Exposed,Not affected,0.09,predicted,2025
9312,4,Civil Engineering Labourers,"Loading and unloading construction materials, excavated material and equipment and transporting them around construction sites using wheelbarrows and hand trucks;",0.095,Not Exposed,Not affected,0.09,predicted,2025
9312,5,Civil Engineering Labourers,Cleaning worksites and removing obstructions.,0.1325,Not Exposed,Not affected,0.09,predicted,2025
9313,1,Building Construction Labourers,Cleaning used building bricks and doing other simple work on demolition sites;,0.08,Not Exposed,Not affected,0.09,predicted,2025
9313,2,Building Construction Labourers,"Mixing, pouring and spreading materials such as concrete, plaster and mortar;",0.12,Not Exposed,Not affected,0.09,predicted,2025
9313,3,Building Construction Labourers,Digging and filling holes and trenches using hand held tools;,0.0725,Not Exposed,Not affected,0.09,predicted,2025
9313,4,Building Construction Labourers,"Spreading sand, soil, gravel and similar materials;",0.086,Not Exposed,Not affected,0.09,predicted,2025
9313,5,Building Construction Labourers,"Loading and unloading construction materials, excavated material and equipment and transporting them around construction sites using wheelbarrows, hods and hand trucks;",0.1,Not Exposed,Not affected,0.09,predicted,2025
9313,6,Building Construction Labourers,Cleaning work sites and removing obstructions.,0.105,Not Exposed,Not affected,0.09,predicted,2025
9321,1,Hand Packers,"Weighing, wrapping, sealing and packing material and various products by hand;",0.18,Not Exposed,Not affected,0.2,predicted,2025
9321,2,Hand Packers,"Filling bottles, cans, boxes, bags and other containers with products by hand;",0.1625,Not Exposed,Not affected,0.2,predicted,2025
9321,3,Hand Packers,"Labelling products, packages and various containers by hand.",0.25,Not Exposed,Not affected,0.2,predicted,2025
9329,1,Manufacturing Labourers Not Elsewhere Classified,"Conveying goods, material, equipment and other items to work areas, and removing finished pieces;",0.11,Not Exposed,Not affected,0.12,predicted,2025
9329,2,Manufacturing Labourers Not Elsewhere Classified,"Loading and unloading vehicles, trucks and trolleys;",0.1075,Not Exposed,Not affected,0.12,predicted,2025
9329,3,Manufacturing Labourers Not Elsewhere Classified,"Clearing machine blockages, cleaning machinery, equipment and tools;",0.12,Not Exposed,Not affected,0.12,predicted,2025
9329,4,Manufacturing Labourers Not Elsewhere Classified,Carrying out manual sorting of products or components.,0.1425,Not Exposed,Not affected,0.12,predicted,2025
9331,1,Hand and Pedal Vehicle Drivers,"Loading and unloading goods, or assisting passengers in getting on or off a vehicle;",0.15,Not Exposed,Not affected,0.21,predicted,2025
9331,2,Hand and Pedal Vehicle Drivers,Moving vehicle in the desired direction with due regard to other traffic and traffic regulations;,0.18,Not Exposed,Not affected,0.21,predicted,2025
9331,3,Hand and Pedal Vehicle Drivers,Inspecting vehicle components to identify wear and damage;,0.23,Not Exposed,Not affected,0.21,predicted,2025
9331,4,Hand and Pedal Vehicle Drivers,"Maintaining vehicle, making minor repairs and installing replacement parts;",0.14,Not Exposed,Not affected,0.21,predicted,2025
9331,5,Hand and Pedal Vehicle Drivers,Collecting fares or charges.,0.335,Not Exposed,Not affected,0.21,predicted,2025
9332,1,Drivers of Animal-drawn Vehicles and Machinery,Harnessing animals and hitching them to vehicles or machinery;,0.055,Not Exposed,Not affected,0.13,predicted,2025
9332,2,Drivers of Animal-drawn Vehicles and Machinery,"Loading or unloading goods, or assisting passengers in getting on or off a vehicle;",0.1375,Not Exposed,Not affected,0.13,predicted,2025
9332,3,Drivers of Animal-drawn Vehicles and Machinery,Driving animals in the desired direction with due regard to other traffic and traffic regulations;,0.16,Not Exposed,Not affected,0.13,predicted,2025
9332,4,Drivers of Animal-drawn Vehicles and Machinery,Collecting fares or charges;,0.325,Not Exposed,Not affected,0.13,predicted,2025
9332,5,Drivers of Animal-drawn Vehicles and Machinery,Driving animals to haul wagons in mines or quarries;,0.048,Not Exposed,Not affected,0.13,predicted,2025
9332,6,Drivers of Animal-drawn Vehicles and Machinery,Driving animals hitched to farm or other machinery;,0.099,Not Exposed,Not affected,0.13,predicted,2025
9332,7,Drivers of Animal-drawn Vehicles and Machinery,Driving working elephants;,0.0825,Not Exposed,Not affected,0.13,predicted,2025
9332,8,Drivers of Animal-drawn Vehicles and Machinery,"Maintaining vehicle or machinery, making minor repairs and installing replacement parts;",0.15,Not Exposed,Not affected,0.13,predicted,2025
9332,9,Drivers of Animal-drawn Vehicles and Machinery,Grooming and feeding animals.,0.135,Not Exposed,Not affected,0.13,predicted,2025
9333,1,Freight Handlers,"Packing office or household furniture, machines, appliances and related goods to be transported from one place to another;",0.165,Not Exposed,Not affected,0.14,predicted,2025
9333,2,Freight Handlers,"Carrying goods to be loaded on or unloaded from vans, trucks, wagons, ships or aircraft;",0.135,Not Exposed,Not affected,0.14,predicted,2025
9333,3,Freight Handlers,"Loading and unloading grain, coal, sand, baggage and other items by placing them on conveyor belts, pipes and other conveyances;",0.15,Not Exposed,Not affected,0.14,predicted,2025
9333,4,Freight Handlers,"Connecting hoses between main shore installation pipes and tanks of barges, tankers and other ships to load and unload petroleum, liquefied gases and other liquids;",0.095,Not Exposed,Not affected,0.14,predicted,2025
9333,5,Freight Handlers,Carrying and stacking goods in warehouses and similar establishments;,0.1625,Not Exposed,Not affected,0.14,predicted,2025
9333,6,Freight Handlers,Sorting cargo prior to loading and unloading.,0.1375,Not Exposed,Not affected,0.14,predicted,2025
9334,1,Shelf Fillers,"Placing goods neatly in bins and on racks, and stacking bulky goods on floors;",0.165,Not Exposed,Not affected,0.2,predicted,2025
9334,2,Shelf Fillers,Filling shelves with goods ensuring goods with the earliest use-by dates are at the front of shelves;,0.15,Not Exposed,Not affected,0.2,predicted,2025
9334,3,Shelf Fillers,Removing goods with past due use-by dates;,0.15,Not Exposed,Not affected,0.2,predicted,2025
9334,4,Shelf Fillers,Maintaining shelf order by removing stock belonging in a different location;,0.1525,Not Exposed,Not affected,0.2,predicted,2025
9334,5,Shelf Fillers,Noting what has been sold and collecting goods needed from the stockroom;,0.27,Not Exposed,Not affected,0.2,predicted,2025
9334,6,Shelf Fillers,Obtaining articles for customers from shelf or stockroom;,0.1625,Not Exposed,Not affected,0.2,predicted,2025
9334,7,Shelf Fillers,Directing customers to location of articles sought;,0.435,Not Exposed,Not affected,0.2,predicted,2025
9334,8,Shelf Fillers,"Receiving, opening, unpacking, and inspecting for damage merchandise from manufacturer or distributor.",0.1525,Not Exposed,Not affected,0.2,predicted,2025
9411,1,Fast Food Preparers,"Preparing simple or pre-prepared foods and beverages such as sandwiches, hamburgers, pizzas, fish and chips, salads and coffee;",0.155,Not Exposed,Not affected,0.18,predicted,2025
9411,2,Fast Food Preparers,"Washing, cutting, measuring and mixing foods for cooking;",0.145,Not Exposed,Not affected,0.18,predicted,2025
9411,3,Fast Food Preparers,"Operating large-volume single-process cooking equipment such as grills, deep-fat fryers or griddles;",0.17,Not Exposed,Not affected,0.18,predicted,2025
9411,4,Fast Food Preparers,Re-heating pre-prepared food;,0.1275,Not Exposed,Not affected,0.18,predicted,2025
9411,5,Fast Food Preparers,"Cleaning food preparation areas, cooking surfaces and utensils;",0.135,Not Exposed,Not affected,0.18,predicted,2025
9411,6,Fast Food Preparers,Taking and serving food and beverage orders in eating places that specialize in fast service and carry-out food;,0.25,Not Exposed,Not affected,0.18,predicted,2025
9411,7,Fast Food Preparers,Ordering and taking delivery of fast food ingredients;,0.235,Not Exposed,Not affected,0.18,predicted,2025
9411,8,Fast Food Preparers,"Maintaining sanitation, health, and safety standards in work areas;",0.225,Not Exposed,Not affected,0.18,predicted,2025
9411,9,Fast Food Preparers,Verifying that prepared food meets requirements for quality and quantity.,0.205,Not Exposed,Not affected,0.18,predicted,2025
9412,1,Kitchen Helpers,"Cleaning kitchens, food preparation areas and service areas;",0.115,Not Exposed,Not affected,0.13,predicted,2025
9412,2,Kitchen Helpers,"Assisting cooks and chefs in preparation of food by washing, peeling, chopping, cutting, measuring and mixing ingredients;",0.1425,Not Exposed,Not affected,0.13,predicted,2025
9412,3,Kitchen Helpers,Assembling dishes for service;,0.145,Not Exposed,Not affected,0.13,predicted,2025
9412,4,Kitchen Helpers,"Unpacking checking, transferring, weighing and storing supplies in refrigerators, cupboards and other storage areas;",0.15,Not Exposed,Not affected,0.13,predicted,2025
9412,5,Kitchen Helpers,Washing dishes and cooking utensils and putting them away;,0.125,Not Exposed,Not affected,0.13,predicted,2025
9412,6,Kitchen Helpers,"Preparing, cooking, toasting and heating simple food items.",0.1,Not Exposed,Not affected,0.13,predicted,2025
9611,1,Garbage and Recycling Collectors,Collecting rubbish and recyclable materials and locating it into bins and garbage and recycling trucks;,0.075,Not Exposed,Not affected,0.09,predicted,2025
9611,2,Garbage and Recycling Collectors,Riding on or in garbage and recycling trucks;,0.1125,Not Exposed,Not affected,0.09,predicted,2025
9611,3,Garbage and Recycling Collectors,Lifting garbage bins and emptying contents into trucks and larger containers;,0.1,Not Exposed,Not affected,0.09,predicted,2025
9611,4,Garbage and Recycling Collectors,Unloading garbage and recycling trucks.,0.08,Not Exposed,Not affected,0.09,predicted,2025
9612,1,Refuse Sorters,"Searching through refuse and collecting items for recycling from dump sites, domestic, commercial and industrial premises or from public places such as streets;",0.135,Not Exposed,Not affected,0.18,predicted,2025
9612,2,Refuse Sorters,"Sorting cardboard, paper, glass, plastic, aluminium or other recyclable materials by type;",0.15,Not Exposed,Not affected,0.18,predicted,2025
9612,3,Refuse Sorters,Placing recyclable items and materials in designated compartments and containers for storage or transportation;,0.15,Not Exposed,Not affected,0.18,predicted,2025
9612,4,Refuse Sorters,"Identifying and setting aside items of furniture, equipment, machinery or components that are suitable for repair or re-use;",0.155,Not Exposed,Not affected,0.18,predicted,2025
9612,5,Refuse Sorters,Transporting recyclable items by hand or using non-motorized vehicles;,0.0925,Not Exposed,Not affected,0.18,predicted,2025
9612,6,Refuse Sorters,Selling recyclable or reusable materials.,0.405,Not Exposed,Not affected,0.18,predicted,2025
9613,1,Sweepers and Related Labourers,"Sweeping streets, parks, airports, stations and similar public places;",0.105,Not Exposed,Not affected,0.09,predicted,2025
9613,2,Sweepers and Related Labourers,Shovelling snow;,0.06,Not Exposed,Not affected,0.09,predicted,2025
9613,3,Sweepers and Related Labourers,Beating dust out of carpets by using a carpet-beater;,0.0875,Not Exposed,Not affected,0.09,predicted,2025
9613,4,Sweepers and Related Labourers,"Cleaning rubbish, leaves and snow from driveways and grounds.",0.125,Not Exposed,Not affected,0.09,predicted,2025
9621,1,"Messengers, Package Deliverers and Luggage Porters","Delivering messages, packages and other items within an establishment or between establishments, or elsewhere;",0.24,Exposed: Gradient 1,Augmentation Potential,0.37,predicted,2025
9621,2,"Messengers, Package Deliverers and Luggage Porters","Delivering various goods to and from enterprises, shops, households and other places;",0.25,Exposed: Gradient 1,Augmentation Potential,0.37,predicted,2025
9621,3,"Messengers, Package Deliverers and Luggage Porters","Carrying and delivering luggage at hotels, stations, airports, and elsewhere;",0.2,Exposed: Gradient 1,Augmentation Potential,0.37,predicted,2025
9621,4,"Messengers, Package Deliverers and Luggage Porters",Receiving and marking baggage by completing and attaching claim checks;,0.405,Exposed: Gradient 1,Augmentation Potential,0.37,predicted,2025
9621,5,"Messengers, Package Deliverers and Luggage Porters",Planning and following the most efficient route;,0.7,Exposed: Gradient 1,Augmentation Potential,0.37,predicted,2025
9621,6,"Messengers, Package Deliverers and Luggage Porters",Sorting items to be delivered according to the delivery route.,0.425,Exposed: Gradient 1,Augmentation Potential,0.37,predicted,2025
9622,1,Odd Job Persons,"Repairing broken windows, screens, doors, fences, barbecues, picnic tables, shelves, cupboards and other items;",0.1,Not Exposed,Not affected,0.11,predicted,2025
9622,2,Odd Job Persons,Replacing defective items such as light bulbs;,0.13875,Not Exposed,Not affected,0.11,predicted,2025
9622,3,Odd Job Persons,"Repairing and painting interior and exterior surfaces such as walls, ceilings and fences;",0.1225,Not Exposed,Not affected,0.11,predicted,2025
9622,4,Odd Job Persons,Adjusting doors and windows;,0.15,Not Exposed,Not affected,0.11,predicted,2025
9622,5,Odd Job Persons,Replacing tap washers;,0.08,Not Exposed,Not affected,0.11,predicted,2025
9622,6,Odd Job Persons,Putting up handrails and grab rails;,0.08,Not Exposed,Not affected,0.11,predicted,2025
9622,7,Odd Job Persons,Unloading coal or wood and putting it into cellars of private households or establishments.,0.1,Not Exposed,Not affected,0.11,predicted,2025
9623,1,Meter Readers and Vending-machine Collectors,Filling storage areas of vending machines and collecting money from their containers;,0.18,Exposed: Gradient 1,Augmentation Potential,0.38,predicted,2025
9623,2,Meter Readers and Vending-machine Collectors,Collecting money from parking meters and similar coinboxes;,0.19,Exposed: Gradient 1,Augmentation Potential,0.38,predicted,2025
9623,3,Meter Readers and Vending-machine Collectors,"Reading electricity, gas or water meters and recording consumption;",0.75,Exposed: Gradient 1,Augmentation Potential,0.38,predicted,2025
9623,4,Meter Readers and Vending-machine Collectors,Keeping records of merchandise distributed and money collected;,0.58,Exposed: Gradient 1,Augmentation Potential,0.38,reconciled,2025
9623,5,Meter Readers and Vending-machine Collectors,Proceeding along established routes to take readings of meter dials;,0.315,Exposed: Gradient 1,Augmentation Potential,0.38,predicted,2025
9623,6,Meter Readers and Vending-machine Collectors,"Verifying readings in cases where consumption appears to be abnormal, and record possible reasons for fluctuations;",0.35,Exposed: Gradient 1,Augmentation Potential,0.38,reconciled,2025
9623,7,Meter Readers and Vending-machine Collectors,"Inspecting meters for unauthorized connections, defects and damage such as broken seals.",0.2725,Exposed: Gradient 1,Augmentation Potential,0.38,predicted,2025
9624,1,Water and Firewood Collectors,Cutting and collecting wood from forests for sale in market or as fuel or for own consumption;,0.09,Not Exposed,Not affected,0.09,predicted,2025
9624,2,Water and Firewood Collectors,Visiting forests or fields to pick pieces of dried wood from ground and arranging them in heaps;,0.07,Not Exposed,Not affected,0.09,predicted,2025
9624,3,Water and Firewood Collectors,Cutting decayed branches and trunks of trees using axes and hand-saws;,0.0725,Not Exposed,Not affected,0.09,predicted,2025
9624,4,Water and Firewood Collectors,Tying collected wood into small faggots and carrying them or transporting them on a cart to the market for sale or to village or household for use;,0.0725,Not Exposed,Not affected,0.09,predicted,2025
9624,5,Water and Firewood Collectors,"Drawing water from wells, rivers or ponds, etc. for domestic use;",0.08,Not Exposed,Not affected,0.09,predicted,2025
9624,6,Water and Firewood Collectors,"Collecting water in leather bags, buckets or other containers from taps, rivers, ponds or wells, and delivering the water to work sites, the houses of clients or to own household for drinking, cleaning of drains or storage in tanks.",0.15,Not Exposed,Not affected,0.09,predicted,2025
9629,1,Elementary Workers Not Elsewhere Classified,"Selling admission tickets and passes to patrons at entertainment events or collecting tickets, passes and tags from patrons;",0.485,Minimal Exposure,Augmentation Potential,0.29,predicted,2025
9629,2,Elementary Workers Not Elsewhere Classified,"Examining tickets or passes to verify authenticity, using criteria such as colour and date issued;",0.45,Minimal Exposure,Augmentation Potential,0.29,predicted,2025
9629,3,Elementary Workers Not Elsewhere Classified,Guiding patrons to exits or providing other instructions or assistance in case of emergency;,0.135,Minimal Exposure,Augmentation Potential,0.29,predicted,2025
9629,4,Elementary Workers Not Elsewhere Classified,"Directing patrons to restrooms, concession stands and telephones;",0.33,Minimal Exposure,Augmentation Potential,0.29,predicted,2025
9629,5,Elementary Workers Not Elsewhere Classified,Directing vehicle drivers to parking spaces;,0.205,Minimal Exposure,Augmentation Potential,0.29,predicted,2025
9629,6,Elementary Workers Not Elsewhere Classified,Patrolling parking areas in order to prevent vehicle damage and vehicle property thefts;,0.19,Minimal Exposure,Augmentation Potential,0.29,predicted,2025
9629,7,Elementary Workers Not Elsewhere Classified,Calculating parking charges and collecting fees from customers;,0.375,Minimal Exposure,Augmentation Potential,0.29,predicted,2025
9629,8,Elementary Workers Not Elsewhere Classified,"Assigning dressing room facilities, locker space or clothing containers to patrons of athletic or bathing establishments.",0.1675,Minimal Exposure,Augmentation Potential,0.29,predicted,2025
